"id","nama_desa","kecamatan_id"
"66001","ABBANUANGE","5471"
"66002","ABBANUANGE","5472"
"66003","ABBATIRENG","5473"
"66004","ABBOKONGENG","5474"
"66005","ABBUMPUNGENG","5475"
"66006","ABBUMPUNGENG","5476"
"66007","ADATONGENG","5477"
"66008","AENG BATU-BATU","5478"
"66009","AENG TOWA","5478"
"66010","AJAKKANG","5479"
"66011","AJALLASSE","5480"
"66012","AJANG LALENG","5481"
"66013","AJANG PULU","5482"
"66014","AJANGPULU","5475"
"66015","AJJALIRENG","5483"
"66016","AJUBISSUE","5484"
"66017","AJURAJA","5485"
"66018","AKA-AKAE","5486"
"66019","AKKAJENG","5487"
"66020","AKKOTENGENG","5487"
"66021","ALAM BUANA","5488"
"66022","ALATENGAE","5489"
"66023","ALAUSALO","5473"
"66024","ALENANGKA","5490"
"66025","ALESILURUNGE","5468"
"66026","ALESIPITTO","5491"
"66027","ALEWADENG","5487"
"66028","ALEWANUAE","5492"
"66029","ALITTA","5493"
"66030","ALLAERE","5494"
"66031","ALLAKUANG","5495"
"66032","ALLAMUNGENG PATUE","5496"
"66033","ALLEPOLEA","5497"
"66034","ALLESALEWOE","5498"
"66035","ALLIRITENGAE","5477"
"66036","ALLU TAROANG","5499"
"66037","ALUPPANG","5485"
"66038","AMALI RIATTANG","5481"
"66039","AMASSANGAN","5500"
"66040","AMASSANGANG","5501"
"66041","AMESSANGENG","5496"
"66042","AMPANG BATU (APPANG)","5502"
"66043","AMPARITA","5503"
"66044","AMPEKALE","5504"
"66045","ANABANNAE","5484"
"66046","ANABANUA","5505"
"66047","ANABANUA","5471"
"66048","ANCU","5476"
"66049","ANDULAN","5506"
"66050","ANGIN ANGIN","5507"
"66051","ANGKUE  /  ANGKU","5476"
"66052","ANRANG","5508"
"66053","ANRIHUA","5509"
"66054","ANRONG APPAKA","5510"
"66055","ANTANG","5511"
"66056","APALA","5512"
"66057","APPANANG","5513"
"66058","APPATANAH","5514"
"66059","ARA","5515"
"66060","ARABIKA","5516"
"66061","ARAJANG","5473"
"66062","ARALLAE","5517"
"66063","ARASOE","5475"
"66064","ARATENG","5503"
"66065","ARAWA","5518"
"66066","ARGOMULYO","5519"
"66067","ARIANG","5520"
"66068","ARUNGKEKE PALLANTIKANG","5521"
"66069","ARUNGKEKE","5521"
"66070","ARUSU","5522"
"66071","ASANA","5523"
"66072","ASKA","5490"
"66073","ASSORAJANG","5524"
"66074","ASSORAJANGE","5487"
"66075","ASULI","5525"
"66076","ATAKKAE","5526"
"66077","ATTANG SALO","5491"
"66078","ATTANG SALO","5527"
"66079","ATUE","5528"
"66080","AWAK KAWASIK","5529"
"66081","AWAN","5530"
"66082","AWANG CENGRANA  /  CENRANA","5480"
"66083","AWANG TANGKA","5476"
"66084","AWO GADING","5531"
"66085","AWO LAGADING","5469"
"66086","AWO","5475"
"66087","AWO","5532"
"66088","AWOTA","5532"
"66089","BABA BINANGA","5533"
"66090","BABANG","5534"
"66091","BACU","5512"
"66092","BACU","5535"
"66093","BACU-BACU","5536"
"66094","BAEBUNTA","5537"
"66095","BAHARI","5538"
"66096","BAINANG","5539"
"66097","BAJENG","5540"
"66098","BAJI MANGNGAI","5541"
"66099","BAJI MAPPAKASUNGGU","5542"
"66100","BAJI PAMAI","5543"
"66101","BAJI PAMAI","5544"
"66102","BAJIMINASA","5545"
"66103","BAJIMINASA","5508"
"66104","BAJO","5546"
"66105","BAJOE","5547"
"66106","BAJU BODOA","5544"
"66107","BAKARU","5548"
"66108","BAKKA","5549"
"66109","BAKTI","5550"
"66110","BAKU-BAKU","5522"
"66111","BALAI KEMBANG","5551"
"66112","BALAKIA","5516"
"66113","BALAMBANO","5552"
"66114","BALANDAI","5553"
"66115","BALANG BARU","5554"
"66116","BALANG BARU","5499"
"66117","BALANG BERU","5555"
"66118","BALANG BUTUNG","5556"
"66119","BALANG LOE TAROWANG","5499"
"66120","BALANG PESOANG","5557"
"66121","BALANG TAROANG","5557"
"66122","BALANG TOA","5555"
"66123","BALANG","5555"
"66124","BALANGDATU","5558"
"66125","BALANGNIPA","5492"
"66126","BALANGTANAYA","5559"
"66127","BALANTANG","5528"
"66128","BALASSUKA","5560"
"66129","BALEPE","5561"
"66130","BALIASE","5562"
"66131","BALIBO","5509"
"66132","BALIELO","5563"
"66133","BALIENG TOA","5482"
"66134","BALIREJO","5564"
"66135","BALLA","5546"
"66136","BALLA","5565"
"66137","BALLA","5566"
"66138","BALLAERE (BALLERE)","5532"
"66139","BALLAPARANG","5567"
"66140","BALLASARAJA","5557"
"66141","BALLE","5517"
"66142","BALLEANGIN","5568"
"66143","BALLEANGING (BALLEANGIN)","5569"
"66144","BALO BALOANG","5570"
"66145","BALO- BALO","5571"
"66146","BALOBALO","5538"
"66147","BALOCCI BARU","5568"
"66148","BALOLI (BALEBO)","5562"
"66149","BALONG","5569"
"66150","BALUBU","5571"
"66151","BALUMBUNG","5572"
"66152","BALUMBUNGANG","5573"
"66153","BALUSU AO GADING","5529"
"66154","BALUSU BANGUN LIPU","5529"
"66155","BALUSU","5574"
"66156","BALUSU","5529"
"66157","BALUTAN","5575"
"66158","BAMBA PUANG","5576"
"66159","BAMBALU","5577"
"66160","BANA","5578"
"66161","BANGA","5579"
"66162","BANGGAE","5580"
"66163","BANGKAI","5518"
"66164","BANGKALA","5581"
"66165","BANGKALA","5511"
"66166","BANGKALALOE","5573"
"66167","BANGKELEKILA","5582"
"66168","BANGUN JAYA","5583"
"66169","BANGUN KARYA","5583"
"66170","BANRIMANURUNG","5584"
"66171","BANTA-BANTAENG","5567"
"66172","BANTI","5565"
"66173","BANTILANG","5525"
"66174","BANTIMURUNG","5585"
"66175","BANTIMURUNG","5586"
"66176","BANYORANG","5572"
"66177","BANYU URIP","5585"
"66178","BANYUANYARA","5587"
"66179","BANYUWANGI","5588"
"66180","BAPANGI","5498"
"66181","BARA BATU","5589"
"66182","BARA MAMASE","5590"
"66183","BARA-BARAYA SELATAN","5591"
"66184","BARA-BARAYA TIMUR","5591"
"66185","BARA-BARAYA UTARA","5591"
"66186","BARA-BARAYA","5591"
"66187","BARAE","5592"
"66188","BARAKA","5565"
"66189","BARAKKAE","5593"
"66190","BARAMAMASE","5594"
"66191","BARAMBANG","5595"
"66192","BARANA","5584"
"66193","BARANA","5596"
"66194","BARANA","5591"
"66195","BARANG PALIE","5501"
"66196","BARANG","5513"
"66197","BARANGMAMASE","5487"
"66198","BARANIA","5516"
"66199","BARANTI","5597"
"66200","BARAT LAMBONGAN","5598"
"66201","BARAYA","5599"
"66202","BARAYA","5573"
"66203","BAREBBO","5512"
"66204","BAREMBENG","5600"
"66205","BARING","5601"
"66206","BARINGENG","5602"
"66207","BARINGENG","5470"
"66208","BARINGIN","5581"
"66209","BAROKO","5603"
"66210","BAROMBONG","5604"
"66211","BAROMBONG","5554"
"66212","BAROWA","5605"
"66213","BARRANG CADDI","5606"
"66214","BARRANG LOMPO","5606"
"66215","BARU TANCUNG","5524"
"66216","BARU","5607"
"66217","BARU","5608"
"66218","BARUA","5609"
"66219","BARUGA RIATTANG","5557"
"66220","BARUGA","5489"
"66221","BARUGA","5528"
"66222","BARUGA","5610"
"66223","BARUGA","5525"
"66224","BARUGAE","5557"
"66225","BARUGAE","5533"
"66226","BARUGAE","5593"
"66227","BARUGAE","5611"
"66228","BARUGAIYA","5612"
"66229","BARUGAYA","5559"
"66230","BARUKA","5613"
"66231","BARUPPU BENTENG BATU","5614"
"66232","BARUPPU PARODO","5614"
"66233","BARUPPU SELATAN","5614"
"66234","BARUPPU UTARA","5614"
"66235","BASOKAN","5615"
"66236","BASSEANG","5548"
"66237","BASSIANG TIMUR","5550"
"66238","BASSIANG","5550"
"66239","BATANG TONGKA","5585"
"66240","BATANG","5616"
"66241","BATANG","5617"
"66242","BATANGKALUKU","5618"
"66243","BATANGMATA SAPO","5598"
"66244","BATANGMATA","5598"
"66245","BATARA","5589"
"66246","BATEGULUNG","5600"
"66247","BATTANG BARAT","5619"
"66248","BATTANG","5619"
"66249","BATTUSAWE (BUTTU SAWE)","5533"
"66250","BATU ALANG","5549"
"66251","BATU BELERANG","5595"
"66252","BATU BINGKUNG","5620"
"66253","BATU BUSA (BATU BASA)","5621"
"66254","BATU GADING","5622"
"66255","BATU KARAENG","5610"
"66256","BATU KEDE","5623"
"66257","BATU LAPPA","5534"
"66258","BATU LIMBONG","5582"
"66259","BATU LOTONG","5530"
"66260","BATU MILA","5581"
"66261","BATU NONI","5576"
"66262","BATU PAPAN","5520"
"66263","BATU PUTIH","5523"
"66264","BATU PUTIH","5611"
"66265","BATU PUTIH","5624"
"66266","BATU SURA","5579"
"66267","BATU TIAKKA","5625"
"66268","BATU WALENRENG","5626"
"66269","BATU","5627"
"66270","BATU","5468"
"66271","BATU-BATU","5527"
"66272","BATUA","5511"
"66273","BATUALU SELATAN","5628"
"66274","BATUALU","5628"
"66275","BATUJALA","5573"
"66276","BATUKAROPA","5508"
"66277","BATULAPPA","5629"
"66278","BATULAPPA","5630"
"66279","BATULAPPA","5518"
"66280","BATULOHE","5557"
"66281","BATUMALONRO","5631"
"66282","BATUNILAMUNG","5632"
"66283","BATUPASI","5633"
"66284","BATUPUTE","5479"
"66285","BATURAPPE","5631"
"66286","BATUSITANDUK","5590"
"66287","BAU SELATAN","5634"
"66288","BAU","5566"
"66289","BAU","5634"
"66290","BAULA","5503"
"66291","BAWALIPU","5538"
"66292","BAWASALO","5601"
"66293","BAYONDO","5583"
"66294","BA\TAN","5507"
"66295","BEBO","5635"
"66296","BELABORI","5636"
"66297","BELAPUNRANGA","5636"
"66298","BELAU UTARA","5637"
"66299","BELAU","5637"
"66300","BELAWA","5638"
"66301","BELAWAE","5627"
"66302","BELLU","5639"
"66303","BELO","5640"
"66304","BELOPA","5571"
"66305","BENGO","5641"
"66306","BENJALA","5515"
"66307","BENTANG","5594"
"66308","BENTENG ALLA UTARA","5603"
"66309","BENTENG ALLA","5603"
"66310","BENTENG DEATA","5642"
"66311","BENTENG GAJAH","5643"
"66312","BENTENG GATARENG","5604"
"66313","BENTENG KADO TO\RIA","5644"
"66314","BENTENG KADO","5645"
"66315","BENTENG LOMPOE","5646"
"66316","BENTENG MALEWANG","5604"
"66317","BENTENG MAMULU","5645"
"66318","BENTENG PALIOI","5509"
"66319","BENTENG PAREMBA","5548"
"66320","BENTENG SAWITTO","5647"
"66321","BENTENG SELATAN","5648"
"66322","BENTENG SOMBA OPU","5649"
"66323","BENTENG TELLUE","5481"
"66324","BENTENG UTARA","5648"
"66325","BENTENG","5650"
"66326","BENTENG","5597"
"66327","BENTENG","5648"
"66328","BENTENG","5523"
"66329","BENTENG","5651"
"66330","BENTENG","5652"
"66331","BENTENG","5653"
"66332","BENTENG","5654"
"66333","BENTENG","5655"
"66334","BENTENG","5656"
"66335","BENTENG","5468"
"66336","BENTENG","5657"
"66337","BENTENGAMBESO","5642"
"66338","BENTENGE","5611"
"66339","BENTENGNGE","5658"
"66340","BENTENGNGE","5659"
"66341","BERINGIN JAYA","5537"
"66342","BERINGIN JAYA","5583"
"66343","BEROANGING","5584"
"66344","BEROPPA","5660"
"66345","BERUTALLASA","5631"
"66346","BETAO RIASE","5484"
"66347","BETAO","5484"
"66348","BETTENG","5548"
"66349","BIALO","5604"
"66350","BIANGKEKE","5610"
"66351","BIANGLOE","5610"
"66352","BICCOING","5535"
"66353","BIJAWANG","5569"
"66354","BIJI NANGKA","5595"
"66355","BILA RIASE","5627"
"66356","BILA","5481"
"66357","BILA","5661"
"66358","BILA","5662"
"66359","BILA","5646"
"66360","BILALANG (BILLANG)","5663"
"66361","BILANRENGI","5664"
"66362","BILANTE","5665"
"66363","BILI-BILI","5666"
"66364","BILOKKA","5498"
"66365","BINANGA KARAENG","5548"
"66366","BINANGA SOMBAIYA","5514"
"66367","BINTARORE","5658"
"66368","BINTURU","5665"
"66369","BINTURU","5667"
"66370","BINUANG","5574"
"66371","BINUANG","5602"
"66372","BIRA","5515"
"66373","BIRA","5668"
"66374","BIRAENG","5669"
"66375","BIRING ERE","5670"
"66376","BIRINGERE","5492"
"66377","BIRINGKASSI","5555"
"66378","BIRINGNGALLA","5649"
"66379","BIRORO","5671"
"66380","BIRU","5517"
"66381","BIRU","5672"
"66382","BISSOLORO","5673"
"66383","BITTOENG","5533"
"66384","BITTUANG","5566"
"66385","BOCCO","5485"
"66386","BODDIA","5674"
"66387","BODDIE","5653"
"66388","BOIYA","5581"
"66389","BOJO BARU","5675"
"66390","BOJO","5675"
"66391","BOKIN","5676"
"66392","BOLA BULU","5627"
"66393","BOLA","5563"
"66394","BOLANG","5677"
"66395","BOLAROMANG","5560"
"66396","BOLLI","5678"
"66397","BOLONG","5679"
"66398","BOLU","5506"
"66399","BOMBONGAN","5520"
"66400","BONE BONE","5565"
"66401","BONE BONE","5585"
"66402","BONE BUNTU SISONG","5680"
"66403","BONE SUBUR","5549"
"66404","BONE","5681"
"66405","BONE","5562"
"66406","BONE","5601"
"66407","BONEA MAKMUR","5612"
"66408","BONEA TIMUR","5612"
"66409","BONEA","5620"
"66410","BONELEMO BARAT","5682"
"66411","BONELEMO UTARA","5682"
"66412","BONELEMO","5682"
"66413","BONEPOSI","5683"
"66414","BONEPUTE","5523"
"66415","BONEPUTE","5534"
"66416","BONEPUTE","5535"
"66417","BONERATE","5620"
"66418","BONGAIYA","5598"
"66419","BONGAYA","5554"
"66420","BONGKI LENGKESE","5671"
"66421","BONGKI","5492"
"66422","BONGLO","5596"
"66423","BONTO ATU","5684"
"66424","BONTO BAHARI","5504"
"66425","BONTO BAJI","5632"
"66426","BONTO BARUA","5616"
"66427","BONTO BIRAENG","5632"
"66428","BONTO BIRAENG","5542"
"66429","BONTO BIRAO","5586"
"66430","BONTO BONTOA","5618"
"66431","BONTO BULAENG","5616"
"66432","BONTO BULAENG","5557"
"66433","BONTO BULAENG","5685"
"66434","BONTO BUNGA","5686"
"66435","BONTO CINDE","5684"
"66436","BONTO CINI","5687"
"66437","BONTO DAENG","5688"
"66438","BONTO JAI","5684"
"66439","BONTO JAYA","5684"
"66440","BONTO KAMASE","5689"
"66441","BONTO KARAENG","5685"
"66442","BONTO KASSI","5594"
"66443","BONTO KATUTE","5595"
"66444","BONTO LANGKASA","5684"
"66445","BONTO LANGKASA","5669"
"66446","BONTO LANRA","5478"
"66447","BONTO LEBANG","5684"
"66448","BONTO LEBANG","5542"
"66449","BONTO LEMPANGAN","5504"
"66450","BONTO LERUNG","5690"
"66451","BONTO LOE","5684"
"66452","BONTO LOE","5674"
"66453","BONTO LOJONG","5688"
"66454","BONTO MACCINI","5685"
"66455","BONTO MACINNA","5604"
"66456","BONTO MAJANNANG","5685"
"66457","BONTO MAKKIO","5567"
"66458","BONTO MANAI","5684"
"66459","BONTO MANAI","5589"
"66460","BONTO MANAI","5643"
"66461","BONTO MANURUNG","5643"
"66462","BONTO MARANNU","5616"
"66463","BONTO MARANNU","5594"
"66464","BONTO MARANNU","5497"
"66465","BONTO MARANNU","5686"
"66466","BONTO MARANNU","5688"
"66467","BONTO MASUNGGU","5624"
"66468","BONTO MATENE","5541"
"66469","BONTO MATENE","5467"
"66470","BONTO MATENE","5508"
"66471","BONTO MATENE","5601"
"66472","BONTO MATENE","5685"
"66473","BONTO MINASA","5557"
"66474","BONTO NOMPO","5691"
"66475","BONTO PADANG","5517"
"66476","BONTO PERAK","5510"
"66477","BONTO RANNU","5688"
"66478","BONTO RITA","5684"
"66479","BONTO SALAMA","5516"
"66480","BONTO SALLUANG","5684"
"66481","BONTO SINALA","5595"
"66482","BONTO SOMBA","5643"
"66483","BONTO SUNGGU","5684"
"66484","BONTO SUNGGU","5478"
"66485","BONTO SUNGGU","5604"
"66486","BONTO TALLASA","5692"
"66487","BONTO TALLASA","5688"
"66488","BONTO TANGNGA","5616"
"66489","BONTO TANGNGA","5688"
"66490","BONTO TAPPALANG","5572"
"66491","BONTO TENGNGA","5595"
"66492","BONTO TIRO","5685"
"66493","BONTO UJUNG","5499"
"66494","BONTO","5693"
"66495","BONTO","5607"
"66496","BONTO-BONTO","5491"
"66497","BONTO-BONTOA","5572"
"66498","BONTOA","5555"
"66499","BONTOA","5504"
"66500","BONTOA","5541"
"66501","BONTOA","5669"
"66502","BONTOALA PARANG","5599"
"66503","BONTOALA TUA","5599"
"66504","BONTOALA","5599"
"66505","BONTOALA","5694"
"66506","BONTOBANGUN","5695"
"66507","BONTOBANGUN","5508"
"66508","BONTOBARU","5696"
"66509","BONTOBIRAENG SELATAN","5600"
"66510","BONTOBIRAENG","5600"
"66511","BONTOBORUSU","5695"
"66512","BONTOBUDDUNG","5697"
"66513","BONTOBULAENG","5696"
"66514","BONTOHARU","5508"
"66515","BONTOJAI","5578"
"66516","BONTOJAI","5698"
"66517","BONTOJATI","5696"
"66518","BONTOKADATTO","5699"
"66519","BONTOKADDOPEPE","5478"
"66520","BONTOKANANG","5594"
"66521","BONTOKASSI","5636"
"66522","BONTOKIO","5669"
"66523","BONTOKORAANG","5612"
"66524","BONTOLANGKASA SELATAN","5600"
"66525","BONTOLANGKASA UTARA","5600"
"66526","BONTOLEBANG","5695"
"66527","BONTOLEBANG","5478"
"66528","BONTOLEBANG","5691"
"66529","BONTOLEMPANGAN","5700"
"66530","BONTOLEMPANGAN","5556"
"66531","BONTOLOE","5700"
"66532","BONTOLOHE","5508"
"66533","BONTOMALLING","5696"
"66534","BONTOMANAI","5701"
"66535","BONTOMANAI","5650"
"66536","BONTOMANAI","5666"
"66537","BONTOMANAI","5673"
"66538","BONTOMANAI","5580"
"66539","BONTOMANAI","5508"
"66540","BONTOMANAI","5687"
"66541","BONTOMANGAPE","5674"
"66542","BONTOMANGIRING","5557"
"66543","BONTOMARANNU","5612"
"66544","BONTOMASILA","5604"
"66545","BONTOMATENE","5702"
"66546","BONTOMATINGGI","5643"
"66547","BONTONASALUK","5598"
"66548","BONTONGAN","5565"
"66549","BONTONOMPO","5600"
"66550","BONTONYELENG","5604"
"66551","BONTOPARANG","5580"
"66552","BONTOPARANG","5636"
"66553","BONTORAJA","5604"
"66554","BONTORAMBA","5703"
"66555","BONTORAMBA","5573"
"66556","BONTORAMBA","5694"
"66557","BONTORAMBA","5618"
"66558","BONTORANNU","5650"
"66559","BONTORANNU","5632"
"66560","BONTORANNU","5704"
"66561","BONTORAPPO","5499"
"66562","BONTORAYA","5705"
"66563","BONTOSAILE","5706"
"66564","BONTOSUNGGU","5681"
"66565","BONTOSUNGGU","5695"
"66566","BONTOSUNGGU","5703"
"66567","BONTOSUNGGU","5698"
"66568","BONTOTANGNGA","5695"
"66569","BONTOTANGNGA","5700"
"66570","BONTOTANGNGA","5698"
"66571","BONTOTIRO","5687"
"66572","BORI BELLAYA","5477"
"66573","BORI KAMASE","5544"
"66574","BORI LOMBONGAN","5707"
"66575","BORI RANTE LETOK","5707"
"66576","BORI","5707"
"66577","BORIAPPAKA","5670"
"66578","BORIMASUNGGU","5631"
"66579","BORIMASUNGGU","5589"
"66580","BORIMASUNGGU","5544"
"66581","BORIMATANGKASA","5701"
"66582","BORISALO (BORISALLO)","5636"
"66583","BORONG LAMU","5521"
"66584","BORONG PA LALA","5708"
"66585","BORONG RAPPOA","5509"
"66586","BORONG","5689"
"66587","BORONG","5511"
"66588","BORONG","5494"
"66589","BORONGLOE","5666"
"66590","BORONGLOE","5610"
"66591","BORONGTALA","5698"
"66592","BOSSO TIMUR","5679"
"66593","BOSSO","5679"
"66594","BOTANG","5520"
"66595","BOTING","5500"
"66596","BOTO LEMPANGAN","5516"
"66597","BOTO MALANGGA","5581"
"66598","BOTTA","5709"
"66599","BOTTO BENTENG","5710"
"66600","BOTTO PENNO","5710"
"66601","BOTTO TANRE","5710"
"66602","BOTTO","5662"
"66603","BOTTO","5627"
"66604","BOTTO","5485"
"66605","BOWONG CINDEA","5670"
"66606","BUA KAYU","5634"
"66607","BUA TARRUNG","5579"
"66608","BUA","5711"
"66609","BUAE","5518"
"66610","BUAKANA","5567"
"66611","BUAKKANG","5673"
"66612","BUANGIN","5676"
"66613","BUANGIN","5549"
"66614","BUANGIN","5525"
"66615","BUARENG","5476"
"66616","BUBUN LAMBA","5576"
"66617","BUHUNG BUNDANG","5616"
"66618","BUKAKA","5672"
"66619","BUKI TIMUR","5556"
"66620","BUKI","5556"
"66621","BUKIT HARAPAN","5605"
"66622","BUKIT HARAPAN","5604"
"66623","BUKIT HARAPAN","5712"
"66624","BUKIT INDAH","5712"
"66625","BUKIT SUTTA (SUTERA)","5665"
"66626","BUKIT TINGGI","5604"
"66627","BULETE","5468"
"66628","BULIAN MASSABU","5713"
"66629","BULIE","5482"
"66630","BULO WATTANG","5714"
"66631","BULO","5613"
"66632","BULO","5714"
"66633","BULO","5590"
"66634","BULO-BULO","5521"
"66635","BULO-BULO","5557"
"66636","BULO-BULO","5536"
"66637","BULOA","5715"
"66638","BULOGADING","5600"
"66639","BULOGADING","5608"
"66640","BULOLOHE","5508"
"66641","BULOLONDONG","5716"
"66642","BULU ALLAPPORENGE","5641"
"66643","BULU CINDEA","5670"
"66644","BULU KAMASE","5490"
"66645","BULU TANAH","5476"
"66646","BULU TELLUE","5717"
"66647","BULU TELLUE","5586"
"66648","BULU TEMPE","5718"
"66649","BULU ULAWENG","5630"
"66650","BULU-BULU","5535"
"66651","BULUCENRANA","5484"
"66652","BULUE","5527"
"66653","BULUJAYA","5584"
"66654","BULUKUNYI","5699"
"66655","BULULOE","5702"
"66656","BULUMPAREE","5469"
"66657","BULUPABBULU","5526"
"66658","BULUROKEN (BULUROKENG)","5719"
"66659","BULUSIBATANG","5573"
"66660","BULUSIRUA","5578"
"66661","BULUSUKA","5573"
"66662","BULUTTANA (BULUTANA)","5690"
"66663","BUMI HARAPAN","5720"
"66664","BUMI HARAPAN","5537"
"66665","BUNE","5602"
"66666","BUNGA EJA BERU","5715"
"66667","BUNGA EJA","5721"
"66668","BUNGA EJAYA","5599"
"66669","BUNGA","5493"
"66670","BUNGADIDI","5722"
"66671","BUNGAEJAYA","5694"
"66672","BUNGAPATI","5722"
"66673","BUNGENG","5705"
"66674","BUNGI","5533"
"66675","BUNGIN","5613"
"66676","BUNGIN","5723"
"66677","BUNGUNGLOE","5702"
"66678","BUNTU AWO","5679"
"66679","BUNTU BABANG","5546"
"66680","BUNTU BARANA","5724"
"66681","BUNTU BARANA","5725"
"66682","BUNTU BARANA","5644"
"66683","BUNTU BATU","5506"
"66684","BUNTU BATU","5575"
"66685","BUNTU BATU","5502"
"66686","BUNTU BATU","5644"
"66687","BUNTU BATUAN","5693"
"66688","BUNTU BUANGING","5627"
"66689","BUNTU BURAKE","5520"
"66690","BUNTU DATU (BATU)","5726"
"66691","BUNTU DATU","5553"
"66692","BUNTU KAMIRI","5727"
"66693","BUNTU KANNA","5727"
"66694","BUNTU KARUA","5530"
"66695","BUNTU KARYA","5550"
"66696","BUNTU KUNYI","5709"
"66697","BUNTU LA\BO","5728"
"66698","BUNTU LIMBONG","5642"
"66699","BUNTU MASAKKE","5713"
"66700","BUNTU MATABBING (MATABING)","5665"
"66701","BUNTU MINANGA","5621"
"66702","BUNTU MONDONG","5729"
"66703","BUNTU PASIK","5665"
"66704","BUNTU PEMA","5724"
"66705","BUNTU SAREK","5683"
"66706","BUNTU SARONG","5623"
"66707","BUNTU SUGI","5677"
"66708","BUNTU TABANG","5642"
"66709","BUNTU TAGARI","5730"
"66710","BUNTU TALLANG","5596"
"66711","BUNTU TALLUNGLIPU","5731"
"66712","BUNTU TANGTI","5726"
"66713","BUNTU TERPEDO","5549"
"66714","BUNTULOBO","5707"
"66715","BURASIA","5566"
"66716","BURAU PANTAI","5523"
"66717","BURAU","5523"
"66718","BURI","5579"
"66719","BUTANG","5732"
"66720","BUTTU BATU","5733"
"66721","BUTTU LIMBONG","5566"
"66722","BUTUNG","5734"
"66723","CABBENG","5735"
"66724","CABENGE","5470"
"66725","CAILE","5658"
"66726","CAKKE BONE","5469"
"66727","CAKKEAWO","5709"
"66728","CAKKELA","5517"
"66729","CAKURA","5699"
"66730","CAMBA BERUA","5606"
"66731","CAMBA-CAMBA","5705"
"66732","CAMBAYA","5606"
"66733","CAMMILO","5517"
"66734","CAMPAGA","5572"
"66735","CAMPAGAYA","5674"
"66736","CANI SIRENRENG","5736"
"66737","CANREGO","5699"
"66738","CAPPAGALUNG","5720"
"66739","CARAMMING","5616"
"66740","CARAWALI","5518"
"66741","CAREBBU","5469"
"66742","CARI GADING","5469"
"66743","CARIMA","5517"
"66744","CEGE","5622"
"66745","CELLU","5547"
"66746","CEMBA","5733"
"66747","CEMPA","5737"
"66748","CEMPALAGI","5526"
"66749","CEMPANIGA","5512"
"66750","CEMPANIGA","5651"
"66751","CENDANA HIJAU","5538"
"66752","CENDANA HITAM TIMUR","5488"
"66753","CENDANA HITAM","5488"
"66754","CENDANA PUTIH DUA","5654"
"66755","CENDANA PUTIH SATU","5654"
"66756","CENDANA PUTIH","5654"
"66757","CENDANA","5523"
"66758","CENDANA","5738"
"66759","CENNING","5522"
"66760","CENRANA BARU","5543"
"66761","CENRANA","5651"
"66762","CENRANA","5480"
"66763","CENRANA","5517"
"66764","CENRANA","5498"
"66765","CEPPAGA","5602"
"66766","CEPPAGA","5485"
"66767","CIKORO","5697"
"66768","CIKOWANG","5580"
"66769","CILALLANG","5721"
"66770","CILELLANG","5675"
"66771","CIMPU UTARA","5709"
"66772","CIMPU","5709"
"66773","CINA","5472"
"66774","CINENNUNG","5475"
"66775","CINENNUNG","5539"
"66776","CINGKANG","5512"
"66777","CINNONG TABI","5710"
"66778","CINNONG","5512"
"66779","CINNONG","5482"
"66780","CINNONG","5736"
"66781","CIPOTAKARI","5714"
"66782","CIRO-CIROE","5518"
"66783","CIROMANIE","5532"
"66784","CITTA","5739"
"66785","COMPONG","5627"
"66786","CONGKO","5512"
"66787","CONGKO","5592"
"66788","COPPO TOMPONG","5653"
"66789","COPPO","5505"
"66790","CORAWALI","5498"
"66791","CORAWALI","5740"
"66792","CORAWALIE","5512"
"66793","CUMPIGA","5469"
"66794","CURIO","5724"
"66795","DADEKO","5534"
"66796","DAMAI","5494"
"66797","DAMAI","5486"
"66798","DAMPAN","5596"
"66799","DAMPANG","5604"
"66800","DANDANG","5549"
"66801","DANGEREKKO","5500"
"66802","DANNUANG","5569"
"66803","DARUBIAH","5515"
"66804","DATA","5533"
"66805","DATA","5622"
"66806","DATARA","5573"
"66807","DATARA","5697"
"66808","DAYA","5719"
"66809","DENDE","5730"
"66810","DENGENG-DENGENG","5627"
"66811","DERI","5707"
"66812","DEWAKANG","5741"
"66813","DEWATA","5732"
"66814","DOANG DOANGANLOMPO","5741"
"66815","DODOLO","5742"
"66816","DONGI","5484"
"66817","DONRI-DONRI","5743"
"66818","DOPING","5656"
"66819","DUA LIMPOE","5471"
"66820","DUAMPANUA","5597"
"66821","DUAMPANUAE","5717"
"66822","DULANG","5693"
"66823","DWI TIRO","5616"
"66824","EKATIRO","5616"
"66825","ELA-ELA","5658"
"66826","EMBATAU","5644"
"66827","EMBONATANAH","5660"
"66828","EMPAGAE","5486"
"66829","EMPOANG SELATAN","5555"
"66830","EMPOANG UTARA","5555"
"66831","EMPOANG","5555"
"66832","ENDE","5734"
"66833","ENREKENG","5640"
"66834","ERABARU","5711"
"66835","ERAN BATU","5729"
"66836","ERE CINNONG","5578"
"66837","ERELEMBANG","5560"
"66838","ERENG-ERENG","5572"
"66839","GADDONG","5599"
"66840","GALESONG BARU","5674"
"66841","GALESONG KOTA","5674"
"66842","GALONTA","5733"
"66843","GALUNG MALOANG","5744"
"66844","GALUNG","5505"
"66845","GALUNG","5513"
"66846","GALUNG","5736"
"66847","GANDANG BATU","5534"
"66848","GANDANGBATU","5642"
"66849","GANRA","5640"
"66850","GANTARANG","5691"
"66851","GANTARANG","5607"
"66852","GANTARANG","5690"
"66853","GANTARANGKEKE","5545"
"66854","GARANTA","5569"
"66855","GARASSI","5690"
"66856","GARASSIK","5642"
"66857","GARASSIKANG","5584"
"66858","GARAUPA RAYA","5745"
"66859","GARAUPA","5745"
"66860","GARECCING","5490"
"66861","GARECCING","5535"
"66862","GARESSI","5740"
"66863","GARING","5697"
"66864","GARUNTUNGAN","5509"
"66865","GASING","5726"
"66866","GATTARENG MATINGGI","5611"
"66867","GATTARENG TOA","5592"
"66868","GATTARENG","5604"
"66869","GATTARENG","5592"
"66870","GATTARENG","5536"
"66871","GATTARENG","5639"
"66872","GAYA BARU","5624"
"66873","GENTUNG","5589"
"66874","GENTUNGANG","5701"
"66875","GILIRENG","5473"
"66876","GIRIKUSUMA","5652"
"66877","GOARIE","5592"
"66878","GONA","5476"
"66879","GUNTURU","5689"
"66880","GUNUNG PERAK","5516"
"66881","GUNUNG SARI","5567"
"66882","GUNUNG SILANU","5650"
"66883","GUSUNG","5606"
"66884","HARAPAN","5514"
"66885","HARAPAN","5523"
"66886","HARAPAN","5528"
"66887","HARAPAN","5746"
"66888","HARAPAN","5590"
"66889","HARAPAN / KAMPUNG BARU","5654"
"66890","HASANAH","5654"
"66891","HASANUDDIN","5541"
"66892","HOYANE","5660"
"66893","HULO","5517"
"66894","ILAN BATU URU","5747"
"66895","ILAN BATU","5747"
"66896","INALIPUE","5524"
"66897","INRELLO","5532"
"66898","ISSONG KALUA","5748"
"66899","ITTERUNG","5483"
"66900","JAGONG","5510"
"66901","JALAJJA","5523"
"66902","JALANJANG","5604"
"66903","JALING","5469"
"66904","JAMBU","5546"
"66905","JAMBUIYA","5612"
"66906","JAMPU","5513"
"66907","JANGAN-JANGAN","5536"
"66908","JANGGURARA","5565"
"66909","JAWI - JAWI","5557"
"66910","JAYA","5626"
"66911","JAYA","5659"
"66912","JENEBATU","5673"
"66913","JENEMADINGING","5708"
"66914","JENETAESA","5692"
"66915","JENETALLASA","5650"
"66916","JENETALLASA","5694"
"66917","JENETALLASA","5687"
"66918","JENNAE","5513"
"66919","JENNE / JE\NE MAEJA","5550"
"66920","JEPPEE","5718"
"66921","JINATO","5617"
"66922","JIPANG","5703"
"66923","JOJJOLO","5557"
"66924","JOMBE","5702"
"66925","JOMPIE","5736"
"66926","JONGAYA","5554"
"66927","JONJO","5664"
"66928","JULUBORI","5694"
"66929","JULUKANAYA","5631"
"66930","JULUKANAYA","5694"
"66931","JULUMATENE","5700"
"66932","JULUPAMAI","5694"
"66933","JUPPANDANG","5733"
"66934","KABALLANGANG","5533"
"66935","KABBA","5669"
"66936","KABURU","5612"
"66937","KACA","5527"
"66938","KADAI","5622"
"66939","KADATONG","5594"
"66940","KADIDI","5714"
"66941","KADING","5469"
"66942","KADING","5512"
"66943","KADING","5746"
"66944","KADINGEH","5565"
"66945","KADONG-KADONG","5682"
"66946","KADUAJA","5642"
"66947","KADUNDUNG","5683"
"66948","KADUNGDUNG","5637"
"66949","KAERO","5713"
"66950","KAHAYYA","5509"
"66951","KAHU","5578"
"66952","KAHU-KAHU","5695"
"66953","KAILI","5725"
"66954","KAJAOLALIDDONG","5512"
"66955","KAJUARA","5469"
"66956","KALABBIRANG","5489"
"66957","KALABBIRANG","5669"
"66958","KALABBIRANG","5540"
"66959","KALADI DARUSSALAM","5725"
"66960","KALAENA KIRI","5519"
"66961","KALAENA","5538"
"66962","KALAOTOA","5745"
"66963","KALASERENA","5600"
"66964","KALATIRI","5523"
"66965","KALE BENTAN","5594"
"66966","KALE KO\MARA","5559"
"66967","KALEBAJENG","5681"
"66968","KALEBAREMBENG","5600"
"66969","KALEGOWA","5618"
"66970","KALEMANDALLE","5701"
"66971","KALEMPANG","5484"
"66972","KALENNA BONTONGAPE","5674"
"66973","KALEPADANG","5695"
"66974","KALERO","5476"
"66975","KALIANG","5533"
"66976","KALIBAMAMASE","5590"
"66977","KALIBONG","5482"
"66978","KALIMPORO","5650"
"66979","KALITATA","5522"
"66980","KALOBBA","5711"
"66981","KALOLA","5471"
"66982","KALOLING","5545"
"66983","KALOLING","5671"
"66984","KALOSI ALAU","5661"
"66985","KALOSI","5677"
"66986","KALOSI","5661"
"66987","KALOSI","5525"
"66988","KALOTOK","5549"
"66989","KALPATARU","5583"
"66990","KALU-KALUKUANG","5741"
"66991","KALUKU BODOA","5715"
"66992","KALUKU","5705"
"66993","KALUKU","5588"
"66994","KALUKUANG","5674"
"66995","KALUKUANG","5715"
"66996","KALUKUBODO","5594"
"66997","KALUMEME","5658"
"66998","KALUMPANG LOE","5521"
"66999","KALUPPANG","5581"
"67000","KALUPPINI","5733"
"67001","KAMALI PENTALLUAN","5520"
"67002","KAMANRE","5721"
"67003","KAMBIOLANGI","5677"
"67004","KAMBO","5749"
"67005","KAMBUNO","5557"
"67006","KAMIRI","5574"
"67007","KAMIRI","5562"
"67008","KAMPALA","5521"
"67009","KAMPALA","5609"
"67010","KAMPALA","5671"
"67011","KAMPALE","5661"
"67012","KAMPILI","5694"
"67013","KAMPIRI","5739"
"67014","KAMPIRI","5472"
"67015","KAMPOTI","5735"
"67016","KAMPUNG BARU","5720"
"67017","KAMPUNG BARU","5474"
"67018","KAMPUNG BARU","5549"
"67019","KAMPUNG BERU","5559"
"67020","KAMPUNG BUYANG","5704"
"67021","KAMPUNG PISANG","5712"
"67022","KAMPUNO","5512"
"67023","KANANDEDE","5750"
"67024","KANAUNGAN","5589"
"67025","KANAWATU","5538"
"67026","KANCO","5475"
"67027","KANDORA","5726"
"67028","KANDUA\","5566"
"67029","KANIE","5495"
"67030","KANJILO","5649"
"67031","KANNA UTARA","5506"
"67032","KANNA","5506"
"67033","KANREAPIA","5560"
"67034","KANRUNG","5607"
"67035","KANTUN POYA","5645"
"67036","KANYUARA","5486"
"67037","KANYURANG","5741"
"67038","KAPALA PITU","5645"
"67039","KAPASA","5668"
"67040","KAPIDI","5654"
"67041","KAPITA","5650"
"67042","KAPOLANG","5730"
"67043","KAPOPOSAN BALI","5570"
"67044","KAPPUNA","5562"
"67045","KARAMA","5508"
"67046","KARAMPUANG","5751"
"67047","KARANG ANYAR","5542"
"67048","KARANG-KARANGAN","5605"
"67049","KARASSIK","5752"
"67050","KARASSING","5689"
"67051","KARATUAN","5596"
"67052","KARATUANG","5753"
"67053","KARELAYU","5698"
"67054","KARELLA","5622"
"67055","KARELOE","5573"
"67056","KARIANGO","5537"
"67057","KARIANGO","5548"
"67058","KARONDANG","5722"
"67059","KARRANG","5738"
"67060","KARRE LIMBONG","5615"
"67061","KARRE PENANIAN","5615"
"67062","KARUA","5529"
"67063","KARUENG","5733"
"67064","KARUMPA","5745"
"67065","KARUNRUNG","5567"
"67066","KARUWISI UTARA","5751"
"67067","KARUWISI","5751"
"67068","KASERALAU","5629"
"67069","KASIMBONG","5562"
"67070","KASIMPURENG","5658"
"67071","KASINTUWU","5551"
"67072","KASIWIANG","5709"
"67073","KASSA","5629"
"67074","KASSI BULENG","5595"
"67075","KASSI LOE","5589"
"67076","KASSI","5568"
"67077","KASSI","5687"
"67078","KASSI-KASSI","5567"
"67079","KATANGKA","5600"
"67080","KATANGKA","5618"
"67081","KATOMPORANG","5533"
"67082","KATULUNGAN","5588"
"67083","KAWATA","5552"
"67084","KAWERANG","5475"
"67085","KAYU BAUK","5598"
"67086","KAYU LOE","5753"
"67087","KAYU OSING (KAYOSING)","5579"
"67088","KAYUADI","5617"
"67089","KAYULOE BARAT","5702"
"67090","KAYULOE TIMUR","5702"
"67091","KE PE TINORING","5726"
"67092","KEBO","5470"
"67093","KEERA","5532"
"67094","KEMBANG RAGI","5706"
"67095","KENDEKAN","5754"
"67096","KENDENAN","5565"
"67097","KERTORAHARJO (KERTARAHARJO)","5488"
"67098","KESSING","5743"
"67099","KHUSUS BAHULUANG","5514"
"67100","KHUSUS PASITALLU","5617"
"67101","KINDANG","5509"
"67102","KIRU-KIRU","5479"
"67103","KO MARA","5559"
"67104","KODINGARENG","5606"
"67105","KOHALA","5556"
"67106","KOLAI","5693"
"67107","KOLE BAREBATU","5561"
"67108","KOLE PALIAN","5566"
"67109","KOLE SAWANGAN","5561"
"67110","KOMBA SELATAN","5665"
"67111","KOMBA","5665"
"67112","KOMBA","5750"
"67113","KOMBA-KOMBA","5620"
"67114","KOMPANG","5607"
"67115","KONDO DEWATA","5732"
"67116","KOROMBUA","5538"
"67117","KORONCIA","5551"
"67118","KULO","5474"
"67119","KUNJUNG MAE","5704"
"67120","KUPA","5675"
"67121","KURRUSUMANGA","5571"
"67122","KURU SUMANGE","5494"
"67123","L O K A (LOKA)","5658"
"67124","LA LATANG","5715"
"67125","LA LOA","5534"
"67126","LAANG TANDUK","5752"
"67127","LABA","5562"
"67128","LABAE","5739"
"67129","LABAKKANG","5589"
"67130","LABAWANG","5532"
"67131","LABBO","5572"
"67132","LABESSI","5592"
"67133","LABISSA","5496"
"67134","LABOKONG","5743"
"67135","LABONGE (LEBBONGNGE)","5480"
"67136","LABOTTO","5480"
"67137","LABUAJA","5543"
"67138","LABUAJA","5517"
"67139","LABUANG BAJI","5542"
"67140","LABUANG PAMAJANG","5706"
"67141","LABUKKANG","5755"
"67142","LABUKU","5581"
"67143","LABURASSENG (LABURASSE)","5602"
"67144","LACCORI","5735"
"67145","LADONGI","5652"
"67146","LAE - LAE","5608"
"67147","LAELO","5526"
"67148","LAERUNG","5710"
"67149","LAGADING","5627"
"67150","LAGALIGO","5500"
"67151","LAGEGO","5523"
"67152","LAGOARI","5485"
"67153","LAGORI","5624"
"67154","LAGOSI","5472"
"67155","LAGURUDA","5587"
"67156","LAIKANG","5632"
"67157","LAIKANG","5580"
"67158","LAINUNGAN","5518"
"67159","LAIYA","5543"
"67160","LAIYOLO BARU","5514"
"67161","LAIYOLO","5514"
"67162","LAJANGIRU","5608"
"67163","LAJONGA","5498"
"67164","LAKATONG","5580"
"67165","LAKAWALI PANTAI","5528"
"67166","LAKAWALI","5528"
"67167","LAKAWAN","5576"
"67168","LAKESSI","5495"
"67169","LAKESSI","5712"
"67170","LAKKANG","5715"
"67171","LAKUKANG","5622"
"67172","LALABATA RIAJA","5743"
"67173","LALABATA RILAU","5662"
"67174","LALABATA","5740"
"67175","LALANG BATA","5556"
"67176","LALEBATA","5593"
"67177","LALEBATA","5714"
"67178","LALENG BATA","5647"
"67179","LALEPO","5517"
"67180","LALLATANG","5735"
"67181","LALLISENG","5532"
"67182","LALOLANG","5740"
"67183","LALONG","5590"
"67184","LAMAETO","5564"
"67185","LAMAKKARASENG","5736"
"67186","LAMALAKA","5753"
"67187","LAMANDA","5616"
"67188","LAMANTU","5620"
"67189","LAMARUA","5485"
"67190","LAMASI HULU","5747"
"67191","LAMASI I","5531"
"67192","LAMASI PANTAI","5754"
"67193","LAMASI","5531"
"67194","LAMATA","5473"
"67195","LAMATTI RIAJA","5717"
"67196","LAMATTI RIATTANG","5717"
"67197","LAMATTI RIAWANG","5717"
"67198","LAMATTI RILAU","5492"
"67199","LAMBANAN","5683"
"67200","LAMBARESE","5523"
"67201","LAMBEGO","5620"
"67202","LAMIKU","5710"
"67203","LAMONCONG","5578"
"67204","LAMPA","5533"
"67205","LAMPENAI","5538"
"67206","LAMPOKO","5574"
"67207","LAMPOKO","5512"
"67208","LAMPUARA","5550"
"67209","LAMPUAWA","5588"
"67210","LAMPULUNG","5472"
"67211","LAMUNAN","5520"
"67212","LAMUNRE TENGAH","5756"
"67213","LAMUNRE","5756"
"67214","LAMURU","5483"
"67215","LANCA","5483"
"67216","LANCIRANG","5484"
"67217","LANDORUNDUN","5757"
"67218","LANGA","5758"
"67219","LANGDA","5729"
"67220","LANGDA","5759"
"67221","LANGE","5506"
"67222","LANGI","5578"
"67223","LANGKEA RAYA","5525"
"67224","LANGKIDDI","5546"
"67225","LANGKURA","5702"
"67226","LANNA","5636"
"67227","LANNE","5586"
"67228","LANOSI","5523"
"67229","LANRISANG","5501"
"67230","LANTANG TALLANG","5562"
"67231","LANTANG","5699"
"67232","LANTIMBONGAN","5514"
"67233","LAONI","5480"
"67234","LAPADDE","5755"
"67235","LAPAJUNG","5662"
"67236","LAPANDAN","5520"
"67237","LAPAPA","5562"
"67238","LAPASA","5622"
"67239","LAPAUKKE","5472"
"67240","LAPONGKODA","5526"
"67241","LAPONRONG","5481"
"67242","LAPPA BOSSE","5476"
"67243","LAPPA UPANG","5622"
"67244","LAPPA","5492"
"67245","LAPPACINRANA","5717"
"67246","LAPPAE","5483"
"67247","LAPPO ASE","5469"
"67248","LARA","5537"
"67249","LARE-LARE","5605"
"67250","LARIANG BANGI","5591"
"67251","LARINGGI","5527"
"67252","LARO","5523"
"67253","LAROMPONG","5665"
"67254","LASIAI","5671"
"67255","LASITAE","5740"
"67256","LASIWALA","5484"
"67257","LASKAP","5528"
"67258","LASSA LASSA","5700"
"67259","LASSANG BARAT","5559"
"67260","LASSANG","5559"
"67261","LATELLANG","5630"
"67262","LATIMOJONG","5729"
"67263","LATONDU","5617"
"67264","LATONRO","5480"
"67265","LATTIMU","5563"
"67266","LATUPPA","5749"
"67267","LAUTANG BENTENG","5495"
"67268","LAUTANG","5638"
"67269","LAUWA","5756"
"67270","LAUWA","5631"
"67271","LAUWA","5468"
"67272","LAUWO","5523"
"67273","LAWALLU","5479"
"67274","LAWAWOI","5518"
"67275","LAWESSO","5656"
"67276","LAWEWE","5537"
"67277","LAYANG","5599"
"67278","LAYOA","5545"
"67279","LA\BO","5728"
"67280","LEA","5520"
"67281","LEA","5483"
"67282","LEANG-LEANG","5489"
"67283","LEATUNG MATALLO","5635"
"67284","LEATUNG","5635"
"67285","LEBANG MANAI UTARA","5687"
"67286","LEBANG MANAI","5687"
"67287","LEBANG","5738"
"67288","LEBANG","5619"
"67289","LEBANI","5756"
"67290","LEBANI","5581"
"67291","LEBBAE","5496"
"67292","LEBBOTENGNGAE","5543"
"67293","LEBONI","5742"
"67294","LEDAN","5506"
"67295","LEDAN","5729"
"67296","LEDU-LEDU","5552"
"67297","LEKO PANCING","5494"
"67298","LEMBA","5662"
"67299","LEMBANG BAJI","5696"
"67300","LEMBANG GANTARANGKEKE","5572"
"67301","LEMBANG LOHE","5711"
"67302","LEMBANG MATENE","5745"
"67303","LEMBANG MESAKADA","5548"
"67304","LEMBANG","5753"
"67305","LEMBANG","5733"
"67306","LEMBANG","5632"
"67307","LEMBANG-LEMBANG","5537"
"67308","LEMBANGLOE","5631"
"67309","LEMBANGLOHE","5632"
"67310","LEMBANGPARANG","5649"
"67311","LEMBANNA","5515"
"67312","LEMBANNA","5632"
"67313","LEMBO","5715"
"67314","LEMO MENDURUK","5561"
"67315","LEMO","5476"
"67316","LEMO","5723"
"67317","LEMO","5726"
"67318","LEMOAPE","5539"
"67319","LEMOE","5744"
"67320","LEMPA","5472"
"67321","LEMPANG","5746"
"67322","LEMPANGANG","5681"
"67323","LEMPE PASANG","5747"
"67324","LEMPE","5747"
"67325","LEMPO PACCI","5709"
"67326","LEMPO","5757"
"67327","LEMPONG","5563"
"67328","LEMPOPOTON","5502"
"67329","LENGKESE","5580"
"67330","LENGKONG","5605"
"67331","LENTU","5573"
"67332","LEORAN","5733"
"67333","LEPPAN (LEPAN)","5561"
"67334","LEPPANGANG","5655"
"67335","LEPPANGENG","5496"
"67336","LEPPANGENG","5638"
"67337","LEPPANGENG","5627"
"67338","LERA","5538"
"67339","LERANG","5501"
"67340","LERO","5562"
"67341","LERO","5760"
"67342","LESTARI","5583"
"67343","LETTA","5753"
"67344","LETTA","5548"
"67345","LETTE TANAH","5482"
"67346","LETTE","5704"
"67347","LETTEKKO","5469"
"67348","LEWAJA","5733"
"67349","LEWANDI","5747"
"67350","LEWENG","5485"
"67351","LEWONU","5523"
"67352","LEWORENG","5743"
"67353","LE\TEK","5566"
"67354","LIBUKAN MANDIRI","5525"
"67355","LIBUKANG","5721"
"67356","LIBURENG","5746"
"67357","LIBURENG","5535"
"67358","LILI RIATTANG","5481"
"67359","LILI RIATTANG","5761"
"67360","LILIKIRA","5615"
"67361","LILINA AJANGALE","5736"
"67362","LILIRIAWANG","5641"
"67363","LIMAM POCCOE","5543"
"67364","LIMBONG MALTING","5502"
"67365","LIMBONG SANGPOLO","5577"
"67366","LIMBONG WARA","5522"
"67367","LIMBONG","5750"
"67368","LIMBONG","5752"
"67369","LIMBONG","5579"
"67370","LIMBONG","5679"
"67371","LIMBUANG","5581"
"67372","LIMBUNG","5681"
"67373","LIMPO MAJANG","5710"
"67374","LIMPO RILAU","5638"
"67375","LIMPOMAJANG","5527"
"67376","LINDAJANG","5725"
"67377","LINO","5588"
"67378","LIOKA","5525"
"67379","LION TONDOK IRING","5723"
"67380","LIPUKASI","5740"
"67381","LIPUNGAN TANETE","5577"
"67382","LISE","5498"
"67383","LISSAGA","5506"
"67384","LIU","5710"
"67385","LIU","5646"
"67386","LO KO URU TANETE BATU","5502"
"67387","LODANG","5660"
"67388","LOEHA","5525"
"67389","LOKA","5687"
"67390","LOLISANG","5632"
"67391","LOMBO","5627"
"67392","LOMPO RIAJA","5746"
"67393","LOMPO TENGAH","5746"
"67394","LOMPOE","5744"
"67395","LOMPOLOANG","5468"
"67396","LOMPU","5475"
"67397","LOMPULLE","5640"
"67398","LONDONG BIANG","5530"
"67399","LONJOBOKO","5636"
"67400","LONRAE","5547"
"67401","LONRONG","5609"
"67402","LONRONG","5569"
"67403","LOSARI","5608"
"67404","LOTANG SALO","5760"
"67405","LOWA","5514"
"67406","LOWA","5524"
"67407","LUMARING","5665"
"67408","LUMBEWE","5523"
"67409","LUMINDA","5633"
"67410","LUMPANGAN","5610"
"67411","LUMPUE","5720"
"67412","LUNJEN","5729"
"67413","MA DONG","5730"
"67414","MABBIRING","5482"
"67415","MABONTA","5523"
"67416","MACANANG","5710"
"67417","MACANANG","5718"
"67418","MACANRE","5470"
"67419","MACCANI","5626"
"67420","MACCILE","5662"
"67421","MACCINI BAJI","5497"
"67422","MACCINI GUSUNG","5591"
"67423","MACCINI PARANG","5591"
"67424","MACCINI SOMBALA","5554"
"67425","MACCINI","5591"
"67426","MACCINIBAJI","5681"
"67427","MACCINIBAJI","5705"
"67428","MACCINIBAJI","5558"
"67429","MACCIRINNA","5655"
"67430","MACCOPE","5469"
"67431","MACEGE","5718"
"67432","MACERO","5638"
"67433","MACINNAE","5647"
"67434","MACORAWALIE","5714"
"67435","MACORAWALIE","5659"
"67436","MADANDAN","5762"
"67437","MADANI","5538"
"67438","MADDANRENGPULU","5630"
"67439","MADDUKKELLENG","5526"
"67440","MADELLO","5574"
"67441","MADENRA","5474"
"67442","MADURI","5539"
"67443","MAERO","5573"
"67444","MAGANI","5763"
"67445","MAGGENRANG (MANGGENRANG)","5517"
"67446","MAHALONA","5525"
"67447","MAHARAYYA","5598"
"67448","MAINDO","5596"
"67449","MAITING","5502"
"67450","MAJANG","5718"
"67451","MAJANNANG","5544"
"67452","MAJANNANG","5664"
"67453","MAJAPAHIT","5620"
"67454","MAJELLING WATANG","5495"
"67455","MAJJELLING","5495"
"67456","MAKKAWARU","5493"
"67457","MAKKODO","5764"
"67458","MAKMUR","5656"
"67459","MAKUAN PARE","5676"
"67460","MALAKA","5586"
"67461","MALAKAJI","5697"
"67462","MALALIN","5738"
"67463","MALANGKE (MALAKKE)","5638"
"67464","MALANGKE","5652"
"67465","MALANGO","5752"
"67466","MALATUNTUNG (MALATUNRUNG)","5657"
"67467","MALEKU","5551"
"67468","MALELA","5709"
"67469","MALENGGANG","5575"
"67470","MALEWANG","5559"
"67471","MALEWONG","5534"
"67472","MALILI","5528"
"67473","MALIMBONG","5561"
"67474","MALIMBU","5549"
"67475","MALIMONGAN BARU","5599"
"67476","MALIMONGAN TUA","5734"
"67477","MALIMONGAN","5660"
"67478","MALIMONGAN","5734"
"67479","MALIMONGENG","5639"
"67480","MALIMPUNG","5655"
"67481","MALINO","5690"
"67482","MALIWOWO","5564"
"67483","MALLAHAE","5476"
"67484","MALLARI","5469"
"67485","MALLASORO","5650"
"67486","MALLAWA","5675"
"67487","MALLELENG","5632"
"67488","MALLILINGI","5753"
"67489","MALLINRUNG","5602"
"67490","MALLONGI LONGI","5501"
"67491","MALLUSE TASI","5482"
"67492","MALLUSESALO","5646"
"67493","MALLUSETASI","5755"
"67494","MALOKU","5608"
"67495","MALUA","5693"
"67496","MAMAJANG DALAM","5542"
"67497","MAMAJANG LUAR","5542"
"67498","MAMAMPANG","5609"
"67499","MAMAMPANG","5560"
"67500","MAMINASA","5706"
"67501","MAMMINASAE (MAMINASAE)","5473"
"67502","MAMMINASAE","5593"
"67503","MAMMINASAE","5647"
"67504","MAMPOTU","5481"
"67505","MAMPU","5576"
"67506","MAMPU","5734"
"67507","MANAJENG","5482"
"67508","MANAKKU","5589"
"67509","MANARANG","5493"
"67510","MANCIRI","5496"
"67511","MANDALA","5542"
"67512","MANDALAN","5724"
"67513","MANDALLE (MANDALE)","5701"
"67514","MANDALLE","5653"
"67515","MANDATTE","5576"
"67516","MANDIRI","5583"
"67517","MANERA","5639"
"67518","MANGADU","5580"
"67519","MANGALE","5654"
"67520","MANGALILI","5694"
"67521","MANGALLEKANA","5589"
"67522","MANGASA","5554"
"67523","MANGELORENG","5489"
"67524","MANGEMPANG","5505"
"67525","MANGEMPANG","5673"
"67526","MANGEPONG","5702"
"67527","MANGGALA","5511"
"67528","MANGGALA","5551"
"67529","MANGGALUNG","5653"
"67530","MANGGAU","5520"
"67531","MANGILU","5670"
"67532","MANGINDARA","5594"
"67533","MANGKAWANI (MENGKAWANI)","5581"
"67534","MANGKI","5737"
"67535","MANGKOSO","5479"
"67536","MANGKURA","5608"
"67537","MANIMBAHOI","5664"
"67538","MANISA","5597"
"67539","MANJALLING","5701"
"67540","MANJALLING","5569"
"67541","MANJANGLOE","5698"
"67542","MANJAPAI","5600"
"67543","MANNAGAE","5524"
"67544","MANNANTI","5711"
"67545","MANNONGKOKI","5559"
"67546","MANNURUKI","5554"
"67547","MANORANG SALO","5527"
"67548","MANTADULU","5564"
"67549","MANUBA","5675"
"67550","MANUJU","5663"
"67551","MANUNGGAL","5488"
"67552","MANURUNG","5563"
"67553","MANURUNG","5528"
"67554","MANURUNGE","5736"
"67555","MANURUNGNGE","5672"
"67556","MANYAMPA","5569"
"67557","MANYILI","5485"
"67558","MAPPADAELO","5524"
"67559","MAPPAKALOMPO","5674"
"67560","MAPPALA","5567"
"67561","MAPPALO ULAWENG","5469"
"67562","MAPPASAILE","5510"
"67563","MAPPATOBA","5639"
"67564","MAPPA\","5634"
"67565","MAPPEDECENG","5654"
"67566","MAPPESANGKA","5678"
"67567","MAPPETAJANG","5506"
"67568","MAPPILAWING","5609"
"67569","MARABUANA","5679"
"67570","MARADEKAYA SELATAN","5591"
"67571","MARADEKAYA UTARA","5591"
"67572","MARADEKAYA","5681"
"67573","MARADEKAYA","5591"
"67574","MARADEKAYA","5540"
"67575","MARAMBA","5538"
"67576","MARAMPA","5750"
"67577","MARANG (MA RANG)","5491"
"67578","MARANNU","5537"
"67579","MARANNU","5493"
"67580","MARANNU","5468"
"67581","MARANTE","5660"
"67582","MARANTE","5759"
"67583","MARASENDE","5741"
"67584","MARAWI","5765"
"67585","MARAYOKA","5650"
"67586","MARE MARE","5612"
"67587","MARGOLEMBO","5551"
"67588","MARGOMULYO","5488"
"67589","MARI-MARI","5549"
"67590","MARICAYA BARU","5591"
"67591","MARICAYA SELATAN","5542"
"67592","MARICAYA","5591"
"67593","MARINDING","5682"
"67594","MARINDING","5726"
"67595","MARIO PULANA","5651"
"67596","MARIO RIAJA","5592"
"67597","MARIO RILAU","5592"
"67598","MARIO RITTENGNGA","5592"
"67599","MARIO","5537"
"67600","MARIO","5735"
"67601","MARIO","5474"
"67602","MARIO","5602"
"67603","MARIO","5622"
"67604","MARIO","5704"
"67605","MARIO","5727"
"67606","MARIO","5524"
"67607","MARIORENNU","5604"
"67608","MARISO","5704"
"67609","MARITENGNGAE","5760"
"67610","MAROANGIN","5626"
"67611","MAROANGING","5482"
"67612","MAROBO","5549"
"67613","MARONENG","5533"
"67614","MAROSON","5577"
"67615","MAROSON","5579"
"67616","MARRANNU","5497"
"67617","MARUMPA","5467"
"67618","MASAGO","5630"
"67619","MASALE","5751"
"67620","MASALLE","5623"
"67621","MASAMBA","5562"
"67622","MASIKU","5525"
"67623","MASING","5470"
"67624","MASOLO","5655"
"67625","MASSAILE","5711"
"67626","MASSAMATURU","5559"
"67627","MASSANGKAE","5476"
"67628","MASSENRENGPULU","5482"
"67629","MASSENRENPULU","5593"
"67630","MASSEPE","5503"
"67631","MASSEWAE","5533"
"67632","MASSILA","5630"
"67633","MASSULOWALIE","5758"
"67634","MASSUNGKE","5706"
"67635","MASUMPU","5672"
"67636","MATA ALLO","5677"
"67637","MATA ALLO","5681"
"67638","MATA ALLO","5666"
"67639","MATAJANG","5735"
"67640","MATAJANG","5517"
"67641","MATAJANG","5581"
"67642","MATANO","5763"
"67643","MATARAN","5576"
"67644","MATOMPI","5525"
"67645","MATTABULU","5662"
"67646","MATTAMPA BULU","5593"
"67647","MATTAMPA WALIE","5593"
"67648","MATTAMPA WALIE","5761"
"67649","MATTAMPA WALIE","5622"
"67650","MATTAMPAE","5678"
"67651","MATTAMPAPOLE","5611"
"67652","MATTANETE BUA","5539"
"67653","MATTAPPAWALIE","5536"
"67654","MATTARO ADAE","5766"
"67655","MATTARO PULI","5641"
"67656","MATTARO PURAE","5481"
"67657","MATTEKKO","5604"
"67658","MATTIRO ADE","5655"
"67659","MATTIRO BAJI","5767"
"67660","MATTIRO BINTANG","5766"
"67661","MATTIRO BOMBANG","5767"
"67662","MATTIRO BONE","5766"
"67663","MATTIRO BULU","5602"
"67664","MATTIRO BULU","5767"
"67665","MATTIRO DECENG","5497"
"67666","MATTIRO DECENG","5602"
"67667","MATTIRO DECENG","5766"
"67668","MATTIRO DECENG","5765"
"67669","MATTIRO DOLANGENG","5766"
"67670","MATTIRO KANJA","5767"
"67671","MATTIRO LABANGENG","5767"
"67672","MATTIRO LANGI","5766"
"67673","MATTIRO MATAE","5766"
"67674","MATTIRO SOMPE","5766"
"67675","MATTIRO TASI","5544"
"67676","MATTIRO TASI","5758"
"67677","MATTIRO UJUNG","5766"
"67678","MATTIRO ULENG","5767"
"67679","MATTIRO WALIE","5641"
"67680","MATTIRO WALIE","5578"
"67681","MATTIRO WALIE","5602"
"67682","MATTIRO WALIE","5767"
"67683","MATTIRO WALIE","5622"
"67684","MATTIRO WALIE","5718"
"67685","MATTIROBAJI","5558"
"67686","MATTIROTAPPARENG","5526"
"67687","MATTIROTASI","5518"
"67688","MATTIROWALIE","5509"
"67689","MATTIROWALIE","5471"
"67690","MATTIROWALIE","5746"
"67691","MATTOANGIN","5489"
"67692","MATTOANGIN","5704"
"67693","MATTOANGING","5517"
"67694","MATTOANGING","5632"
"67695","MATTOANGING","5483"
"67696","MATTOMBONG","5758"
"67697","MATTOMPODALLE","5559"
"67698","MATTONGANG TONGANG","5758"
"67699","MATTUNRENG TELLUE","5607"
"67700","MATTUNRU TUNRUE","5737"
"67701","MATUJU","5469"
"67702","MAWA","5768"
"67703","MAWANG","5618"
"67704","MEBALI","5642"
"67705","MEKAR INDAH","5556"
"67706","MEKAR JAYA TONDOK","5654"
"67707","MEKAR SARI JAYA","5537"
"67708","MEKAR SARI","5519"
"67709","MEKKALE (MEKKALAK)","5724"
"67710","MELAYU BARU","5734"
"67711","MELAYU","5734"
"67712","MELI","5537"
"67713","MELLE","5735"
"67714","MELLE","5539"
"67715","MENARA INDAH","5598"
"67716","MENTIRO TIKU","5752"
"67717","MIALLO","5732"
"67718","MICO","5539"
"67719","MINANGA TALLU","5588"
"67720","MINANGA TELLUE","5471"
"67721","MINANGA","5750"
"67722","MINANGAE","5487"
"67723","MINASA BAJI","5489"
"67724","MINASA TENE","5669"
"67725","MINASA UPA","5504"
"67726","MISA BA\BANA","5748"
"67727","MOJONG","5486"
"67728","MONCOBALANG","5649"
"67729","MONCONGKOMBA","5699"
"67730","MONCONGLOE BULU","5686"
"67731","MONCONGLOE LAPPARA","5686"
"67732","MONCONGLOE","5663"
"67733","MONCONGLOE","5686"
"67734","MONRO-MONRO","5555"
"67735","MUARA","5535"
"67736","MUHAJIRIN","5725"
"67737","MUKTI JAYA","5537"
"67738","MUKTI TAMA","5537"
"67739","MUKTISARI","5585"
"67740","MULA MENREE","5736"
"67741","MULADIMENG (MALADIMENG)","5727"
"67742","MULYASARI","5588"
"67743","MULYASARI","5583"
"67744","MULYOREJO","5588"
"67745","MUNDAN","5623"
"67746","MUNGKAJANG","5749"
"67747","MUNTE","5722"
"67748","MURANTE","5749"
"67749","MURANTE","5709"
"67750","NAGA ULENG","5480"
"67751","NANGGALA SANGPIAK SALU","5615"
"67752","NANGGALA","5615"
"67753","NANNA NANGGALA","5615"
"67754","NEPO","5675"
"67755","NEPO","5524"
"67756","NIKKEL / NEKKEL","5763"
"67757","NIPA-NIPA","5610"
"67758","NIRANNUANG","5666"
"67759","NISOMBALIA","5467"
"67760","NOLING","5575"
"67761","NON BLOK","5519"
"67762","NONONGAN SELATAN","5759"
"67763","NONONGAN UTARA","5759"
"67764","NUHA","5763"
"67765","NUSA","5517"
"67766","NYIUR INDAH","5617"
"67767","OLANG","5550"
"67768","OMPO","5662"
"67769","ONGKO","5581"
"67770","ONGKOE","5638"
"67771","ONONDOA","5742"
"67772","ONTO","5753"
"67773","ONTO","5598"
"67774","OPO","5496"
"67775","ORO GADING","5509"
"67776","OTTING","5484"
"67777","OTTING","5483"
"67778","PA BAENG-BAENG","5554"
"67779","PA BATANG","5542"
"67780","PA BENTENGAN","5609"
"67781","PA BUMBUNGAN","5609"
"67782","PA BUNDUKANG","5699"
"67783","PA RAPPUNGANTA","5559"
"67784","PABALORAN","5724"
"67785","PABBARESSENG","5605"
"67786","PABENTENGAN","5681"
"67787","PABENTENGAN","5467"
"67788","PABIRINGA","5555"
"67789","PABUARAN","5680"
"67790","PABUNDUKANG","5703"
"67791","PABUNDUKANG","5510"
"67792","PACCARAMENGANG","5569"
"67793","PACCEKKE","5479"
"67794","PACCERAKANG","5719"
"67795","PACCERAKANG","5550"
"67796","PACCING","5469"
"67797","PACCING","5630"
"67798","PACCINONGAN","5618"
"67799","PACCIRO","5496"
"67800","PACELLEKANG","5708"
"67801","PACONGANG","5647"
"67802","PACONNE","5756"
"67803","PACUBBE","5480"
"67804","PADACENGA (PADA CENGNGA)","5735"
"67805","PADAELO","5476"
"67806","PADAELO","5593"
"67807","PADAELO","5611"
"67808","PADAELO","5622"
"67809","PADAELO","5493"
"67810","PADAELO","5656"
"67811","PADAIDI","5493"
"67812","PADAIDI","5483"
"67813","PADAKKALAWA","5493"
"67814","PADANG BALUA","5660"
"67815","PADANG KALUA","5605"
"67816","PADANG KALUA","5531"
"67817","PADANG KAMBURI","5575"
"67818","PADANG LAMBE","5709"
"67819","PADANG LAMBE","5619"
"67820","PADANG LAMPE","5491"
"67821","PADANG LOANG","5475"
"67822","PADANG LOANG","5569"
"67823","PADANG MA BUD","5575"
"67824","PADANG RAYA","5660"
"67825","PADANG SAPPA","5727"
"67826","PADANG SUBUR","5727"
"67827","PADANG TUJU","5575"
"67828","PADANG","5604"
"67829","PADANGIRING","5762"
"67830","PADANGLOANG ALAU","5661"
"67831","PADANGLOANG","5661"
"67832","PADANGLOANG","5655"
"67833","PADATUO","5535"
"67834","PADDINGING","5587"
"67835","PADDOANG DOANGAN","5510"
"67836","PADDUPPA","5526"
"67837","PAENRE LOMPOE","5604"
"67838","PAEPALEAN","5728"
"67839","PAI","5719"
"67840","PAITANA","5702"
"67841","PAJALELE","5524"
"67842","PAJALELE","5503"
"67843","PAJALESANG (PANJELESANG)","5500"
"67844","PAJALESANG","5470"
"67845","PAJANG","5683"
"67846","PAJUKUKANG","5504"
"67847","PAJUKUKANG","5610"
"67848","PAKALA","5726"
"67849","PAKATTO","5666"
"67850","PAKENG","5548"
"67851","PAKKABBA","5478"
"67852","PAKKANNA","5524"
"67853","PAKKASALO","5735"
"67854","PAKKASALO","5482"
"67855","PAKKIE (FAKKIE)","5765"
"67856","PAKU","5730"
"67857","PAKU","5637"
"67858","PAKUBALAHO","5616"
"67859","PALADANG","5581"
"67860","PALADINGANG","5700"
"67861","PALAE","5490"
"67862","PALAJAU","5521"
"67863","PALAKKA","5505"
"67864","PALAKKA","5517"
"67865","PALAKKA","5581"
"67866","PALAMBARAE","5604"
"67867","PALAMPANG","5508"
"67868","PALANDAN","5537"
"67869","PALANGI","5529"
"67870","PALANGISENG","5470"
"67871","PALANGKA","5490"
"67872","PALANRO","5675"
"67873","PALANTIKANG (PALLANTIKANG)","5708"
"67874","PALATTAE","5517"
"67875","PALAWA","5707"
"67876","PALESAN","5579"
"67877","PALIORONG","5637"
"67878","PALIPPU","5524"
"67879","PALIPU","5726"
"67880","PALI\","5566"
"67881","PALLAE","5480"
"67882","PALLAMEANG","5758"
"67883","PALLANGGA","5694"
"67884","PALLANTIKANG","5650"
"67885","PALLANTIKANG","5753"
"67886","PALLANTIKANG","5544"
"67887","PALLANTIKANG","5540"
"67888","PALLANTIKANG","5687"
"67889","PALLAWA RUKKA","5736"
"67890","PALLAWA","5624"
"67891","PALLAWARUKKA","5472"
"67892","PALLEKO","5559"
"67893","PALLENGU","5650"
"67894","PALLETTE","5547"
"67895","PALLIMAE","5646"
"67896","PALLIME","5480"
"67897","PALONGKI","5483"
"67898","PAMATATA","5598"
"67899","PAMESSAKANG","5605"
"67900","PAMMANA","5472"
"67901","PAMMANU","5756"
"67902","PAMMAS","5741"
"67903","PAMMASE","5765"
"67904","PAMMUSURENG","5578"
"67905","PAMPANG","5751"
"67906","PANA","5677"
"67907","PANAIKANG","5555"
"67908","PANAIKANG","5669"
"67909","PANAIKANG","5751"
"67910","PANAIKANG","5708"
"67911","PANAIKANG","5671"
"67912","PANAKKUKANG","5694"
"67913","PANAMBUNGAN","5704"
"67914","PANANRANG (PANNANRANG)","5493"
"67915","PANCA KARSA","5551"
"67916","PANCAITANA","5639"
"67917","PANCANA","5740"
"67918","PANCIRO","5681"
"67919","PANDAK","5562"
"67920","PANDANG PANDANG","5618"
"67921","PANDANG","5751"
"67922","PANDUNG BATU","5565"
"67923","PANGALA UTARA","5502"
"67924","PANGALA","5502"
"67925","PANGALLI","5754"
"67926","PANGALLOANG","5508"
"67927","PANGAPARANG","5548"
"67928","PANGDEN","5644"
"67929","PANGI","5546"
"67930","PANGI","5683"
"67931","PANGKABINANGA","5694"
"67932","PANGKAJENE","5495"
"67933","PANGKUNG BATU","5621"
"67934","PANGLI PALAWA","5707"
"67935","PANGLI SELATAN","5707"
"67936","PANINCONG","5527"
"67937","PANNAMPU","5715"
"67938","PANRANNUANGKU","5559"
"67939","PANRENG","5597"
"67940","PANTAI BAHARI","5650"
"67941","PANTAI TIMUR","5485"
"67942","PANTAMA","5632"
"67943","PANTAN","5520"
"67944","PANTANAKAN LOLO","5507"
"67945","PANTILANG","5596"
"67946","PANYANGKALANG","5681"
"67947","PANYANGKALANG","5580"
"67948","PANYILI","5735"
"67949","PANYILI","5539"
"67950","PANYIWI","5480"
"67951","PANYULA","5547"
"67952","PAO","5522"
"67953","PAO","5499"
"67954","PAO","5560"
"67955","PAO-PAO","5740"
"67956","PAOJEPE","5532"
"67957","PAOMACANG","5588"
"67958","PAONGANAN","5621"
"67959","PAPAKAJU","5709"
"67960","PAPANLOE","5610"
"67961","PAPPA","5540"
"67962","PAPPALLUANG","5584"
"67963","PAPPOLO","5672"
"67964","PARAIKATE (PARAIKATTE)","5681"
"67965","PARAK","5612"
"67966","PARAMBAMBE","5674"
"67967","PARANDANGAN","5621"
"67968","PARANG BADDO","5559"
"67969","PARANG BANOA","5694"
"67970","PARANG LAMPOA","5700"
"67971","PARANG LAYANG","5599"
"67972","PARANG LOE","5668"
"67973","PARANG LUARA","5559"
"67974","PARANG TAMBUNG","5554"
"67975","PARANG","5542"
"67976","PARANGLOE","5631"
"67977","PARANGLOE","5609"
"67978","PARANGMATA","5674"
"67979","PARARRA","5549"
"67980","PARASANGANG BERU","5702"
"67981","PAREKAJU","5727"
"67982","PARENRENG","5601"
"67983","PARENRING","5470"
"67984","PARIA","5533"
"67985","PARIA","5710"
"67986","PARIGI","5485"
"67987","PARIGI","5690"
"67988","PARINDING","5565"
"67989","PARINDING","5730"
"67990","PARINDING","5707"
"67991","PARIPPUNG","5512"
"67992","PARIWANG","5581"
"67993","PAROMBEAN","5724"
"67994","PAROPO","5751"
"67995","PAROTO","5470"
"67996","PARUMPANAI","5552"
"67997","PASAKA","5517"
"67998","PASAKA","5646"
"67999","PASAKA","5482"
"68000","PASAMAI","5571"
