"id","nama_desa","kecamatan_id"
"24001","TRIMULYO","1741"
"24002","TRIMULYO","1692"
"24003","TRIMULYO","1667"
"24004","TRIMURJO","1568"
"24005","TRISINAR","1738"
"24006","TRISNO MAJU","1640"
"24007","TRISNO MULYO","1704"
"24008","TRITUNGGAL MULYA","1564"
"24009","TUGU MULYA","1783"
"24010","TUGU PAPAK","1638"
"24011","TUGU RATU","1627"
"24012","TUGU REJO","1638"
"24013","TUGU SARI","1783"
"24014","TULANG BAWANG","1698"
"24015","TULUNG AGUNG","1686"
"24016","TULUNG ASAHAN","1638"
"24017","TULUNG BALAK","1704"
"24018","TULUNG BALAK","1746"
"24019","TULUNG BAMBAN","1633"
"24020","TULUNG BUYUT","1676"
"24021","TULUNG KANAN","1697"
"24022","TULUNG SARI","1590"
"24023","TULUNG SINGKIP","1685"
"24024","TULUNGPASIK","1762"
"24025","TULUS REJO","1566"
"24026","TUNAS ASRI I","1618"
"24027","TUNAS ASRI","1618"
"24028","TUNAS JAYA","1630"
"24029","TUNGGAL WARGA","1644"
"24030","TUNGGUL PAWENANG","1564"
"24031","TURGAK","1674"
"24032","UJUNG GUNUNG ILIR","1589"
"24033","UJUNG GUNUNG","1589"
"24034","UJUNG","1751"
"24035","ULAK ATA","1746"
"24036","ULAK RENGAS","1764"
"24037","ULOK MANIK","1633"
"24038","ULOK MUKTI","1709"
"24039","ULU KRUI","1648"
"24040","ULU SEMONG","1574"
"24041","UMAN AGUNG MATARAM","1754"
"24042","UMBAR","1770"
"24043","UMBUL BUAH","1670"
"24044","UMBUL LIMUS","1759"
"24045","UMPU BAKTI","1684"
"24046","UMPU KENCANA","1684"
"24047","UNTORO","1568"
"24048","UTAMA JAYA MATARAM","1642"
"24049","VARIA AGUNG","1642"
"24050","WAI LUBUK","1569"
"24051","WAI MILI","1779"
"24052","WAI MULI TIMUR","1629"
"24053","WAI SARI","1623"
"24054","WAI SIDO","1737"
"24055","WAI SIDOMUKTI","1636"
"24056","WALUR","1602"
"24057","WALUR","1604"
"24058","WALUYOJATI","1701"
"24059","WANA","1753"
"24060","WARGA INDAH JAYA","1644"
"24061","WARGA MAKMUR JAYA","1644"
"24062","WARGO / WARGA MULYO","1766"
"24063","WARINGIN JAYA","1610"
"24064","WARINGIN SARI BARAT","1768"
"24065","WARINGINSARI TIMUR","1564"
"24066","WASPADA","1739"
"24067","WATAS","1596"
"24068","WATES SELATAN","1686"
"24069","WATES TIMUR","1686"
"24070","WATES WAY RATAI","1657"
"24071","WATES","1697"
"24072","WATES","1686"
"24073","WATU AGUNG","1573"
"24074","WAWASAN","1641"
"24075","WAY AGUNG","1714"
"24076","WAY ARENG (WAI ARANG)","1762"
"24077","WAY ASAHAN","1678"
"24078","WAY BATANG","1607"
"24079","WAY DADI BARU","1771"
"24080","WAY DADI","1771"
"24081","WAY DENTE","1691"
"24082","WAY EMPULAU ULU","1596"
"24083","WAY GALIH","1692"
"24084","WAY GELAM","1663"
"24085","WAY GELANG","1660"
"24086","WAY GUBAK","1720"
"24087","WAY HALIM PERMAI","1748"
"24088","WAY HALOM","1645"
"24089","WAY HALOM","1628"
"24090","WAY HARONG","1576"
"24091","WAY HARONG","1653"
"24092","WAY HARU","1614"
"24093","WAY HUWI","1646"
"24094","WAY ILAHAN","1575"
"24095","WAY ISEM","1718"
"24096","WAY JAHA","1592"
"24097","WAY JAMBU","1633"
"24098","WAY KALAM","1661"
"24099","WAY KANDIS","1775"
"24100","WAY KEPAYANG","1591"
"24101","WAY KERAP","1638"
"24102","WAY KUNIR","1728"
"24103","WAY LAGA","1720"
"24104","WAY LAYAP","1595"
"24105","WAY LIMAU","1615"
"24106","WAY LIWOK","1620"
"24107","WAY LUNIK","1560"
"24108","WAY LUNIK","1761"
"24109","WAY MANAK","1592"
"24110","WAY MELAN","1580"
"24111","WAY MENCAR","1624"
"24112","WAY MENGAKU","1596"
"24113","WAY NAPAL","1602"
"24114","WAY NARTA","1604"
"24115","WAY NGISOM","1710"
"24116","WAY NGISON","1584"
"24117","WAY NIPAH","1678"
"24118","WAY NUKAK","1587"
"24119","WAY PANAS","1620"
"24120","WAY PERANCANG","1579"
"24121","WAY PETAY / PETAI","1783"
"24122","WAY PIRING","1592"
"24123","WAY PISANG","1624"
"24124","WAY REDAK","1760"
"24125","WAY RILAU","1651"
"24126","WAY SINDI HANUAN","1587"
"24127","WAY SINDI UTARA","1587"
"24128","WAY SINDI","1587"
"24129","WAY SULUH","1602"
"24130","WAY TATAAN","1769"
"24131","WAY TAWAR","1679"
"24132","WAY TIAS","1614"
"24133","WAY TUBA ASRI","1624"
"24134","WAY TUBA","1654"
"24135","WAY TUBA","1624"
"24136","WAY URANG","1657"
"24137","WAY WAKAK","1707"
"24138","WAYA KRUI","1658"
"24139","WAYAKROY","1573"
"24140","WAYMULI","1629"
"24141","WAYURANG","1569"
"24142","WIRA BANGUN","1570"
"24143","WIRA JAYA","1632"
"24144","WIRAAGUNG SARI","1687"
"24145","WIRALAGA I","1778"
"24146","WIRALAGA II","1778"
"24147","WIRATA AGUNG MATARAM","1642"
"24148","WIRATAMA","1687"
"24149","WIYONO","1595"
"24150","WONO AGUNG","1711"
"24151","WONO REJO","1736"
"24152","WONO SARI","1635"
"24153","WONO SARI","1566"
"24154","WONODADI UTARA","1686"
"24155","WONODADI","1686"
"24156","WONODADI","1641"
"24157","WONOHARJO","1699"
"24158","WONOHARJO","1586"
"24159","WONOKARTO","1741"
"24160","WONOKERTO I","1618"
"24161","WONOKERTO","1618"
"24162","WONOMARTO","1656"
"24163","WONOREJO","1630"
"24164","WONOSARI","1686"
"24165","WONOSARI","1726"
"24166","WONOSOBO","1620"
"24167","YOGYAKARTA (JOGJAKARTA)","1686"
"24168","YOGYAKARTA SELATAN","1686"
"24169","YOSO MULYO (DUTO YOSO MULYO)","1582"
"24170","YOSODADI","1752"
"24171","YOSOMULYO","1750"
"24172","YOSOREJO","1752"
"24173","YUDHA KARYA JITU","1711"
"24174","YUKUM JAYA","1562"
"24175","AIK KETEKOK","1785"
"24176","AIK MADU","1786"
"24177","AIK PALEMPANG JAYA","1785"
"24178","AIK RAYAK","1785"
"24179","AIR ANYIR","1787"
"24180","AIR BARA","1788"
"24181","AIR BATU","1789"
"24182","AIR BELO","1790"
"24183","AIR BULIN","1791"
"24184","AIR BULUH","1792"
"24185","AIR DUREN","1792"
"24186","AIR DUREN","1793"
"24187","AIR GANTANG","1794"
"24188","AIR GEGAS","1788"
"24189","AIR ITAM","1795"
"24190","AIR JUKUNG","1796"
"24191","AIR KELIK","1797"
"24192","AIR KEPALA TUJUH","1798"
"24193","AIR KUANG","1799"
"24194","AIR LIMAU","1790"
"24195","AIR LINTANG","1800"
"24196","AIR MAWAR","1795"
"24197","AIR MENDUYUNG","1801"
"24198","AIR MERBAU","1785"
"24199","AIR MESU TIMUR","1802"
"24200","AIR NYATOH","1801"
"24201","AIR PUTIH","1790"
"24202","AIR RUAI","1793"
"24203","AIR SAGA","1785"
"24204","AIR SALEMBA","1803"
"24205","AIR SELUMAR","1804"
"24206","AIR SERU","1804"
"24207","AIRMESU","1802"
"24208","AMPUI","1805"
"24209","ARUNG DALAM","1806"
"24210","ASAM","1807"
"24211","BACANG","1795"
"24212","BADAU","1789"
"24213","BAKAM","1808"
"24214","BAKIT","1794"
"24215","BALOK","1809"
"24216","BALUN IJUK","1787"
"24217","BANGKA KOTA","1810"
"24218","BANTAN","1811"
"24219","BANYU ASIN","1812"
"24220","BARU","1813"
"24221","BASKARA BAKTI / BHAKTI","1814"
"24222","BATIN TIKAL","1815"
"24223","BATU BELUBANG","1802"
"24224","BATU BERIGA","1816"
"24225","BATU BETUMPANG","1817"
"24226","BATU INTAN","1818"
"24227","BATU ITAM","1804"
"24228","BATU PENYU","1819"
"24229","BATURUSA","1787"
"24230","BEDENGUNG","1820"
"24231","BELILIK","1814"
"24232","BELIMBING","1816"
"24233","BELOLAUT","1790"
"24234","BELULUK","1802"
"24235","BENCAH","1788"
"24236","BENTAIAN JAYA","1813"
"24237","BENTENG KOTA / KUTA","1800"
"24238","BENTENG","1802"
"24239","BERANG","1801"
"24240","BERBURA","1812"
"24241","BEROK","1806"
"24242","BERUAS","1791"
"24243","BERUAS","1821"
"24244","BIKANG","1822"
"24245","BINTANG","1807"
"24246","BINTET","1796"
"24247","BUDING","1823"
"24248","BUKIT BESAR","1818"
"24249","BUKIT KETOK","1796"
"24250","BUKIT KIJANG","1814"
"24251","BUKIT LAYANG","1808"
"24252","BUKIT MERAPIN (BUKIT MERAPEN)","1798"
"24253","BUKIT SARI","1798"
"24254","BUKIT TERAK","1801"
"24255","BUKIT TERAP","1824"
"24256","BULUH TUMBANG","1785"
"24257","BURUNG MANDI","1797"
"24258","BUYAN KELUMBI","1800"
"24259","CAMBAI SELATAN","1814"
"24260","CAMBAI","1814"
"24261","CELAGEN","1825"
"24262","CELUAK","1821"
"24263","CENDIL","1823"
"24264","CENGKONG ABANG","1792"
"24265","CERUCUK","1789"
"24266","CIT","1812"
"24267","CUPAT","1794"
"24268","DALIL","1808"
"24269","DELAS","1788"
"24270","DENDANG","1809"
"24271","DENDANG","1791"
"24272","DENIANG","1812"
"24273","DUKONG","1826"
"24274","DUKONG","1785"
"24275","DUL","1802"
"24276","DWI MAKMUR","1787"
"24277","FAJAR INDAH (TRANS 1)","1817"
"24278","GABEK DUA","1803"
"24279","GABEK SATU","1803"
"24280","GADUNG","1822"
"24281","GANTUNG","1819"
"24282","GEDUNG NASIONAL","1815"
"24283","GUDANG","1810"
"24284","GUNTUNG","1806"
"24285","GUNUNG MUDA","1796"
"24286","GUNUNG PELAWAN","1796"
"24287","GUNUNG RITING","1811"
"24288","IBUL","1789"
"24289","IBUL","1801"
"24290","IRAT","1820"
"24291","JADA BAHRIN","1787"
"24292","JANGKANG","1809"
"24293","JANGKAR ASAM","1819"
"24294","JEBUS","1799"
"24295","JELUTUNG II","1810"
"24296","JELUTUNG","1814"
"24297","JERAMBAH GANTUNG","1803"
"24298","JERIJI","1822"
"24299","JERUK","1802"
"24300","JURU SEBERANG","1785"
"24301","JURUNG","1787"
"24302","KACANG BOTOR","1789"
"24303","KACANG PEDANG","1798"
"24304","KACE TIMUR","1792"
"24305","KACE","1792"
"24306","KACUNG","1791"
"24307","KAPIT","1794"
"24308","KAPOSANG / KEPOSANG","1822"
"24309","KAPUK","1808"
"24310","KARYA MAKMUR","1793"
"24311","KATIS","1821"
"24312","KAYU BESI","1814"
"24313","KAYU BESI","1827"
"24314","KAYUARANG","1791"
"24315","KEBINTIK","1802"
"24316","KECIPUT","1804"
"24317","KEJAKSAAN","1815"
"24318","KELABAT","1794"
"24319","KELAPA","1791"
"24320","KELUBI","1813"
"24321","KEMBIRI","1811"
"24322","KEMINGKING","1828"
"24323","KEMUJA","1792"
"24324","KENANGA","1829"
"24325","KEPOH","1822"
"24326","KERAKAS","1828"
"24327","KERAMAT","1807"
"24328","KERANTAI","1828"
"24329","KERETAK ATAS","1828"
"24330","KERETAK","1828"
"24331","KETAP","1799"
"24332","KETAPANG","1805"
"24333","KIMAK","1787"
"24334","KOBA","1806"
"24335","KOTA KAPUR","1792"
"24336","KOTA TANJUNG PANDAN","1785"
"24337","KOTA WARINGIN","1827"
"24338","KUDAI (KUDAY)","1829"
"24339","KULUR HILIR","1816"
"24340","KULUR","1816"
"24341","KUMBUNG","1830"
"24342","KUNDI","1801"
"24343","KURAU (TIMUR)","1806"
"24344","KURAU BARAT","1806"
"24345","KURNIA JAYA","1813"
"24346","KUTO PANJI","1796"
"24347","LABU","1827"
"24348","LABUH AIR PANDAN","1792"
"24349","LALANG JAYA","1813"
"24350","LALANG","1813"
"24351","LAMPUR","1828"
"24352","LASSAR","1811"
"24353","LENGGANG","1819"
"24354","LESUNG BATANG","1785"
"24355","LILANGAN","1819"
"24356","LIMBONGAN","1819"
"24357","LIMBUNG","1799"
"24358","LINTANG","1786"
"24359","LONTONG PANCUR","1805"
"24360","LUBUK BESAR","1816"
"24361","LUBUK LINGKUK","1816"
"24362","LUBUK PABRIK","1816"
"24363","LUMUT","1796"
"24364","MABAT","1808"
"24365","MALIK","1820"
"24366","MANCUNG","1791"
"24367","MANGKA","1808"
"24368","MANGKOL","1802"
"24369","MAPUR","1812"
"24370","MARAS SENANG","1808"
"24371","MASJID JAMIK","1807"
"24372","MAYANG","1823"
"24373","MAYANG","1801"
"24374","MEKAR JAYA","1813"
"24375","MELABUN","1828"
"24376","MELINTANG","1807"
"24377","MEMBALONG","1811"
"24378","MEMPAYA","1797"
"24379","MENDO (MENDUK)","1792"
"24380","MENGKUBANG","1797"
"24381","MENTAWAK","1823"
"24382","MENTIGI","1811"
"24383","MERAWANG","1787"
"24384","MISLAK","1799"
"24385","MUNGGU","1828"
"24386","NADUNG","1820"
"24387","NAMANG","1814"
"24388","NANGKA","1788"
"24389","NEKNANG","1808"
"24390","NIBUNG","1806"
"24391","NIBUNG","1827"
"24392","NYELANDING","1788"
"24393","NYURUK","1809"
"24394","OPAS INDAH","1815"
"24395","PAAL SATU","1785"
"24396","PADANG BARU","1802"
"24397","PADANG KANDIS","1811"
"24398","PADANG MULYA","1806"
"24399","PADANG","1813"
"24400","PAGARAWAN","1787"
"24401","PAKU","1820"
"24402","PANCA TUNGGAL (TRANS 3)","1817"
"24403","PANGEK","1801"
"24404","PANGKAL BERAS","1791"
"24405","PANGKAL LALANG","1785"
"24406","PANGKAL NIUR","1812"
"24407","PANGKALBULUH","1820"
"24408","PARIT LALANG","1807"
"24409","PARIT PADANG","1829"
"24410","PARIT","1785"
"24411","PASAR PADI","1818"
"24412","PASIR GARAM","1805"
"24413","PASIR GARAM","1821"
"24414","PASIR PUTIH","1795"
"24415","PASIR PUTIH","1807"
"24416","PASIR PUTIH","1824"
"24417","PAYABENUA","1792"
"24418","PAYUNG","1820"
"24419","PEBUAR","1799"
"24420","PEGANTUNGAN","1789"
"24421","PELANGAS","1801"
"24422","PELEPAK PUTE","1804"
"24423","PELINDANG (SELINDUNG)","1802"
"24424","PEMALI","1793"
"24425","PEMBAHARUAN","1823"
"24426","PENAGAN","1792"
"24427","PENUTUK","1830"
"24428","PENYAK","1806"
"24429","PENYAMPAK","1800"
"24430","PENYAMUN","1793"
"24431","PERADONG","1801"
"24432","PERAWAS","1785"
"24433","PERGAM","1788"
"24434","PERLANG","1816"
"24435","PERMIS","1810"
"24436","PERPAT","1811"
"24437","PETALING BANJAR","1792"
"24438","PETALING","1792"
"24439","PETALING","1831"
"24440","PINANG SEBATANG","1821"
"24441","PINTU AIR","1807"
"24442","PONGOK","1825"
"24443","PUDINGBESAR","1827"
"24444","PUGUL","1812"
"24445","PULAU BUKU LIMAU","1813"
"24446","PULAU GRESIK","1831"
"24447","PULAU SELIU","1811"
"24448","PULAU SUMEDANG","1811"
"24449","PUPUT","1794"
"24450","PUPUT","1821"
"24451","PUSUK","1791"
"24452","RAJIK","1810"
"24453","RAMADHON (ROMADHONI)","1828"
"24454","RAMBAT","1801"
"24455","RANGGAS","1788"
"24456","RANGGI ASAM","1799"
"24457","RANGGUNG","1820"
"24458","RAWA BANGUN","1815"
"24459","REBO","1829"
"24460","REJOSARI","1805"
"24461","RENGGIANG","1786"
"24462","RIAS","1822"
"24463","RIAU","1812"
"24464","RIDING PANJANG","1796"
"24465","RIDING PANJANG","1787"
"24466","RINDIK","1822"
"24467","RUKAM","1799"
"24468","RUKAM","1792"
"24469","SADAI","1824"
"24470","SAING","1827"
"24471","SANGKU","1800"
"24472","SARANGMANDI","1828"
"24473","SEBAGIN","1810"
"24474","SEKAR BIRU","1794"
"24475","SELAT NASIK","1831"
"24476","SELINDUNG (SELINDUNG LAMA)","1803"
"24477","SELINDUNG BARU","1803"
"24478","SELINGSING","1819"
"24479","SEMABUNG BARU","1818"
"24480","SEMABUNG LAMA","1795"
"24481","SEMPAN","1793"
"24482","SEMULUT","1794"
"24483","SENGIR","1820"
"24484","SENYUBUK","1823"
"24485","SERDANG","1822"
"24486","SIDOHARJO","1788"
"24487","SIJUK","1804"
"24488","SILIP","1812"
"24489","SIMPANG GUNG","1801"
"24490","SIMPANG KATIS","1821"
"24491","SIMPANG PERLANG","1806"
"24492","SIMPANG PESAK","1826"
"24493","SIMPANG RIMBA","1810"
"24494","SIMPANG RUSA","1811"
"24495","SIMPANG TIGA","1786"
"24496","SIMPANG TIGA","1801"
"24497","SIMPANG YUL","1800"
"24498","SINAR BARU","1829"
"24499","SINAR BULAN","1795"
"24500","SINAR MANIK","1799"
"24501","SINAR SARI","1791"
"24502","SINAR SURYA","1800"
"24503","SRIMENANTI","1829"
"24504","SRIWIJAYA","1818"
"24505","SUAK GUAL","1831"
"24506","SUKAJAYA","1817"
"24507","SUKAMANDI","1797"
"24508","SUMBER JAYA PERMAI (TRANS 4)","1817"
"24509","SUNGAI BARU","1790"
"24510","SUNGAI BULUH","1799"
"24511","SUNGAI DAENG","1790"
"24512","SUNGAI PADANG","1804"
"24513","SUNGAI SAMAK","1789"
"24514","SUNGAI SELAN ATAS","1828"
"24515","SUNGAI SELAN","1828"
"24516","SUNGAILIAT","1829"
"24517","SUNGKAP","1821"
"24518","TAMAN BUNGA","1798"
"24519","TANAH BAWAH","1827"
"24520","TANJONG TINGGI","1804"
"24521","TANJUNG BATU ITAM","1826"
"24522","TANJUNG BINGA","1804"
"24523","TANJUNG GUNUNG","1802"
"24524","TANJUNG KELUMPANG","1826"
"24525","TANJUNG KETAPANG","1822"
"24526","TANJUNG LABU","1830"
"24527","TANJUNG PENDAM","1785"
"24528","TANJUNG PURA","1828"
"24529","TANJUNG RUSA","1811"
"24530","TANJUNG SANGKAR","1830"
"24531","TANJUNG","1790"
"24532","TANJUNGNIUR","1800"
"24533","TEBING","1791"
"24534","TELADAN","1822"
"24535","TELAK","1794"
"24536","TELUK LIMAU","1794"
"24537","TEMBERAN","1795"
"24538","TEMPILANG","1800"
"24539","TEPUS","1788"
"24540","TERAK","1821"
"24541","TERENTANG III","1806"
"24542","TERENTANG","1791"
"24543","TERONG","1804"
"24544","TERU","1821"
"24545","TIANG TARA","1808"
"24546","TIRAM","1824"
"24547","TOBOALI","1822"
"24548","TRUBUS","1816"
"24549","TUA TUNU INDAH","1798"
"24550","TUGANG","1791"
"24551","TUIK","1791"
"24552","TUKAK","1824"
"24553","TUMBAK PETAR","1799"
"24554","ZED","1792"
"24555","AIR ASUK","1832"
"24556","AIR BINI","1833"
"24557","AIR BIRU","1834"
"24558","AIR GLUBI / GELUBI","1835"
"24559","AIR KUMPAI","1836"
"24560","AIR LENGIT","1837"
"24561","AIR NUSA","1838"
"24562","AIR PAYANG","1839"
"24563","AIR PUTIH","1836"
"24564","AIR PUTIH","1840"
"24565","AIR RAJA","1841"
"24566","AIR RAJA","1842"
"24567","AIR RINGAU","1838"
"24568","AIR SENA","1832"
"24569","ALAI","1843"
"24570","ARUNG AYAM","1838"
"24571","BAKONG","1844"
"24572","BALOI INDAH","1845"
"24573","BALOI PERMAI","1846"
"24574","BANDARSYAH","1847"
"24575","BARAN BARAT","1848"
"24576","BARAN TIMUR","1848"
"24577","BARAN","1849"
"24578","BATU AMPAR","1850"
"24579","BATU BELAH","1840"
"24580","BATU BELANAK","1836"
"24581","BATU BELUBANG","1849"
"24582","BATU BERAPIT","1834"
"24583","BATU BERDAUN","1851"
"24584","BATU BERIAN","1852"
"24585","BATU BESAR","1853"
"24586","BATU GAJAH","1847"
"24587","BATU IX (SEMBILAN)","1842"
"24588","BATU KARANG","1851"
"24589","BATU LEGONG","1854"
"24590","BATU LEPUK","1855"
"24591","BATU LIMAU","1843"
"24592","BATU MERAH","1856"
"24593","BATU SELICIN","1845"
"24594","BATUBI JAYA","1857"
"24595","BAYAT","1850"
"24596","BELAKANG GUNUNG","1858"
"24597","BELIAN","1846"
"24598","BELIBAK","1850"
"24599","BELUNGKUR","1859"
"24600","BENAN","1849"
"24601","BENGKONG INDAH","1860"
"24602","BENGKONG LAUT","1860"
"24603","BERAKIT","1861"
"24604","BERHALA","1851"
"24605","BERINDAT","1862"
"24606","BINJAI","1857"
"24607","BINTAN BUYU","1863"
"24608","BUKIT BELAH","1844"
"24609","BUKIT CERMIN","1864"
"24610","BUKIT HARAPAN","1859"
"24611","BUKIT LANGKAP","1865"
"24612","BUKIT PADI","1866"
"24613","BUKIT TEMPAYAN","1867"
"24614","BULANG LINTANG","1854"
"24615","BULIANG","1867"
"24616","BULUH PATAH","1868"
"24617","BURU","1869"
"24618","BUSUNG PANJANG","1844"
"24619","BUSUNG","1870"
"24620","CANDI","1850"
"24621","CEMAGA SELATAN (SETEGAR)","1871"
"24622","CEMAGA TENGAH","1871"
"24623","CEMAGA UTARA (SINGGANG BBULAN)","1871"
"24624","CEMAGA","1871"
"24625","CEMPA","1849"
"24626","CERUK","1872"
"24627","DABO LAMA","1851"
"24628","DABO","1851"
"24629","DAIK","1873"
"24630","DARUSSALAM","1874"
"24631","DEGONG","1875"
"24632","DENDUN","1876"
"24633","DOMPAK","1877"
"24634","DUARA","1859"
"24635","DURAI","1878"
"24636","DURIANGKA","1879"
"24637","EKANG ANCULAI","1861"
"24638","GADING SARI","1880"
"24639","GALANG BARU (PULAU)","1841"
"24640","GEMURUH","1881"
"24641","GENTING PULUR","1866"
"24642","GUNUNG DURIAN","1858"
"24643","GUNUNG JAMBAT","1836"
"24644","GUNUNG KIJANG","1882"
"24645","GUNUNG LENGKUAS","1883"
"24646","GUNUNG PUTRI","1857"
"24647","HARAPAN JAYA","1837"
"24648","HARJOSARI","1884"
"24649","IMPOL","1834"
"24650","JANG (PULAU JANG)","1868"
"24651","JAQOH","1844"
"24652","JERNALIK","1852"
"24653","KABIL","1853"
"24654","KADUR","1839"
"24655","KAMPUNG BARU","1864"
"24656","KAMPUNG BUGIS","1885"
"24657","KAMPUNG BULANG","1842"
"24658","KAMPUNG HILIR","1852"
"24659","KAMPUNG HILIR","1855"
"24660","KAMPUNG MELAYU","1855"
"24661","KAMPUNG PELITA","1845"
"24662","KAMPUNG SERAYA","1856"
"24663","KAPLING","1884"
"24664","KARAS (PULAU KARAS)","1841"
"24665","KASU","1886"
"24666","KAWAL","1882"
"24667","KEBAN","1868"
"24668","KELANGA","1872"
"24669","KELARIK AIR MALI","1858"
"24670","KELARIK BARAT","1858"
"24671","KELARIK UTARA","1858"
"24672","KELARIK","1858"
"24673","KELOMBOK","1873"
"24674","KELONG","1835"
"24675","KELUMU","1873"
"24676","KEMBOJA","1864"
"24677","KERAMUT","1834"
"24678","KERANDIN","1865"
"24679","KETON","1865"
"24680","KIABU","1833"
"24681","KIBING","1867"
"24682","KIJANG KOTA","1883"
"24683","KOTA BARU","1861"
"24684","KOTA / KOTE","1862"
"24685","KUALA MARAS","1866"
"24686","KUALA RAYA","1844"
"24687","KUALA SEMPANG","1870"
"24688","KUDUNG","1865"
"24689","KUKUP","1855"
"24690","KUNDUR","1881"
"24691","LABO","1849"
"24692","LADAN","1850"
"24693","LANCANG KUNING","1887"
"24694","LANDAK","1834"
"24695","LANGIR","1850"
"24696","LANGKAP","1844"
"24697","LANJUT","1862"
"24698","LEBUH","1875"
"24699","LETUNG","1834"
"24700","LIDI","1832"
"24701","LIMAU MANIS","1872"
"24702","LIMBUNG","1859"
"24703","LINAU","1859"
"24704","LINGA","1833"
"24705","LIUK","1832"
"24706","LUBUK BAJA KOTA","1845"
"24707","LUBUK PUDING","1869"
"24708","LUBUK SEMUT","1888"
"24709","LUBUK","1880"
"24710","MALANG RAPAT","1882"
"24711","MAMPOK","1834"
"24712","MAMUT","1849"
"24713","MANGSANG (MANGSA)","1879"
"24714","MANTANG BARU","1876"
"24715","MANTANG BESAR","1876"
"24716","MANTANG LAMA","1876"
"24717","MAPUR","1835"
"24718","MAROK KECIL","1851"
"24719","MAROK TUA","1844"
"24720","MATAK","1850"
"24721","MEKAR JAYA","1857"
"24722","MELAYU KOTA PIRING","1842"
"24723","MELIAH SELATAN","1889"
"24724","MELIAH","1889"
"24725","MENGKAIT","1833"
"24726","MENSANAK","1849"
"24727","MENTUDA","1873"
"24728","MEPAR","1873"
"24729","MERAL KOTA","1848"
"24730","MERAWANG","1873"
"24731","MORO TIMUR","1868"
"24732","MORO","1868"
"24733","MUBUR","1850"
"24734","MUKA KUNING","1879"
"24735","MUNJAN","1840"
"24736","MUNJAN","1890"
"24737","MUSAI","1873"
"24738","NEREKEH","1873"
"24739","NGAL","1843"
"24740","NGENANG","1853"
"24741","NIUR PERMAI","1868"
"24742","NUMBING","1835"
"24743","NYAMUK","1840"
"24744","PAMAK","1884"
"24745","PANCUR","1859"
"24746","PANGGAK DARAT","1873"
"24747","PANGGAK LAUT","1873"
"24748","PANGKALAN","1852"
"24749","PANGKE BARAT","1874"
"24750","PANGKE","1874"
"24751","PANGKIL","1863"
"24752","PANTAI GELAM","1854"
"24753","PANTAI HARAPAN","1891"
"24754","PARIT","1888"
"24755","PASIR BENUT","1848"
"24756","PASIR PANJANG","1874"
"24757","PASIR PANJANG","1849"
"24758","PATAM LESTARI","1892"
"24759","PAUH","1868"
"24760","PAYAK (HARAPAN BARU)","1838"
"24761","PAYALAMAN","1850"
"24762","PAYAMARAM","1850"
"24763","PECONG","1886"
"24764","PEKAJANG","1873"
"24765","PEKAKA","1865"
"24766","PELAKAK","1862"
"24767","PEMPING","1886"
"24768","PENAAH","1849"
"24769","PENAGA","1863"
"24770","PENARAH","1875"
"24771","PENGADAH","1872"
"24772","PENGIKIK","1855"
"24773","PENGUDANG","1861"
"24774","PENGUJAN","1863"
"24775","PENUBA TIMUR","1891"
"24776","PENUBA","1891"
"24777","PENYENGAT","1885"
"24778","PERAYUN","1893"
"24779","PERSING","1862"
"24780","PIABUNG","1850"
"24781","PIAN TENGAH","1857"
"24782","PIASAN","1850"
"24783","PINANG KENCANA","1842"
"24784","PONGKAR","1884"
"24785","POSEK","1844"
"24786","PULAU ABANG","1841"
"24787","PULAU BATANG","1849"
"24788","PULAU BUKIT","1849"
"24789","PULAU BULUH","1854"
"24790","PULAU DUYUNG","1849"
"24791","PULAU KERDAU","1889"
"24792","PULAU MEDANG","1849"
"24793","PULAU MENTEBUNG","1855"
"24794","PULAU PANJANG","1889"
"24795","PULAU PINANG","1855"
"24796","PULAU SETOKOK","1854"
"24797","PULAU TERONG","1886"
"24798","PULAU TIGA","1894"
"24799","PULAUMORO","1868"
"24800","PUTIK","1850"
"24801","RANAI DARAT","1847"
"24802","RANAI KOTA","1847"
"24803","RANTAU PANJANG","1859"
"24804","RAWAJAYA","1868"
"24805","RAYA","1844"
"24806","REJAI","1849"
"24807","REMPANG CATE","1841"
"24808","RESUN PESISIR","1859"
"24809","RESUN","1859"
"24810","REWAK","1834"
"24811","SABANG BARAT","1836"
"24812","SABANG MAWANG BARAT","1894"
"24813","SABANG MAWANG","1894"
"24814","SADAI","1860"
"24815","SAGULUNG KOTA","1895"
"24816","SAMBAU","1853"
"24817","SANGLAR","1878"
"24818","SAWANG LAUT","1881"
"24819","SAWANG SELATAN","1881"
"24820","SAWANG","1881"
"24821","SEBADAI ULU  /  HULU","1872"
"24822","SEBELAT","1836"
"24823","SEBELE","1875"
"24824","SEBESI (SEI SEBESI)","1880"
"24825","SEBUNG / SEBONG LAGOI","1861"
"24826","SEBUNG / SEBONG PEREH","1861"
"24827","SEDAMAI","1862"
"24828","SEDANAU TIMUR","1857"
"24829","SEDANAU","1857"
"24830","SEDARAT BARU","1857"
"24831","SEDEDAP","1894"
"24832","SEI JANG","1877"
"24833","SEI / SUNGAI ASAM","1875"
"24834","SEI / SUNGAI PINANG","1865"
"24835","SEI / SUNGAI RAYA","1848"
"24836","SEI / SUNGAI UNGAR UTARA","1893"
"24837","SEI / SUNGAI UNGAR","1880"
"24838","SEKANAH","1859"
"24839","SEKANAK RAYA","1886"
"24840","SELADING","1894"
"24841","SELAT MENDAUN","1888"
"24842","SELAT MIE","1868"
"24843","SELAUT","1857"
"24844","SELAYAR","1891"
"24845","SELEMAN","1872"
"24846","SELUAN BARAT","1858"
"24847","SEMBULANG (PULAU REMPANG)","1841"
"24848","SEMEDANG","1857"
"24849","SENAYANG","1849"
"24850","SENGGARANG","1885"
"24851","SEPEMPANG","1847"
"24852","SERANTAS","1894"
"24853","SERASAN","1852"
"24854","SERAT","1840"
"24855","SETUMUK","1894"
"24856","SIJANTUNG","1841"
"24857","SIMEMBANG (SEMEMBANG)","1878"
"24858","SRI BINTAN","1861"
"24859","SRI TANJUNG","1890"
"24860","SUAK BUAYA","1844"
"24861","SUBANG MAS","1841"
"24862","SUBI BESAR TIMUR","1889"
"24863","SUBI BESAR","1889"
"24864","SUBI","1889"
"24865","SUGIE","1868"
"24866","SUKAJADI","1846"
"24867","SUNGAI BESAR","1859"
"24868","SUNGAI BINTI","1895"
"24869","SUNGAI BULUH","1844"
"24870","SUNGAI BULUH","1843"
"24871","SUNGAI ENAM","1883"
"24872","SUNGAI HARAPAN","1892"
"24873","SUNGAI HARAPAN","1844"
"24874","SUNGAI JODOH","1856"
"24875","SUNGAI LAKAM BARAT","1888"
"24876","SUNGAI LAKAM TIMUR","1888"
"24877","SUNGAI LANGKAI","1895"
"24878","SUNGAI LEKOP","1883"
"24879","SUNGAI LEKOP","1895"
"24880","SUNGAI LUMPUR","1851"
"24881","SUNGAI PANAS","1846"
"24882","SUNGAI PASIR","1848"
"24883","SUNGAI PELENGGUT / PELUNGGUT","1895"
"24884","SUNGAI RAYA","1844"
"24885","SUNGAI ULU","1847"
"24886","SUNGGAK","1834"
"24887","TAJUR BIRU","1849"
"24888","TAMAN BALOI","1846"
"24889","TANJUNG AYUN SAKTI","1877"
"24890","TANJUNG BALAI KOTA","1888"
"24891","TANJUNG BALAI","1888"
"24892","TANJUNG BALAU","1852"
"24893","TANJUNG BATANG","1894"
"24894","TANJUNG BATU BARAT","1880"
"24895","TANJUNG BATU KECIL","1869"
"24896","TANJUNG BATU KOTA","1880"
"24897","TANJUNG BERLIAN BARAT (URUNG BARAT)","1893"
"24898","TANJUNG BERLIAN KOTA (URUNG)","1893"
"24899","TANJUNG BUNTUNG","1860"
"24900","TANJUNG HARAPAN","1851"
"24901","TANJUNG HUTAN","1869"
"24902","TANJUNG IRAT","1844"
"24903","TANJUNG KELIT","1849"
"24904","TANJUNG KILANG","1878"
"24905","TANJUNG KUMBIK UTARA","1894"
"24906","TANJUNG LIPAT","1849"
"24907","TANJUNG PALA","1839"
"24908","TANJUNG PELANDUK","1868"
"24909","TANJUNG PERMAI","1870"
"24910","TANJUNG PIAYU","1879"
"24911","TANJUNG PINANG BARAT","1864"
"24912","TANJUNG PINANG KOTA","1885"
"24913","TANJUNG PINANG TIMUR","1877"
"24914","TANJUNG PINGGIR","1892"
"24915","TANJUNG RIAU","1892"
"24916","TANJUNG SARI","1886"
"24917","TANJUNG SENGKUANG","1856"
"24918","TANJUNG SETELUNG","1852"
"24919","TANJUNG UBAN KOTA","1887"
"24920","TANJUNG UBAN SELATAN","1887"
"24921","TANJUNG UBAN TIMUR","1887"
"24922","TANJUNG UBAN UTARA","1887"
"24923","TANJUNG UMA","1845"
"24924","TANJUNG UNCANG","1867"
"24925","TANJUNG UNGGAT","1877"
"24926","TANJUNG","1872"
"24927","TAPAU","1837"
"24928","TAREMPA BARAT DAYA","1890"
"24929","TAREMPA BARAT","1890"
"24930","TAREMPA SELATAN","1890"
"24931","TAREMPA","1890"
"24932","TEBANG","1850"
"24933","TEBIAS","1875"
"24934","TEBING","1884"
"24935","TELAGA KECIL","1833"
"24936","TELAGA","1833"
"24937","TELUK AIR","1888"
"24938","TELUK BAKAU","1882"
"24939","TELUK BAYUR","1850"
"24940","TELUK BUTON","1858"
"24941","TELUK LABUH","1894"
"24942","TELUK LOBAM","1870"
"24943","TELUK RADANG","1893"
"24944","TELUK SASAH","1870"
"24945","TELUK SEKUNI","1855"
"24946","TELUK SIANTAN","1832"
"24947","TELUK SUNTING","1832"
"24948","TELUK TERING","1846"
"24949","TELUK UMA","1884"
"24950","TELUK","1859"
"24951","TEMBELING TANJUNG","1863"
"24952","TEMBELING","1863"
"24953","TEMBESI","1895"
"24954","TEMBURUN","1840"
"24955","TEMIANG","1849"
"24956","TEMOYONG","1854"
"24957","TERAYAK","1889"
"24958","TIANGAU","1833"
"24959","TIANGAU","1890"
"24960","TIBAN BARU","1892"
"24961","TIBAN INDAH","1892"
"24962","TIBAN LAMA","1892"
"24963","TINJUL","1844"
"24964","TOAPAYA ASRI","1896"
"24965","TOAPAYA SELATAN","1896"
"24966","TOAPAYA UTARA","1896"
"24967","TOAPAYA","1896"
"24968","TULANG","1888"
"24969","ULU MARAS","1866"
"24970","ANCOL","1897"
"24971","ANGKE","1898"
"24972","BALEKAMBANG","1899"
"24973","BALI MESTER","1900"
"24974","BAMBU APUS","1901"
"24975","BANGKA","1902"
"24976","BARU","1903"
"24977","BATUAMPAR","1899"
"24978","BENDUNGAN HILIR","1904"
"24979","BIDARACINA","1900"
"24980","BINTARO","1905"
"24981","BUKIT DURI","1906"
"24982","BUNGUR","1907"
"24983","CAKUNG BARAT","1908"
"24984","CAKUNG TIMUR","1908"
"24985","CAWANG","1899"
"24986","CEGER","1901"
"24987","CEMPAKA BARU","1909"
"24988","CEMPAKA PUTIH BARAT","1910"
"24989","CEMPAKA PUTIH TIMUR","1910"
"24990","CENGKARENG BARAT","1911"
"24991","CENGKARENG TIMUR","1911"
"24992","CIBUBUR","1912"
"24993","CIDENG","1913"
"24994","CIGANJUR","1914"
"24995","CIJANTUNG","1903"
"24996","CIKINI","1915"
"24997","CIKOKO","1916"
"24998","CILANDAK BARAT","1917"
"24999","CILANDAK TIMUR","1918"
"25000","CILANGKAP","1901"
"25001","CILILITAN","1899"
"25002","CILINCING","1919"
"25003","CIPAYUNG","1901"
"25004","CIPEDAK","1914"
"25005","CIPETE SELATAN","1917"
"25006","CIPETE UTARA","1920"
"25007","CIPINANG BESAR SELATAN","1900"
"25008","CIPINANG BESAR UTARA","1900"
"25009","CIPINANG CEMPEDAK","1900"
"25010","CIPINANG MELAYU","1921"
"25011","CIPINANG MUARA","1900"
"25012","CIPINANG","1922"
"25013","CIPULIR","1923"
"25014","CIRACAS","1912"
"25015","DUKUH","1899"
"25016","DUREN SAWIT","1924"
"25017","DUREN TIGA","1916"
"25018","DURI KEPA","1925"
"25019","DURI KOSAMBI","1911"
"25020","DURI PULO","1913"
"25021","DURI SELATAN","1898"
"25022","DURI UTARA","1898"
"25023","GALUR","1926"
"25024","GAMBIR","1913"
"25025","GANDARIA SELATAN","1917"
"25026","GANDARIA UTARA","1920"
"25027","GEDONG","1903"
"25028","GELORA","1904"
"25029","GLODOK","1927"
"25030","GONDANGDIA","1915"
"25031","GROGOL SELATAN","1923"
"25032","GROGOL UTARA","1923"
"25033","GROGOL","1928"
"25034","GUNTUR","1929"
"25035","GUNUNG SAHARI SELATAN","1909"
"25036","GUNUNG SAHARI UTARA","1930"
"25037","GUNUNG","1920"
"25038","HALIM PERDANA KUSUMAH","1921"
"25039","HARAPAN MULYA","1909"
"25040","JAGAKARSA","1914"
"25041","JATI PADANG","1918"
"25042","JATI","1922"
"25043","JATINEGARA KAUM","1922"
"25044","JATINEGARA","1908"
"25045","JATIPULO","1931"
"25046","JELAMBAR BARU","1928"
"25047","JELAMBAR","1928"
"25048","JEMBATAN BESI","1898"
"25049","JEMBATAN LIMA","1898"
"25050","JOGLO","1932"
"25051","JOHAR BARU","1926"
"25052","KALI ANYAR","1898"
"25053","KALI BARU","1919"
"25054","KALIBATA","1916"
"25055","KALIDERES","1933"
"25056","KALISARI","1903"
"25057","KAMAL MUARA","1934"
"25058","KAMAL","1933"
"25059","KAMPUNG BALI","1904"
"25060","KAMPUNG MELAYU","1900"
"25061","KAMPUNG RAWA","1926"
"25062","KAMPUNG TENGAH","1899"
"25063","KAPUK MUARA","1934"
"25064","KAPUK","1911"
"25065","KARANG ANYAR","1930"
"25066","KARET KUNINGAN","1929"
"25067","KARET SEMANGGI","1929"
"25068","KARET TENGSIN","1904"
"25069","KARET","1929"
"25070","KARTINI","1930"
"25071","KAYU MANIS","1935"
"25072","KAYU PUTIH","1922"
"25073","KEAGUNGAN","1927"
"25074","KEBAGUSAN","1918"
"25075","KEBAYORAN LAMA SELATAN","1923"
"25076","KEBAYORAN LAMA UTARA","1923"
"25077","KEBON BARU","1906"
"25078","KEBON BAWANG","1936"
"25079","KEBON JERUK","1925"
"25080","KEBON KACANG","1904"
"25081","KEBON KELAPA","1913"
"25082","KEBON KOSONG","1909"
"25083","KEBON MANGGIS","1935"
"25084","KEBON MELATI","1904"
"25085","KEBON PALA","1921"
"25086","KEBON SIRIH","1915"
"25087","KEDAUNG KALI ANGKE","1911"
"25088","KEDOYA SELATAN","1925"
"25089","KEDOYA UTARA","1925"
"25090","KELAPA DUA WETAN","1912"
"25091","KELAPA DUA","1925"
"25092","KELAPA GADING BARAT","1937"
"25093","KELAPA GADING TIMUR","1937"
"25094","KEMANGGISAN","1931"
"25095","KEMAYORAN","1909"
"25096","KEMBANGAN SELATAN","1932"
"25097","KEMBANGAN UTARA","1932"
"25098","KENARI","1907"
"25099","KLENDER","1924"
"25100","KOJA (UTARA  SELATAN)","1938"
"25101","KOTA BAMBU SELATAN","1931"
"25102","KOTA BAMBU UTARA","1931"
"25103","KRAMAT JATI","1899"
"25104","KRAMAT PELA","1920"
"25105","KRAMAT","1907"
"25106","KRENDANG","1898"
"25107","KRUKUT","1927"
"25108","KUNINGAN BARAT","1902"
"25109","KUNINGAN TIMUR","1929"
"25110","KWITANG","1907"
"25111","LAGOA","1938"
"25112","LEBAK BULUS","1917"
"25113","LENTENG AGUNG","1914"
"25114","LUBANG BUAYA","1901"
"25115","MAKASAR","1921"
"25116","MALAKA JAYA","1924"
"25117","MALAKA SARI","1924"
"25118","MAMPANG PRAPATAN","1902"
"25119","MANGGA BESAR","1927"
"25120","MANGGA DUA SELATAN","1930"
"25121","MANGGARAI SELATAN","1906"
"25122","MANGGARAI","1906"
"25123","MAPHAR","1927"
"25124","MARUNDA","1919"
"25125","MELAWAI","1920"
"25126","MENTENG ATAS","1929"
"25127","MENTENG DALAM","1906"
"25128","MENTENG","1915"
"25129","MERUYA SELATAN (UDIK)","1932"
"25130","MERUYA UTARA (ILIR)","1932"
"25131","MUNJUL","1901"
"25132","PADEMANGAN BARAT","1897"
"25133","PADEMANGAN TIMUR","1897"
"25134","PAL MERIAM","1935"
"25135","PALMERAH","1931"
"25136","PANCORAN","1916"
"25137","PAPANGGO","1936"
"25138","PASAR BARU","1930"
"25139","PASAR MANGGIS","1929"
"25140","PASAR MINGGU","1918"
"25141","PASEBAN","1907"
"25142","PEGADUNGAN","1933"
"25143","PEGANGSAAN DUA","1937"
"25144","PEGANGSAAN","1915"
"25145","PEJAGALAN","1934"
"25146","PEJATEN BARAT","1918"
"25147","PEJATEN TIMUR","1918"
"25148","PEKAYON","1903"
"25149","PEKOJAN","1898"
"25150","PELA MAMPANG","1902"
"25151","PENGADEGAN","1916"
"25152","PENGGILINGAN","1908"
"25153","PENJARINGAN","1934"
"25154","PESANGGRAHAN","1905"
"25155","PETAMBURAN","1904"
"25156","PETOGOGAN","1920"
"25157","PETOJO SELATAN","1913"
"25158","PETOJO UTARA","1913"
"25159","PETUKANGAN SELATAN","1905"
"25160","PETUKANGAN UTARA","1905"
"25161","PINANG RANTI","1921"
"25162","PINANGSIA","1927"
"25163","PISANGAN BARU","1935"
"25164","PISANGAN TIMUR","1922"
"25165","PLUIT","1934"
"25166","PONDOK BAMBU","1924"
"25167","PONDOK KELAPA","1924"
"25168","PONDOK KOPI","1924"
"25169","PONDOK LABU","1917"
"25170","PONDOK PINANG","1923"
"25171","PONDOK RANGON","1901"
"25172","PULAU HARAPAN","1939"
"25173","PULAU KELAPA","1939"
"25174","PULAU PANGGANG","1939"
"25175","PULAU PARI","1940"
"25176","PULAU TIDUNG","1940"
"25177","PULAU UNTUNG JAWA","1940"
"25178","PULO GADUNG","1922"
"25179","PULO GEBANG","1908"
"25180","PULO","1920"
"25181","RAGUNAN","1918"
"25182","RAMBUTAN","1912"
"25183","RAWA BADAK SELATAN","1938"
"25184","RAWA BADAK UTARA","1938"
"25185","RAWA BARAT","1920"
"25186","RAWA BUAYA","1911"
"25187","RAWA BUNGA","1900"
"25188","RAWA JATI","1916"
"25189","RAWA TERATE","1908"
"25190","RAWAMANGUN","1922"
"25191","RAWASARI","1910"
"25192","ROA MALAKA","1898"
"25193","ROROTAN","1919"
"25194","SELONG","1920"
"25195","SEMANAN","1933"
"25196","SEMPER BARAT","1919"
"25197","SEMPER TIMUR","1919"
"25198","SENAYAN","1920"
"25199","SENEN","1907"
"25200","SERDANG","1909"
"25201","SETIABUDI","1929"
"25202","SETU","1901"
"25203","SLIPI","1931"
"25204","SRENGSENG SAWAH","1914"
"25205","SRENGSENG","1932"
"25206","SUKABUMI SELATAN (UDIK)","1925"
"25207","SUKABUMI UTARA (ILIR)","1925"
"25208","SUKAPURA","1919"
"25209","SUMUR BATU","1909"
"25210","SUNGAI BAMBU","1936"
"25211","SUNTER AGUNG","1936"
"25212","SUNTER JAYA","1936"
"25213","SUSUKAN","1912"
"25214","TAMAN SARI","1927"
"25215","TAMBORA","1898"
"25216","TANAH SEREAL","1898"
"25217","TANAH TINGGI","1926"
"25218","TANGKI","1927"
"25219","TANJUNG BARAT","1914"
"25220","TANJUNG DUREN SELATAN","1928"
"25221","TANJUNG DUREN UTARA","1928"
"25222","TANJUNG PRIOK","1936"
"25223","TEBET BARAT","1906"
"25224","TEBET TIMUR","1906"
"25225","TEGAL ALUR","1933"
"25226","TEGAL PARANG","1902"
"25227","TOMANG","1928"
"25228","TUGU SELATAN","1938"
"25229","TUGU UTARA","1938"
"25230","UJUNG MENTENG","1908"
"25231","ULUJAMI","1905"
"25232","UTAN KAYU SELATAN","1935"
"25233","UTAN KAYU UTARA","1935"
"25234","UTAN PANJANG","1909"
"25235","WARAKAS","1936"
"25236","WIJAYA KUSUMA","1928"
"25237","ABADIJAYA","1941"
"25238","ADIARSA BARAT","1942"
"25239","ADIARSA TIMUR","1943"
"25240","ADIDHARMA","1944"
"25241","ALAMENDAH","1945"
"25242","AMANSARI","1946"
"25243","AMBARJAYA","1947"
"25244","AMBIT","1948"
"25245","AMBIT","1949"
"25246","AMBULU","1950"
"25247","AMIS","1951"
"25248","AMPEL","1952"
"25249","ANCARAN","1953"
"25250","ANCOL","1954"
"25251","ANCOL","1955"
"25252","ANCOLMEKAR","1956"
"25253","ANDAMUI","1957"
"25254","ANDAPRAJA","1958"
"25255","ANDIR","1959"
"25256","ANDIR","1960"
"25257","ANGGADITA","1961"
"25258","ANGGASARI","1962"
"25259","ANGGRAWATI","1963"
"25260","ANJATAN BARU","1964"
"25261","ANJATAN UTARA","1964"
"25262","ANJATAN","1964"
"25263","ANJUN","1965"
"25264","ANTAJAYA","1966"
"25265","ANTAPANI KIDUL","1967"
"25266","ANTAPANI KULON","1967"
"25267","ANTAPANI TENGAH","1967"
"25268","ANTAPANI WETAN","1967"
"25269","ARAHAN KIDUL","1968"
"25270","ARAHAN LOR","1968"
"25271","AREN JAYA","1969"
"25272","ARGALINGGA","1970"
"25273","ARGAMUKTI","1970"
"25274","ARGAPURA","1971"
"25275","ARGASARI","1972"
"25276","ARGASARI","1973"
"25277","ARGASUNYA","1974"
"25278","ARJASARI","1956"
"25279","ARJASARI","1975"
"25280","ARJASARI","1976"
"25281","ARJAWINANGUN","1977"
"25282","ARJUNA","1978"
"25283","ASEM","1979"
"25284","ASTANA","1944"
"25285","ASTANAJAPURA","1980"
"25286","ASTANALANGGAR","1950"
"25287","ASTANAMUKTI","1981"
"25288","ASTAPADA","1982"
"25289","ATANG SENJAYA","1983"
"25290","AWASSAGARA","1984"
"25291","AWILUAR","1985"
"25292","AWIPARI","1986"
"25293","AWIRARANGAN","1953"
"25294","BABADAN","1944"
"25295","BABADAN","1987"
"25296","BABAJURANG","1988"
"25297","BABAKAN ANYAR","1989"
"25298","BABAKAN ASEM","1990"
"25299","BABAKAN ASIH","1991"
"25300","BABAKAN CIAMIS","1992"
"25301","BABAKAN CIPARAY","1993"
"25302","BABAKAN JAWA","1994"
"25303","BABAKAN LOSARI LOR","1995"
"25304","BABAKAN LOSARI","1995"
"25305","BABAKAN MADANG","1996"
"25306","BABAKAN MANJETI","1997"
"25307","BABAKAN PANJANG","1998"
"25308","BABAKAN PARI","1999"
"25309","BABAKAN PASAR","2000"
"25310","BABAKAN PENGHULU","2001"
"25311","BABAKAN PEUTEUY","2002"
"25312","BABAKAN RADEN","2003"
"25313","BABAKAN SADENG","2004"
"25314","BABAKAN SARI","2005"
"25315","BABAKAN SURABAYA","2005"
"25316","BABAKAN TAROGONG","1991"
"25317","BABAKAN","1993"
"25318","BABAKAN","2006"
"25319","BABAKAN","2000"
"25320","BABAKAN","2007"
"25321","BABAKAN","2008"
"25322","BABAKAN","2009"
"25323","BABAKAN","2010"
"25324","BABAKAN","2011"
"25325","BABAKAN","2012"
"25326","BABAKAN","2013"
"25327","BABAKAN","2014"
"25328","BABAKAN","2015"
"25329","BABAKAN","2016"
"25330","BABAKAN","2017"
"25331","BABAKANCARINGIN","2018"
"25332","BABAKANCIKAO","2019"
"25333","BABAKANGEBANG","2006"
"25334","BABAKANJATI","2020"
"25335","BABAKANJAYA","2021"
"25336","BABAKANJAYA","2022"
"25337","BABAKANKAREO","2023"
"25338","BABAKANKARET","2024"
"25339","BABAKANLOA","2025"
"25340","BABAKANMULYA","2026"
"25341","BABAKANMULYA","2027"
"25342","BABAKANREUMA","2028"
"25343","BABAKANSARI","2029"
"25344","BABAKANSARI","1965"
"25345","BABAKANSARI","2030"
"25346","BABATAN","2031"
"25347","BABELAN KOTA","2032"
"25348","BAGAWAT","2033"
"25349","BAGENDIT","2034"
"25350","BAGINDA","2035"
"25351","BAGJASARI","2036"
"25352","BAGOANG","2037"
"25353","BAGOLO","2038"
"25354","BAHAGIA","2032"
"25355","BAHARA","2039"
"25356","BAKOM","2040"
"25357","BAKTIJAYA","1941"
"25358","BAKUNG KIDUL","2041"
"25359","BAKUNG LOR","2041"
"25360","BALAD","2042"
"25361","BALAGEDOG","2043"
"25362","BALEBANDUNG JAYA","2044"
"25363","BALEENDAH","1959"
"25364","BALEGEDE","2045"
"25365","BALEKAMBANG","2046"
"25366","BALEKAMBANG","2047"
"25367","BALEKAMBANG","1998"
"25368","BALENDUNG","2048"
"25369","BALERAJA","2049"
"25370","BALERANTE","2050"
"25371","BALEWANGI","2051"
"25372","BALIDA","2052"
"25373","BALINGBING","2053"
"25374","BALOKANG","2054"
"25375","BALONG GEDE","1955"
"25376","BALONG","2028"
"25377","BALONGAN","2055"
"25378","BALONGGANDU","2056"
"25379","BALONGSARI","2057"
"25380","BALUNGBANG JAYA","2058"
"25381","BANDASARI","2059"
"25382","BANDENGAN","2060"
"25383","BANDORASA KULON","2061"
"25384","BANDORASA WETAN","2061"
"25385","BANGBAYANG","2062"
"25386","BANGBAYANG","2063"
"25387","BANGBAYANG","2064"
"25388","BANGBAYANG","2065"
"25389","BANGBAYANG","1948"
"25390","BANGBAYANG","2066"
"25391","BANGGALAMULYA","2067"
"25392","BANGGALAMULYA","2068"
"25393","BANGKALOA ILIR","2069"
"25394","BANGODUA","2070"
"25395","BANGODUA","2071"
"25396","BANGUNHARJA","2072"
"25397","BANGUNJAYA","1971"
"25398","BANGUNJAYA","2073"
"25399","BANGUNJAYA","2074"
"25400","BANGUNJAYA","2075"
"25401","BANGUNKARYA","2073"
"25402","BANGUNSARI","2076"
"25403","BANJAR SARI","2077"
"25404","BANJAR SARI","2078"
"25405","BANJAR WANGI","2077"
"25406","BANJAR WARU","2077"
"25407","BANJAR","2054"
"25408","BANJARAN KULON","2079"
"25409","BANJARAN WETAN","2079"
"25410","BANJARAN","2080"
"25411","BANJARAN","1963"
"25412","BANJARAN","2081"
"25413","BANJARANGSANA","2082"
"25414","BANJARANSARI","2036"
"25415","BANJARANYAR","2083"
"25416","BANJARHARJA","2038"
"25417","BANJARSARI","2083"
"25418","BANJARSARI","2084"
"25419","BANJARSARI","2085"
"25420","BANJARSARI","2086"
"25421","BANJARSARI","2087"
"25422","BANJARSARI","2088"
"25423","BANJARWANGI","2089"
"25424","BANJARWANGUNAN","2060"
"25425","BANJARWARINGIN","2090"
"25426","BANTAR AGUNG","2091"
"25427","BANTAR AGUNG","2043"
"25428","BANTAR GADUNG","2092"
"25429","BANTAR GEBANG","2093"
"25430","BANTAR GEBANG","2092"
"25431","BANTAR JATI","2094"
"25432","BANTAR KARET","2095"
"25433","BANTAR KUNING","2003"
"25434","BANTARDAWA","2096"
"25435","BANTARJATI","2097"
"25436","BANTARJATI","2013"
"25437","BANTARJAYA","2098"
"25438","BANTARJAYA","2099"
"25439","BANTARKALONG","2100"
"25440","BANTARKALONG","2101"
"25441","BANTARMARA","2102"
"25442","BANTARPANJANG","2103"
"25443","BANTARPANJANG","2091"
"25444","BANTARSARI","2104"
"25445","BANTARSARI","2105"
"25446","BANTARSARI","2106"
"25447","BANTARSARI","2076"
"25448","BANTARSARI","2098"
"25449","BANTARSARI","2099"
"25450","BANTARUJEG","2029"
"25451","BANTARWARU","2049"
"25452","BANTARWARU","1952"
"25453","BANTRANGSANA","2107"
"25454","BANYU ASIH","1971"
"25455","BANYU RESMI","1971"
"25456","BANYU WANGI","1971"
"25457","BANYUASIH","2108"
"25458","BANYUASIH","2109"
"25459","BANYUASIH","2110"
"25460","BANYUMURNI","2111"
"25461","BANYURASA","2112"
"25462","BANYURESMI","2034"
"25463","BANYURESMI","2112"
"25464","BANYURESMI","2113"
"25465","BANYUSARI","2114"
"25466","BANYUSARI","2115"
"25467","BANYUWANGI","2111"
"25468","BAOK","1957"
"25469","BARANANGSIANG","2116"
"25470","BARANANGSIANG","2117"
"25471","BAREGBEG","2118"
"25472","BAREGBEG","2119"
"25473","BARENGKOK","2037"
"25474","BARENGKOK","2120"
"25475","BARIBIS","2121"
"25476","BARISAN","1950"
"25477","BAROS","1956"
"25478","BAROS","2122"
"25479","BAROS","2123"
"25480","BARUDUA","2124"
"25481","BARUGBUG","2056"
"25482","BARUMEKAR","2125"
"25483","BARUSARI","2126"
"25484","BARUSUDA","2127"
"25485","BATANGSARI","1962"
"25486","BATOK","2016"
"25487","BATTEMBAT","1982"
"25488","BATU JAJAR","1971"
"25489","BATU LAYANG","2128"
"25490","BATUJAJAR BARAT","2129"
"25491","BATUJAJAR TIMUR","2129"
"25492","BATUJAYA","2130"
"25493","BATUJAYA","2121"
"25494","BATUKARAS","2131"
"25495","BATUKARUT","1956"
"25496","BATULAWANG","2132"
"25497","BATULAWANG","2133"
"25498","BATULAWANG","2134"
"25499","BATULAYANG","2135"
"25500","BATUMALANG","2136"
"25501","BATUNUNGGAL","2137"
"25502","BATUNUNGGAL","2138"
"25503","BATURADEN","2130"
"25504","BATURUYUK","2052"
"25505","BATUSARI","2139"
"25506","BATUSUMUR","2140"
"25507","BATUTULIS","2141"
"25508","BATUTUMPANG","2142"
"25509","BAYALANGU KIDUL","2143"
"25510","BAYALANGU LOR","2143"
"25511","BAYASARI","2144"
"25512","BAYONGBONG","2084"
"25513","BAYUNING","2031"
"25514","BAYUR KIDUL","2145"
"25515","BAYUR LOR","2145"
"25516","BAYUREJA","2146"
"25517","BEBER","2147"
"25518","BEBER","2148"
"25519","BEBER","1952"
"25520","BEBERAN","2050"
"25521","BEDAHAN","2149"
"25522","BEDUYUT","2070"
"25523","BEJI TIMUR","2150"
"25524","BEJI","2150"
"25525","BEKASI JAYA","1969"
"25526","BELAWA","1979"
"25527","BELENDUNG (BLENDUNG)","2151"
"25528","BELENDUNG","1961"
"25529","BENCOY","2152"
"25530","BENDA","2062"
"25531","BENDA","2153"
"25532","BENDA","2154"
"25533","BENDASARI","2155"
"25534","BENDUNGAN","2077"
"25535","BENDUNGAN","2046"
"25536","BENDUNGAN","2156"
"25537","BENDUNGAN","2053"
"25538","BENDUNGAN","1981"
"25539","BENGLE","2157"
"25540","BENJOT","2158"
"25541","BENTENG","2159"
"25542","BENTENG","2160"
"25543","BENTENG","2161"
"25544","BENTENG","2162"
"25545","BEREKAH","2163"
"25546","BERINGIN","1981"
"25547","BEUSI","1952"
"25548","BINAKARYA","2034"
"25549","BINANGUN","2134"
"25550","BINONG","2164"
"25551","BINONG","2165"
"25552","BINTARA JAYA","2166"
"25553","BINTARA","2166"
"25554","BIRU","2167"
"25555","BITUNG SARI","2077"
"25556","BIYAWAK","1988"
"25557","BLANAKAN","2168"
"25558","BLENDER","2169"
"25559","BOBOJONG","2170"
"25560","BOBOS","2042"
"25561","BOBOS","2171"
"25562","BODAS","2172"
"25563","BODE LOR","2173"
"25564","BODESARI","2173"
"25565","BOGOR","2174"
"25566","BOJONEGARA","2175"
"25567","BOJONG BARAT","2176"
"25568","BOJONG BARU","2177"
"25569","BOJONG GALING","2092"
"25570","BOJONG GALING / GALIH","2163"
"25571","BOJONG GEDE","2177"
"25572","BOJONG GENTENG","2163"
"25573","BOJONG GENTENG","2178"
"25574","BOJONG INDAH","2179"
"25575","BOJONG JAYA","2180"
"25576","BOJONG JENGKOL","2161"
"25577","BOJONG JENGKOL","2091"
"25578","BOJONG KIDUL","2181"
"25579","BOJONG KOKOSAN","2022"
"25580","BOJONG KONENG","1996"
"25581","BOJONG KULON","2182"
"25582","BOJONG KULUR","2183"
"25583","BOJONG LOR","2041"
"25584","BOJONG MENTENG","2184"
"25585","BOJONG MURNI","2077"
"25586","BOJONG NANGKA","2183"
"25587","BOJONG PONDOK TERONG","2185"
"25588","BOJONG RANGKAS","2161"
"25589","BOJONG RAWALUMBU","2184"
"25590","BOJONG SARI (LAMA)","2186"
"25591","BOJONG SARI BARU","2186"
"25592","BOJONG SEMPU","2179"
"25593","BOJONG TIMUR","2176"
"25594","BOJONG TUGU","2187"
"25595","BOJONG WETAN","2041"
"25596","BOJONG","2089"
"25597","BOJONG","2188"
"25598","BOJONG","2189"
"25599","BOJONG","2061"
"25600","BOJONG","2047"
"25601","BOJONG","2018"
"25602","BOJONG","1983"
"25603","BOJONG","2094"
"25604","BOJONG","2190"
"25605","BOJONG","2073"
"25606","BOJONG","2167"
"25607","BOJONG","2191"
"25608","BOJONG","2181"
"25609","BOJONG","2192"
"25610","BOJONG","2193"
"25611","BOJONG","2016"
"25612","BOJONGASIH","2194"
"25613","BOJONGASIH","2195"
"25614","BOJONGCIDERES","2052"
"25615","BOJONGEMAS","2196"
"25616","BOJONGGAMBIR","2197"
"25617","BOJONGGAOK","2198"
"25618","BOJONGGEBANG","2006"
"25619","BOJONGGEDANG","2199"
"25620","BOJONGHALEUANG","2200"
"25621","BOJONGHERANG","2024"
"25622","BOJONGKALONG","2201"
"25623","BOJONGKANTONG","2202"
"25624","BOJONGKAPOL","2197"
"25625","BOJONGKASIH","2203"
"25626","BOJONGKASO","2204"
"25627","BOJONGKEDING","2175"
"25628","BOJONGKEMBAR","2189"
"25629","BOJONGKERTA","2141"
"25630","BOJONGKERTA","2101"
"25631","BOJONGKONDANG","2073"
"25632","BOJONGKONENG","2205"
"25633","BOJONGKUNCI","2206"
"25634","BOJONGLARANG","2207"
"25635","BOJONGLOA","2208"
"25636","BOJONGLOA","2209"
"25637","BOJONGLOA","2210"
"25638","BOJONGLONGOK","2195"
"25639","BOJONGMALAKA","1959"
"25640","BOJONGMALANG","2148"
"25641","BOJONGMANGGU","2211"
"25642","BOJONGMANGGU","2206"
"25643","BOJONGMEKAR","2212"
"25644","BOJONGMENGGER","2213"
"25645","BOJONGNEGARA","2214"
"25646","BOJONGPETIR","2215"
"25647","BOJONGPICUNG","2216"
"25648","BOJONGRAHARJA","2189"
"25649","BOJONGSALAM","2210"
"25650","BOJONGSALAM","2193"
"25651","BOJONGSARI","2217"
"25652","BOJONGSARI","2218"
"25653","BOJONGSARI","2219"
"25654","BOJONGSARI","2220"
"25655","BOJONGSARI","2178"
"25656","BOJONGSARI","2221"
"25657","BOJONGSARI","2201"
"25658","BOJONGSARI","2222"
"25659","BOJONGSARI","2223"
"25660","BOJONGSAWAH","2224"
"25661","BOJONGSLAWI","2225"
"25662","BOJONGSOANG","2217"
"25663","BOJONGTENGAH","2180"
"25664","BOJONGTIPAR","2091"
"25665","BOLANG","2226"
"25666","BONANG","2107"
"25667","BONDAN","2227"
"25668","BONDONGAN","2141"
"25669","BONGAS KULON","2081"
"25670","BONGAS WETAN","2081"
"25671","BONGAS","2228"
"25672","BONGAS","2135"
"25673","BONGAS","2229"
"25674","BONGKOK","2230"
"25675","BOREGAH INDAH","2231"
"25676","BOROGOJOL","2065"
"25677","BOROS","2109"
"25678","BRAGA","1992"
"25679","BRINGIN","2011"
"25680","BRONDONG","2232"
"25681","BUAHBATU","2217"
"25682","BUAHDUA","2208"
"25683","BUAHKAPAS","2043"
"25684","BUANA MEKAR","2233"
"25685","BUANAJAYA","1966"
"25686","BUANAMEKAR","2082"
"25687","BUBULAK","2058"
"25688","BUDIASIH","2234"
"25689","BUDIHARJA","2135"
"25690","BUDIHARJA","2234"
"25691","BUDUR","2011"
"25692","BUGEL","2235"
"25693","BUGEL","1976"
"25694","BUGEL","2236"
"25695","BUGIS","1964"
"25696","BUGISTUA","1964"
"25697","BULAK LOR","2237"
"25698","BULAK","1977"
"25699","BULAK","2237"
"25700","BULAK","2238"
"25701","BUMISARI","2239"
"25702","BUMIWANGI","2008"
"25703","BUNAR","1971"
"25704","BUNDER","2240"
"25705","BUNDER","2241"
"25706","BUNDER","2182"
"25707","BUNDER","2069"
"25708","BUNGBANGSARI","2242"
"25709","BUNGBULANG","2188"
"25710","BUNGKO LOR","2243"
"25711","BUNGKO","2243"
"25712","BUNGUR RAYA","2073"
"25713","BUNGURBERES","2244"
"25714","BUNGURJAYA","2245"
"25715","BUNGURSARI","2246"
"25716","BUNGURSARI","2104"
"25717","BUNI BAKTI","2032"
"25718","BUNIARA","2247"
"25719","BUNIASIH","2248"
"25720","BUNIASIH","2249"
"25721","BUNIASIH","2066"
"25722","BUNIGEULIS","2020"
"25723","BUNIGEULIS","2250"
"25724","BUNIHAYU","2251"
"25725","BUNIJAYA","2252"
"25726","BUNIJAYA","2253"
"25727","BUNIKASIH","2254"
"25728","BUNINAGARA","2255"
"25729","BUNINAGARA","2115"
"25730","BUNINAGARA","2256"
"25731","BUNISARI","2204"
"25732","BUNISARI","2257"
"25733","BUNISARI","2124"
"25734","BUNISARI","2254"
"25735","BUNISEURI","2063"
"25736","BUNIWANGI","2258"
"25737","BUNIWANGI","2253"
"25738","BUNIWANGI","2259"
"25739","BUNIWANGI","2260"
"25740","BUNIWANGI","2261"
"25741","BUNTER","2262"
"25742","BUNTET","1980"
"25743","BUNTU","1952"
"25744","BURANGKENG","2263"
"25745","BURANGRANG","2264"
"25746","BURUJUL KULON","1960"
"25747","BURUJUL WETAN","1960"
"25748","BURUJULJAYA","2125"
"25749","BUYUT","1944"
"25750","CACABAN","1990"
"25751","CADANGPINGGAN","2227"
"25752","CADAS NGAMPAR","2265"
"25753","CADASKERTAJAYA","2266"
"25754","CADASMEKAR","2142"
"25755","CADASSARI","2142"
"25756","CAGEUR","2040"
"25757","CALINGCING","2112"
"25758","CALINGCING","2066"
"25759","CAMPAGA","1973"
"25760","CAMPAKA","2267"
"25761","CAMPAKA","2268"
"25762","CAMPAKA","2159"
"25763","CAMPAKA","2257"
"25764","CAMPAKA","2124"
"25765","CAMPAKAMULYA","2269"
"25766","CAMPAKAMULYA","2270"
"25767","CAMPAKASARI","2197"
"25768","CAMPAKASARI","2159"
"25769","CAMPAKAWARNA","2269"
"25770","CANDALI","2099"
"25771","CANDRAJAYA","1997"
"25772","CANGKINGAN","2271"
"25773","CANGKO","2172"
"25774","CANGKOAK","2042"
"25775","CANGKORAH","2129"
"25776","CANGKRING","2272"
"25777","CANGKRING","2273"
"25778","CANGKUANG KULON","2274"
"25779","CANGKUANG WETAN","2274"
"25780","CANGKUANG","2006"
"25781","CANGKUANG","2059"
"25782","CANGKUANG","2275"
"25783","CANGKUANG","2210"
"25784","CANTIGI KULON","2272"
"25785","CANTIGI WETAN","2272"
"25786","CANTILAN","2033"
"25787","CARACAS","2061"
"25788","CARACAS","2068"
"25789","CARINGIN KULON","2276"
"25790","CARINGIN NUNGGAL","2277"
"25791","CARINGIN WETAN","2276"
"25792","CARINGIN","2278"
"25793","CARINGIN","2279"
"25794","CARINGIN","2280"
"25795","CARINGIN","2062"
"25796","CARINGIN","2207"
"25797","CARINGIN","2281"
"25798","CARINGIN","2258"
"25799","CARINGIN","2282"
"25800","CARIU","2003"
"25801","CARIUMULYA","2266"
"25802","CAYUR","2283"
"25803","CELAK","2252"
"25804","CEMARA KULON","2284"
"25805","CEMARA","2284"
"25806","CEMARAJAYA","2285"
"25807","CEMPAKA","2173"
"25808","CEMPAKA","2286"
"25809","CEMPAKAMEKAR","2287"
"25810","CEMPEH","2288"
"25811","CEMPLANG","2289"
"25812","CENGAL","2290"
"25813","CENGAL","1963"
"25814","CENGKONG","2291"
"25815","CENGKUANG","2050"
"25816","CIADEG","2292"
"25817","CIAKAR","1986"
"25818","CIAKAR","2131"
"25819","CIAKAR","2063"
"25820","CIAMBAR","1947"
"25821","CIAMIS","2160"
"25822","CIAMPANAN","1954"
"25823","CIAMPEA UDIK","2161"
"25824","CIAMPEA","2161"
"25825","CIANAGA","2293"
"25826","CIANDAM","2170"
"25827","CIANDUM","2100"
"25828","CIANGIR","2103"
"25829","CIANGSANA","2183"
"25830","CIANTING UTARA","2294"
"25831","CIANTING","2294"
"25832","CIANTRA","2295"
"25833","CIAPUS","2079"
"25834","CIAPUS","2296"
"25835","CIARO","2191"
"25836","CIARUTEUN ILIR","2289"
"25837","CIARUTEUN UDIK","2289"
"25838","CIASEM GIRANG","2297"
"25839","CIASEM HILIR","2297"
"25840","CIASEM TENGAH","2297"
"25841","CIASEMBARU","2297"
"25842","CIASIH","2298"
"25843","CIASIHAN","2299"
"25844","CIASMARA","2299"
"25845","CIATER","2300"
"25846","CIATEUL","1955"
"25847","CIAWANG","1975"
"25848","CIAWI","2077"
"25849","CIAWI","2235"
"25850","CIAWI","2301"
"25851","CIAWI","2050"
"25852","CIAWI","2017"
"25853","CIAWIASIH","2302"
"25854","CIAWIGAJAH","2147"
"25855","CIAWIGEBANG","2303"
"25856","CIAWIJAPURA","2302"
"25857","CIAWILOR","2303"
"25858","CIAWITALI","2208"
"25859","CIBABAT","2304"
"25860","CIBADAK","2305"
"25861","CIBADAK","2083"
"25862","CIBADAK","2161"
"25863","CIBADAK","2138"
"25864","CIBADAK","2306"
"25865","CIBADAK","2106"
"25866","CIBADAK","2057"
"25867","CIBADAK","2307"
"25868","CIBADAK","2308"
"25869","CIBADAK","2309"
"25870","CIBADAK","1966"
"25871","CIBADUNG","2310"
"25872","CIBADUYUT KIDUL","2311"
"25873","CIBADUYUT WETAN","2311"
"25874","CIBADUYUT","2311"
"25875","CIBAHAYU","2248"
"25876","CIBALANARIK","2312"
"25877","CIBALANDONG JAYA","2048"
"25878","CIBALONG","2313"
"25879","CIBALONGSARI","1961"
"25880","CIBALUNG","2314"
"25881","CIBANGGALA","2269"
"25882","CIBANGKONG","2164"
"25883","CIBANON","2265"
"25884","CIBANTEN","2131"
"25885","CIBANTENG","2161"
"25886","CIBANTENG","2125"
"25887","CIBANTENG","2308"
"25888","CIBAREGBEG","2306"
"25889","CIBAREGBEG","2315"
"25890","CIBARENGKOK","2216"
"25891","CIBARUSAHJAYA","2316"
"25892","CIBARUSAHKOTA","2316"
"25893","CIBATOK 1","2289"
"25894","CIBATOK 2","2289"
"25895","CIBATU TIGA","2003"
"25896","CIBATU","2317"
"25897","CIBATU","2318"
"25898","CIBATU","2295"
"25899","CIBATU","2189"
"25900","CIBATU","2009"
"25901","CIBATU","2301"
"25902","CIBATUIRENG","2301"
"25903","CIBEBER 1","2120"
"25904","CIBEBER 2","2120"
"25905","CIBEBER","2319"
"25906","CIBEBER","2320"
"25907","CIBEBER","2321"
"25908","CIBEBER","2140"
"25909","CIBEBER","2227"
"25910","CIBEDUG","2077"
"25911","CIBEDUG","2193"
"25912","CIBEET","2322"
"25913","CIBENDA","2323"
"25914","CIBENDA","2117"
"25915","CIBENDA","2192"
"25916","CIBENING","2246"
"25917","CIBENING","2299"
"25918","CIBENING","2263"
"25919","CIBENTANG","2010"
"25920","CIBENTANG","2324"
"25921","CIBENTANG","2190"
"25922","CIBENTAR","1960"
"25923","CIBERENG","2325"
"25924","CIBERES","2326"
"25925","CIBERUNG","2033"
"25926","CIBEUNYING","2327"
"25927","CIBEUREUM KULON","2328"
"25928","CIBEUREUM WETAN","2328"
"25929","CIBEUREUM","2054"
"25930","CIBEUREUM","2329"
"25931","CIBEUREUM","2061"
"25932","CIBEUREUM","2320"
"25933","CIBEUREUM","2128"
"25934","CIBEUREUM","2158"
"25935","CIBEUREUM","2330"
"25936","CIBEUREUM","2331"
"25937","CIBEUREUM","1973"
"25938","CIBEUREUMHILIR","2007"
"25939","CIBEUREUYEUH","1990"
"25940","CIBEUSI","2300"
"25941","CIBEUSI","2332"
"25942","CIBEUTEUNG MUARA","2010"
"25943","CIBEUTEUNG UDIK","2010"
"25944","CIBEUTI","2333"
"25945","CIBINGBIN","2176"
"25946","CIBINGBIN","2103"
"25947","CIBINONG HILIR","2334"
"25948","CIBINONG","2335"
"25949","CIBINONG","2310"
"25950","CIBINONG","2241"
"25951","CIBINUANG","1953"
"25952","CIBIRU HILIR","2336"
"25953","CIBIRU WETAN","2336"
"25954","CIBITUNG KULON","2299"
"25955","CIBITUNG TENGAH","2337"
"25956","CIBITUNG WETAN","2299"
"25957","CIBITUNG","2208"
"25958","CIBITUNG","2300"
"25959","CIBITUNG","2111"
"25960","CIBITUNG","2193"
"25961","CIBITUNG","2315"
"25962","CIBIUK KALER","2338"
"25963","CIBIUK KIDUL","2338"
"25964","CIBIUK","2339"
"25965","CIBODAS","2163"
"25966","CIBODAS","2246"
"25967","CIBODAS","2111"
"25968","CIBODAS","2207"
"25969","CIBODAS","2340"
"25970","CIBODAS","2046"
"25971","CIBODAS","2255"
"25972","CIBODAS","2341"
"25973","CIBODAS","1994"
"25974","CIBODAS","2342"
"25975","CIBODAS","2343"
"25976","CIBODAS","2260"
"25977","CIBODAS","2344"
"25978","CIBODAS","2196"
"25979","CIBODAS","2294"
"25980","CIBOGO","2048"
"25981","CIBOGO","2345"
"25982","CIBOGO","2341"
"25983","CIBOGO","2222"
"25984","CIBOGO","1949"
"25985","CIBOGOGIRANG","1965"
"25986","CIBOGOHILIR","1965"
"25987","CIBOGOR","2000"
"25988","CIBOGOR","1952"
"25989","CIBOKOR","2306"
"25990","CIBOLANG KALER","2009"
"25991","CIBOLANG","2324"
"25992","CIBONGAS","2346"
"25993","CIBORELANG","1960"
"25994","CIBUAYA","2285"
"25995","CIBUBUAN","1990"
"25996","CIBUGEL","2233"
"25997","CIBUKAMANAH","2318"
"25998","CIBULAKAN","2158"
"25999","CIBULAN","2240"
"26000","CIBULAN","2065"
