"id","nama_desa","kecamatan_id"
"42001","GERONGAN","3678"
"42002","GERSEMPAL","3280"
"42003","GERSIK PUTIH","3274"
"42004","GESANG","3635"
"42005","GESIKAN","3546"
"42006","GESIKAN","3481"
"42007","GESIKHARJO","3728"
"42008","GESING","3597"
"42009","GETAS","3489"
"42010","GETASANYAR","3716"
"42011","GIGIR","3247"
"42012","GILANG","3223"
"42013","GILANG","3399"
"42014","GILANG","3587"
"42015","GILI ANYAR","3642"
"42016","GILI BARAT","3642"
"42017","GILI KETAPANG","3261"
"42018","GILI TIMUR","3642"
"42019","GING GING","3223"
"42020","GINTANGAN","3252"
"42021","GINTUNGAN","3768"
"42022","GINUK","3674"
"42023","GIRI","3677"
"42024","GIRI","3746"
"42025","GIRIHARJO","3319"
"42026","GIRIK","3730"
"42027","GIRIKERTO","3809"
"42028","GIRIMOYO","3267"
"42029","GIRIMULYO","3788"
"42030","GIRIMULYO","3691"
"42031","GIRING","3785"
"42032","GIRIPURNO","3701"
"42033","GIRIPURNO","3398"
"42034","GIRIREJO","3356"
"42035","GISIK CEMANDI","3495"
"42036","GITIK","3252"
"42037","GLADAG","3252"
"42038","GLADAK ANYAR","3567"
"42039","GLAGAH (GLAGGA)","3301"
"42040","GLAGAH ARUM","3719"
"42041","GLAGAH SARI","3717"
"42042","GLAGAH WANGI","3244"
"42043","GLAGAH","3389"
"42044","GLAGAH","3468"
"42045","GLAGAH","3239"
"42046","GLAGAHAGUNG","3703"
"42047","GLAGAHAN","3723"
"42048","GLAGAHAN","3244"
"42049","GLAGAHSARI","3485"
"42050","GLAGAHWERO","3230"
"42051","GLAGAHWERO","3816"
"42052","GLANGGANG","3580"
"42053","GLANGGANG","3259"
"42054","GLANGGANG","3812"
"42055","GLATIK","3556"
"42056","GLEDUG","3622"
"42057","GLINDAH","3554"
"42058","GLINGGANG","3725"
"42059","GLINGGANGAN","3718"
"42060","GLINGSERAN","3262"
"42061","GLISGIS (GLIGIS)","3245"
"42062","GLODOG","3728"
"42063","GLONDONGGEDE","3604"
"42064","GLONGGONG LOR","3314"
"42065","GLONGGONG","3346"
"42066","GLUNDENGAN","3266"
"42067","GLURANPLOSO","3414"
"42068","GODEAN","3368"
"42069","GODOG","3682"
"42070","GODONG","3651"
"42071","GOGODESO","3461"
"42072","GOGORANTE","3764"
"42073","GOLAN","3390"
"42074","GOLAN","3486"
"42075","GOLOKAN","3309"
"42076","GOMBANG","3481"
"42077","GOMBANG","3690"
"42078","GOMBENGSARI","3705"
"42079","GOMBOLIRANG","3344"
"42080","GONDANG KULON","3405"
"42081","GONDANG LOR","3383"
"42082","GONDANG MANIS","3444"
"42083","GONDANG REJO","3366"
"42084","GONDANG WETAN","3366"
"42085","GONDANG WETAN","3596"
"42086","GONDANG","3710"
"42087","GONDANG","3817"
"42088","GONDANG","3376"
"42089","GONDANG","3611"
"42090","GONDANG","3422"
"42091","GONDANG","3818"
"42092","GONDANG","3320"
"42093","GONDANG","3684"
"42094","GONDANG","3435"
"42095","GONDANGGUNUNG","3792"
"42096","GONDANGLEGI KULON","3702"
"42097","GONDANGLEGI WETAN","3702"
"42098","GONDANGLEGI","3400"
"42099","GONDEK","3727"
"42100","GONDORUSO","3349"
"42101","GONDOSARI","3667"
"42102","GONDOSULI","3611"
"42103","GONDOSULI","3239"
"42104","GONDOWANGI","3747"
"42105","GONDOWIDO","3819"
"42106","GONGGANG","3251"
"42107","GONGSENG","3410"
"42108","GONTOR","3362"
"42109","GORANG GARENG","3771"
"42110","GOSARI","3556"
"42111","GRABAGAN","3546"
"42112","GRABAGAN","3807"
"42113","GRABAHAN","3422"
"42114","GRAJAGAN","3703"
"42115","GRATI TUNON","3736"
"42116","GRATI","3820"
"42117","GREBEGAN","3683"
"42118","GREDEK","3259"
"42119","GREGES","3310"
"42120","GREJEG","3761"
"42121","GRENDEN","3355"
"42122","GRINTING","3807"
"42123","GROBOGAN","3593"
"42124","GROBOGAN","3448"
"42125","GROBOGAN","3727"
"42126","GROGOL","3403"
"42127","GROGOL","3677"
"42128","GROGOL","3366"
"42129","GROGOL","3377"
"42130","GROGOL","3670"
"42131","GROGOL","3807"
"42132","GROJOGAN","3416"
"42133","GROWOK","3749"
"42134","GRO\OM","3350"
"42135","GRUDO","3542"
"42136","GRUJUGAN KIDUL","3743"
"42137","GRUJUGAN LOR","3821"
"42138","GRUJUGAN","3371"
"42139","GRUJUGAN","3274"
"42140","GRUJUGAN","3660"
"42141","GUBENG","3228"
"42142","GUBRIH","3262"
"42143","GUBUKKLAKAH","3289"
"42144","GUCI","3523"
"42145","GUCIALIT","3744"
"42146","GUDANG","3307"
"42147","GUDO","3651"
"42148","GUGUL","3257"
"42149","GUGUT","3741"
"42150","GULBUNG","3282"
"42151","GULOMANTUNG","3746"
"42152","GULUK GULUK","3384"
"42153","GULUKMANJUNG","3223"
"42154","GULUN","3822"
"42155","GUMANTUK","3659"
"42156","GUMELAR","3423"
"42157","GUMENG","3218"
"42158","GUMENG","3376"
"42159","GUMENO","3528"
"42160","GUMININGREJO","3381"
"42161","GUMIRIH","3238"
"42162","GUMUK","3498"
"42163","GUMUKMAS","3358"
"42164","GUMUKSARI","3230"
"42165","GUMULAN","3652"
"42166","GUNDIH","3253"
"42167","GUNDIK","3690"
"42168","GUNELAP (GENELAP)","3475"
"42169","GUNGGUNG","3327"
"42170","GUNGGUNGAN KIDUL","3239"
"42171","GUNGGUNGAN LOR","3239"
"42172","GUNONG / GUNUNG SERENG","3571"
"42173","GUNOSARI","3679"
"42174","GUNTING","3717"
"42175","GUNUNG ANYAR TAMBAK","3823"
"42176","GUNUNG ANYAR","3823"
"42177","GUNUNG BEKEL","3531"
"42178","GUNUNG ELEH","3367"
"42179","GUNUNG GANGSIR","3580"
"42180","GUNUNG GEDANGAN","3418"
"42181","GUNUNG GEDE","3824"
"42182","GUNUNG GENI","3248"
"42183","GUNUNG JATI","3287"
"42184","GUNUNG KEMBAR","3785"
"42185","GUNUNG KESAN","3661"
"42186","GUNUNG MADDAH","3220"
"42187","GUNUNG MALANG","3694"
"42188","GUNUNG MALANG","3737"
"42189","GUNUNG PUTRI","3694"
"42190","GUNUNG RANCAK","3558"
"42191","GUNUNG REJO","3825"
"42192","GUNUNG SARI","3580"
"42193","GUNUNG SARI","3701"
"42194","GUNUNG SARI","3790"
"42195","GUNUNG SEKAR","3220"
"42196","GUNUNG TUGEL","3534"
"42197","GUNUNGAN","3459"
"42198","GUNUNGAN","3583"
"42199","GUNUNGANYAR","3485"
"42200","GUNUNGANYAR","3731"
"42201","GUNUNGREJO","3525"
"42202","GUNUNGREJO","3283"
"42203","GUNUNGRONGGO","3826"
"42204","GUNUNGSARI","3295"
"42205","GUNUNGSARI","3503"
"42206","GUNUNGSARI","3459"
"42207","GUNUNGSARI","3772"
"42208","GUNUNGSARI","3721"
"42209","GUNUNGSARI","3353"
"42210","GUNUNGSARI","3826"
"42211","GUNUNGSARI","3787"
"42212","GUNUNGTEGUH","3401"
"42213","GUPOLO","3315"
"42214","GURAH","3219"
"42215","GURANGANYAR","3526"
"42216","GUWA GUWA","3246"
"42217","GUWOTERUS","3689"
"42218","GUYANGAN","3356"
"42219","GUYANGAN","3630"
"42220","GUYANGAN","3530"
"42221","GUYUNG","3815"
"42222","HADILUWIH","3664"
"42223","HADIWARNO","3664"
"42224","HARGOMULYO","3601"
"42225","HARGOMULYO","3319"
"42226","HARGORETNO","3789"
"42227","HARGOSARI","3809"
"42228","HARJOKUNCARAN","3290"
"42229","HARJOMOLYO","3798"
"42230","HENDROSARI","3639"
"42231","HULAAN","3639"
"42232","IKERIKERGEGER","3526"
"42233","IMAAN","3326"
"42234","INDRO","3746"
"42235","INDRODELIK","3218"
"42236","JAAH","3233"
"42237","JAAN","3405"
"42238","JABALSARI","3609"
"42239","JABANG","3505"
"42240","JABARAN","3373"
"42241","JABA\AN","3785"
"42242","JABON","3538"
"42243","JABON","3492"
"42244","JABON","3553"
"42245","JABON","3800"
"42246","JABONTEGAL","3413"
"42247","JABUNG CANDI","3240"
"42248","JABUNG SISIR","3240"
"42249","JABUNG WETAN","3240"
"42250","JABUNG","3287"
"42251","JABUNG","3682"
"42252","JABUNG","3362"
"42253","JABUNG","3511"
"42254","JABUNG","3365"
"42255","JADDIH","3641"
"42256","JADDUNG","3225"
"42257","JADDUNG","3233"
"42258","JADI","3597"
"42259","JADUNG","3437"
"42260","JAGALAN","3421"
"42261","JAGALAN","3418"
"42262","JAGIR","3809"
"42263","JAGIR","3750"
"42264","JAGRAN","3523"
"42265","JAGUL","3318"
"42266","JAGUNG","3613"
"42267","JAJAG","3791"
"42268","JAJAR","3797"
"42269","JAJAR","3583"
"42270","JAJAR","3365"
"42271","JAJAR","3781"
"42272","JAJARTUNGGAL","3332"
"42273","JALEN","3361"
"42274","JALMAK","3567"
"42275","JAMBANGAN","3235"
"42276","JAMBANGAN","3408"
"42277","JAMBANGAN","3255"
"42278","JAMBANGAN","3827"
"42279","JAMBANGAN","3398"
"42280","JAMBANGAN","3755"
"42281","JAMBANGAN","3322"
"42282","JAMBE ANOM","3821"
"42283","JAMBE ARUM","3737"
"42284","JAMBE SARI","3821"
"42285","JAMBEAN","3505"
"42286","JAMBEARJO","3826"
"42287","JAMBEARUM","3828"
"42288","JAMBEARUM","3355"
"42289","JAMBEKUMBU","3828"
"42290","JAMBEPAWON","3763"
"42291","JAMBEREJO","3313"
"42292","JAMBESARI","3677"
"42293","JAMBESARI","3289"
"42294","JAMBESARI","3806"
"42295","JAMBEWANGI","3829"
"42296","JAMBEWANGI","3808"
"42297","JAMBEWUNGU","3262"
"42298","JAMBI","3564"
"42299","JAMBON","3649"
"42300","JAMBRINGIN","3350"
"42301","JAMBU","3236"
"42302","JAMBU","3476"
"42303","JAMBU","3436"
"42304","JAMBU","3435"
"42305","JAMBUIR","3799"
"42306","JAMBUWER","3830"
"42307","JAMBUWOK","3420"
"42308","JAMINTORO","3806"
"42309","JAMPES","3320"
"42310","JAMPET","3455"
"42311","JAMPIROGO","3655"
"42312","JAMPIT","3831"
"42313","JAMPRONG","3618"
"42314","JAMSAREN","3433"
"42315","JANGGAN","3251"
"42316","JANGJANGWULUNG","3832"
"42317","JANGKANG","3275"
"42318","JANGKAR","3227"
"42319","JANGKAR","3360"
"42320","JANGKONG","3537"
"42321","JANGKUNGSOMO","3659"
"42322","JANGUR","3261"
"42323","JANTEH","3571"
"42324","JANTI","3232"
"42325","JANTI","3638"
"42326","JANTI","3755"
"42327","JANTI","3690"
"42328","JANTI","3412"
"42329","JANTI","3807"
"42330","JANTI","3629"
"42331","JANTI","3781"
"42332","JANTIGANGGONG","3723"
"42333","JANTOK","3605"
"42334","JAPAN","3315"
"42335","JAPAN","3655"
"42336","JAPANAN","3651"
"42337","JAPANAN","3628"
"42338","JAPANAN","3727"
"42339","JARAK KULON","3232"
"42340","JARAK","3684"
"42341","JARAK","3640"
"42342","JARAK","3726"
"42343","JARAKAN","3611"
"42344","JARANGAN","3298"
"42345","JARI","3817"
"42346","JARIN","3341"
"42347","JARIT","3720"
"42348","JAROREJO","3789"
"42349","JASEM","3450"
"42350","JATE","3222"
"42351","JATEN","3691"
"42352","JATEN","3796"
"42353","JATI ALUN ALUN","3623"
"42354","JATI DUWUR","3652"
"42355","JATI GEMBOL","3482"
"42356","JATI GUNTING","3733"
"42357","JATI PUNGGUR","3402"
"42358","JATI WATES","3590"
"42359","JATI","3699"
"42360","JATI","3833"
"42361","JATI","3506"
"42362","JATI","3485"
"42363","JATI","3654"
"42364","JATI","3388"
"42365","JATIADI","3544"
"42366","JATIAN","3589"
"42367","JATIARJO","3700"
"42368","JATIBANJAR","3582"
"42369","JATIBANTENG","3738"
"42370","JATIBLIMBING","3749"
"42371","JATIDOWO","3303"
"42372","JATIDROJOK","3525"
"42373","JATIDUKUH","3376"
"42374","JATIGEDE","3521"
"42375","JATIGEDONG","3582"
"42376","JATIGONO","3767"
"42377","JATIGREGES","3320"
"42378","JATIGUNUNG","3692"
"42379","JATIGUWI","3834"
"42380","JATIJEJER","3603"
"42381","JATIKALANG","3563"
"42382","JATIKALANG","3623"
"42383","JATIKALEN","3596"
"42384","JATIKERTO","3830"
"42385","JATIKLABANG","3347"
"42386","JATILANGKUNG","3413"
"42387","JATILENGGER","3335"
"42388","JATIMALANG","3295"
"42389","JATIMLEREK","3478"
"42390","JATIMULYO","3722"
"42391","JATIMULYO","3397"
"42392","JATIMULYO","3767"
"42393","JATIMULYO","3760"
"42394","JATIMULYO","3835"
"42395","JATIMULYO","3456"
"42396","JATIMULYO","3380"
"42397","JATINOM","3461"
"42398","JATIPANDAK","3286"
"42399","JATIPASAR","3420"
"42400","JATIPAYAK","3836"
"42401","JATIPELEM","3403"
"42402","JATIPRAHU","3699"
"42403","JATIPURO","3681"
"42404","JATIREJO","3538"
"42405","JATIREJO","3403"
"42406","JATIREJO","3581"
"42407","JATIREJO","3721"
"42408","JATIREJO","3767"
"42409","JATIREJO","3242"
"42410","JATIREJO","3368"
"42411","JATIREJO","3406"
"42412","JATIREJO","3719"
"42413","JATIREJO","3513"
"42414","JATIREJO","3381"
"42415","JATIREJO","3443"
"42416","JATIREJOYOSO","3284"
"42417","JATIREMBE","3414"
"42418","JATIRENGGO","3468"
"42419","JATIROTO","3549"
"42420","JATIROTO","3806"
"42421","JATIROWO","3459"
"42422","JATISARI","3293"
"42423","JATISARI","3439"
"42424","JATISARI","3429"
"42425","JATISARI","3722"
"42426","JATISARI","3448"
"42427","JATISARI","3837"
"42428","JATISARI","3812"
"42429","JATISARI","3724"
"42430","JATISARI","3555"
"42431","JATISARI","3826"
"42432","JATISARI","3635"
"42433","JATISARI","3262"
"42434","JATITAMBAN","3262"
"42435","JATITENGAH","3829"
"42436","JATITENGAH","3244"
"42437","JATIURIP","3754"
"42438","JATRA TIMUR","3305"
"42439","JAWIK","3380"
"42440","JEBENG (JABENG)","3690"
"42441","JEBLOG","3365"
"42442","JEBLOGAN","3322"
"42443","JEBUNG KIDUL","3679"
"42444","JEBUNG LOR","3679"
"42445","JEDING","3622"
"42446","JEDONG","3747"
"42447","JEDONGCANGKRING","3623"
"42448","JEGREG","3402"
"42449","JEGREG","3836"
"42450","JEGU","3336"
"42451","JEGULO","3485"
"42452","JEJEL","3730"
"42453","JEKEK","3564"
"42454","JELADRI","3449"
"42455","JELAKCATUR","3647"
"42456","JELAKOMBO","3492"
"42457","JELBUDAN","3573"
"42458","JELBUK","3838"
"42459","JELGUNG","3558"
"42460","JELI","3316"
"42461","JELU","3455"
"42462","JELUN","3498"
"42463","JEMBER KIDUL","3839"
"42464","JEMBER LOR","3497"
"42465","JEMBUL","3581"
"42466","JEMEKAN","3576"
"42467","JEMIRAHAN","3419"
"42468","JEMUNDO","3587"
"42469","JEMUR WONOSARI","3624"
"42470","JENANGAN","3840"
"42471","JENANGAN","3460"
"42472","JENANGAN","3725"
"42473","JENANGGER","3537"
"42474","JENGGAWAH","3722"
"42475","JENGGLUNGHARJO","3841"
"42476","JENGGOLO","3599"
"42477","JENGGOLO","3284"
"42478","JENGGOT","3404"
"42479","JENGGRIK","3482"
"42480","JENGGRONG","3254"
"42481","JENISGELARAN","3501"
"42482","JENU","3599"
"42483","JEPARA","3253"
"42484","JEPUN","3354"
"42485","JERU","3626"
"42486","JERU","3804"
"42487","JERUK GAMPING","3563"
"42488","JERUK LEGI","3373"
"42489","JERUK POROT","3686"
"42490","JERUK PURUT","3706"
"42491","JERUK","3446"
"42492","JERUK","3744"
"42493","JERUK","3583"
"42494","JERUK","3308"
"42495","JERUK","3467"
"42496","JERUKGULUNG","3314"
"42497","JERUKGULUNG","3430"
"42498","JERUKSEGER","3417"
"42499","JERUKSOKSOK","3559"
"42500","JERUKWANGI","3430"
"42501","JETAK","3507"
"42502","JETAK","3689"
"42503","JETAK","3842"
"42504","JETAK","3692"
"42505","JETIS KIDUL","3295"
"42506","JETIS","3636"
"42507","JETIS","3739"
"42508","JETIS","3508"
"42509","JETIS","3527"
"42510","JETIS","3734"
"42511","JETIS","3524"
"42512","JETIS","3320"
"42513","JETISLOR","3818"
"42514","JIKEN","3807"
"42515","JIMBARAN KULON","3588"
"42516","JIMBARAN WETAN","3588"
"42517","JIMBARAN","3832"
"42518","JIMBE","3840"
"42519","JIMBE","3620"
"42520","JINGGLONG","3488"
"42521","JINGGLONG","3336"
"42522","JINTEL","3513"
"42523","JIPO","3409"
"42524","JIPURAPAH","3478"
"42525","JIREK MAS","3371"
"42526","JIWAN","3593"
"42527","JIWUT","3477"
"42528","JIYU","3802"
"42529","JLODRO","3618"
"42530","JLUBANG","3718"
"42531","JLUMBANG","3430"
"42532","JODIPAN","3296"
"42533","JOGODALU","3414"
"42534","JOGODAYUH","3429"
"42535","JOGOLOYO","3340"
"42536","JOGOMERTO","3489"
"42537","JOGOMULYAN","3270"
"42538","JOGOREPUH","3271"
"42539","JOGOROGO","3691"
"42540","JOGOROTO","3232"
"42541","JOGOSARI","3494"
"42542","JOGOSATRU","3277"
"42543","JOGOTRUNAN","3532"
"42544","JOGOYUDAN","3532"
"42545","JOHO","3508"
"42546","JOHO","3553"
"42547","JOHO","3320"
"42548","JOHO","3843"
"42549","JOHO","3662"
"42550","JOHO","3781"
"42551","JOHOWINONG","3638"
"42552","JOKARTO","3635"
"42553","JOKETRO","3709"
"42554","JOLOTUNDO","3527"
"42555","JOMBANG","3844"
"42556","JOMBANG","3492"
"42557","JOMBANGDELIK","3331"
"42558","JOMBATAN","3492"
"42559","JOMBATAN","3652"
"42560","JOMBLANG","3782"
"42561","JOMBOK","3347"
"42562","JOMBOK","3652"
"42563","JOMBOK","3510"
"42564","JOMBOK","3338"
"42565","JOMBOK","3843"
"42566","JONGBIRU","3793"
"42567","JONGGOL","3649"
"42568","JONGGRANG","3480"
"42569","JONO","3526"
"42570","JONO","3385"
"42571","JORESAN","3362"
"42572","JORONGAN","3732"
"42573","JOSARI","3734"
"42574","JOSENAN","3514"
"42575","JOTANGAN","3312"
"42576","JOTOSANUR","3381"
"42577","JRAKAH","3438"
"42578","JRAMBE","3762"
"42579","JRANGOAN (JRANGUAN)","3280"
"42580","JREBENG KIDUL","3845"
"42581","JREBENG KULON","3846"
"42582","JREBENG LOR","3846"
"42583","JREBENG WETAN","3846"
"42584","JREBENG","3326"
"42585","JREBENG","3847"
"42586","JRENGIK","3306"
"42587","JUBEL KIDUL","3383"
"42588","JUBEL LOR","3383"
"42589","JUBUNG","3774"
"42590","JUGLANGAN","3285"
"42591","JUGO","3708"
"42592","JUGO","3653"
"42593","JUGO","3637"
"42594","JUGOSARI","3720"
"42595","JUKONG JUKONG","3578"
"42596","JUKONG","3586"
"42597","JULUK","3226"
"42598","JUMENENG","3800"
"42599","JUMERTO","3497"
"42600","JUMOK","3442"
"42601","JUMPONG","3616"
"42602","JUMPUT","3783"
"42603","JUMPUTREJO","3277"
"42604","JUNGANYAR","3641"
"42605","JUNGCANGCANG","3567"
"42606","JUNGKARANG","3306"
"42607","JUNGKAT","3246"
"42608","JUNGKE","3674"
"42609","JUNJUNG","3609"
"42610","JUNREJO","3600"
"42611","JUNUK (JUNOK)","3472"
"42612","JUNWANGI","3563"
"42613","JURANGJERO","3572"
"42614","JURANGSAPI","3731"
"42615","JURUAN DAYA","3224"
"42616","JURUAN LAOK","3224"
"42617","JURUG","3594"
"42618","JURUREJO","3542"
"42619","JUWET KENONGO","3719"
"42620","JUWET","3411"
"42621","JUWET","3496"
"42622","JUWONO","3431"
"42623","KABALAN","3387"
"42624","KABAT","3344"
"42625","KABLUKAN","3463"
"42626","KABUARAN","3743"
"42627","KABUARAN","3767"
"42628","KABUH","3493"
"42629","KABUNAN","3396"
"42630","KACANGAN","3416"
"42631","KACANGAN","3432"
"42632","KACANGAN","3836"
"42633","KACANGAN","3399"
"42634","KACANGAN","3380"
"42635","KACOK","3231"
"42636","KACONGAN","3465"
"42637","KADEMANGAN","3343"
"42638","KADEMANGAN","3620"
"42639","KADEMANGAN","3848"
"42640","KADEMANGAN","3638"
"42641","KADEMANGAN","3393"
"42642","KADIPATEN","3315"
"42643","KADIPATEN","3507"
"42644","KADUARA BARAT","3660"
"42645","KADUARA TIMUR","3225"
"42646","KADUNGREJO","3503"
"42647","KADUNGREMBUG","3425"
"42648","KADUR","3466"
"42649","KAIBON","3429"
"42650","KAJAN","3247"
"42651","KAJANG","3390"
"42652","KAJAR","3570"
"42653","KAJARHARJO","3545"
"42654","KAJARTENGGULI","3623"
"42655","KAJEKSAN","3807"
"42656","KAJUANAK","3471"
"42657","KAKATPENJALIN","3730"
"42658","KALAK","3602"
"42659","KALANG SEMANDING","3723"
"42660","KALANG","3483"
"42661","KALANG","3716"
"42662","KALANGAN PRAO","3306"
"42663","KALANGAN","3811"
"42664","KALANGAN","3399"
"42665","KALANGANYAR","3523"
"42666","KALANGANYAR","3495"
"42667","KALANGBRET","3397"
"42668","KALANGKETI","3447"
"42669","KALEBENGAN","3428"
"42670","KALEN","3762"
"42671","KALEN","3525"
"42672","KALI ANYAR","3496"
"42673","KALI GAMBIR","3392"
"42674","KALI KEJAMBON","3590"
"42675","KALI PUCANG","3273"
"42676","KALI REJO","3366"
"42677","KALI RUNGKUT","3849"
"42678","KALIABU","3487"
"42679","KALIACAR","3572"
"42680","KALIANAK","3310"
"42681","KALIANAN","3630"
"42682","KALIANGET BARAT","3850"
"42683","KALIANGET TIMUR","3850"
"42684","KALIANGET","3548"
"42685","KALIANYAR","3279"
"42686","KALIANYAR","3610"
"42687","KALIANYAR","3378"
"42688","KALIANYAR","3431"
"42689","KALIANYAR","3831"
"42690","KALIANYAR","3851"
"42691","KALIASRI","3297"
"42692","KALIBAGOR","3757"
"42693","KALIBARU KULON","3545"
"42694","KALIBARU MANIS","3545"
"42695","KALIBARU WETAN","3545"
"42696","KALIBATUR","3553"
"42697","KALIBELO","3793"
"42698","KALIBENDO","3349"
"42699","KALIBOTO KIDUL","3549"
"42700","KALIBOTO LOR","3549"
"42701","KALIBOTO","3654"
"42702","KALIBOTO","3796"
"42703","KALIBUNTU","3249"
"42704","KALICILIK","3783"
"42705","KALIDANDAN","3239"
"42706","KALIDAWE","3759"
"42707","KALIDAWIR","3553"
"42708","KALIDAWIR","3490"
"42709","KALIDILEM","3550"
"42710","KALIGEDANG","3831"
"42711","KALIGEDE","3555"
"42712","KALIGENTONG","3759"
"42713","KALIGERMAN","3523"
"42714","KALIGLAGAH","3806"
"42715","KALIGONDO","3813"
"42716","KALIGORO","3802"
"42717","KALIGRENJENG","3824"
"42718","KALIGUNG","3252"
"42719","KALIGUNTING","3487"
"42720","KALIJATEN","3587"
"42721","KALIJUDAN","3776"
"42722","KALIKAJAR KULON","3240"
"42723","KALIKAJAR WETAN","3240"
"42724","KALIKATAK","3279"
"42725","KALIKATIR","3376"
"42726","KALIKUNING","3692"
"42727","KALIMALANG","3486"
"42728","KALIMANIS","3763"
"42729","KALIMAS","3636"
"42730","KALIMATI","3412"
"42731","KALIMO\OK","3850"
"42732","KALIOMBO","3421"
"42733","KALIOMBO","3765"
"42734","KALIPADANG","3414"
"42735","KALIPAIT","3852"
"42736","KALIPANG","3736"
"42737","KALIPANG","3377"
"42738","KALIPANG","3383"
"42739","KALIPANG","3336"
"42740","KALIPARE","3297"
"42741","KALIPECABEAN","3408"
"42742","KALIPELUS","3518"
"42743","KALIPENGGUNG","3550"
"42744","KALIPEPE","3752"
"42745","KALIPLOSO","3608"
"42746","KALIPUCUNG","3622"
"42747","KALIPURO","3705"
"42748","KALIPURO","3413"
"42749","KALIREJO","3610"
"42750","KALIREJO","3507"
"42751","KALIREJO","3770"
"42752","KALIREJO","3326"
"42753","KALIREJO","3344"
"42754","KALIREJO","3297"
"42755","KALIREJO","3308"
"42756","KALIREJO","3591"
"42757","KALIREJO","3442"
"42758","KALIREJO","3717"
"42759","KALIREJO","3241"
"42760","KALIRONG","3654"
"42761","KALISALAM","3770"
"42762","KALISAMPURNO","3490"
"42763","KALISANGKA","3279"
"42764","KALISARI","3548"
"42765","KALISARI","3503"
"42766","KALISARI","3776"
"42767","KALISAT","3440"
"42768","KALISAT","3230"
"42769","KALISAT","3810"
"42770","KALISAT","3831"
"42771","KALISEMUT","3325"
"42772","KALISONGO","3786"
"42773","KALISUMBER","3380"
"42774","KALITAPEN","3731"
"42775","KALITENGAH","3647"
"42776","KALITENGAH","3392"
"42777","KALITENGAH","3383"
"42778","KALITENGAH","3490"
"42779","KALITIDU","3683"
"42780","KALIULING","3704"
"42781","KALIUNTU","3599"
"42782","KALIWATES","3839"
"42783","KALIWATES","3768"
"42784","KALIWINING","3741"
"42785","KALIWUNGU","3492"
"42786","KALIWUNGU","3399"
"42787","KALIWUNGU","3635"
"42788","KALORAN","3496"
"42789","KALOWANG","3799"
"42790","KAMAL","3292"
"42791","KAMAL","3642"
"42792","KAMALKUNING","3754"
"42793","KAMBENG","3690"
"42794","KAMBINGAN BARAT","3436"
"42795","KAMBINGAN REJO","3736"
"42796","KAMBINGAN TIMUR","3226"
"42797","KAMBINGAN","3526"
"42798","KAMBINGAN","3613"
"42799","KAMBINGAN","3626"
"42800","KAMONDUNG","3280"
"42801","KAMONING","3220"
"42802","KAMPAK","3539"
"42803","KAMPAO","3247"
"42804","KAMPUNG DALEM","3421"
"42805","KAMPUNG MANDAR","3853"
"42806","KAMPUNG MELAYU","3853"
"42807","KAMPUNGANYAR","3389"
"42808","KAMPUNGBARU","3633"
"42809","KAMPUNGBARU","3478"
"42810","KAMPUNGBARU","3489"
"42811","KAMPUNGDALEM","3354"
"42812","KAMULAN","3566"
"42813","KAMULAN","3365"
"42814","KANDANG SAPI","3464"
"42815","KANDANG SEMANGKON","3533"
"42816","KANDANG","3735"
"42817","KANDANGAN","3854"
"42818","KANDANGAN","3526"
"42819","KANDANGAN","3259"
"42820","KANDANGAN","3430"
"42821","KANDANGAN","3404"
"42822","KANDANGAN","3542"
"42823","KANDANGAN","3855"
"42824","KANDANGAN","3288"
"42825","KANDANGAN","3352"
"42826","KANDANGAN","3395"
"42827","KANDANGAN","3530"
"42828","KANDANGJATI KULON","3249"
"42829","KANDANGJATI WETAN","3249"
"42830","KANDANGREJO","3525"
"42831","KANDANGTEPUS","3288"
"42832","KANDAT","3646"
"42833","KANDUNG","3449"
"42834","KANEGARAH (KANAGEREH)","3453"
"42835","KANGAYAN","3578"
"42836","KANGENAN","3567"
"42837","KANIGARAN","3740"
"42838","KANIGORO","3461"
"42839","KANIGORO","3856"
"42840","KANIGORO","3505"
"42841","KANIGORO","3393"
"42842","KANIGORO","3810"
"42843","KANJAR","3686"
"42844","KANOR","3387"
"42845","KANOREJO","3502"
"42846","KANTEN","3530"
"42847","KANUGRAHAN","3659"
"42848","KANUNG","3390"
"42849","KANYORAN","3662"
"42850","KAOTAN","3252"
"42851","KAPAS","3378"
"42852","KAPAS","3411"
"42853","KAPAS","3357"
"42854","KAPASAN","3748"
"42855","KAPASAN","3857"
"42856","KAPASARI","3784"
"42857","KAPASMADYA BARU","3775"
"42858","KAPEDI","3223"
"42859","KAPI","3411"
"42860","KAPONAN","3362"
"42861","KAPONG","3474"
"42862","KAPONGAN","3735"
"42863","KAPOR","3236"
"42864","KAPU","3666"
"42865","KAPURAN","3345"
"42866","KAPURAN","3616"
"42867","KARA","3686"
"42868","KARAH","3827"
"42869","KARAMIAN","3858"
"42870","KARANG ANYAR","3260"
"42871","KARANG ANYAR","3534"
"42872","KARANG ANYAR","3850"
"42873","KARANG ANYAR","3484"
"42874","KARANG ANYAR","3551"
"42875","KARANG ANYAR","3308"
"42876","KARANG ANYAR","3571"
"42877","KARANG ANYAR","3491"
"42878","KARANG ASEM","3535"
"42879","KARANG ASEM","3516"
"42880","KARANG ASEM","3733"
"42881","KARANG BANYU","3540"
"42882","KARANG BAYAT","3806"
"42883","KARANG BENDO","3252"
"42884","KARANG BESUKI","3372"
"42885","KARANG BUDI","3274"
"42886","KARANG CEMPAKA","3223"
"42887","KARANG DAGANGAN","3444"
"42888","KARANG DALEM","3220"
"42889","KARANG DINOYO","3521"
"42890","KARANG DUREN","3423"
"42891","KARANG DUWAK","3301"
"42892","KARANG ENTANG / GENTANG","3571"
"42893","KARANG GAYAM","3247"
"42894","KARANG GAYAM","3280"
"42895","KARANG JATI","3516"
"42896","KARANG JATI","3494"
"42897","KARANG KLIWON","3736"
"42898","KARANG LEMAN / LEMEN","3233"
"42899","KARANG LO","3736"
"42900","KARANG MALANG","3721"
"42901","KARANG MENGGAH","3733"
"42902","KARANG MOJO","3478"
"42903","KARANG MULYO","3825"
"42904","KARANG NANGGER","3280"
"42905","KARANG PACAR","3507"
"42906","KARANG PAITON","3859"
"42907","KARANG PAKIS","3493"
"42908","KARANG PANASAN","3247"
"42909","KARANG PANDAN","3298"
"42910","KARANG PAO","3301"
"42911","KARANG PENANG OLOH","3661"
"42912","KARANG PENANG ONJUR","3661"
"42913","KARANG POH (GADEL TUBANAN)","3407"
"42914","KARANG REJO","3358"
"42915","KARANG REJO","3379"
"42916","KARANG SAMBIGALIH","3383"
"42917","KARANG SARI","3656"
"42918","KARANG SEMANDING","3423"
"42919","KARANG SENGON","3634"
"42920","KARANG SENTUL","3366"
"42921","KARANG TENGAH PRANDON","3542"
"42922","KARANG TENGAH","3356"
"42923","KARANG TENGAH","3542"
"42924","KARANG TENGAH","3617"
"42925","KARANG TENGAH","3449"
"42926","KARANG WALUH","3725"
"42927","KARANG","3637"
"42928","KARANG","3597"
"42929","KARANGAGUNG","3468"
"42930","KARANGAGUNG","3728"
"42931","KARANGAN","3345"
"42932","KARANGAN","3361"
"42933","KARANGAN","3501"
"42934","KARANGAN","3699"
"42935","KARANGAN","3409"
"42936","KARANGANDONG","3427"
"42937","KARANGANKIDUL","3414"
"42938","KARANGANOM","3566"
"42939","KARANGANOM","3509"
"42940","KARANGANOM","3397"
"42941","KARANGANOM","3828"
"42942","KARANGANYAR","3797"
"42943","KARANGANYAR","3518"
"42944","KARANGANYAR","3634"
"42945","KARANGANYAR","3245"
"42946","KARANGANYAR","3240"
"42947","KARANGANYAR","3464"
"42948","KARANGANYAR","3289"
"42949","KARANGANYAR","3350"
"42950","KARANGANYAR","3843"
"42951","KARANGANYAR","3860"
"42952","KARANGANYAR","3781"
"42953","KARANGASEM","3599"
"42954","KARANGASEM","3802"
"42955","KARANGASRI","3542"
"42956","KARANGAYAR","3752"
"42957","KARANGBENDO","3335"
"42958","KARANGBENDO","3861"
"42959","KARANGBINANGUN","3509"
"42960","KARANGBONG","3457"
"42961","KARANGBONG","3805"
"42962","KARANGCANGKRING","3326"
"42963","KARANGCANGKRING","3525"
"42964","KARANGDAYU","3503"
"42965","KARANGDIYENG","3802"
"42966","KARANGDORO","3753"
"42967","KARANGDOWO","3521"
"42968","KARANGDUAK","3465"
"42969","KARANGDUREN","3812"
"42970","KARANGGANDU","3778"
"42971","KARANGGAYAM","3352"
"42972","KARANGGEBANG","3734"
"42973","KARANGGEDE","3295"
"42974","KARANGGEGER","3805"
"42975","KARANGGENENG","3523"
"42976","KARANGGENENG","3483"
"42977","KARANGGONDANG","3388"
"42978","KARANGGUPITO","3745"
"42979","KARANGHARJO","3707"
"42980","KARANGHARJO","3798"
"42981","KARANGJATI ANYAR","3733"
"42982","KARANGJATI","3681"
"42983","KARANGJERUK","3581"
"42984","KARANGJOHO","3345"
"42985","KARANGKATES","3834"
"42986","KARANGKEDAWANG","3655"
"42987","KARANGKEDAWUNG","3862"
"42988","KARANGKEMBANG","3329"
"42989","KARANGKERING","3746"
"42990","KARANGKETUG","3695"
"42991","KARANGKUTEN","3376"
"42992","KARANGLANGIT","3524"
"42993","KARANGLO KIDUL","3649"
"42994","KARANGLO LOR","3486"
"42995","KARANGLO","3789"
"42996","KARANGLO","3767"
"42997","KARANGLO","3727"
"42998","KARANGMANGU","3668"
"42999","KARANGMELOK","3851"
"43000","KARANGMOJO","3361"
"43001","KARANGMOJO","3583"
"43002","KARANGMULYO","3753"
"43003","KARANGNANGKA","3247"
"43004","KARANGNANGKA","3246"
"43005","KARANGNANGKA","3428"
"43006","KARANGNONGKO","3518"
"43007","KARANGNONGKO","3289"
"43008","KARANGPAKIS","3605"
"43009","KARANGPANDAN","3812"
"43010","KARANGPATIHAN","3361"
"43011","KARANGPATIHAN","3434"
"43012","KARANGPILANG","3863"
"43013","KARANGPOH","3592"
"43014","KARANGPRANTI","3805"
"43015","KARANGPRING","3774"
"43016","KARANGPURI","3588"
"43017","KARANGREJO","3295"
"43018","KARANGREJO","3439"
"43019","KARANGREJO","3853"
"43020","KARANGREJO","3598"
"43021","KARANGREJO","3607"
"43022","KARANGREJO","3706"
"43023","KARANGREJO","3615"
"43024","KARANGREJO","3646"
"43025","KARANGREJO","3523"
"43026","KARANGREJO","3316"
"43027","KARANGREJO","3422"
"43028","KARANGREJO","3398"
"43029","KARANGREJO","3745"
"43030","KARANGREJO","3830"
"43031","KARANGREJO","3837"
"43032","KARANGREJO","3528"
"43033","KARANGREJO","3764"
"43034","KARANGREJO","3252"
"43035","KARANGREJO","3281"
"43036","KARANGREJO","3556"
"43037","KARANGREJO","3536"
"43038","KARANGREJO","3752"
"43039","KARANGREN","3754"
"43040","KARANGSARI","3454"
"43041","KARANGSARI","3303"
"43042","KARANGSARI","3808"
"43043","KARANGSARI","3669"
"43044","KARANGSARI","3579"
"43045","KARANGSEMANDING","3331"
"43046","KARANGSEMI","3405"
"43047","KARANGSOKO","3758"
"43048","KARANGSONO","3342"
"43049","KARANGSONO","3480"
"43050","KARANGSONO","3749"
"43051","KARANGSONO","3461"
"43052","KARANGSONO","3460"
"43053","KARANGSONO","3368"
"43054","KARANGSONO","3399"
"43055","KARANGSONO","3717"
"43056","KARANGSONO","3733"
"43057","KARANGSUKO","3393"
"43058","KARANGTALUN","3553"
"43059","KARANGTALUN","3505"
"43060","KARANGTANJUNG","3408"
"43061","KARANGTAWAR","3682"
"43062","KARANGTENGAH","3799"
"43063","KARANGTENGAH","3347"
"43064","KARANGTENGAH","3430"
"43065","KARANGTENGAH","3499"
"43066","KARANGTINGGIL","3333"
"43067","KARANGTINOTO","3502"
"43068","KARANGTURI","3468"
"43069","KARANGTURI","3592"
"43070","KARANGTURI","3479"
"43071","KARANGWARU","3354"
"43072","KARANGWEDORO","3351"
"43073","KARANGWIDORO","3786"
"43074","KARANGWINONGAN","3638"
"43075","KARANGWUNGU LOR","3682"
"43076","KARANGWUNGU","3523"
"43077","KARAS","3674"
"43078","KARDULUK","3225"
"43079","KARE","3663"
"43080","KARENG KIDUL","3847"
"43081","KARENG LOR","3846"
"43082","KARETAN (KERETAN)","3703"
"43083","KAROBELAH","3638"
"43084","KAROPOH","3246"
"43085","KARPOTE","3247"
"43086","KARTOHARJO (KERTOHARJO)","3583"
"43087","KARTOHARJO","3856"
"43088","KARTOHARJO","3406"
"43089","KARTOHARJO","3542"
"43090","KASEMBON","3375"
"43091","KASEMBON","3584"
"43092","KASENGAN","3785"
"43093","KASIHAN","3803"
"43094","KASIMAN","3575"
"43095","KASIMAN","3789"
"43096","KASIN","3560"
"43097","KASIYAN TIMUR","3355"
"43098","KASIYAN","3355"
"43099","KASREMAN","3348"
"43100","KASREMAN","3430"
"43101","KASREMAN","3721"
"43102","KASREMAN","3481"
"43103","KASRI","3375"
"43104","KATEMAS","3768"
"43105","KATEMAS","3382"
"43106","KATERBAN","3564"
"43107","KATERBAN","3555"
"43108","KATES","3397"
"43109","KATIKAN","3482"
"43110","KATIMOHO","3554"
"43111","KATIPUGAL","3518"
"43112","KATOL BARAT","3539"
"43113","KATOL TIMUR","3264"
"43114","KATRUNGAN (KATERUNGAN)","3563"
"43115","KATUR","3595"
"43116","KAULON","3336"
"43117","KAUMAN","3610"
"43118","KAUMAN","3503"
"43119","KAUMAN","3507"
"43120","KAUMAN","3493"
"43121","KAUMAN","3422"
"43122","KAUMAN","3688"
"43123","KAUMAN","3397"
"43124","KAUMAN","3612"
"43125","KAUMAN","3560"
"43126","KAUMAN","3638"
"43127","KAUMAN","3312"
"43128","KAUMAN","3406"
"43129","KAUMAN","3338"
"43130","KAUMAN","3488"
"43131","KAUMAN","3658"
"43132","KAUMAN","3309"
"43133","KAUMAN","3809"
"43134","KAUMAN","3352"
"43135","KAUMAN","3354"
"43136","KAUMAN","3540"
"43137","KAUMREJO","3510"
"43138","KAWANGREJO","3862"
"43139","KAWEDANAN","3398"
"43140","KAWEDUSAN","3684"
"43141","KAWEDUSAN","3335"
"43142","KAWENGAN","3601"
"43143","KAWERON","3365"
"43144","KAWIS REJO","3298"
"43145","KAWISANYAR","3746"
"43146","KAWISTOLEGI","3523"
"43147","KAWISTOWINDU","3259"
"43148","KAWU","3482"
"43149","KAYANGAN","3403"
"43150","KAYEN KIDUL","3476"
"43151","KAYEN LOR","3512"
"43152","KAYEN","3439"
"43153","KAYEN","3444"
"43154","KAYEN","3699"
"43155","KAYEN","3300"
"43156","KAYOMAN","3379"
"43157","KAYU KEBEK","3273"
"43158","KAYU MAS","3293"
"43159","KAYU PUTIH","3285"
"43160","KAYULEMAH","3521"
"43161","KAYUNAN","3684"
"43162","KAYUTREJO","3540"
"43163","KEBAKALAN","3719"
"43164","KEBALAN KULON","3637"
"43165","KEBALANDONO","3329"
"43166","KEBALANPELANG","3329"
"43167","KEBALENAN","3853"
"43168","KEBAMAN","3359"
"43169","KEBARON","3807"
"43170","KEBEN","3572"
"43171","KEBEN","3351"
"43172","KEBET","3524"
"43173","KEBOAN","3304"
"43174","KEBOANANOM","3457"
"43175","KEBOANSIKEP","3457"
"43176","KEBOBANG","3458"
"43177","KEBOGUYANG","3419"
"43178","KEBOHARAN","3563"
"43179","KEBOIRENG","3632"
"43180","KEBOMAS","3746"
"43181","KEBOMLATI","3456"
"43182","KEBON AGUNG","3839"
"43183","KEBON AGUNG","3582"
"43184","KEBON AGUNG","3561"
"43185","KEBON CANDI","3366"
"43186","KEBON REJO","3736"
"43187","KEBON TELUK DALAM","3401"
"43188","KEBON WARIS","3494"
"43189","KEBON","3322"
"43190","KEBONAGUNG","3329"
"43191","KEBONAGUNG","3314"
"43192","KEBONAGUNG","3518"
"43193","KEBONAGUNG","3465"
"43194","KEBONAGUNG","3249"
"43195","KEBONAGUNG","3565"
"43196","KEBONAGUNG","3487"
"43197","KEBONAGUNG","3812"
"43198","KEBONAGUNG","3719"
"43199","KEBONAGUNG","3415"
"43200","KEBONAGUNG","3864"
"43201","KEBONAGUNG","3502"
"43202","KEBONAGUNG","3669"
"43203","KEBONAGUNG","3277"
"43204","KEBONAGUNG","3556"
"43205","KEBONAGUNG","3796"
"43206","KEBONAN","3780"
"43207","KEBONDALEM","3470"
"43208","KEBONDALEM","3501"
"43209","KEBONDALEM","3312"
"43210","KEBONDALEM","3803"
"43211","KEBONDUREN","3335"
"43212","KEBONHARJO","3347"
"43213","KEBONREJO","3545"
"43214","KEBONREJO","3633"
"43215","KEBONSARI KULON","3740"
"43216","KEBONSARI WETAN","3740"
"43217","KEBONSARI","3827"
"43218","KEBONSARI","3620"
"43219","KEBONSARI","3334"
"43220","KEBONSARI","3464"
"43221","KEBONSARI","3667"
"43222","KEBONSARI","3425"
"43223","KEBONSARI","3372"
"43224","KEBONSARI","3281"
"43225","KEBONSARI","3820"
"43226","KEBONSARI","3579"
"43227","KEBONSARI","3752"
"43228","KEBONTEMU","3672"
"43229","KEBONTUNGGUL","3376"
"43230","KEBOTOHAN","3308"
"43231","KEBRAON","3863"
"43232","KEBUN SAREH","3280"
"43233","KEBUN","3642"
"43234","KEBUNAGUNG","3519"
"43235","KEBUNAN","3465"
"43236","KEBUNDADAP BARAT","3226"
"43237","KEBUNDADAP TIMUR","3226"
"43238","KEBUNGSON","3592"
"43239","KEBUNSARI","3408"
"43240","KECER","3573"
"43241","KECIK","3235"
"43242","KECUBUNG","3320"
"43243","KEDAK","3662"
"43244","KEDALEMAN","3252"
"43245","KEDALI","3333"
"43246","KEDAMEAN","3554"
"43247","KEDANYANG","3746"
"43248","KEDASIH","3842"
"43249","KEDATON","3378"
"43250","KEDAWANG","3748"
"43251","KEDAWONG","3403"
"43252","KEDAWUNG KULON","3736"
"43253","KEDAWUNG WETAN","3736"
"43254","KEDAWUNG","3837"
"43255","KEDAWUNG","3653"
"43256","KEDAWUNG","3477"
"43257","KEDAWUNG","3325"
"43258","KEDAYUNAN","3344"
"43259","KEDEMUNGAN","3256"
"43260","KEDENSARI","3490"
"43261","KEDEWAN","3601"
"43262","KEDINDING","3412"
"43263","KEDIREN","3647"
"43264","KEDIREN","3777"
"43265","KEDOK","3804"
"43266","KEDONDONG","3356"
"43267","KEDONDONG","3807"
"43268","KEDONGLO","3307"
"43269","KEDOPOK","3846"
"43270","KEDOYO","3766"
"43271","KEDUKBEMBEM","3865"
"43272","KEDUNDUNG","3418"
"43273","KEDUNG BAKO","3298"
"43274","KEDUNG BANTENG","3698"
"43275","KEDUNG BANTENG","3810"
"43276","KEDUNG BANTENG","3486"
"43277","KEDUNG BANTENG","3490"
"43278","KEDUNG BARUK","3849"
"43279","KEDUNG BENDO","3490"
"43280","KEDUNG BETIK","3652"
"43281","KEDUNG BOGO","3304"
"43282","KEDUNG BOTO","3580"
"43283","KEDUNG BUNDER","3336"
"43284","KEDUNG COWEK","3697"
"43285","KEDUNG DOWO","3293"
"43286","KEDUNG DOWO","3406"
"43287","KEDUNG GLUGU","3405"
"43288","KEDUNG JATI","3493"
"43289","KEDUNG LOSARI","3590"
"43290","KEDUNG MLATEN","3402"
"43291","KEDUNG MLATI","3652"
"43292","KEDUNG OMBO","3489"
"43293","KEDUNG OTOK","3590"
"43294","KEDUNG PADANG","3513"
"43295","KEDUNG PELUK","3408"
"43296","KEDUNG PENGARON","3256"
"43297","KEDUNG PRAHU","3504"
"43298","KEDUNG PUTRI","3322"
"43299","KEDUNG REJO","3534"
"43300","KEDUNG REJO","3410"
"43301","KEDUNG REJO","3449"
"43302","KEDUNG RINGIN","3580"
"43303","KEDUNG SOKO","3357"
"43304","KEDUNG SUKODANI","3373"
"43305","KEDUNG SUPIT","3847"
"43306","KEDUNGADEM","3313"
"43307","KEDUNGANYAR","3866"
"43308","KEDUNGASEM","3845"
"43309","KEDUNGASRI","3768"
"43310","KEDUNGASRI","3852"
"43311","KEDUNGBANJAR","3286"
"43312","KEDUNGBANJAR","3383"
"43313","KEDUNGBANTENG","3386"
"43314","KEDUNGBANTENG","3290"
"43315","KEDUNGBENDO","3295"
"43316","KEDUNGBOCOK","3412"
"43317","KEDUNGBONDO","3396"
"43318","KEDUNGBOTO","3719"
"43319","KEDUNGCALUK","3754"
"43320","KEDUNGCANGKRING","3419"
"43321","KEDUNGCANGKRING","3792"
"43322","KEDUNGDADI","3383"
"43323","KEDUNGDALEM","3770"
"43324","KEDUNGDORO","3769"
"43325","KEDUNGDOWO","3396"
"43326","KEDUNGDOWO","3582"
"43327","KEDUNGDOWO","3244"
"43328","KEDUNGDUNG","3367"
"43329","KEDUNGGALAR","3482"
"43330","KEDUNGGALENG","3845"
"43331","KEDUNGGEBANG","3852"
"43332","KEDUNGGEDE","3762"
"43333","KEDUNGGEMPOL","3312"
"43334","KEDUNGGUDEL","3540"
"43335","KEDUNGGUWO","3447"
"43336","KEDUNGHARDJO","3463"
"43337","KEDUNGHARJO","3835"
"43338","KEDUNGHARJO","3500"
"43339","KEDUNGJAJANG","3448"
"43340","KEDUNGJAMBANGAN","3463"
"43341","KEDUNGJAMBE","3644"
"43342","KEDUNGJATI","3314"
"43343","KEDUNGKANDANG","3299"
"43344","KEDUNGKEMBAR","3623"
"43345","KEDUNGKENDO","3408"
"43346","KEDUNGKUMPUL","3631"
"43347","KEDUNGKUMPUL","3462"
"43348","KEDUNGLENGKONG","3762"
"43349","KEDUNGLEREP","3836"
"43350","KEDUNGLUMPANG","3638"
"43351","KEDUNGLURAH","3619"
"43352","KEDUNGMAKAM","3347"
"43353","KEDUNGMALANG","3755"
"43354","KEDUNGMALING","3655"
"43355","KEDUNGMARON","3698"
"43356","KEDUNGMEGARIH","3768"
"43357","KEDUNGMENTAWAR","3730"
"43358","KEDUNGMORO","3767"
"43359","KEDUNGMULYO","3463"
"43360","KEDUNGMUNGGAL","3413"
"43361","KEDUNGPANDAN","3419"
"43362","KEDUNGPANJI","3777"
"43363","KEDUNGPAPAR","3340"
"43364","KEDUNGPARI","3727"
"43365","KEDUNGPEDARINGAN","3284"
"43366","KEDUNGPENGARON","3836"
"43367","KEDUNGPRIMPEN","3387"
"43368","KEDUNGPRING","3331"
"43369","KEDUNGPRING","3525"
"43370","KEDUNGRAWAN","3404"
"43371","KEDUNGREJO","3314"
"43372","KEDUNGREJO","3419"
"43373","KEDUNGREJO","3313"
"43374","KEDUNGREJO","3789"
"43375","KEDUNGREJO","3432"
"43376","KEDUNGREJO","3836"
"43377","KEDUNGREJO","3648"
"43378","KEDUNGREJO","3268"
"43379","KEDUNGREJO","3698"
"43380","KEDUNGREJO","3756"
"43381","KEDUNGREJO","3462"
"43382","KEDUNGREJO","3521"
"43383","KEDUNGREJO","3489"
"43384","KEDUNGREJO","3629"
"43385","KEDUNGREJOSO","3742"
"43386","KEDUNGRINGIN (KEDUNGPRINGIN)","3648"
"43387","KEDUNGROJO","3456"
"43388","KEDUNGRUKEM","3414"
"43389","KEDUNGSALAM","3517"
"43390","KEDUNGSARI","3628"
"43391","KEDUNGSARI","3678"
"43392","KEDUNGSARI","3654"
"43393","KEDUNGSARI","3385"
"43394","KEDUNGSEKAR","3414"
"43395","KEDUNGSIGIT","3699"
"43396","KEDUNGSOKO","3865"
"43397","KEDUNGSOKO","3456"
"43398","KEDUNGSOKO","3354"
"43399","KEDUNGSOLO","3719"
"43400","KEDUNGSUGO","3623"
"43401","KEDUNGSUMBER","3331"
"43402","KEDUNGSUMBER","3385"
"43403","KEDUNGSUMUR","3404"
"43404","KEDUNGSUMUR","3239"
"43405","KEDUNGTURI","3651"
"43406","KEDUNGTURI","3587"
"43407","KEDUNGUDI","3603"
"43408","KEDUNGUNENG","3473"
"43409","KEDUNGWANGI","3286"
"43410","KEDUNGWARAS","3836"
"43411","KEDUNGWARU","3469"
"43412","KEDUNGWILUT","3452"
"43413","KEDUNGWONOKERTO","3623"
"43414","KEDUNGWUNGU","3643"
"43415","KEDUNGWUNGU","3852"
"43416","KEDURUS","3863"
"43417","KEDUWUNG","3832"
"43418","KEDUYUNG","3682"
"43419","KEJAGAN","3420"
"43420","KEJAPANAN","3706"
"43421","KEJAWAN","3743"
"43422","KEJAWEN PUTIH TAMBAK","3776"
"43423","KEJAYAN","3256"
"43424","KEJAYAN","3250"
"43425","KEJURON","3514"
"43426","KELBUNG","3471"
"43427","KELBUNG","3475"
"43428","KELES","3263"
"43429","KELEYAN","3641"
"43430","KELING","3633"
"43431","KELIR","3705"
"43432","KELOMPANG GUBUG","3761"
"43433","KELOPOSEPULUH","3277"
"43434","KELORARUM","3381"
"43435","KELUN","3856"
"43436","KELUNGKUNG","3774"
"43437","KELUTAN","3496"
"43438","KELUTAN","3758"
"43439","KEMADUH","3564"
"43440","KEMAMANG","3396"
"43441","KEMANGI","3218"
"43442","KEMANGSEN","3373"
"43443","KEMANTREN REJO","3298"
"43444","KEMANTREN","3417"
"43445","KEMANTREN","3287"
"43446","KEMANTREN","3533"
"43447","KEMANTREN","3807"
"43448","KEMASAN","3421"
"43449","KEMASAN","3563"
"43450","KEMASANTANI","3376"
"43451","KEMAYORAN","3441"
"43452","KEMAYORAN","3779"
"43453","KEMBANG JERUK","3305"
"43454","KEMBANG","3343"
"43455","KEMBANG","3300"
"43456","KEMBANG","3679"
"43457","KEMBANGAN","3559"
"43458","KEMBANGAN","3746"
"43459","KEMBANGAN","3843"
"43460","KEMBANGAN","3637"
"43461","KEMBANGAN","3447"
"43462","KEMBANGARUM","3336"
"43463","KEMBANGBAHU","3768"
"43464","KEMBANGBELOR","3625"
"43465","KEMBANGBILO","3579"
"43466","KEMBANGRINGGIT","3413"
"43467","KEMBANGSARI","3738"
"43468","KEMBANGSRI","3450"
"43469","KEMBIRITAN","3813"
"43470","KEMIREN","3389"
"43471","KEMIRI SEWU","3494"
"43472","KEMIRI","3287"
"43473","KEMIRI","3840"
"43474","KEMIRI","3430"
"43475","KEMIRI","3284"
"43476","KEMIRI","3432"
"43477","KEMIRI","3625"
"43478","KEMIRI","3816"
"43479","KEMIRI","3832"
"43480","KEMIRI","3506"
"43481","KEMIRI","3238"
"43482","KEMIRIAN","3851"
"43483","KEMIRIGEDE","3708"
"43484","KEMLAGGI LOR","3351"
"43485","KEMLAGI","3628"
"43486","KEMLAGIGEDE","3351"
"43487","KEMLATEN","3680"
"43488","KEMLOKO","3477"
"43489","KEMLOKOLEGI","3564"
"43490","KEMONENG (KEMONING)","3233"
"43491","KEMPLENG","3605"
"43492","KEMUDI","3259"
"43493","KEMULAN","3804"
"43494","KEMUNING SARI KIDUL","3722"
"43495","KEMUNING","3438"
"43496","KEMUNING","3412"
"43497","KEMUNING","3803"
"43498","KEMUNINGAN","3814"
"43499","KEMUNINGLLOR","3292"
"43500","KEMUNINGSARI LOR","3816"
"43501","KEMUTERAN","3592"
"43502","KENANTEN","3415"
"43503","KENANTI","3604"
"43504","KENAYAN","3354"
"43505","KENCONG","3712"
"43506","KENCONG","3633"
"43507","KENDABAN","3360"
"43508","KENDAL REJO","3356"
"43509","KENDAL","3611"
"43510","KENDAL","3745"
"43511","KENDAL","3667"
"43512","KENDAL","3637"
"43513","KENDALBULUR","3598"
"43514","KENDALKEMLAGI","3523"
"43515","KENDALPAYAK","3812"
"43516","KENDALPECABEAN","3408"
"43517","KENDALREJO","3566"
"43518","KENDALREJO","3485"
"43519","KENDALREJO","3352"
"43520","KENDALREJO","3365"
"43521","KENDALREJO","3852"
"43522","KENDALSARI","3340"
"43523","KENDALSEWU","3412"
"43524","KENDANG DUKUH","3733"
"43525","KENDANGSARI","3867"
"43526","KENDIT","3424"
"43527","KENDONDONG","3334"
"43528","KENDUNG","3313"
"43529","KENDUNG","3460"
"43530","KENDUNG","3519"
"43531","KENDURUAN","3717"
"43532","KENEP","3396"
"43533","KENEP","3580"
"43534","KENEP","3368"
"43535","KENITEN","3348"
"43536","KENITEN","3653"
"43537","KENITEN","3488"
"43538","KENJERAN","3697"
"43539","KENJO","3389"
"43540","KENONGO","3744"
"43541","KENONGO","3287"
"43542","KENONGO","3807"
"43543","KENONGOMULYO","3771"
"43544","KENONGOREJO","3687"
"43545","KENONGOREJO","3698"
"43546","KENONGOSARI","3485"
"43547","KENTANGAN","3447"
"43548","KENTONG","3468"
"43549","KEPADANGAN","3807"
"43550","KEPANJEN KIDUL","3612"
"43551","KEPANJEN LOR","3612"
"43552","KEPANJEN","3358"
"43553","KEPANJEN","3492"
"43554","KEPANJEN","3284"
"43555","KEPANJEN","3320"
"43556","KEPANJIN","3465"
"43557","KEPATIHAN","3853"
"43558","KEPATIHAN","3507"
"43559","KEPATIHAN","3492"
"43560","KEPATIHAN","3839"
"43561","KEPATIHAN","3639"
"43562","KEPATIHAN","3488"
"43563","KEPATIHAN","3270"
"43564","KEPATIHAN","3807"
"43565","KEPATIHAN","3354"
"43566","KEPEL","3374"
"43567","KEPEL","3663"
"43568","KEPEL","3657"
"43569","KEPER","3404"
"43570","KEPET","3508"
"43571","KEPLAKSARI","3672"
"43572","KEPOH KIDUL","3313"
"43573","KEPOH","3409"
"43574","KEPOHAGUNG","3456"
"43575","KEPOLOREJO","3565"
"43576","KEPRANGAN (KERPANGAN)","3732"
"43577","KEPUDIBENER","3351"
"43578","KEPUH DOKO","3590"
"43579","KEPUH KEMIRI","3807"
"43580","KEPUH KIRIMAN","3629"
"43581","KEPUH LEGUNDI","3761"
"43582","KEPUH RUBUH","3640"
"43583","KEPUH TELUK","3761"
"43584","KEPUH","3598"
"43585","KEPUH","3256"
"43586","KEPUH","3431"
"43587","KEPUH","3755"
"43588","KEPUHANYAR","3800"
"43589","KEPUHARJO","3267"
"43590","KEPUHARJO","3532"
"43591","KEPUHARUM","3802"
"43592","KEPUHKAJANG","3723"
"43593","KEPUHKEMBENG","3672"
"43594","KEPUHKLAGEN","3866"
"43595","KEPUHPANDAK","3802"
"43596","KEPUHREJO","3793"
"43597","KEPUHREJO","3382"
"43598","KEPUHREJO","3529"
"43599","KEPUHREJO","3782"
"43600","KEPULUNGAN","3706"
"43601","KEPUNDUNGAN","3359"
"43602","KEPUNG","3633"
"43603","KEPUNTEN","3807"
"43604","KEPUTIH","3801"
"43605","KEPUTRAN","3769"
"43606","KERANG","3868"
"43607","KERANG","3782"
"43608","KERANJINGAN","3281"
"43609","KERAS KULON","3815"
"43610","KERAS WETAN","3348"
"43611","KERAS","3403"
"43612","KERATON","3441"
"43613","KEREK","3542"
"43614","KEREP KIDUL","3356"
"43615","KEREP","3654"
"43616","KERET","3404"
"43617","KERIK","3782"
"43618","KERJEN","3352"
"43619","KERJO","3699"
"43620","KERKEP","3219"
"43621","KERSIKAN","3610"
"43622","KERSIKAN","3348"
"43623","KERSIKAN","3366"
"43624","KERSOHARJO","3348"
"43625","KERTA BARAT","3573"
"43626","KERTA TIMUR","3573"
"43627","KERTAGENA DAYA","3466"
"43628","KERTAGENA LAOK","3466"
"43629","KERTAGENA TENGAH","3466"
"43630","KERTAJAYA","3228"
"43631","KERTASADA","3850"
"43632","KERTOBANYON","3429"
"43633","KERTONEGORO","3722"
"43634","KERTONEGORO","3239"
"43635","KERTOREJO","3338"
"43636","KERTOSARI","3307"
"43637","KERTOSARI","3315"
"43638","KERTOSARI","3853"
"43639","KERTOSARI","3429"
"43640","KERTOSARI","3802"
"43641","KERTOSARI","3589"
"43642","KERTOSARI","3828"
"43643","KERTOSARI","3379"
"43644","KERTOSONO","3572"
"43645","KERTOSONO","3499"
"43646","KERTOSONO","3309"
"43647","KERTOSUKO","3630"
"43648","KERTOWONO","3744"
"43649","KESAMBEN KULON","3866"
"43650","KESAMBEN","3708"
"43651","KESAMBEN","3652"
"43652","KESAMBEN","3317"
"43653","KESAMBEN","3338"
"43654","KESAMBEN","3456"
"43655","KESAMBENWETAN","3427"
"43656","KESAMBI RAMPAK","3735"
"43657","KESAMBI","3452"
"43658","KESAMBI","3719"
"43659","KESAMBI","3333"
"43660","KESATRIAN","3296"
"43661","KESEK","3586"
"43662","KESEMEK (KASEMEK)","3570"
"43663","KESEMEN","3450"
"43664","KESILIR","3568"
"43665","KESILIR","3266"
"43666","KESIMAN","3603"
"43667","KESIMANTENGAH","3625"
"43668","KESONGO","3313"
"43669","KESUGIHAN","3434"
"43670","KETABANG","3784"
"43671","KETAH","3694"
"43672","KETAJEN","3457"
"43673","KETAMBUL","3728"
"43674","KETAMI","3433"
"43675","KETANDAN","3508"
"43676","KETANDAN","3402"
"43677","KETANEN","3552"
"43678","KETANGGI","3542"
"43679","KETANGGUNG","3809"
"43680","KETANGGUNG","3825"
"43681","KETANGI REJO (KANGIREJO)","3256"
"43682","KETANIRENG","3700"
"43683","KETANON","3469"
"43684","KETAPANG BARAT","3551"
"43685","KETAPANG DAYA","3551"
"43686","KETAPANG KUNING","3304"
"43687","KETAPANG LAOK","3551"
"43688","KETAPANG LOR","3556"
"43689","KETAPANG TIMUR","3551"
"43690","KETAPANG","3848"
"43691","KETAPANG","3705"
"43692","KETAPANG","3490"
"43693","KETAPANGTELU","3509"
"43694","KETAPANRAME","3603"
"43695","KETAWANG DALEMAN","3569"
"43696","KETAWANG KARAY","3569"
"43697","KETAWANG LAOK","3384"
"43698","KETAWANG LARANGAN","3569"
"43699","KETAWANG PAREBAAN","3569"
"43700","KETAWANG","3346"
"43701","KETAWANG","3405"
"43702","KETAWANG","3702"
"43703","KETAWANG","3605"
"43704","KETAWANGGEDE","3760"
"43705","KETEGAN","3298"
"43706","KETEGAN","3587"
"43707","KETEGAN","3490"
"43708","KETELENG","3233"
"43709","KETEMASDUNGUS","3415"
"43710","KETEPUNG","3518"
"43711","KETETANG","3571"
"43712","KETILENG","3432"
"43713","KETIMANG","3588"
"43714","KETINDAN","3591"
"43715","KETING","3844"
"43716","KETING","3637"
"43717","KETINTANG","3773"
"43718","KETODAN","3347"
"43719","KETOMPEN","3805"
"43720","KETONGGO","3440"
"43721","KETOWAN","3293"
"43722","KETRO","3518"
"43723","KETRO","3670"
"43724","KETRO","3692"
"43725","KETUPAT","3246"
"43726","KEYONGAN","3329"
"43727","KIDAL","3626"
"43728","KIDANGBANG","3426"
"43729","KIDUL DALEM","3610"
"43730","KIDUL DALEM","3560"
"43731","KILENSARI","3237"
"43732","KINANDANG","3606"
"43733","KINCANG WETAN","3593"
"43734","KINGKING","3579"
"43735","KINTELAN","3415"
"43736","KIPING","3611"
"43737","KIRINGAN","3782"
"43738","KISIK","3218"
"43739","KIYONTEN","3721"
"43740","KLABANG AGUNG","3860"
"43741","KLABANG","3634"
"43742","KLABANG","3860"
"43743","KLABETAN","3475"
"43744","KLADI","3371"
"43745","KLAGEN GAMBIRAN","3822"
"43746","KLAGEN SERUT","3593"
"43747","KLAGEN","3480"
"43748","KLAGEN","3513"
"43749","KLAGENSRAMPAT","3659"
"43750","KLAKAH REJO","3854"
"43751","KLAKAH","3780"
"43752","KLAKAH","3271"
"43753","KLAKEH","3463"
"43754","KLAMPAR","3350"
"43755","KLAMPIS BARAT","3535"
"43756","KLAMPIS NGASEM","3801"
"43757","KLAMPIS REJO","3308"
"43758","KLAMPIS TIMUR","3535"
"43759","KLAMPISAN","3348"
"43760","KLAMPISAN","3430"
"43761","KLAMPITAN","3605"
"43762","KLAMPOK","3414"
"43763","KLAMPOK","3378"
"43764","KLAMPOK","3617"
"43765","KLAMPOK","3283"
"43766","KLAMPOK","3585"
"43767","KLAMPOKAN","3235"
"43768","KLAMPOKAN","3634"
"43769","KLAMPOKAN","3285"
"43770","KLAMPOKARUM","3861"
"43771","KLANDERAN","3684"
"43772","KLANGON","3507"
"43773","KLANGON","3369"
"43774","KLANGONAN","3746"
"43775","KLANGRONG","3256"
"43776","KLANTING","3669"
"43777","KLANTINGSARI","3412"
"43778","KLAPAYAN (KLAPAIAN)","3475"
"43779","KLASEMAN","3544"
"43780","KLATAK","3705"
"43781","KLATAKAN","3424"
"43782","KLATAKAN","3751"
"43783","KLECO","3606"
"43784","KLECOREJO","3487"
"43785","KLEDOKAN","3606"
"43786","KLEDUNG","3446"
"43787","KLEGEN","3856"
"43788","KLEKEHAN (KLEKEAN)","3675"
"43789","KLEMPUN","3442"
"43790","KLEMUNAN","3324"
"43791","KLENANG KIDUL","3248"
"43792","KLENANG LOR","3248"
"43793","KLEPEK","3411"
"43794","KLEPEK","3783"
"43795","KLEPU (KELEPU)","3825"
"43796","KLEPU","3602"
"43797","KLEPU","3594"
"43798","KLEPU","3290"
"43799","KLESEM","3518"
"43800","KLETEK","3587"
"43801","KLETEKAN","3691"
"43802","KLINO","3562"
"43803","KLINTER","3256"
"43804","KLINTEREJO","3655"
"43805","KLITEH","3432"
"43806","KLITIH","3478"
"43807","KLITIK","3348"
"43808","KLITIK","3443"
"43809","KLOBUR","3472"
"43810","KLODAN","3657"
"43811","KLOJEN","3560"
"43812","KLOMPANG BARAT","3364"
"43813","KLOMPANG TIMUR","3364"
"43814","KLOMPANGAN","3229"
"43815","KLOPOSAWIT","3720"
"43816","KLOROGAN","3429"
"43817","KLOTOK","3331"
"43818","KLOTOK","3456"
"43819","KLUDAN","3490"
"43820","KLUMPIT","3390"
"43821","KLUMPIT","3485"
"43822","KLUMUTAN","3369"
"43823","KLUNCING","3498"
"43824","KLURAHAN","3583"
"43825","KLURAHAN","3496"
"43826","KLURAK","3408"
"43827","KLUTUK","3604"
"43828","KLUWIH","3692"
"43829","KLUWUT","3733"
"43830","KLUWUT","3458"
"43831","KODAK","3686"
"43832","KODIK","3350"
"43833","KOJOLAN (KO\OLAN)","3247"
"43834","KOKOP","3264"
"43835","KOLLA","3245"
"43836","KOLO KOLO","3279"
"43837","KOLOMAYAN","3796"
"43838","KOLONG","3455"
"43839","KOLOR","3465"
"43840","KOLPAJUNG","3567"
"43841","KOLPO","3537"
"43842","KOLURSARI","3610"
"43843","KOMBANG","3711"
"43844","KOMBANGAN","3539"
"43845","KOMIS","3367"
"43846","KOMPLEK KENJERAN","3697"
"43847","KOMPOL","3539"
"43848","KONANG","3302"
"43849","KONANG","3468"
"43850","KONANG","3453"
"43851","KONCER DARUL ALAM","3570"
"43852","KONCER KIDUL","3570"
"43853","KORI","3670"
"43854","KORIPAN","3440"
"43855","KOTA ANYAR","3742"
"43856","KOTA KUSUMA","3401"
"43857","KOTAH","3306"
"43858","KOTAKAN","3757"
"43859","KOTAKULON","3343"
"43860","KOTALAMA","3299"
"43861","KOTES","3710"
"43862","KOWANG","3597"
"43863","KOWEL","3567"
"43864","KO\OL","3535"
"43865","KRADENAN (KRADINAN)","3734"
"43866","KRADENAN","3728"
"43867","KRADENAN","3703"
"43868","KRADENANREJO","3525"
"43869","KRADINAN","3346"
"43870","KRADINAN","3792"
"43871","KRAGAN","3457"
"43872","KRAI","3752"
"43873","KRAJAN","3487"
"43874","KRAJAN","3709"
"43875","KRAKSAAN WETAN","3249"
"43876","KRAMAT (KERAMAT)","3441"
"43877","KRAMAT AGUNG (KRAMATUNG)","3534"
"43878","KRAMAT JEGU","3587"
"43879","KRAMAT KULON","3259"
"43880","KRAMAT SUKOHARJO","3751"
"43881","KRAMAT TEMENGGUNG","3412"
"43882","KRAMAT","3218"
"43883","KRAMAT","3367"
"43884","KRAMAT","3524"
"43885","KRAMAT","3406"
"43886","KRAMAT","3257"
"43887","KRAMATINGGIL","3592"
"43888","KRAMPILAN","3235"
"43889","KRAMPON","3686"
"43890","KRAMPYANGAN","3374"
"43891","KRANDANG","3505"
"43892","KRANDEGAN","3797"
"43893","KRANDEGAN","3334"
"43894","KRANDEGAN","3319"
"43895","KRANDING","3653"
"43896","KRANGGAN BARAT","3360"
"43897","KRANGGAN TIMUR","3471"
"43898","KRANGGAN","3429"
"43899","KRANGGAN","3219"
"43900","KRANGGAN","3317"
"43901","KRANGGAN","3658"
"43902","KRANGGAN","3486"
"43903","KRANGKONG","3409"
"43904","KRANJI","3533"
"43905","KRAPYAKREJO","3695"
"43906","KRAS","3505"
"43907","KRASAK","3448"
"43908","KRATON","3712"
"43909","KRATON","3308"
"43910","KRATON","3563"
"43911","KRATON","3822"
"43912","KRATON","3653"
"43913","KRATON","3752"
"43914","KREBET SENGGRONG","3375"
"43915","KREBET","3375"
"43916","KREBET","3649"
"43917","KREBET","3698"
"43918","KRECEK","3339"
"43919","KREGENAN (KEREGENAN)","3249"
"43920","KREJENGAN","3754"
"43921","KREMBANGAN SELATAN","3779"
"43922","KREMBANGAN UTARA","3671"
"43923","KREMBANGAN","3651"
"43924","KREMBANGAN","3587"
"43925","KREMBUNG","3404"
"43926","KRENCENG","3633"
"43927","KRENCENG","3477"
"43928","KRENGIH","3810"
"43929","KRESEK","3536"
"43930","KRESIKAN","3841"
"43931","KRETEK","3814"
"43932","KRETERANGGON","3286"
"43933","KRIAN","3563"
"43934","KRIKILAN","3427"
"43935","KRISIK","3710"
"43936","KRISIK","3520"
"43937","KROBONGAN (KROBUNGAN)","3630"
"43938","KROKEH","3390"
"43939","KROMAN","3592"
"43940","KROMASAN","3399"
"43941","KROMENGAN","3830"
"43942","KROMONG","3304"
"43943","KROMPOL","3687"
"43944","KRONDONAN","3817"
"43945","KRONTO","3516"
"43946","KROPAK","3534"
"43947","KROSOK","3766"
"43948","KROWE","3777"
"43949","KRUCIL","3630"
"43950","KUCUR","3786"
"43951","KUDIKAN","3637"
"43952","KUDU","3431"
"43953","KUDUBANJAR","3382"
"43954","KUDUS","3780"
"43955","KUJUNG","3500"
"43956","KUKUSAN","3424"
"43957","KULURAN","3647"
"43958","KUMALASA","3401"
"43959","KUMBANGSARI","3227"
"43960","KUMENDUNG","3648"
"43961","KUMITIR","3581"
"43962","KUMPUL REJO","3378"
"43963","KUMPULREJO","3463"
"43964","KUMPULREJO","3680"
"43965","KUNCEN","3487"
"43966","KUNCEN","3519"
"43967","KUNCEN","3514"
"43968","KUNCI","3749"
"43969","KUNCIR","3657"
"43970","KUNINGAN","3461"
"43971","KUNIR KIDUL","3767"
"43972","KUNIR LOR","3767"
"43973","KUNIR","3796"
"43974","KUNIRAN","3765"
"43975","KUNIRAN","3809"
"43976","KUNJANG","3411"
"43977","KUNJANG","3318"
"43978","KUNJOROWESI","3450"
"43979","KUNTI","3440"
"43980","KUNTI","3725"
"43981","KUPANG KRAJAN","3543"
"43982","KUPANG","3739"
"43983","KUPANG","3419"
"43984","KUPANG","3527"
"43985","KUPANG","3276"
"43986","KUPUK","3440"
"43987","KUREKSARI","3629"
"43988","KURIPAN","3329"
"43989","KURIPANSARI","3625"
"43990","KURO","3509"
"43991","KURUNG","3256"
"43992","KURUNGREJO","3400"
"43993","KUTISARI","3867"
"43994","KUTOANYAR","3354"
"43995","KUTOGIRANG","3450"
"43996","KUTOPORONG","3473"
"43997","KUTOREJO","3356"
"43998","KUTOREJO","3431"
"43999","KUTOREJO","3802"
"44000","KUTOREJO","3494"
