"id","nama_desa","kecamatan_id"
"48001","TEKEN GLAGAHAN","3368"
"48002","TEKUNG","3861"
"48003","TELAGA / TLAGA BIRU","3221"
"48004","TELAGAH (TLAGAH)","3471"
"48005","TELEMPONG","3548"
"48006","TELEMUNG","3705"
"48007","TELENG","3521"
"48008","TELLANG (TELANG)","3642"
"48009","TELLOK","3471"
"48010","TELUK JATIDAWANG","3761"
"48011","TEMAJI","3599"
"48012","TEMANDANG","3666"
"48013","TEMAS","3875"
"48014","TEMAYANG","3789"
"48015","TEMAYANG","3385"
"48016","TEMBALANG","3324"
"48017","TEMBARAK","3431"
"48018","TEMBAYANGAN","3578"
"48019","TEMBELANG","3590"
"48020","TEMBELING","3575"
"48021","TEMBOK DUKUH","3253"
"48022","TEMBOKREJO","3358"
"48023","TEMBOKREJO","3648"
"48024","TEMBOKREJO","3864"
"48025","TEMBORO","3674"
"48026","TEMENGGUNGAN","3853"
"48027","TEMENGGUNGAN","3674"
"48028","TEMENGGUNGAN","3754"
"48029","TEMENGGUNGAN","3388"
"48030","TEMON","3295"
"48031","TEMON","3557"
"48032","TEMON","3670"
"48033","TEMON","3420"
"48034","TEMORAN","3280"
"48035","TEMPEH KIDUL","3635"
"48036","TEMPEH LOR","3635"
"48037","TEMPEH TENGAH","3635"
"48038","TEMPEL WETAN","3368"
"48039","TEMPEL","3563"
"48040","TEMPURAN","3534"
"48041","TEMPURAN","3363"
"48042","TEMPURAN","3322"
"48043","TEMPURAN","3271"
"48044","TEMPURAN","3413"
"48045","TEMPURAN","3670"
"48046","TEMPURAN","3655"
"48047","TEMPUREJO","3433"
"48048","TEMPUREJO","3272"
"48049","TEMPUREJO","3781"
"48050","TEMPURREJO","3704"
"48051","TEMPURSARI","3517"
"48052","TEMPURSARI","3448"
"48053","TEMPURSARI","3704"
"48054","TEMPURSARI","3536"
"48055","TEMU","3387"
"48056","TEMU","3623"
"48057","TEMUASRI","3808"
"48058","TEMUGURUH","3808"
"48059","TEMUIRENG","3459"
"48060","TEMUREJO","3470"
"48061","TEMUWULAN","3723"
"48062","TENARU","3427"
"48063","TENGARAN","3672"
"48064","TENGEDAN","3224"
"48065","TENGGARANG","3570"
"48066","TENGGAREJO","3841"
"48067","TENGGER KIDUL","3613"
"48068","TENGGER KULON","3439"
"48069","TENGGER WETAN","3789"
"48070","TENGGER","3455"
"48071","TENGGEREJO","3525"
"48072","TENGGERLOR","3411"
"48073","TENGGILIS MEJOYO","3867"
"48074","TENGGILIS REJO","3366"
"48075","TENGGIR","3285"
"48076","TENGGIRING","3286"
"48077","TENGGONG","3303"
"48078","TENGGOR","3331"
"48079","TENGGULUN","3547"
"48080","TENGGULUNAN","3408"
"48081","TENGGULUNAN","3746"
"48082","TENGGUN DAYA","3535"
"48083","TENGGUR","3303"
"48084","TENGKET","3301"
"48085","TENONAN","3785"
"48086","TENTENAN BARAT","3660"
"48087","TENTENAN TIMUR","3660"
"48088","TEPAS","3348"
"48089","TEPAS","3708"
"48090","TEPOS","3548"
"48091","TERBIS","3499"
"48092","TERGAMBANG","3439"
"48093","TERIK","3563"
"48094","TERNYANG","3834"
"48095","TEROSAN","3305"
"48096","TERRAK","3257"
"48097","TERTEK","3614"
"48098","TERTEK","3354"
"48099","TERUNG KULON","3563"
"48100","TERUNG WETAN","3563"
"48101","TERUNG","3511"
"48102","TERUSAN","3417"
"48103","TIDU","3869"
"48104","TIGASAN KULON","3732"
"48105","TIGASAN WETAN","3732"
"48106","TIKUSAN","3378"
"48107","TILENG","3508"
"48108","TIMAHAN","3615"
"48109","TIMUR JANJANG","3578"
"48110","TINALAN","3433"
"48111","TINAP","3447"
"48112","TINATAR","3667"
"48113","TINAWUN","3432"
"48114","TINGAL","3607"
"48115","TINGGAR","3444"
"48116","TINGGARBUNTUT","3473"
"48117","TINGKIS","3644"
"48118","TINUMPUK","3765"
"48119","TIRAK","3460"
"48120","TIREM","3259"
"48121","TIREMENGGAL","3326"
"48122","TIRIPAN","3416"
"48123","TIRIS","3275"
"48124","TIRON","3538"
"48125","TIRON","3353"
"48126","TIRTOBINANGUN","3323"
"48127","TIRTOMARTO","3291"
"48128","TIRTOMOYO","3291"
"48129","TIRTOMOYO","3268"
"48130","TIRTOYUDO","3270"
"48131","TIRU KIDUL","3219"
"48132","TIRU LOR","3219"
"48133","TISNOGAMBAR","3342"
"48134","TISNONEGARAN","3740"
"48135","TITIK","3637"
"48136","TITIK","3662"
"48137","TIUDAN","3611"
"48138","TIWET","3647"
"48139","TLADAN","3398"
"48140","TLAGAH (TALAGAH)","3258"
"48141","TLAGAH","3305"
"48142","TLAMBAH","3661"
"48143","TLANAK","3525"
"48144","TLANAKAN","3257"
"48145","TLANGOH","3350"
"48146","TLANGOH","3221"
"48147","TLASIH","3807"
"48148","TLATAH","3765"
"48149","TLEKUNG","3600"
"48150","TLEMANG","3730"
"48151","TLESA","3257"
"48152","TLOGO","3461"
"48153","TLOGOAGUNG","3439"
"48154","TLOGOAGUNG","3503"
"48155","TLOGOAGUNG","3313"
"48156","TLOGOAGUNG","3768"
"48157","TLOGOANYAR","3524"
"48158","TLOGOARGO","3275"
"48159","TLOGOBENDUNG","3592"
"48160","TLOGOHAJI","3521"
"48161","TLOGOMAS","3760"
"48162","TLOGOPATUT","3592"
"48163","TLOGOPOJOK","3592"
"48164","TLOGOREJO","3409"
"48165","TLOGOREJO","3795"
"48166","TLOGOREJO","3425"
"48167","TLOGORETNO","3685"
"48168","TLOGOSADANG","3533"
"48169","TLOGOSARI","3517"
"48170","TLOGOSARI","3241"
"48171","TLOGOSARI","3275"
"48172","TLOGOSARI","3270"
"48173","TLOGOSARI","3679"
"48174","TLOGOSARI","3273"
"48175","TLOGOWARU","3299"
"48176","TLOGOWARU","3666"
"48177","TLOKOH","3264"
"48178","TLOMAR (TLOMOR)","3360"
"48179","TLONTO ARES","3370"
"48180","TLONTORAJA","3577"
"48181","TLUMPU","3656"
"48182","TLUWE","3485"
"48183","TOBADDUNG","3535"
"48184","TOBAI BARAT","3645"
"48185","TOBAI TENGAH","3645"
"48186","TOBAI TIMUR","3645"
"48187","TOBO","3666"
"48188","TOBUNGAN","3302"
"48189","TOERJEK (TORJEK)","3578"
"48190","TOGOGAN","3352"
"48191","TOKAWI (TOKAWAI)","3818"
"48192","TOKELAN","3285"
"48193","TOKET","3350"
"48194","TOLANG","3305"
"48195","TOLBUK (TOLLUK)","3535"
"48196","TOMPOKERSAN","3532"
"48197","TONATAN","3488"
"48198","TONDOMULO","3313"
"48199","TONDOWULAN","3478"
"48200","TONDUK","3246"
"48201","TONGAS KULON","3585"
"48202","TONGAS WETAN","3585"
"48203","TONJUNG (TUNJUNG)","3236"
"48204","TORBANG","3327"
"48205","TORJUN","3686"
"48206","TORJUNAN","3558"
"48207","TORONAN","3567"
"48208","TORONGREJO","3600"
"48209","TOSANAN","3688"
"48210","TOSAREN","3433"
"48211","TOSARI","3395"
"48212","TOTOKAN","3362"
"48213","TOTOSAN","3537"
"48214","TOYANING","3298"
"48215","TOYOMARTO","3283"
"48216","TOYORESMI","3764"
"48217","TRACAL","3523"
"48218","TRAGAH","3233"
"48219","TRAGIH","3558"
"48220","TRAJENG","3464"
"48221","TRAKTAKAN","3616"
"48222","TRAMOK","3264"
"48223","TRANJANG","3640"
"48224","TRANTANG","3789"
"48225","TRAPANG","3305"
"48226","TRASAK","3660"
"48227","TRATE","3592"
"48228","TRATE","3244"
"48229","TRAWAS","3603"
"48230","TRAWASAN","3340"
"48231","TRAYANG","3496"
"48232","TREBUNGAN","3872"
"48233","TREBUNGAN","3234"
"48234","TREBUNGAN","3814"
"48235","TREMAS","3295"
"48236","TREMBES","3432"
"48237","TRENCENG","3609"
"48238","TRENGGULUNAN","3455"
"48239","TREPAN","3329"
"48240","TREWUNG","3736"
"48241","TRIGONCO","3307"
"48242","TRISONO","3315"
"48243","TRITIK","3513"
"48244","TRITUNGGAL","3329"
"48245","TRIWUNG KIDUL","3848"
"48246","TRIWUNG LOR","3848"
"48247","TRIWUNGAN","3742"
"48248","TROGAN","3535"
"48249","TROJALU","3503"
"48250","TROMPOASRI","3419"
"48251","TROPODO","3563"
"48252","TROPODO","3629"
"48253","TROSOBO","3587"
"48254","TROSONO","3709"
"48255","TROSONO","3637"
"48256","TROTOSARI","3679"
"48257","TROWULAN","3420"
"48258","TRUCUK","3530"
"48259","TRUNENG","3690"
"48260","TRUNENG","3447"
"48261","TRUNI","3329"
"48262","TRUTUP","3456"
"48263","TUGU (TUGUREJO)","3362"
"48264","TUGU REJO","3874"
"48265","TUGU","3865"
"48266","TUGU","3605"
"48267","TUGU","3303"
"48268","TUGU","3766"
"48269","TUGUREJO","3764"
"48270","TUGUREJO","3670"
"48271","TUGUREJO","3690"
"48272","TUGUSARI","3342"
"48273","TUGUSUMBERJO","3672"
"48274","TUKANGKAYU","3853"
"48275","TUKKERTO","3330"
"48276","TUKUL","3729"
"48277","TUKUM","3861"
"48278","TULAKAN","3809"
"48279","TULAKAN","3692"
"48280","TULANGAN","3807"
"48281","TULISKRIYO","3622"
"48282","TULUNG REJO","3701"
"48283","TULUNG","3398"
"48284","TULUNG","3554"
"48285","TULUNG","3725"
"48286","TULUNG","3369"
"48287","TULUNGAGUNG","3503"
"48288","TULUNGAGUNG","3432"
"48289","TULUNGREJO","3632"
"48290","TULUNGREJO","3517"
"48291","TULUNGREJO","3710"
"48292","TULUNGREJO","3707"
"48293","TULUNGREJO","3316"
"48294","TULUNGREJO","3353"
"48295","TULUNGREJO","3510"
"48296","TULUNGREJO","3614"
"48297","TULUNGREJO","3521"
"48298","TULUNGREJO","3530"
"48299","TULUNGREJO","3874"
"48300","TULUPARI","3275"
"48301","TULUSBESAR","3626"
"48302","TULUSREJO","3760"
"48303","TUMAPEL","3762"
"48304","TUMAPEL","3259"
"48305","TUMBRASANOM","3313"
"48306","TUMENGGUNGAN","3524"
"48307","TUMPAKKEPUH","3386"
"48308","TUMPAKOYOT","3386"
"48309","TUMPAKPELEM","3670"
"48310","TUMPAKREJO","3788"
"48311","TUMPAKREJO","3297"
"48312","TUMPANG","3365"
"48313","TUMPANG","3626"
"48314","TUMPENG","3720"
"48315","TUMPENG","3616"
"48316","TUMPUK","3446"
"48317","TUMPUK","3670"
"48318","TUMPUK","3435"
"48319","TUMPUKRENTENG","3804"
"48320","TUNAH","3597"
"48321","TUNDO SORO","3256"
"48322","TUNGE","3781"
"48323","TUNGGAK CERME","3847"
"48324","TUNGGALPAGER","3413"
"48325","TUNGGANGRI","3553"
"48326","TUNGGORONO","3492"
"48327","TUNGGUL WULUNG","3494"
"48328","TUNGGUL","3533"
"48329","TUNGGULREJO","3644"
"48330","TUNGGULSARI","3469"
"48331","TUNGGULWULUNG","3760"
"48332","TUNGGUNJAGIR","3865"
"48333","TUNGGUR","3777"
"48334","TUNGKULREJO","3504"
"48335","TUNGLUR","3339"
"48336","TUNJUNG","3744"
"48337","TUNJUNG","3550"
"48338","TUNJUNG","3388"
"48339","TUNJUNGMEKAR","3647"
"48340","TUNJUNGREJO","3752"
"48341","TUNJUNGSEKAR","3760"
"48342","TUNJUNGTIRTO","3283"
"48343","TUREN","3804"
"48344","TURI PINGGIR","3410"
"48345","TURI","3734"
"48346","TURI","3659"
"48347","TURI","3511"
"48348","TURI","3656"
"48349","TURI","3380"
"48350","TURI","3351"
"48351","TURIGEDE","3409"
"48352","TURIREJO","3554"
"48353","TURIREJO","3591"
"48354","TURUS","3793"
"48355","TURUS","3219"
"48356","TUTUL","3423"
"48357","TUTUR","3273"
"48358","TUWIRI KULON","3666"
"48359","TUWIRI WETAN","3666"
"48360","UJUNG PIRING","3441"
"48361","UJUNG","3265"
"48362","UMBUL DAMAR","3643"
"48363","UMBUL","3448"
"48364","UMBULAN","3449"
"48365","UMBULREJO","3691"
"48366","UMBULREJO","3787"
"48367","UMBULSARI","3787"
"48368","UNDAAN","3804"
"48369","URANGAGUNG (JEDONG)","3506"
"48370","URANGGANTUNG","3669"
"48371","UREK UREK","3702"
"48372","UTERAN","3429"
"48373","WADAK KIDUL","3259"
"48374","WADAK LOR","3259"
"48375","WADANG","3455"
"48376","WADENG","3309"
"48377","WADUK","3782"
"48378","WADUNG","3599"
"48379","WADUNG","3812"
"48380","WADUNG","3485"
"48381","WADUNGASIH","3522"
"48382","WADUNGASRI","3629"
"48383","WAGE","3587"
"48384","WAGIR LOR","3819"
"48385","WAGIRKIDUL","3434"
"48386","WAHAS","3331"
"48387","WAJAK KIDUL","3598"
"48388","WAJAK LOR","3598"
"48389","WAJAK","3426"
"48390","WAJIK","3524"
"48391","WAKAH","3319"
"48392","WALERAN","3546"
"48393","WALIDONO","3451"
"48394","WALIKUKUN","3540"
"48395","WANAR","3333"
"48396","WANDANPURO","3375"
"48397","WANENGPATEN","3793"
"48398","WANGEN","3468"
"48399","WANGI","3347"
"48400","WANGKAL WETAN","3256"
"48401","WANGKAL","3572"
"48402","WANGKAL","3404"
"48403","WANGKALKEPUH","3651"
"48404","WANGLU KULON","3555"
"48405","WANGLU WETAN","3555"
"48406","WANGUN","3728"
"48407","WANGUNREJO","3351"
"48408","WANISODO","3743"
"48409","WARENG","3667"
"48410","WARU BARAT","3370"
"48411","WARU GUNUNG","3863"
"48412","WARU TIMUR","3370"
"48413","WARU","3629"
"48414","WARUBERON","3373"
"48415","WARUGUNUNG","3625"
"48416","WARUJAYENG","3489"
"48417","WARUJINGGO","3732"
"48418","WARUK KALONG","3460"
"48419","WARUK TENGAH","3321"
"48420","WARUK","3509"
"48421","WARUKULON","3333"
"48422","WARULOR","3533"
"48423","WARUNG DOWO","3869"
"48424","WARUNGERING","3525"
"48425","WARUREJO","3314"
"48426","WARUWETAN","3333"
"48427","WATANGPANJANG","3509"
"48428","WATES KULON","3254"
"48429","WATES TANI","3748"
"48430","WATES WETAN","3254"
"48431","WATES","3715"
"48432","WATES","3840"
"48433","WATES","3242"
"48434","WATES","3418"
"48435","WATES","3613"
"48436","WATES","3511"
"48437","WATES","3690"
"48438","WATES","3609"
"48439","WATES","3489"
"48440","WATES","3874"
"48441","WATES","3781"
"48442","WATESARI","3373"
"48443","WATESKROYO","3632"
"48444","WATESNEGORO","3450"
"48445","WATESPROJO","3628"
"48446","WATESTANJUNG","3866"
"48447","WATESUMPAK","3420"
"48448","WATESWINANGUN","3286"
"48449","WATU DAKON","3652"
"48450","WATU DANDANG","3400"
"48451","WATU KARUNG","3718"
"48452","WATU KEBO","3252"
"48453","WATUAGUNG","3218"
"48454","WATUAGUNG","3713"
"48455","WATUAGUNG","3700"
"48456","WATUAGUNG","3778"
"48457","WATUALANG","3542"
"48458","WATUBONANG","3345"
"48459","WATUGALUH","3403"
"48460","WATUGEDE","3311"
"48461","WATUGEDE","3283"
"48462","WATUGOLONG","3563"
"48463","WATUKEBO","3243"
"48464","WATUKENONGO","3413"
"48465","WATUKOSEK","3706"
"48466","WATULIMO","3778"
"48467","WATULUMBUNG","3516"
"48468","WATUPANJANG","3630"
"48469","WATUPATOK","3446"
"48470","WATUPRAPAT","3748"
"48471","WATUREJO","3510"
"48472","WATUTULIS","3623"
"48473","WATUWUNGKUK","3770"
"48474","WAUNG","3564"
"48475","WAUNG","3598"
"48476","WAUNG","3404"
"48477","WAYANG","3434"
"48478","WAYUT","3593"
"48479","WEDANI","3526"
"48480","WEDEN","3463"
"48481","WEDI","3457"
"48482","WEDI","3378"
"48483","WEDORO KLURAK","3408"
"48484","WEDORO","3468"
"48485","WEDORO","3494"
"48486","WEDORO","3244"
"48487","WEDORO","3462"
"48488","WEDORO","3629"
"48489","WEDOROANOM","3427"
"48490","WEDUNI","3330"
"48491","WEDUSAN","3275"
"48492","WELULANG","3516"
"48493","WENGKAL","3513"
"48494","WERU","3533"
"48495","WERUNGOTOK","3406"
"48496","WIDANG","3500"
"48497","WIDODAREN","3815"
"48498","WIDODAREN","3540"
"48499","WIDORO PAYUNG","3636"
"48500","WIDORO","3602"
"48501","WIDORO","3797"
"48502","WIDORO","3754"
"48503","WIDORO","3300"
"48504","WIDOROKANDANG","3716"
"48505","WILANGAN","3438"
"48506","WILANGAN","3871"
"48507","WILAYUT","3277"
"48508","WINDU","3509"
"48509","WINDUREJO","3802"
"48510","WINONG","3574"
"48511","WINONG","3706"
"48512","WINONG","3734"
"48513","WINONG","3553"
"48514","WINONG","3469"
"48515","WINONG","3435"
"48516","WINONGAN KIDUL","3449"
"48517","WINONGAN LOR","3449"
"48518","WINONGO","3870"
"48519","WIROBITING","3623"
"48520","WIROBORANG","3833"
"48521","WIROGUNAN","3864"
"48522","WIROLEGI","3281"
"48523","WIROTAMAN","3291"
"48524","WIROWONGSO","3229"
"48525","WIYORO","3664"
"48526","WIYU","3625"
"48527","WIYUNG","3332"
"48528","WIYUREJO","3621"
"48529","WLINGI","3324"
"48530","WOLUTENGAH","3789"
"48531","WONGSOREJO","3243"
"48532","WONO PLINTAHAN","3623"
"48533","WONOAGUNG","3584"
"48534","WONOAGUNG","3270"
"48535","WONOANTI","3797"
"48536","WONOANTI","3692"
"48537","WONOASIH","3845"
"48538","WONOASRI","3377"
"48539","WONOASRI","3837"
"48540","WONOASRI","3664"
"48541","WONOASRI","3272"
"48542","WONOASRI","3443"
"48543","WONOAYU","3698"
"48544","WONOAYU","3254"
"48545","WONOAYU","3426"
"48546","WONOAYU","3588"
"48547","WONOBOYO","3634"
"48548","WONOCATUR","3764"
"48549","WONOCEPOKOAYU","3288"
"48550","WONOCOLO","3601"
"48551","WONOCOLO","3587"
"48552","WONOCOYO","3499"
"48553","WONOCOYO","3619"
"48554","WONODADI KULON","3664"
"48555","WONODADI WETAN","3664"
"48556","WONODADI","3802"
"48557","WONODADI","3557"
"48558","WONODADI","3796"
"48559","WONOGONDO","3518"
"48560","WONOGORO","3673"
"48561","WONOGRIYO","3861"
"48562","WONOJATI","3366"
"48563","WONOJATI","3722"
"48564","WONOJOYO","3219"
"48565","WONOKALANG","3588"
"48566","WONOKARANG","3373"
"48567","WONOKARTO","3664"
"48568","WONOKASIAN","3588"
"48569","WONOKERSO","3812"
"48570","WONOKERSO","3729"
"48571","WONOKERTO","3454"
"48572","WONOKERTO","3326"
"48573","WONOKERTO","3744"
"48574","WONOKERTO","3482"
"48575","WONOKERTO","3634"
"48576","WONOKERTO","3512"
"48577","WONOKERTO","3842"
"48578","WONOKERTO","3717"
"48579","WONOKERTO","3794"
"48580","WONOKERTO","3861"
"48581","WONOKERTO","3726"
"48582","WONOKETRO","3734"
"48583","WONOKITRI","3395"
"48584","WONOKOYO","3580"
"48585","WONOKOYO","3735"
"48586","WONOKOYO","3299"
"48587","WONOKROMO","3611"
"48588","WONOKROMO","3381"
"48589","WONOKROMO","3750"
"48590","WONOKUPANG","3373"
"48591","WONOKUSUMO","3312"
"48592","WONOKUSUMO","3265"
"48593","WONOKUSUMO","3731"
"48594","WONOMERTO","3726"
"48595","WONOMLATI","3404"
"48596","WONOMULYO","3289"
"48597","WONOPLOSO","3376"
"48598","WONOREJO TRISULO","3684"
"48599","WONOREJO","3331"
"48600","WONOREJO","3454"
"48601","WONOREJO","3541"
"48602","WONOREJO","3797"
"48603","WONOREJO","3468"
"48604","WONOREJO","3482"
"48605","WONOREJO","3448"
"48606","WONOREJO","3712"
"48607","WONOREJO","3411"
"48608","WONOREJO","3591"
"48609","WONOREJO","3516"
"48610","WONOREJO","3678"
"48611","WONOREJO","3487"
"48612","WONOREJO","3337"
"48613","WONOREJO","3792"
"48614","WONOREJO","3289"
"48615","WONOREJO","3311"
"48616","WONOREJO","3849"
"48617","WONOREJO","3286"
"48618","WONOREJO","3283"
"48619","WONOREJO","3352"
"48620","WONOREJO","3609"
"48621","WONOREJO","3365"
"48622","WONOREJO","3769"
"48623","WONOREJO","3420"
"48624","WONOREJO","3781"
"48625","WONOREJO","3847"
"48626","WONOREJO","3733"
"48627","WONOSALAM","3726"
"48628","WONOSARI","3706"
"48629","WONOSARI","3366"
"48630","WONOSARI","3743"
"48631","WONOSARI","3450"
"48632","WONOSARI","3613"
"48633","WONOSARI","3355"
"48634","WONOSARI","3555"
"48635","WONOSARI","3809"
"48636","WONOSARI","3861"
"48637","WONOSARI","3273"
"48638","WONOSARI","3733"
"48639","WONOSARI","3616"
"48640","WONOSARI","3458"
"48641","WONOSIDI","3692"
"48642","WONOSOBO","3664"
"48643","WONOSOBO","3359"
"48644","WONOSUKO","3851"
"48645","WONOSUNYO","3706"
"48646","WONOTENGAH","3605"
"48647","WONOTIRTO","3824"
"48648","WONOTORO","3842"
"48649","WORAWARI","3518"
"48650","WORO","3409"
"48651","WOROMARTO","3605"
"48652","WOT GALIH","3748"
"48653","WOTAN NGARE","3683"
"48654","WOTAN","3552"
"48655","WOTAN","3434"
"48656","WOTAN","3521"
"48657","WOTANMASJEDONG","3450"
"48658","WOTANSARI","3331"
"48659","WOTGALIH","3752"
"48660","WOTSOGO","3347"
"48661","WRATI","3256"
"48662","WRINGIN AGUNG","3791"
"48663","WRINGIN AGUNG","3844"
"48664","WRINGIN ANOM","3307"
"48665","WRINGIN ANOM","3837"
"48666","WRINGIN PUTIH","3648"
"48667","WRINGIN TELU","3355"
"48668","WRINGIN","3262"
"48669","WRINGINANOM","3738"
"48670","WRINGINANOM","3237"
"48671","WRINGINANOM","3289"
"48672","WRINGINANOM","3438"
"48673","WRINGINANOM","3585"
"48674","WRINGINANOM","3866"
"48675","WRINGINPITU","3727"
"48676","WRINGINPITU","3852"
"48677","WRINGINREJO","3791"
"48678","WRINGINREJO","3655"
"48679","WRINGINSONGO","3626"
"48680","WUDI","3286"
"48681","WUKIRHARJO","3680"
"48682","WULUH","3652"
"48683","WUNGU","3536"
"48684","WUNUT","3800"
"48685","WUNUT","3719"
"48686","YOSOMULYO","3791"
"48687","YOSORATI","3806"
"48688","YOSOWILANGUN KIDUL","3752"
"48689","YOSOWILANGUN LOR","3752"
"48690","YOSOWILANGUN","3528"
"48691","YUNGYANG","3836"
"48692","ALAM JAYA","3882"
"48693","ALANG ALANG","3883"
"48694","ALASWANGI","3884"
"48695","ANCOL PASIR","3885"
"48696","ANGGALAN","3886"
"48697","ANGSANA","3887"
"48698","ANGSANA","3888"
"48699","ANYAR","3889"
"48700","ARGAWANA","3890"
"48701","ASEM MARGALUYU","3891"
"48702","ASEM","3891"
"48703","AWEH","3892"
"48704","AWILEGA","3893"
"48705","BABADSARI","3894"
"48706","BABAKAN ASEM","3895"
"48707","BABAKAN JAYA","3896"
"48708","BABAKAN KALANG ANYAR","3897"
"48709","BABAKAN","3898"
"48710","BABAKAN","3899"
"48711","BABAKAN","3900"
"48712","BABAKAN","3901"
"48713","BABAKANKEUSIK","3902"
"48714","BABAKANLOR","3903"
"48715","BABAT","3899"
"48716","BADAK ANOM","3904"
"48717","BADUR","3905"
"48718","BAGENDUNG","3906"
"48719","BAKTI JAYA","3900"
"48720","BAKUNG","3907"
"48721","BAKUNG","3908"
"48722","BALARAJA","3909"
"48723","BALE KENCANA","3888"
"48724","BALEKAMBANG","3888"
"48725","BAMA","3910"
"48726","BAMBU APUS","3911"
"48727","BANDULU","3889"
"48728","BANDUNG","3898"
"48729","BANDUNG","3912"
"48730","BANGKONOL","3893"
"48731","BANGKUYUNG","3903"
"48732","BANGUNMEKAR","3913"
"48733","BANJAR IRIGASI","3914"
"48734","BANJAR NEGARA","3915"
"48735","BANJAR","3912"
"48736","BANJARAGUNG","3916"
"48737","BANJARMASIN","3917"
"48738","BANJARNEGARA","3918"
"48739","BANJARSARI","3889"
"48740","BANJARSARI","3919"
"48741","BANJARSARI","3916"
"48742","BANJARSARI","3920"
"48743","BANJARSARI","3914"
"48744","BANJARSARI","3921"
"48745","BANJARWANGI","3918"
"48746","BANTAR PANJANG","3922"
"48747","BANTAR PANJANG","3923"
"48748","BANTARWANGI","3924"
"48749","BANTARWARU","3924"
"48750","BANTEN","3925"
"48751","BANYU ASIH","3926"
"48752","BANYUASIH","3927"
"48753","BANYUBIRU","3928"
"48754","BANYUMAS","3929"
"48755","BANYUMEKAR","3928"
"48756","BANYURESMI","3894"
"48757","BANYUWANGI","3890"
"48758","BARENGKOK","3930"
"48759","BAROS JAYA","3924"
"48760","BAROS","3931"
"48761","BAROS","3921"
"48762","BARUGBUG","3932"
"48763","BARUNAI","3933"
"48764","BATU CEPER","3934"
"48765","BATU JAYA","3934"
"48766","BATU SARI","3934"
"48767","BATUBANTAR","3935"
"48768","BATUHIDEUNG","3936"
"48769","BATUKUDA","3888"
"48770","BATUKUWUNG","3932"
"48771","BATURANJANG","3937"
"48772","BAYAH BARAT","3938"
"48773","BAYAH TIMUR","3938"
"48774","BAYUMUNDU","3920"
"48775","BEBERAN","3939"
"48776","BEJOD","3940"
"48777","BELENDUNG","3941"
"48778","BELIMBING","3942"
"48779","BENCONGAN INDAH","3943"
"48780","BENCONGAN","3943"
"48781","BENDA BARU","3911"
"48782","BENDA","3941"
"48783","BENDA","3944"
"48784","BENDUNG","3925"
"48785","BENDUNG","3945"
"48786","BENDUNGAN","3946"
"48787","BENDUNGAN","3906"
"48788","BINANGUN","3947"
"48789","BINONG","3948"
"48790","BINONG","3949"
"48791","BINONG","3950"
"48792","BINTANGRESMI","3951"
"48793","BINTANGSARI","3951"
"48794","BINUANG","3952"
"48795","BITUNG JAYA","3953"
"48796","BLOKANG","3898"
"48797","BLUKBUK","3908"
"48798","BOJEN","3954"
"48799","BOJONEGARA","3955"
"48800","BOJONG CATANG","3956"
"48801","BOJONG JAYA","3957"
"48802","BOJONG KAMAL","3899"
"48803","BOJONG MENTENG","3958"
"48804","BOJONG MENTENG","3956"
"48805","BOJONG NANGKA","3943"
"48806","BOJONG NANGKA","3959"
"48807","BOJONG PANDAN","3956"
"48808","BOJONG RENGED","3895"
"48809","BOJONG","3929"
"48810","BOJONG","3953"
"48811","BOJONGCAE","3891"
"48812","BOJONGJURUH","3946"
"48813","BOJONGKONENG","3960"
"48814","BOJONGLELES","3891"
"48815","BOJONGLOA","3961"
"48816","BOJONGMANIK","3962"
"48817","BOJONGMANIK","3963"
"48818","BOJOT","3964"
"48819","BOLANG","3965"
"48820","BOLANG","3966"
"48821","BUARAN BAMBU","3967"
"48822","BUARAN INDAH","3901"
"48823","BUARAN JATI","3968"
"48824","BUARAN MANGGA","3967"
"48825","BUARAN","3969"
"48826","BUDI MULYA","3953"
"48827","BUGEL","3957"
"48828","BUGEL","3932"
"48829","BULAGOR","3910"
"48830","BULAKAN","3970"
"48831","BULAKAN","3924"
"48832","BULAKAN","3960"
"48833","BUMIJAYA","3939"
"48834","BUNAR","3944"
"48835","BUNDER","3953"
"48836","BUNGURCOPONG","3971"
"48837","BUNI AYU","3944"
"48838","BUNIHARA","3889"
"48839","BUNISARI (BONASARI)","3967"
"48840","BUYUT","3949"
"48841","CADASARI","3972"
"48842","CAHAYAMEKAR","3929"
"48843","CAKUNG","3952"
"48844","CALUNGBUNGUR","3913"
"48845","CAMPAKA","3920"
"48846","CAMPAKAWARNA","3963"
"48847","CANDI","3973"
"48848","CANGKUDU","3909"
"48849","CARENANG UDIK","3896"
"48850","CARENANG","3974"
"48851","CARENANG","3961"
"48852","CARINGIN","3961"
"48853","CARINGIN","3928"
"48854","CARINGIN","3899"
"48855","CARITA","3917"
"48856","CEMPAKA PUTIH","3975"
"48857","CEMPAKA","3905"
"48858","CEMPAKA","3961"
"48859","CEMPAKA","3921"
"48860","CEMPLANG","3976"
"48861","CEMPLANG","3964"
"48862","CENGKLONG","3942"
"48863","CENING","3903"
"48864","CERUKCUK","3945"
"48865","CIAGEL","3930"
"48866","CIAKAR","3960"
"48867","CIAKAR","3977"
"48868","CIANDUR","3978"
"48869","CIANGIR","3899"
"48870","CIAPUS","3979"
"48871","CIATER","3969"
"48872","CIAWI","3902"
"48873","CIBADAK","3891"
"48874","CIBADAK","3953"
"48875","CIBADAK","3936"
"48876","CIBALIUNG","3980"
"48877","CIBARANI","3905"
"48878","CIBARANI","3981"
"48879","CIBARENGKOK","3982"
"48880","CIBARENO","3983"
"48881","CIBATURKEUSIK","3946"
"48882","CIBEBER","3970"
"48883","CIBEBER","3984"
"48884","CIBETOK","3985"
"48885","CIBEUREUM","3912"
"48886","CIBEUREUM","3979"
"48887","CIBINGBIN","3980"
"48888","CIBITUNG","3986"
"48889","CIBODAS BARU","3987"
"48890","CIBODAS SARI","3987"
"48891","CIBODAS","3912"
"48892","CIBODAS","3987"
"48893","CIBODAS","3945"
"48894","CIBOGO","3988"
"48895","CIBOJONG","3932"
"48896","CIBUAH","3921"
"48897","CIBUGEL","3961"
"48898","CIBUNGUR","3989"
"48899","CIBUNGUR","3958"
"48900","CIBUNGUR","3990"
"48901","CIBURIAL","3936"
"48902","CIBURUY","3973"
"48903","CICALENGKA","3991"
"48904","CICARINGIN","3960"
"48905","CIDADAP","3973"
"48906","CIDAHU","3946"
"48907","CIDAHU","3896"
"48908","CIDIKIT","3938"
"48909","CIGADUNG","3992"
"48910","CIGANDENG","3884"
"48911","CIGELAM","3939"
"48912","CIGEMBLONG","3989"
"48913","CIGEULIS","3927"
"48914","CIGINGGANG","3960"
"48915","CIGONDANG","3928"
"48916","CIGOONG SELATAN","3886"
"48917","CIGOONG UTARA","3886"
"48918","CIGOONG","3993"
"48919","CIGORONDONG","3994"
"48920","CIHAMBALI","3984"
"48921","CIHANJUANG","3980"
"48922","CIHARA","3933"
"48923","CIHERANG","3984"
"48924","CIHERANG","3995"
"48925","CIHERANG","3971"
"48926","CIHERANGJAYA","3981"
"48927","CIHUJAN","3979"
"48928","CIHUNI","3991"
"48929","CIINJUK","3972"
"48930","CIJAKAN","3929"
"48931","CIJAKU","3979"
"48932","CIJANTRA","3991"
"48933","CIJARALANG","3936"
"48934","CIJENGKOL","3983"
"48935","CIJERUK","3930"
"48936","CIJERUK","3996"
"48937","CIJORO LEBAK","3997"
"48938","CIJORO PASIR","3997"
"48939","CIKADONGDONG","3989"
"48940","CIKADONGDONG","3998"
"48941","CIKADU","3984"
"48942","CIKADU","3999"
"48943","CIKADUEUN","3937"
"48944","CIKALONG","3999"
"48945","CIKAMUNDING","3983"
"48946","CIKANDE PERMAI","3907"
"48947","CIKANDE","3907"
"48948","CIKANDE","4000"
"48949","CIKARANG","4001"
"48950","CIKARATUAN","3979"
"48951","CIKAREO","3919"
"48952","CIKAREO","4002"
"48953","CIKARET","3989"
"48954","CIKASUNGKA","4002"
"48955","CIKATAPIS","3892"
"48956","CIKATE","3989"
"48957","CIKATOMAS","3983"
"48958","CIKAYAS","3887"
"48959","CIKEDUNG","3888"
"48960","CIKENTRUNG","3972"
"48961","CIKERAI","3970"
"48962","CIKEUSAL","3922"
"48963","CIKEUSIK","3998"
"48964","CIKEUSIK","3940"
"48965","CIKIRUH","3999"
"48966","CIKIRUHWETAN","3998"
"48967","CIKOKOL","3901"
"48968","CIKOLELET","3924"
"48969","CIKONENG","3889"
"48970","CIKONENG","4003"
"48971","CIKOTOK","3984"
"48972","CIKULUR","3886"
"48973","CIKUMBUEUN","4003"
"48974","CIKUPA","3953"
"48975","CIKUYA","4002"
"48976","CIKUYA","3990"
"48977","CILABANBULAN","3884"
"48978","CILADAEUN","3914"
"48979","CILAJA","4004"
"48980","CILAKU","4005"
"48981","CILANGKAHAN","3966"
"48982","CILANGKAP","3892"
"48983","CILANGKAP","3949"
"48984","CILANGKAP","3940"
"48985","CILAYANG GUHA","3922"
"48986","CILAYANG","3922"
"48987","CILAYANG","3973"
"48988","CILEBANG","4006"
"48989","CILEGONG ILIR","3946"
"48990","CILELES","3919"
"48991","CILELES","3923"
"48992","CILENGGANG","3969"
"48993","CILENTUNG","3918"
"48994","CILILITAN","3971"
"48995","CILOGRANG","3983"
"48996","CILOWONG","4007"
"48997","CIMANCAK","3938"
"48998","CIMANDIRI","3982"
"48999","CIMANGEUNGTEUNG","3997"
"49000","CIMANGGU","3936"
"49001","CIMANIS","3954"
"49002","CIMANUK","3935"
"49003","CIMANYANGRAY","3960"
"49004","CIMARGA","4008"
"49005","CIMAUNG","3922"
"49006","CIMAYANG","3962"
"49007","CIMEGA","3979"
"49008","CIMENTENG JAYA","3891"
"49009","CIMINYAK","4001"
"49010","CIMONE JAYA","3957"
"49011","CIMONE","3957"
"49012","CIMOYAN","3902"
"49013","CIMUNCANG","4009"
"49014","CINANGKA","3924"
"49015","CINOYONG","3917"
"49016","CIODENG","3963"
"49017","CIOMAS","3932"
"49018","CIPADANG","3919"
"49019","CIPADU JAYA","4010"
"49020","CIPADU","4010"
"49021","CIPAEH","3985"
"49022","CIPALABUH","3979"
"49023","CIPANAS","3951"
"49024","CIPARAHU","3933"
"49025","CIPARE","4009"
"49026","CIPAYUNG","4011"
"49027","CIPAYUNG","3932"
"49028","CIPEDANG","3940"
"49029","CIPETE","4005"
"49030","CIPETE","4012"
"49031","CIPEUCANG","3940"
"49032","CIPEUNDEUY","3966"
"49033","CIPICUNG","3903"
"49034","CIPINANG","3887"
"49035","CIPINING","3973"
"49036","CIPOCOK JAYA","3916"
"49037","CIPONDOH INDAH","4013"
"49038","CIPONDOH MAKMUR","4013"
"49039","CIPONDOH","4013"
"49040","CIPUTAT","4011"
"49041","CIPUTRI","3920"
"49042","CIRANGKONG","3959"
"49043","CIRARAB","3899"
"49044","CIREUNDEU","3983"
"49045","CIREUNDEU","3975"
"49046","CIREUNDEU","3959"
"49047","CIREUNDEU","4002"
"49048","CIRINTEN","3905"
"49049","CIROMPANG","4006"
"49050","CIRUAS","3939"
"49051","CIRUJI","3946"
"49052","CIRUMPAK","3908"
"49053","CISAAT","3932"
"49054","CISAIT","4014"
"49055","CISALAM","3931"
"49056","CISAMPANG","3960"
"49057","CISAMPIH","3946"
"49058","CISANGU","3891"
"49059","CISARAP","3940"
"49060","CISAUK","3988"
"49061","CISEREH","3981"
"49062","CISEREH","3923"
"49063","CISEUREUHEUN","3927"
"49064","CISIMEUT RAYA","3958"
"49065","CISIMEUT","3958"
"49066","CISITU","3976"
"49067","CISOKA","3961"
"49068","CISUNGSANG","3984"
"49069","CISUREN","3938"
"49070","CITALAHAB","3912"
"49071","CITAMAN","3976"
"49072","CITAMAN","3894"
"49073","CITANGKIL","4015"
"49074","CITASUK","3932"
"49075","CITELUK","3999"
"49076","CITEPUSEUN","3933"
"49077","CITERAS","3997"
"49078","CITEREP","3939"
"49079","CITEUREUP","4016"
"49080","CITOREK BARAT","3984"
"49081","CITOREK KIDUL (CIUSUL)","3984"
"49082","CITOREK SABRANG (GIRIMUKTI)","3984"
"49083","CITOREK TENGAH","3984"
"49084","CITOREK TIMUR (CIPARAY)","3984"
"49085","CITUJAH","4006"
"49086","CITUMENGGUNG","3929"
"49087","CIUYAH","3913"
"49088","CIWADUK","3906"
"49089","CIWARNA","3888"
"49090","CIWEDUS","3906"
"49091","COKOPSULANJANA","3947"
"49092","CUKANG GALIH","3948"
"49093","CURUG AGUNG","3931"
"49094","CURUG BADAK","3949"
"49095","CURUG GOONG","3932"
"49096","CURUG KULON","3948"
"49097","CURUG SANGERANG (CURUG SANGERENG)","3943"
"49098","CURUG SULANJANA","3995"
"49099","CURUG SULANJANA","4017"
"49100","CURUG WETAN","3948"
"49101","CURUG","3980"
"49102","CURUG","4005"
"49103","CURUGBARANG","3937"
"49104","CURUGBITUNG","3973"
"49105","CURUGCIUNG","3998"
"49106","CURUGLANGLANG","3986"
"49107","CURUGLEMO","4003"
"49108","CURUGMANIS","4005"
"49109","CURUGPANJANG","3886"
"49110","DADAP","3942"
"49111","DAHU","3903"
"49112","DAHU","3922"
"49113","DALEMBALAR","3935"
"49114","DALUNG","3916"
"49115","DAMPING","3950"
"49116","DANG DEUR","4000"
"49117","DANGDANG","3988"
"49118","DAON","4018"
"49119","DARMASARI","3938"
"49120","DAROYON","3919"
"49121","DARU","3885"
"49122","DATARCAE","3905"
"49123","DERINGO","4015"
"49124","DOMAS","4019"
"49125","DRANGONG","4007"
"49126","DUKUH","3953"
"49127","DUKUH","4014"
"49128","GABUS","3896"
"49129","GAGA","4010"
"49130","GAGA","3967"
"49131","GANDA RIA","3996"
"49132","GANDASARI","3882"
"49133","GANDAYASA","3922"
"49134","GANGGAENG","3971"
"49135","GARUT","3896"
"49136","GEBANG RAYA","4020"
"49137","GEDONG DALEM","4021"
"49138","GELAM JAYA","4022"
"49139","GELAM","3916"
"49140","GEMBONG","3909"
"49141","GEMBOR UDIK","3907"
"49142","GEMBOR","3952"
"49143","GEMBOR","4020"
"49144","GEMPOL SARI","4023"
"49145","GEREDUG","3929"
"49146","GEREM","4024"
"49147","GERENDENG","3957"
"49148","GERENDONG","3893"
"49149","GEROGOL / GROGOL","4024"
"49150","GINTUNG","3968"
"49151","GIRIHARJA","3951"
"49152","GIRIJAGABAYA","4001"
"49153","GIRIJAYA","3978"
"49154","GIRILAYA","3951"
"49155","GIRIMUKTI","3983"
"49156","GIRIMUKTI","4008"
"49157","GIRIPAWANA","4003"
"49158","GOMBONG","4016"
"49159","GONDRONG","4013"
"49160","GOSARA","3939"
"49161","GROGOL INDAH","3889"
"49162","GUBUGCIBEUREUM","3949"
"49163","GUMURUH","3919"
"49164","GUNUNG ANTEN","4008"
"49165","GUNUNG GEDE","3982"
"49166","GUNUNG KALER","3985"
"49167","GUNUNG KENCANA","3960"
"49168","GUNUNG SARI","3926"
"49169","GUNUNGBATU","3983"
"49170","GUNUNGBATU","3986"
"49171","GUNUNGCUPU","3935"
"49172","GUNUNGDATAR","3935"
"49173","GUNUNGKENDENG","3960"
"49174","GUNUNGPUTRI","3912"
"49175","GUNUNGSARI","3946"
"49176","GUNUNGSARI","3995"
"49177","GUNUNGSARI","4003"
"49178","GUNUNGSUGIH","3915"
"49179","GUNUNGWANGUN","3984"
"49180","GURADOG","3973"
"49181","HARAPANKARYA","3910"
"49182","HARIANG","4006"
"49183","HARJATANI","4025"
"49184","HARJAWANA","3962"
"49185","HARUMSARI","3951"
"49186","HARUNDANG","3922"
"49187","HAURGAJRUG","3951"
"49188","HEGARMANAH","3984"
"49189","HEGARMANAH","3982"
"49190","IDAMAN","3902"
"49191","INTEN JAYA","4008"
"49192","JAGABAYA","3921"
"49193","JAGARAKSA","4001"
"49194","JALUPANG GIRANG","3946"
"49195","JALUPANG MULYA","3958"
"49196","JAMBE","3885"
"49197","JAMBU KARYA","4018"
"49198","JANAKA","3894"
"49199","JATAKE","3882"
"49200","JATAKE","3991"
"49201","JATAKE","3982"
"49202","JATI MULYA","4023"
"49203","JATI WARINGIN","3926"
"49204","JATIMULYA","3942"
"49205","JATIMULYA","3997"
"49206","JATIUWUNG","3987"
"49207","JAWILAN","3964"
"49208","JAYAMANIK","4008"
"49209","JAYAMEKAR","3894"
"49210","JAYANTI","4000"
"49211","JAYAPURA","3951"
"49212","JAYASARI","4008"
"49213","JELUPANG","4026"
"49214","JENGGOT","3996"
"49215","JENGKOL","4027"
"49216","JERUKTIPIS","4014"
"49217","JEUNG JING","3961"
"49218","JIPUT","3894"
"49219","JOMBANG WETAN","4021"
"49220","JOMBANG","4011"
"49221","JUHUT","3992"
"49222","JULANG","3907"
"49223","JUNTI","3964"
"49224","JURANG MANGU BARAT","4028"
"49225","JURANG MANGU TIMUR","4028"
"49226","JURUMUDI BARU","3941"
"49227","JURUMUDI","3941"
"49228","KABAYAN","3897"
"49229","KADEMANGAN","3900"
"49230","KADIKARAN","3939"
"49231","KADOMAS","3897"
"49232","KADU AGUNG","3995"
"49233","KADU AGUNG","3923"
"49234","KADU JAYA","3948"
"49235","KADU KEMPONG","3932"
"49236","KADU SIRUNG","3991"
"49237","KADU","3948"
"49238","KADUAGUNG BARAT","3891"
"49239","KADUAGUNG TENGAH","3891"
"49240","KADUAGUNG TIMUR","3891"
"49241","KADUBADAK","3887"
"49242","KADUBALE","3912"
"49243","KADUBELANG","4029"
"49244","KADUBERA","3971"
"49245","KADUBEUREUM","4017"
"49246","KADUBEUREUM","3932"
"49247","KADUBUNGBANG","3935"
"49248","KADUDAMAS","3905"
"49249","KADUDAMPIT","3978"
"49250","KADUDODOL","3935"
"49251","KADUELA","3972"
"49252","KADUENGANG","3972"
"49253","KADUGADUNG","3937"
"49254","KADUGEMBLO","3920"
"49255","KADUGENEP","3959"
"49256","KADUHAUK","3946"
"49257","KADUHEJO","3918"
"49258","KADUJAJAR","3966"
"49259","KADUJANGKUNG","4029"
"49260","KADULIMUS","3912"
"49261","KADUMADANG","3935"
"49262","KADUMALATI","3963"
"49263","KADUMANEUH","3912"
"49264","KADUMERAK","3992"
"49265","KADUPANDAK","3971"
"49266","KADUPAYUNG","3884"
"49267","KADURAHAYU","3962"
"49268","KADURONYOK","3981"
"49269","KAGUNGAN","4009"
"49270","KALANG ANYAR","4007"
"49271","KALANGANYAR","3892"
"49272","KALANGANYAR","3928"
"49273","KALANGGUNUNG","3937"
"49274","KALAPIAN","4019"
"49275","KALI ASIN","3944"
"49276","KALIBARU","3967"
"49277","KALIGANDU","4009"
"49278","KALITIMBANG","3970"
"49279","KALODORAN  /  KALODRAN","3993"
"49280","KALUMPANG","3932"
"49281","KAMANISAN","4005"
"49282","KAMARUTON","3965"
"49283","KAMASAN","3924"
"49284","KAMPUNG BARU","3950"
"49285","KAMPUNG BARU","3959"
"49286","KAMPUNG BESAR","3895"
"49287","KAMPUNG KELOR","4023"
"49288","KAMPUNG MELAYU BARAT","3895"
"49289","KAMPUNG MELAYU TIMUR","3895"
"49290","KAMUNING (KEMUNING)","3899"
"49291","KAMUNING","3956"
"49292","KAMURANG","3907"
"49293","KANANGA","3884"
"49294","KANDA WATI","3985"
"49295","KANDANGSAPI","3979"
"49296","KANEKES","3958"
"49297","KAPUNDUHAN","3979"
"49298","KARANG ANYAR","4030"
"49299","KARANG ANYAR","4031"
"49300","KARANG MULYA","4032"
"49301","KARANG SARI","4031"
"49302","KARANG SERANG","3968"
"49303","KARANG SURAGA","3924"
"49304","KARANG TENGAH","4032"
"49305","KARANG TENGAH","3991"
"49306","KARANG TIMUR","4032"
"49307","KARANGASEM","3970"
"49308","KARANGBOLONG","3927"
"49309","KARANGCOMBONG","4001"
"49310","KARANGHARJA","3961"
"49311","KARANGKAMULYAN","3933"
"49312","KARANGKEPUH","3955"
"49313","KARANGNUNGGAL","3905"
"49314","KARANGPAMINDANGAN","3940"
"49315","KARANGSARI","3887"
"49316","KARANGSETRA","3893"
"49317","KARATON","4004"
"49318","KARAWACI BARU","3957"
"49319","KARAWACI","3957"
"49320","KAREO","3964"
"49321","KARET","4033"
"49322","KAROYA","3905"
"49323","KARTASANA","3910"
"49324","KARUNDANG","3916"
"49325","KARYA JAYA","4008"
"49326","KARYABUANA","3927"
"49327","KARYASARI","3903"
"49328","KARYASARI","3990"
"49329","KARYAUTAMA","3903"
"49330","KARYAWANGI","3918"
"49331","KASEMEN","3925"
"49332","KASERANGAN","3939"
"49333","KASUNYATAN","3925"
"49334","KATULISAN","3922"
"49335","KATUMBIRI","3927"
"49336","KAUNGCAANG","3972"
"49337","KAWOYANG","3917"
"49338","KAYU AGUNG","4033"
"49339","KAYU BONGKOK","4033"
"49340","KEBON BESAR","3934"
"49341","KEBON CAU","3950"
"49342","KEBON CAU","3895"
"49343","KEBON","3883"
"49344","KEBONCAU","3962"
"49345","KEBONDALEM","4034"
"49346","KEBONRATU","3965"
"49347","KEBONSARI","4015"
"49348","KEBUYUTAN","3883"
"49349","KEDALEMAN","3970"
"49350","KEDAUNG BARAT","4023"
"49351","KEDAUNG BARU","4031"
"49352","KEDAUNG WETAN","4031"
"49353","KEDAUNG","3996"
"49354","KEDAUNG","3911"
"49355","KEDUNG DALEM","3926"
"49356","KEDUNG SOKA","3890"
"49357","KEDUNG","3985"
"49358","KELAPA DUA","3943"
"49359","KELAPA INDAH","3901"
"49360","KEMANISAN","3883"
"49361","KEMIRI","4030"
"49362","KEMUNING","4027"
"49363","KEMUNING","3947"
"49364","KENANGA","4013"
"49365","KENCANA HARAPAN","3965"
"49366","KENDAYAKAN","4014"
"49367","KEPANDEAN","3939"
"49368","KEPUH","3915"
"49369","KEPUREN","3993"
"49370","KERAMATJAYA / KRAMATJAYA","3960"
"49371","KERONCONG","3882"
"49372","KERSARATU","3966"
"49373","KERTA","3946"
"49374","KERTAJAYA","3994"
"49375","KERTAMUKTI","3994"
"49376","KERTARAHARJA","3946"
"49377","KERTARAHARJA","3954"
"49378","KERTARAHAYU","3946"
"49379","KERTASANA","3955"
"49380","KESERANGAN","4019"
"49381","KETAPANG","4013"
"49382","KETAPANG","3926"
"49383","KETAPANG","3940"
"49384","KETILENG","3906"
"49385","KETOS","3930"
"49386","KEUSIK","3946"
"49387","KIARA PAYUNG","3967"
"49388","KIARA","3993"
"49389","KIARAJANGKUNG","3999"
"49390","KIARAPAYUNG","3999"
"49391","KIBIN","3930"
"49392","KILASAH","3925"
"49393","KJLEBET (KELEBET)","4030"
"49394","KLUTUK","3996"
"49395","KOANG JAYA","3957"
"49396","KOHOD","3967"
"49397","KOLELET WETAN","3997"
"49398","KOLELET","3971"
"49399","KONCANG","3937"
"49400","KONDANGJAYA","3981"
"49401","KOPER","3907"
"49402","KOPER","4027"
"49403","KOPO","3896"
"49404","KORANJI","3972"
"49405","KORANJI","3918"
"49406","KORONCONG","3893"
"49407","KOSAMBI BARAT","3942"
"49408","KOSAMBI DALAM","3996"
"49409","KOSAMBI RONYOK","3889"
"49410","KOSAMBI TIMUR","3942"
"49411","KOSAMBI","3968"
"49412","KOTABARU","4009"
"49413","KOTABUMI","4034"
"49414","KOTADUKUH","3986"
"49415","KOTASARI","4024"
"49416","KRAGILAN","4014"
"49417","KRAMAT","3967"
"49418","KRAMATJATI","4014"
"49419","KRAMATJAYA","3936"
"49420","KRAMATLABAN","3932"
"49421","KRAMATMANIK","3887"
"49422","KRAMATWATU","4025"
"49423","KRANGGAN","3900"
"49424","KREO SELATAN","4010"
"49425","KREO","4010"
"49426","KRESEK","4027"
"49427","KRONJO","3908"
"49428","KUBANG BAROS","3924"
"49429","KUBANG JAYA","3959"
"49430","KUBANG PUJI","4019"
"49431","KUBANG","3944"
"49432","KUBANGKAMPIL","3990"
"49433","KUBANGKONDANG","3981"
"49434","KUBANGSARI","3915"
"49435","KUJANGJAYA","3984"
"49436","KUJANGSARI","3984"
"49437","KUJANGSARI","3919"
"49438","KUMPAY","3946"
"49439","KUNCIRAN INDAH","4012"
"49440","KUNCIRAN JAYA","4012"
"49441","KUNCIRAN","4012"
"49442","KUPAHANDAP","3935"
"49443","KURANJI","4007"
"49444","KURUNGDAHU","3972"
"49445","KURUNGKAMBING","4003"
"49446","KUTA BARU","4022"
"49447","KUTA BUMI","4022"
"49448","KUTA JAYA","4022"
"49449","KUTAKARANG","3999"
"49450","KUTAMEKAR","3954"
"49451","KUTRUK","3885"
"49452","LABAN","3883"
"49453","LABANJAYA","3946"
"49454","LABUAN","3928"
"49455","LABUHAN","3888"
"49456","LAKSANA","3967"
"49457","LAMARAN","3952"
"49458","LAMBANGSARI","3955"
"49459","LANGENSARI","3978"
"49460","LARANGAN INDAH","4010"
"49461","LARANGAN SELATAN","4010"
"49462","LARANGAN UTARA","4010"
"49463","LEBAK GEDE","4035"
"49464","LEBAK KEPUH","3965"
"49465","LEBAK PARAHIANG","3958"
"49466","LEBAK PEUNDEUY","3933"
"49467","LEBAK WANGI","4023"
"49468","LEBAK","3976"
"49469","LEBAK","3986"
"49470","LEBAKDENOK","4015"
"49471","LEBAKGEDONG","3914"
"49472","LEBAKKASIH","3973"
"49473","LEBAKKEUSIK","3946"
"49474","LEBAKSANGKA","3914"
"49475","LEBAKSITU","3914"
"49476","LEBAKTIPAR","3983"
"49477","LEBAKWANA","4025"
"49478","LEBAKWANGI","3965"
"49479","LEBAKWANGI","3993"
"49480","LEGOK SULA MAJU","4030"
"49481","LEGOK","3899"
"49482","LEMBANG SARI","4018"
"49483","LEMO","3895"
"49484","LEMPUYANG","3945"
"49485","LENGKONG GUDANG TIMUR","3969"
"49486","LENGKONG GUDANG","3969"
"49487","LENGKONG KARYA","4026"
"49488","LENGKONG KULON","3991"
"49489","LENGKONG WETAN","3969"
"49490","LEUWIBALANG","3998"
"49491","LEUWICOO","4001"
"49492","LEUWIDAMAR","3958"
"49493","LEUWIIPUH","3946"
"49494","LEUWILIMUS","3907"
"49495","LIALANG","4007"
"49496","LINDUK","4019"
"49497","LONTAR","4030"
"49498","LONTAR","3883"
"49499","LONTARBARU","4009"
"49500","LOPANG","4009"
"49501","LUHURJAYA","3951"
"49502","LUWUK","3995"
"49503","MAHENDRA","3980"
"49504","MAJA BARU","3949"
"49505","MAJA","3949"
"49506","MAJASARI","3964"
"49507","MAJASARI","4006"
"49508","MAJAU","3978"
"49509","MALABAR","3898"
"49510","MALABAR","3891"
"49511","MALANG NENGAH","3991"
"49512","MALANGGAH","3956"
"49513","MALANGNENGAH","3999"
"49514","MALANGSARI","3951"
"49515","MALINGPING SELATAN","3966"
"49516","MALINGPING UTARA","3966"
"49517","MANCAK","3888"
"49518","MANDALASARI","3920"
"49519","MANDALASARI","4003"
"49520","MANDALAWANGI","4003"
"49521","MANDAYA","3974"
"49522","MANDER","3898"
"49523","MANGGUNGJAYA","3929"
"49524","MANGKUALAM","3936"
"49525","MANGKUNEGARA","3955"
"49526","MANGLID","3999"
"49527","MANGUNREJA","3890"
"49528","MANIS JAYA","3882"
"49529","MARAYA","3913"
"49530","MARGA JAYA","4008"
"49531","MARGA MULYA","3926"
"49532","MARGA SARI","3957"
"49533","MARGA SARI","3923"
"49534","MARGAGIRI","3955"
"49535","MARGAGIRI","3910"
"49536","MARGALUYU","4008"
"49537","MARGALUYU","3925"
"49538","MARGALUYU","3913"
"49539","MARGAMULYA","3919"
"49540","MARGASANA","4025"
"49541","MARGASANA","3910"
"49542","MARGASARI","3890"
"49543","MARGATIRTA","4008"
"49544","MARGAWANGI","3958"
"49545","MASIGIT","4021"
"49546","MATA GARA","3923"
"49547","MAUK BARAT","3926"
"49548","MAUK TIMUR","3926"
"49549","MAYAK","3973"
"49550","MEDALSARI","3978"
"49551","MEDANG","3991"
"49552","MEDONG","4029"
"49553","MEKAR AGUNG","3891"
"49554","MEKAR BAKTI","3977"
"49555","MEKAR BARU","3996"
"49556","MEKAR JAYA","3955"
"49557","MEKAR JAYA","4008"
"49558","MEKAR JAYA","3977"
"49559","MEKAR JAYA","4033"
"49560","MEKAR KONDANG","3968"
"49561","MEKAR RAHAYU","3962"
"49562","MEKAR SARI","4031"
"49563","MEKARBARU","3896"
"49564","MEKARBARU","3959"
"49565","MEKARJAYA","3979"
"49566","MEKARJAYA","3903"
"49567","MEKARJAYA","3919"
"49568","MEKARJAYA","4029"
"49569","MEKARJAYA","3982"
"49570","MEKARJAYA","4016"
"49571","MEKARMANIK","3962"
"49572","MEKARMULYA","4008"
"49573","MEKARSARI","3889"
"49574","MEKARSARI","3929"
"49575","MEKARSARI","3974"
"49576","MEKARSARI","3984"
"49577","MEKARSARI","3933"
"49578","MEKARSARI","3924"
"49579","MEKARSARI","3885"
"49580","MEKARSARI","3949"
"49581","MEKARSARI","4016"
"49582","MEKARSARI","4035"
"49583","MEKARSARI","4018"
"49584","MEKARSARI","3997"
"49585","MEKARSARI","3913"
"49586","MEKARWANGI","3988"
"49587","MEKARWANGI","4001"
"49588","MEKARWANGI","3978"
"49589","MELATI","3947"
"49590","MENDUNG","3980"
"49591","MENES","3884"
"49592","MERAK","3944"
"49593","MESJID PRIYAYI","3925"
"49594","MOGANA","3912"
"49595","MONGPOK","3922"
"49596","MONTOR","3910"
"49597","MUARA CIUJUNG BARAT","3997"
"49598","MUARA CIUJUNG TIMUR","3997"
"49599","MUARA","3895"
"49600","MUARA","3940"
"49601","MUARADUA","3886"
"49602","MUGIJAYA","3989"
"49603","MUNCANG","4001"
"49604","MUNCANGKOPONG","3886"
"49605","MUNCUL","3900"
"49606","MUNCUNG","3908"
"49607","MUNJUL","3986"
"49608","MUNJUL","4002"
"49609","MURUY","3884"
"49610","NAGARA PADANG","3959"
"49611","NAGARA","3930"
"49612","NAMBO ILIR","3930"
"49613","NAMBO JAYA","3957"
"49614","NAMBO UDIK","3907"
"49615","NAMENG","3997"
"49616","NANGERANG","3905"
"49617","NANGGALA","3998"
"49618","NANGGUNG","3896"
"49619","NARIMBANG MULIA","3997"
"49620","NAYAGATI","3958"
"49621","NEGLASARI","3984"
"49622","NEGLASARI","4031"
"49623","NEMBOL","4003"
"49624","NEROGTOG","4012"
"49625","NUSA JAYA","3957"
"49626","NYAPAH","3993"
"49627","NYOMPOK","3896"
"49628","ONYAM","3985"
"49629","PABEAN","4034"
"49630","PABUARAN TUMPENG","3957"
"49631","PABUARAN","4000"
"49632","PABUARAN","3957"
"49633","PABUARAN","4017"
"49634","PABUARAN","3997"
"49635","PABUARAN","3993"
"49636","PADAHAYU","3903"
"49637","PADAHERANG","3887"
"49638","PADAMULYA","3887"
"49639","PADARINCANG","3932"
"49640","PADASUKA","3931"
"49641","PADASUKA","3936"
"49642","PADASUKA","3949"
"49643","PADASUKA","3959"
"49644","PADASUKA","3921"
"49645","PADURENAN (PEDURENAN)","4032"
"49646","PAGADUNGAN","3992"
"49647","PAGEDANGAN ILIR","3908"
"49648","PAGEDANGAN UDIK","3908"
"49649","PAGEDANGAN","3991"
"49650","PAGELARAN","3966"
"49651","PAGELARAN","3910"
"49652","PAGENJAHAN","3908"
"49653","PAGERAGUNG","3993"
"49654","PAGERBATU","4004"
"49655","PAGINTUNGAN","3964"
"49656","PAJA","3913"
"49657","PAJAGAN","3913"
"49658","PAJANG","3941"
"49659","PAKOJAN","4012"
"49660","PAKU ALAM","3967"
"49661","PAKU JAYA","4026"
"49662","PAKUALAM","4026"
"49663","PAKUHAJI","3967"
"49664","PAKULONAN BARAT","3943"
"49665","PAKULONAN","4026"
"49666","PAKULURAN","3893"
"49667","PAKUNCEN","3955"
"49668","PALA SARI","3899"
"49669","PALANYAR","3937"
"49670","PALEMBANG","3981"
"49671","PALURAHAN","3920"
"49672","PAMANUK","3974"
"49673","PAMARAYAN","3894"
"49674","PAMARAYAN","3950"
"49675","PAMENGKANG","4025"
"49676","PAMONG","3939"
"49677","PAMUBULAN","3938"
"49678","PAMULANG BARAT","3911"
"49679","PAMULANG TIMUR","3911"
"49680","PANACARAN","3986"
"49681","PANAMPING","3898"
"49682","PANANCANGAN","3891"
"49683","PANANCANGAN","3916"
"49684","PANCALAKSANA","4005"
"49685","PANCANEGARA","4017"
"49686","PANCARECANG","3956"
"49687","PANCUR","4007"
"49688","PANDAT","4003"
"49689","PANDEGLANG","3897"
"49690","PANENJOAN","3974"
"49691","PANGADEGAN","4022"
"49692","PANGARENGAN","4018"
"49693","PANGAWINAN","3898"
"49694","PANGGARANGAN","3982"
"49695","PANGGUNG RAWI","4021"
"49696","PANGGUNGJATI","4007"
"49697","PANGKALAN","3954"
"49698","PANGKALAN","3895"
"49699","PANGKAT","4000"
"49700","PANIIS","3893"
"49701","PANIMBANGJAYA","4016"
"49702","PANINGGILAN UTARA","4036"
"49703","PANINGGILAN","4036"
"49704","PANJANGJAYA","4003"
"49705","PANONGAN","3977"
"49706","PANOSOGAN","3922"
"49707","PANUNGGANGAN BARAT","3987"
"49708","PANUNGGANGAN TIMUR","4012"
"49709","PANUNGGANGAN UTARA","4012"
"49710","PANUNGGANGAN","4012"
"49711","PANUNGGULAN","3956"
"49712","PANYABRANGAN","3922"
"49713","PANYAUNGAN JAYA","3976"
"49714","PANYAUNGAN","3933"
"49715","PANYIRAPAN","3931"
"49716","PARAGE","3886"
"49717","PARAHU","3944"
"49718","PARAKAN","3964"
"49719","PARAKANBEUSI","3962"
"49720","PARAKANLIMA","3905"
"49721","PAREANG","4029"
"49722","PARI","4003"
"49723","PARIGI","3907"
"49724","PARIGI","3978"
"49725","PARUMASAN","3937"
"49726","PARUNG JAYA","4032"
"49727","PARUNG SERAB","4036"
"49728","PARUNGKOKOSAN","3998"
"49729","PARUNGKUJANG","3919"
"49730","PARUNGPANJANG","3940"
"49731","PARUNGSARI","3913"
"49732","PARUNGSARI","3940"
"49733","PASANGGRAHAN","3986"
"49734","PASANGGRAHAN","4017"
"49735","PASANGGRAHAN","4002"
"49736","PASAR BARU","3957"
"49737","PASAR KEMIS","4022"
"49738","PASAR KEONG","3891"
"49739","PASAURAN","3924"
"49740","PASILIAN","3908"
"49741","PASINDANGAN","3919"
"49742","PASIR AMPO","4027"
"49743","PASIR BARAT","3885"
"49744","PASIR BOLANG","3923"
"49745","PASIR GADUNG","3953"
"49746","PASIR GINTUNG","4000"
"49747","PASIR JAYA","3953"
"49748","PASIR JAYA","3882"
"49749","PASIR KECAPI","3949"
"49750","PASIR KEMBANG","3949"
"49751","PASIR KEMBANG","3950"
"49752","PASIR MUNCANG","4000"
"49753","PASIR NANGKA","3923"
"49754","PASIR","3908"
"49755","PASIRAWI","3912"
"49756","PASIRBITUNG","3962"
"49757","PASIRBUNGUR","3983"
"49758","PASIRBUYUT","3964"
"49759","PASIRDURUNG","3963"
"49760","PASIREURIH","3937"
"49761","PASIREURIH","3981"
"49762","PASIRGADUNG","3902"
"49763","PASIRGINTUNG","3886"
"49764","PASIRGOMBONG","3938"
"49765","PASIRHAUR","3951"
"49766","PASIRJAKSA","3893"
"49767","PASIRKADU","3990"
"49768","PASIRKARANG","3893"
"49769","PASIRKUPA","3892"
"49770","PASIRLANCAR","3963"
"49771","PASIRLIMUS","3950"
"49772","PASIRLOA","3963"
"49773","PASIRMAE","3937"
"49774","PASIRNANGKA","4001"
"49775","PASIRPANJANG","3971"
"49776","PASIRPEUTEUY","3972"
"49777","PASIRSEDANG","3971"
"49778","PASIRTANGKIL","3921"
"49779","PASIRTANJUNG","3997"
"49780","PASIRTENJO","3963"
"49781","PASIRWARU","3888"
"49782","PASULUHAN","3993"
"49783","PATIA","3902"
"49784","PATRA MANGGALA","4030"
"49785","PATRA SANA","4027"
"49786","PEDALEMAN","3945"
"49787","PEGADINGAN","4025"
"49788","PEGANDIKAN (PEGANTIKAN)","3965"
"49789","PEJAMBEN","3917"
"49790","PEJATEN","4025"
"49791","PEKAYON","3968"
"49792","PELAMUNAN","4025"
"49793","PELAWAD","3939"
"49794","PEMATANG","4014"
"49795","PEMATANG","3923"
"49796","PENGAMPELAN","3993"
"49797","PENGARENGAN","3955"
"49798","PENGGALANG","3939"
"49799","PERDANA","3990"
"49800","PERIGI BARU","4028"
"49801","PERIGI LAMA","4028"
"49802","PERIUK JAYA","4020"
"49803","PERIUK","4020"
"49804","PETE","3923"
"49805","PETIR","4013"
"49806","PETIR","3959"
"49807","PEUCANGPARI","3989"
"49808","PEUSAR","3977"
"49809","PINANG","4012"
"49810","PIPITAN","3993"
"49811","PISANGAN JAYA","4033"
"49812","PISANGAN","3975"
"49813","PONDOK AREN","4028"
"49814","PONDOK BAHAR","4032"
"49815","PONDOK BENDA","3911"
"49816","PONDOK BETUNG","4028"
"49817","PONDOK CABE ILIR","3911"
"49818","PONDOK CABE UDIK","3911"
"49819","PONDOK JAGUNG TIMUR","4026"
"49820","PONDOK JAGUNG","4026"
"49821","PONDOK JAYA","4028"
"49822","PONDOK JAYA","4033"
"49823","PONDOK KACANG BARAT","4028"
"49824","PONDOK KACANG TIMUR","4028"
"49825","PONDOK KAHURU","3976"
"49826","PONDOK KARYA","4028"
"49827","PONDOK KELOR","4023"
"49828","PONDOK PUCUNG","4032"
"49829","PONDOK PUCUNG","4028"
"49830","PONDOK RANJI","3975"
"49831","PONDOKPANJANG","3933"
"49832","PONTANG LEGON","3883"
"49833","PONTANG","4019"
"49834","PORIS GAGA BARU","3934"
"49835","PORIS GAGA","3934"
"49836","PORIS JAYA","3934"
"49837","PORIS PLAWAD INDAH","4013"
"49838","PORIS PLAWAD UTARA","4013"
"49839","PORIS PLAWAD","4013"
"49840","PRABUGANTUNGAN","3919"
"49841","PRINGWULUNG","3898"
"49842","PUDAR","3950"
"49843","PULO AMPEL","3890"
"49844","PULO KENCANA","4019"
"49845","PULO PANJANG","3890"
"49846","PULO","3939"
"49847","PURWADADI","3965"
"49848","PURWAKARTA","4034"
"49849","PURWARAJA","3884"
"49850","PUSER","3883"
"49851","RAGASMESIGIT","3974"
"49852","RAHAYU","3902"
"49853","RAHONG","3966"
"49854","RAJEG","4018"
"49855","RAJEGMULYA","4018"
"49856","RAMANUJU","4034"
"49857","RAMAYA","3884"
"49858","RAMEA","4003"
"49859","RANCA BANGO","4018"
"49860","RANCA GEDE","3985"
"49861","RANCA ILAT","4027"
"49862","RANCA IYUH","3977"
"49863","RANCA KALAPA","3977"
"49864","RANCA LABUH","4030"
"49865","RANCABUAYA","3885"
"49866","RANCABUGEL","4029"
"49867","RANCAGONG","3899"
"49868","RANCAPINANG","3936"
"49869","RANCASANGGAL","3924"
"49870","RANCASENENG","3998"
"49871","RANCASUMUR","3896"
"49872","RANCATEUREUP","3928"
"49873","RANDAKARI","3915"
"49874","RANGKASBITUNG BARAT","3997"
"49875","RANGKASBITUNG TIMUR","3997"
"49876","RANJENG","3939"
"49877","RAWA ARUM","4024"
"49878","RAWA BONI","3967"
"49879","RAWA BUNTU","3969"
"49880","RAWA BURUNG","3942"
"49881","RAWA KIDANG","3968"
"49882","RAWA MEKAR JAYA","3969"
"49883","RAWA RENGAS","3942"
"49884","RAWASARI","3981"
"49885","REMPOA","3975"
"49886","RENGAS","3975"
"49887","RENGED","3952"
"49888","RENGED","4027"
"49889","ROCEK","3935"
"49890","SAGA","3909"
"49891","SAJIRA","3913"
"49892","SAJIRAMEKAR","3913"
"49893","SAKETI","3978"
"49894","SALAPRAYA","3894"
"49895","SALEMBARAN JATI","3942"
"49896","SALEMBARAN RAYA","3942"
"49897","SALIRA","3890"
"49898","SAMANGRAYA","4015"
"49899","SAMBILAWANG","3947"
"49900","SAMPANGBITUNG","3894"
"49901","SAMPARWADI","3883"
"49902","SAMPIR","3947"
"49903","SAMPORA","3988"
"49904","SANDING","3959"
"49905","SANGHIANG","3966"
"49906","SANGHIANGDENGDEK","3918"
"49907","SANGIANG JAYA","4008"
"49908","SANGIANG JAYA","4020"
"49909","SANGIANG TANJUNG","3892"
"49910","SANGIANG","3949"
"49911","SANGIANG","3888"
"49912","SANGIANG","3950"
"49913","SANGIANG","4023"
"49914","SANGKAN MANIK","4008"
"49915","SANGKANWANGI","3958"
"49916","SANINTEN","3920"
"49917","SARAGENI","4008"
"49918","SARAKAN","4033"
"49919","SARUA (SERUA)","4011"
"49920","SARUA INDAH","4011"
"49921","SARUNI","4004"
"49922","SASAHAN","3947"
"49923","SASAK","3926"
"49924","SAWAH BARU","4011"
"49925","SAWAH LAMA","4011"
"49926","SAWAH LUHUR","3925"
"49927","SAWARNA TIMUR","3938"
"49928","SAWARNA","3938"
"49929","SAYAR","4007"
"49930","SEKARWANGI","3973"
"49931","SEKONG","3935"
"49932","SELAPAJANG JAYA","4031"
"49933","SELAPAJANG","3961"
"49934","SELARAJA","3921"
"49935","SENANGHATI","3966"
"49936","SENANGSARI","3910"
"49937","SENTUL JAYA","3909"
"49938","SENTUL","3909"
"49939","SENTUL","4014"
"49940","SEPANG","4007"
"49941","SEPATAN","4033"
"49942","SERANG","4009"
"49943","SERDANG KULON","3977"
"49944","SERDANG WETAN","3899"
"49945","SERDANG","4025"
"49946","SERPONG","3969"
"49947","SETRAJAYA","3893"
"49948","SETU","3900"
"49949","SEUAT JAYA","3959"
"49950","SEUAT","3959"
"49951","SEUSEUPAN","3990"
"49952","SIDAMUKTI","3931"
"49953","SIDAMUKTI","3990"
"49954","SIDOKO","3985"
"49955","SIGEDONG","3888"
"49956","SIKETUG","3976"
"49957","SIKULAN","3894"
"49958","SILEBU","4014"
"49959","SIMPANGTIGA","3902"
"49960","SINARGALIH","3984"
"49961","SINARJAYA","3927"
"49962","SINARJAYA","4003"
"49963","SINARMUKTI","3931"
"49964","SINDANG ASIH","3904"
"49965","SINDANG JAYA","3904"
"49966","SINDANG PANON","3904"
"49967","SINDANG SARI","4022"
"49968","SINDANG SONO","3904"
"49969","SINDANGHAYU","3978"
"49970","SINDANGHEULA","4017"
"49971","SINDANGKARYA","3889"
"49972","SINDANGKARYA","3884"
"49973","SINDANGKERTA","3999"
"49974","SINDANGLAUT","3917"
"49975","SINDANGLAYA","3924"
"49976","SINDANGLAYA","3910"
"49977","SINDANGLAYA","4006"
"49978","SINDANGMANDI","3889"
"49979","SINDANGMANDI","3931"
"49980","SINDANGMULYA","3949"
"49981","SINDANGRATU","3982"
"49982","SINDANGRESMI","3963"
"49983","SINDANGSARI","4017"
"49984","SINDANGSARI","3959"
"49985","SINDANGSARI","3913"
"49986","SINDANGSARI","3921"
"49987","SINDANGWANGI","4001"
"49988","SINGAMERTA","3939"
"49989","SINGARAJAN","4019"
"49990","SIPAYUNG","3951"
"49991","SIREMEN","3945"
"49992","SIRNAGALIH","4003"
"49993","SITU GADUNG","3991"
"49994","SITUMULYA","3984"
"49995","SITURAGEN","3982"
"49996","SITUTERATE","3907"
"49997","SOBANG","4006"
"49998","SOBANG","3954"
"49999","SODONG","3978"
"50000","SODONG","3923"
