"id","nama_desa","kecamatan_id"
"28001","KERTAJAYA","2175"
"28002","KERTAJAYA","2215"
"28003","KERTAMANAH","2473"
"28004","KERTAMANDALA","2039"
"28005","KERTAMAYA","2141"
"28006","KERTAMEKAR","2109"
"28007","KERTAMUKTI","2159"
"28008","KERTAMUKTI","2235"
"28009","KERTAMUKTI","1984"
"28010","KERTAMUKTI","2414"
"28011","KERTAMUKTI","2136"
"28012","KERTAMUKTI","2466"
"28013","KERTAMUKTI","2392"
"28014","KERTAMUKTI","2505"
"28015","KERTAMUKTI","2416"
"28016","KERTAMUKTI","2101"
"28017","KERTAMULYA","2228"
"28018","KERTAMULYA","2287"
"28019","KERTAMULYA","2492"
"28020","KERTANEGARA","2463"
"28021","KERTANEGLA","2197"
"28022","KERTARAHARJA","2189"
"28023","KERTARAHARJA","2253"
"28024","KERTARAHARJA","2082"
"28025","KERTARAHARJA","2492"
"28026","KERTARAHARJA","2110"
"28027","KERTARAHAYU","2285"
"28028","KERTARAHAYU","2482"
"28029","KERTARAHAYU","2263"
"28030","KERTARAHAYU","1973"
"28031","KERTASARI","2176"
"28032","KERTASARI","2160"
"28033","KERTASARI","2100"
"28034","KERTASARI","2392"
"28035","KERTASARI","2013"
"28036","KERTASARI","1952"
"28037","KERTASARI","2452"
"28038","KERTASARI","2098"
"28039","KERTASARI","1946"
"28040","KERTASARI","2505"
"28041","KERTASARI","2543"
"28042","KERTASEMAYA","2522"
"28043","KERTASURA","2243"
"28044","KERTAUNGARAN","2028"
"28045","KERTAWALUYA","2223"
"28046","KERTAWANA","2464"
"28047","KERTAWANGI","2457"
"28048","KERTAWANGUN","2544"
"28049","KERTAWANGUNAN","2028"
"28050","KERTAWINANGUN","2240"
"28051","KERTAWINANGUN","2238"
"28052","KERTAWINANGUN","2537"
"28053","KERTAWINANGUN","2013"
"28054","KERTAWINANGUN","2472"
"28055","KERTAWIRAMA","2298"
"28056","KERTAYASA","2131"
"28057","KERTAYASA","2074"
"28058","KERTAYASA","2028"
"28059","KERTAYUGA","2298"
"28060","KERTICALA","2172"
"28061","KESAMBI","2493"
"28062","KESENDEN","2547"
"28063","KESEPUHAN","2548"
"28064","KIAJARAN KULON","2225"
"28065","KIANGROKE","2079"
"28066","KIARA PANDAK","2438"
"28067","KIARA","2145"
"28068","KIARAJANGKUNG","2112"
"28069","KIARAPAYUNG","1961"
"28070","KIARAPAYUNG","2199"
"28071","KIARAPEDES","2321"
"28072","KIARASARI","2485"
"28073","KIARASARI","2438"
"28074","KIDANGPANANJUNG","2135"
"28075","KIHIYANG","2165"
"28076","KIJARAN WETAN","2225"
"28077","KIRISIK","2086"
"28078","KLANGENAN","2071"
"28079","KLAPANUNGGAL","2094"
"28080","KLARI","1961"
"28081","KLAYAN","1944"
"28082","KLIWED","2522"
"28083","KODASARI","1952"
"28084","KOLEANG","2037"
"28085","KOMPA","2022"
"28086","KONDANGJAJAR","2131"
"28087","KONDANGJAYA","1943"
"28088","KONDANGMEKAR","2360"
"28089","KONDANGSARI","2147"
"28090","KONGSIJAYA","2069"
"28091","KOPO","1991"
"28092","KOPO","2128"
"28093","KOPO","2255"
"28094","KOPYAH","1964"
"28095","KORANJI","2151"
"28096","KOREAK","2020"
"28097","KOSAMBI","2527"
"28098","KOSAMBIBATU","2414"
"28099","KOTA BARU","2166"
"28100","KOTA BATU","2296"
"28101","KOTABARU","1986"
"28102","KOTAKALER","2506"
"28103","KOTAKULON","2447"
"28104","KOTAKULON","2035"
"28105","KOTASARI","2502"
"28106","KOTAWETAN","2447"
"28107","KRAMATWANGI","2340"
"28108","KRANGKENG","2494"
"28109","KRANJI","2166"
"28110","KRASAK","2237"
"28111","KREYO","2071"
"28112","KRIMUN","2284"
"28113","KROYA","2533"
"28114","KROYA","2508"
"28115","KRUKUT","2507"
"28116","KUBANG","2504"
"28117","KUBANG","2308"
"28118","KUBANG","2286"
"28119","KUBANGDELEG","2169"
"28120","KUBANGKARANG","2538"
"28121","KUBANGSARI","2319"
"28122","KUDADEPA","2112"
"28123","KUDANGWANGI","2348"
"28124","KUDUKERAS","2006"
"28125","KUDUMULYA","2006"
"28126","KUJANG","2429"
"28127","KUJANG","2301"
"28128","KUJANGSARI","2137"
"28129","KUJANGSARI","2202"
"28130","KUKUSAN","2150"
"28131","KULUR","1994"
"28132","KUMBUNG","2023"
"28133","KUMPAY","2251"
"28134","KUNINGAN","1953"
"28135","KURIPAN","2010"
"28136","KURNIABAKTI","2235"
"28137","KUTA MEKAR","2003"
"28138","KUTA","2467"
"28139","KUTAAMPEL","2130"
"28140","KUTAGANDOK","2549"
"28141","KUTAJAYA","2062"
"28142","KUTAJAYA","2549"
"28143","KUTAKARYA","2549"
"28144","KUTAKEMBARAN","2413"
"28145","KUTALANGGENG","2384"
"28146","KUTAMAKMUR","2226"
"28147","KUTAMANAH","2473"
"28148","KUTAMANDARAKAN","2249"
"28149","KUTAMANDIRI","2394"
"28150","KUTAMANEUH","2384"
"28151","KUTAMANGGU","2121"
"28152","KUTAMEKAR","2550"
"28153","KUTAMUKTI","2549"
"28154","KUTANAGARA","2124"
"28155","KUTANEGARA","2550"
"28156","KUTAPOHACI","2550"
"28157","KUTARAHARJA","2108"
"28158","KUTARAJA","2549"
"28159","KUTARAJA","2249"
"28160","KUTASIRNA","2009"
"28161","KUTAWARGI","2057"
"28162","KUTAWARINGIN","2255"
"28163","KUTAWARINGIN","2170"
"28164","KUTAWARINGIN","2096"
"28165","KUTAWARINGIN","2519"
"28166","KUTAWARINGIN","2033"
"28167","LABANJAYA","2492"
"28168","LABANSARI","2468"
"28169","LAGADAR","2380"
"28170","LAJER","2172"
"28171","LAKSANA","2322"
"28172","LAKSANAMEKAR","2287"
"28173","LALADON","2296"
"28174","LAMAJANG","2087"
"28175","LAMARANTARUNG","2272"
"28176","LAMBANGJAYA","2531"
"28177","LAMBANGSARI","2531"
"28178","LAME","2465"
"28179","LAMPEGAN","2322"
"28180","LAMPUYANG","1973"
"28181","LANGENSARI","2168"
"28182","LANGENSARI","2145"
"28183","LANGENSARI","2018"
"28184","LANGENSARI","2202"
"28185","LANGENSARI","2341"
"28186","LANGENSARI","2022"
"28187","LANGENSARI","2196"
"28188","LANGENSARI","2476"
"28189","LANGENSARI","2442"
"28190","LANGGENGSARI","2288"
"28191","LANGKAPJAYA","2433"
"28192","LANGKAPLANCAR","2073"
"28193","LANGKAPSARI","2083"
"28194","LANGONSARI","2206"
"28195","LANGSEB","2156"
"28196","LANGUT","2225"
"28197","LANJAN","2225"
"28198","LARANGAN","1974"
"28199","LARANGAN","2225"
"28200","LARANGANJAMBE","2522"
"28201","LAWANG GINTUNG","2141"
"28202","LEBAK ANYAR","2361"
"28203","LEBAK GEDE","2460"
"28204","LEBAK SILIWANGI","2460"
"28205","LEBAKAGUNG","2449"
"28206","LEBAKHERANG","1957"
"28207","LEBAKJAYA","2449"
"28208","LEBAKMEKAR","2496"
"28209","LEBAKMUNCANG","2484"
"28210","LEBAKSARI","2195"
"28211","LEBAKSIUH","2303"
"28212","LEBAKSIUH","2400"
"28213","LEBAKWANGI","1956"
"28214","LEBAKWANGI","2156"
"28215","LEBAKWANGI","2115"
"28216","LEDENG","2481"
"28217","LEGOK KALER","2230"
"28218","LEGOK KIDUL","2230"
"28219","LEGOK","2240"
"28220","LEGOK","2225"
"28221","LEGOKHERANG","2244"
"28222","LEGOKHUNI","2017"
"28223","LEGOKJAWA","2136"
"28224","LEGOKSARI","2440"
"28225","LEGONKULON","2171"
"28226","LEGONWETAN","2171"
"28227","LELEA","2288"
"28228","LELES","2275"
"28229","LELES","2356"
"28230","LEMAH DUHUR","2279"
"28231","LEMAH PUTIH","2065"
"28232","LEMAHABANG KULON","1979"
"28233","LEMAHABANG","2220"
"28234","LEMAHABANG","1979"
"28235","LEMAHABANG","2483"
"28236","LEMAHAYU","2522"
"28237","LEMAHDUHUR","2431"
"28238","LEMAHKARYA","2431"
"28239","LEMAHMAKMUR","2431"
"28240","LEMAHMEKAR","2220"
"28241","LEMAHMUKTI","2483"
"28242","LEMAHMULYA","2157"
"28243","LEMAHSUBUR","2431"
"28244","LEMAHSUGIH","2065"
"28245","LEMAHTAMBA","2508"
"28246","LEMAHWUNGKUK","2548"
"28247","LEMBAHSARI","2383"
"28248","LEMBANG","2275"
"28249","LEMBANG","2341"
"28250","LEMBURSAWAH","2357"
"28251","LEMBURSITU","2430"
"28252","LEMPUYANG","1964"
"28253","LENGGAH JAYA","2532"
"28254","LENGGAH SARI","2532"
"28255","LENGKONG","2217"
"28256","LENGKONG","2067"
"28257","LENGKONG","2413"
"28258","LENGKONG","2433"
"28259","LENGKONGBARANG","2283"
"28260","LENGKONGJAYA","2364"
"28261","LENGKONGJAYA","2449"
"28262","LENGKONGJAYA","2229"
"28263","LENGKONGKULON","2043"
"28264","LENGKONGSARI","2406"
"28265","LENGKONGWETAN","2043"
"28266","LEUWENGGEDE","1960"
"28267","LEUWEUNG KOLOT","2289"
"28268","LEUWEUNGGAJAH","2214"
"28269","LEUWEUNGHAPIT","1952"
"28270","LEUWIBATU","2344"
"28271","LEUWIBUDAH","2523"
"28272","LEUWIDINGDING","1979"
"28273","LEUWIDULANG","2410"
"28274","LEUWIGAJAH","2320"
"28275","LEUWIGEDE","2069"
"28276","LEUWIGOONG","2495"
"28277","LEUWIHIDEUNG","2345"
"28278","LEUWIKARET","2094"
"28279","LEUWIKIDANG","2499"
"28280","LEUWIKOJA","2170"
"28281","LEUWIKUJANG","2465"
"28282","LEUWILAJA","2043"
"28283","LEUWILIANG BARU","1952"
"28284","LEUWILIANG","2333"
"28285","LEUWILIANG","2120"
"28286","LEUWIMALANG","2128"
"28287","LEUWIMEKAR","2120"
"28288","LEUWIMUNDING","2465"
"28289","LEUWINANGGUNG","2434"
"28290","LEUWINUTUG","2479"
"28291","LEUWISADENG","2004"
"28292","LEUWISEENG","2107"
"28293","LEWOBARU","2124"
"28294","LIANGJULANG","1989"
"28295","LICIN","2328"
"28296","LIGARMUKTI","2094"
"28297","LIGUNG LOR","1952"
"28298","LIGUNG","1952"
"28299","LIMBANGAN SARI","2024"
"28300","LIMBANGAN","2486"
"28301","LIMBANGAN","2476"
"28302","LIMBANGANBARAT","2369"
"28303","LIMBANGANTENGAH","2369"
"28304","LIMBANGANTIMUR","2369"
"28305","LIMO","2507"
"28306","LIMPAS","1976"
"28307","LIMUS NUNGGAL","2092"
"28308","LIMUS NUNGGAL","2439"
"28309","LIMUSGEDE","2136"
"28310","LIMUSNUNGGAL","2007"
"28311","LINGGAINDAH","2061"
"28312","LINGGAJATI","1968"
"28313","LINGGAJATI","2511"
"28314","LINGGAJAYA","2377"
"28315","LINGGAJAYA","1957"
"28316","LINGGAJAYA","2370"
"28317","LINGGALAKSANA","2283"
"28318","LINGGAMANIK","1984"
"28319","LINGGAMEKAR","2061"
"28320","LINGGAMUKTI","2440"
"28321","LINGGAMUKTI","2366"
"28322","LINGGAMULYA","1975"
"28323","LINGGAPURA","2480"
"28324","LINGGAR","2210"
"28325","LINGGARAJA","2523"
"28326","LINGGARJATI","2061"
"28327","LINGGARJATI","2500"
"28328","LINGGARSARI","1965"
"28329","LINGGARSARI","2266"
"28330","LINGGASANA","2061"
"28331","LINGGASARI","2160"
"28332","LINGGASARI","2440"
"28333","LINGGASIRNA","2534"
"28334","LINGGAWANGI","1975"
"28335","LINGKAR SELATAN","2264"
"28336","LINGKUNGPASIR","2338"
"28337","LIUNGGUNUNG","1965"
"28338","LOA","2376"
"28339","LOBENER LOR","2237"
"28340","LOBENER","2237"
"28341","LOHBENER","2225"
"28342","LOJI KOBONG","2081"
"28343","LOJI","2058"
"28344","LOJI","1960"
"28345","LOJI","2354"
"28346","LOMBANG","2486"
"28347","LONGKEWANG","2398"
"28348","LONGOK","2497"
"28349","LOSARANG","2284"
"28350","LOSARI KIDUL","1950"
"28351","LOSARI LOR","1950"
"28352","LOYANG","1951"
"28353","LUBANGBUAYA","2263"
"28354","LULUT","2094"
"28355","LUMBUNG","1985"
"28356","LUMBUNGSARI","1985"
"28357","LUMPANG","2349"
"28358","LUNGBENDA","2050"
"28359","LURAGUNGLANDEUH","2373"
"28360","LURAGUNGTONGGOH","2373"
"28361","LURAH","2173"
"28362","LUWUNG KENCANA","2182"
"28363","LUWUNG","2060"
"28364","LUWUNGGESIK","2494"
"28365","LUYUBAKTI","2443"
"28366","MADIASARI","1954"
"28367","MAJA SELATAN","1963"
"28368","MAJA UTARA","1963"
"28369","MAJAKERTA","2055"
"28370","MAJAKERTA","2167"
"28371","MAJALAYA","2383"
"28372","MAJALAYA","2167"
"28373","MAJALAYA","2157"
"28374","MAJALENGKA KULON","1994"
"28375","MAJALENGKA WETAN","1994"
"28376","MAJASARI","2338"
"28377","MAJASARI","2048"
"28378","MAJASARI","1952"
"28379","MAJASARI","2497"
"28380","MAJASETRA","2167"
"28381","MAJASIH","2497"
"28382","MAJASUKA","2259"
"28383","MAKASARI","2509"
"28384","MAKMURJAYA","2471"
"28385","MALABAR","2264"
"28386","MALAKA","1948"
"28387","MALAKASARI","1959"
"28388","MALANGBONG","2124"
"28389","MALANGNENGAH","2294"
"28390","MALANGSARI","2070"
"28391","MALANGSARI","2492"
"28392","MALANGSEMIRANG","2237"
"28393","MALASARI","2270"
"28394","MALASARI","2095"
"28395","MALATI","2045"
"28396","MALATISUKA","2219"
"28397","MALAUSMA","2115"
"28398","MALEBER (MALEER)","2267"
"28399","MALEBER","2160"
"28400","MALEBER","2018"
"28401","MALEBER","2249"
"28402","MALEER","2164"
"28403","MALONGPONG","1963"
"28404","MAMPANG","2489"
"28405","MAMPIR","2439"
"28406","MANCAGAHAR","2181"
"28407","MANCAGAR","2413"
"28408","MANCAGAR","2156"
"28409","MANDALA","2042"
"28410","MANDALAGIRI","1975"
"28411","MANDALAGUNA","2090"
"28412","MANDALAHAJI","2421"
"28413","MANDALAHAYU","2090"
"28414","MANDALAHERANG","2328"
"28415","MANDALAHURIP","2482"
"28416","MANDALAJAYA","2319"
"28417","MANDALAJAYA","2249"
"28418","MANDALAKASIH","2181"
"28419","MANDALAMEKAR","2327"
"28420","MANDALAMEKAR","2482"
"28421","MANDALAMUKTI","2407"
"28422","MANDALARE","2039"
"28423","MANDALASARI","2407"
"28424","MANDALASARI","2388"
"28425","MANDALASARI","2466"
"28426","MANDALASARI","2424"
"28427","MANDALASARI","2443"
"28428","MANDALAWANGI","2466"
"28429","MANDALAWANGI","2546"
"28430","MANDALAWANGI","2191"
"28431","MANDALAWANGI","2090"
"28432","MANDALAWANGI","1962"
"28433","MANDAPA","2052"
"28434","MANDAPAJAYA","2244"
"28435","MANDE","2170"
"28436","MANDIRANCAN","2472"
"28437","MANDRAJAYA","2323"
"28438","MANGGAHANG","1959"
"28439","MANGGARI","2156"
"28440","MANGGUNGAN","2325"
"28441","MANGGUNGHARJA","2008"
"28442","MANGGUNGJAYA","2145"
"28443","MANGGUNGJAYA","2488"
"28444","MANGGUNGSARI","2488"
"28445","MANGKONJAYA","2197"
"28446","MANGKUBUMI","2370"
"28447","MANGKUBUMI","2155"
"28448","MANGKURAYAT","2436"
"28449","MANGUN JAYA","2092"
"28450","MANGUNARGA","2387"
"28451","MANGUNJAYA","1964"
"28452","MANGUNJAYA","1956"
"28453","MANGUNJAYA","2524"
"28454","MANGUNJAYA","2531"
"28455","MANGUNKERTA","2158"
"28456","MANGUNREJA","2551"
"28457","MANGUNTARA","2522"
"28458","MANIIS","2360"
"28459","MANISKIDUL","2027"
"28460","MANISLOR","2027"
"28461","MANJAHLEGA (CISARANTENKIDUL)","2462"
"28462","MANONJAYA","2140"
"28463","MANYETI","2139"
"28464","MANYINGSAL","2527"
"28465","MAPARAH","2039"
"28466","MARACANG","2019"
"28467","MARENGMANG","2068"
"28468","MARGA JAYA","2394"
"28469","MARGA MULYA","2513"
"28470","MARGAASIH","2002"
"28471","MARGAASIH","2380"
"28472","MARGABAKTI","1986"
"28473","MARGABAKTI","2031"
"28474","MARGACINA","2386"
"28475","MARGACINTA","2131"
"28476","MARGACINTA","2495"
"28477","MARGADADI","2220"
"28478","MARGAHARJA","2262"
"28479","MARGAHAYU SELATAN","2552"
"28480","MARGAHAYU TENGAH","2552"
"28481","MARGAHAYU UTARA","1993"
"28482","MARGAHAYU","1969"
"28483","MARGAHAYU","2495"
"28484","MARGAHAYU","2140"
"28485","MARGAHAYU","2053"
"28486","MARGAHURIP","2079"
"28487","MARGAJAYA","2520"
"28488","MARGAJAYA","2058"
"28489","MARGAJAYA","2065"
"28490","MARGAJAYA","2551"
"28491","MARGAJAYA","2205"
"28492","MARGAJAYA","2076"
"28493","MARGAJAYA","2262"
"28494","MARGAKAYA","2540"
"28495","MARGALAKSANA","2188"
"28496","MARGALAKSANA","2405"
"28497","MARGALAKSANA","2436"
"28498","MARGALAKSANA","2212"
"28499","MARGALAKSANA","2519"
"28500","MARGALAKSANA","2523"
"28501","MARGALAKSANA","2035"
"28502","MARGALUYU","2268"
"28503","MARGALUYU","2429"
"28504","MARGALUYU","2212"
"28505","MARGALUYU","2321"
"28506","MARGALUYU","2275"
"28507","MARGALUYU","2140"
"28508","MARGALUYU","2346"
"28509","MARGALUYU","2087"
"28510","MARGALUYU","2359"
"28511","MARGALUYU","2315"
"28512","MARGALUYU","2476"
"28513","MARGALUYU","2215"
"28514","MARGALUYU","2394"
"28515","MARGAMEKAR","2087"
"28516","MARGAMEKAR","2035"
"28517","MARGAMUKTI","2153"
"28518","MARGAMUKTI","2087"
"28519","MARGAMUKTI","2506"
"28520","MARGAMUKTI","1973"
"28521","MARGAMULYA","2228"
"28522","MARGAMULYA","2340"
"28523","MARGAMULYA","2391"
"28524","MARGAMULYA","2480"
"28525","MARGAMULYA","2087"
"28526","MARGAMULYA","2343"
"28527","MARGAMULYA","2088"
"28528","MARGAMULYA","2540"
"28529","MARGASARI","2396"
"28530","MARGASARI","2235"
"28531","MARGASARI","2139"
"28532","MARGASARI","1943"
"28533","MARGASARI","2373"
"28534","MARGASARI","2045"
"28535","MARGASARI","2361"
"28536","MARGASUKA","1993"
"28537","MARGAWATI","2447"
"28538","MARIKANGEN","2173"
"28539","MARIPARI","2553"
"28540","MARIUK","2175"
"28541","MAROKO","2371"
"28542","MARONGGE","2236"
"28543","MARUYUNG SARI","2222"
"28544","MARUYUNG","2421"
"28545","MASAWAH","2136"
"28546","MATANGAJI","2015"
"28547","MAYAK","2306"
"28548","MAYANG","2365"
"28549","MAYANGAN","2171"
"28550","MAYUNG","1944"
"28551","MEDALKRISNA","2211"
"28552","MEDALSARI","2452"
"28553","MEDAN SATRIA","2514"
"28554","MEDANGASEM","2471"
"28555","MEDANGLAYANG","2082"
"28556","MEDANKARYA","2226"
"28557","MEGAMENDUNG","2467"
"28558","MEGUCILIK","2543"
"28559","MEGUGEDE","2543"
"28560","MEKAR JAYA","2221"
"28561","MEKAR LAKSANA","2008"
"28562","MEKAR MUKTI","2277"
"28563","MEKAR MULYA (MEKARJAYA)","2462"
"28564","MEKAR MULYA","2383"
"28565","MEKAR MULYA","2124"
"28566","MEKAR RAHAYU","2380"
"28567","MEKAR RAHAYU","2035"
"28568","MEKAR SARI","2383"
"28569","MEKAR SARI","2344"
"28570","MEKAR WANGI","2422"
"28571","MEKAR WANGI","2065"
"28572","MEKARASIH","2108"
"28573","MEKARASIH","2400"
"28574","MEKARASIH","2124"
"28575","MEKARASIH","2354"
"28576","MEKARBAKTI","2188"
"28577","MEKARBAKTI","2424"
"28578","MEKARBAKTI","2374"
"28579","MEKARBUANA","2074"
"28580","MEKARBUANA","2384"
"28581","MEKARGADING","2497"
"28582","MEKARGALIH","2383"
"28583","MEKARGALIH","2339"
"28584","MEKARGALIH","2241"
"28585","MEKARGALIH","2332"
"28586","MEKARGALIH","2351"
"28587","MEKARHARJA","2541"
"28588","MEKARHURIP","2553"
"28589","MEKARHURIP","1973"
"28590","MEKARJADI","2155"
"28591","MEKARJATI","2463"
"28592","MEKARJATI","1942"
"28593","MEKARJAYA","1956"
"28594","MEKARJAYA","2079"
"28595","MEKARJAYA","2118"
"28596","MEKARJAYA","2084"
"28597","MEKARJAYA","2188"
"28598","MEKARJAYA","2268"
"28599","MEKARJAYA","2276"
"28600","MEKARJAYA","2303"
"28601","MEKARJAYA","2347"
"28602","MEKARJAYA","2363"
"28603","MEKARJAYA","2323"
"28604","MEKARJAYA","1971"
"28605","MEKARJAYA","2385"
"28606","MEKARJAYA","2402"
"28607","MEKARJAYA","2340"
"28608","MEKARJAYA","2407"
"28609","MEKARJAYA","2383"
"28610","MEKARJAYA","2153"
"28611","MEKARJAYA","2296"
"28612","MEKARJAYA","2485"
"28613","MEKARJAYA","2049"
"28614","MEKARJAYA","2178"
"28615","MEKARJAYA","2293"
"28616","MEKARJAYA","2013"
"28617","MEKARJAYA","2321"
"28618","MEKARJAYA","2170"
"28619","MEKARJAYA","2421"
"28620","MEKARJAYA","2432"
"28621","MEKARJAYA","2487"
"28622","MEKARJAYA","2291"
"28623","MEKARJAYA","2057"
"28624","MEKARJAYA","2344"
"28625","MEKARJAYA","2030"
"28626","MEKARJAYA","2523"
"28627","MEKARJAYA","2454"
"28628","MEKARJAYA","1941"
"28629","MEKARJAYA","2506"
"28630","MEKARJAYA","2442"
"28631","MEKARJAYA","2101"
"28632","MEKARLAKSANA","2402"
"28633","MEKARLAKSANA","2388"
"28634","MEKARLAKSANA","2218"
"28635","MEKARLAKSANA","2505"
"28636","MEKARLUYU","2553"
"28637","MEKARMAJU","2343"
"28638","MEKARMANIK","2327"
"28639","MEKARMAYA","2408"
"28640","MEKARMUKTI","2208"
"28641","MEKARMUKTI","2371"
"28642","MEKARMUKTI","2132"
"28643","MEKARMUKTI","2385"
"28644","MEKARMUKTI","2417"
"28645","MEKARMUKTI","2436"
"28646","MEKARMUKTI","2072"
"28647","MEKARMUKTI","2397"
"28648","MEKARMUKTI","2028"
"28649","MEKARMUKTI","2554"
"28650","MEKARMULYA","2413"
"28651","MEKARMULYA","2013"
"28652","MEKARMULYA","2065"
"28653","MEKARMULYA","2076"
"28654","MEKARMULYA","2458"
"28655","MEKARMULYA","2504"
"28656","MEKARMULYA","1948"
"28657","MEKARMULYA","2554"
"28658","MEKARMULYA","2540"
"28659","MEKARNANGKA","2239"
"28660","MEKARPAWITAN","2376"
"28661","MEKARPOHACI","2414"
"28662","MEKARRAHARJA","1973"
"28663","MEKARRAYA","2503"
"28664","MEKARSAKTI","2323"
"28665","MEKARSALUYU","2327"
"28666","MEKARSARI","2204"
"28667","MEKARSARI","2054"
"28668","MEKARSARI","2084"
"28669","MEKARSARI","2024"
"28670","MEKARSARI","2371"
"28671","MEKARSARI","2317"
"28672","MEKARSARI","2062"
"28673","MEKARSARI","2340"
"28674","MEKARSARI","2420"
"28675","MEKARSARI","2436"
"28676","MEKARSARI","2439"
"28677","MEKARSARI","2474"
"28678","MEKARSARI","2270"
"28679","MEKARSARI","2136"
"28680","MEKARSARI","2063"
"28681","MEKARSARI","2008"
"28682","MEKARSARI","2445"
"28683","MEKARSARI","2117"
"28684","MEKARSARI","2415"
"28685","MEKARSARI","2440"
"28686","MEKARSARI","2056"
"28687","MEKARSARI","1960"
"28688","MEKARSARI","2248"
"28689","MEKARSARI","2449"
"28690","MEKARSARI","2249"
"28691","MEKARSARI","2397"
"28692","MEKARSARI","2045"
"28693","MEKARSARI","2205"
"28694","MEKARSARI","2201"
"28695","MEKARSARI","2421"
"28696","MEKARSARI","2253"
"28697","MEKARSARI","2346"
"28698","MEKARSARI","2343"
"28699","MEKARSARI","1976"
"28700","MEKARSARI","2099"
"28701","MEKARSARI","2315"
"28702","MEKARSARI","2372"
"28703","MEKARSARI","2113"
"28704","MEKARSARI","2536"
"28705","MEKARSARI","2531"
"28706","MEKARSARI","2172"
"28707","MEKARSARI","1949"
"28708","MEKARSEWU","2418"
"28709","MEKARTANI","2085"
"28710","MEKARTANI","2378"
"28711","MEKARTANJUNG","2187"
"28712","MEKARWANGI","1970"
"28713","MEKARWANGI","2311"
"28714","MEKARWANGI","2003"
"28715","MEKARWANGI","2371"
"28716","MEKARWANGI","2393"
"28717","MEKARWANGI","2402"
"28718","MEKARWANGI","2403"
"28719","MEKARWANGI","2392"
"28720","MEKARWANGI","2322"
"28721","MEKARWANGI","2073"
"28722","MEKARWANGI","2156"
"28723","MEKARWANGI","2341"
"28724","MEKARWANGI","2053"
"28725","MEKARWANGI","2256"
"28726","MEKARWANGI","2331"
"28727","MEKARWANGI","2553"
"28728","MEKARWANGI","2554"
"28729","MEKARWANGI","2309"
"28730","MEKARWANGI","2442"
"28731","MEKARWANGI","2254"
"28732","MEKARWARU","2049"
"28733","MELAKASARI","2491"
"28734","MELATIWANGI","2437"
"28735","MELONG","2320"
"28736","MENGGER","2137"
"28737","MENTENG","2058"
"28738","MENTENGSARI","2383"
"28739","MERDEKA","1992"
"28740","MERTAJAYA","2194"
"28741","MERTAPADA KULON","1980"
"28742","MERTAPADA WETAN","1980"
"28743","MERTASINGA","1944"
"28744","MERUYUNG","2507"
"28745","MINDI","2465"
"28746","MIRAT","2465"
"28747","MUARA BAKTI","2032"
"28748","MUARA SANDING","2447"
"28749","MUARA","2168"
"28750","MUARA","2408"
"28751","MUARA","2542"
"28752","MUARABARU","2408"
"28753","MUARACIKADU","2505"
"28754","MUARADUA","2404"
"28755","MUARAJAYA","2279"
"28756","MUARASARI","2141"
"28757","MUGARSARI","2555"
"28758","MUKA","2024"
"28759","MUKAPAYUNG","2135"
"28760","MUKTIJAYA","2145"
"28761","MUKTIJAYA","2263"
"28762","MUKTISARI","2360"
"28763","MUKTISARI","2063"
"28764","MUKTISARI","2202"
"28765","MUKTIWARI","2352"
"28766","MULANGSARI","2452"
"28767","MULYAHARJA","2141"
"28768","MULYAJAYA","2089"
"28769","MULYAJAYA","2153"
"28770","MULYAJAYA","2549"
"28771","MULYAJAYA","2540"
"28772","MULYAJAYA","2419"
"28773","MULYAMEKAR","2019"
"28774","MULYAMEKAR","2109"
"28775","MULYASARI","2204"
"28776","MULYASARI","2070"
"28777","MULYASARI","2084"
"28778","MULYASARI","2165"
"28779","MULYASARI","2550"
"28780","MULYASARI","2334"
"28781","MULYASARI","2144"
"28782","MULYASARI","1950"
"28783","MULYASARI","2170"
"28784","MULYASARI","2229"
"28785","MULYASARI","2134"
"28786","MULYASARI","2090"
"28787","MULYASARI","2506"
"28788","MULYASARI","2555"
"28789","MULYASEJATI","2550"
"28790","MUNCANG","2410"
"28791","MUNCANGELA","2445"
"28792","MUNDAKJAYA","1951"
"28793","MUNDU","2154"
"28794","MUNDUMESIGIT","2060"
"28795","MUNDUPESISIR","2060"
"28796","MUNDUSARI","2502"
"28797","MUNGKALDATAR","2398"
"28798","MUNJUL","1980"
"28799","MUNJUL","1947"
"28800","MUNJUL","2334"
"28801","MUNJUL","1994"
"28802","MUNJUL","2053"
"28803","MUNJULJAYA","2461"
"28804","MUNTUR","2284"
"28805","MURNISARI","2170"
"28806","MUSTIKA JAYA","2448"
"28807","MUSTIKA SARI","2448"
"28808","NAGACIPTA","2435"
"28809","NAGARAJATI","2074"
"28810","NAGARAJAYA","2074"
"28811","NAGARAKEMBANG","2360"
"28812","NAGARAPAGEUH","2074"
"28813","NAGARASARI","2469"
"28814","NAGARATENGAH","1954"
"28815","NAGARAWANGI","1972"
"28816","NAGARAWANGI","2074"
"28817","NAGARAWANGI","2350"
"28818","NAGASARI","1942"
"28819","NAGASARI","2546"
"28820","NAGASARI","2435"
"28821","NAGRAG","2183"
"28822","NAGRAK SELATAN","1998"
"28823","NAGRAK UTARA","1998"
"28824","NAGRAK","2208"
"28825","NAGRAK","2059"
"28826","NAGRAK","2024"
"28827","NAGRAK","2300"
"28828","NAGRAK","2009"
"28829","NAGRAK","2440"
"28830","NAGRAK","2421"
"28831","NAGRAK","2265"
"28832","NAGRAKSARI","2178"
"28833","NAGREG KENDAN","2191"
"28834","NAGREG","2191"
"28835","NAGRIKALER","2461"
"28836","NAGRIKIDUL","2461"
"28837","NAGRITENGAH","2461"
"28838","NAGROG","2002"
"28839","NAGROG","2100"
"28840","NAGROG","2017"
"28841","NAJATEN","2371"
"28842","NALUK","2328"
"28843","NAMBO","2094"
"28844","NANGELA","2066"
"28845","NANGELASARI","2100"
"28846","NANGERANG","2091"
"28847","NANGERANG","2017"
"28848","NANGEWER","2440"
"28849","NANGGALAMEKAR","2339"
"28850","NANGGELA","2240"
"28851","NANGGELA","2496"
"28852","NANGGELA","2472"
"28853","NANGGELENG","2212"
"28854","NANGGELENG","2427"
"28855","NANGGERANG","2165"
"28856","NANGGERANG","2062"
"28857","NANGGERANG","2364"
"28858","NANGGERANG","2135"
"28859","NANGGERANG","2190"
"28860","NANGGERANG","2465"
"28861","NANGGERANG","2113"
"28862","NANGGERANG","2478"
"28863","NANGGERANGJAYA","2472"
"28864","NANGGEWER MEKAR","2335"
"28865","NANGGEWER","2335"
"28866","NANGGEWER","2456"
"28867","NANGGEWER","1997"
"28868","NANGGUNG","2095"
"28869","NANGKA","2031"
"28870","NANGKAKONENG","2239"
"28871","NANGTANG","2364"
"28872","NANJUNG","2380"
"28873","NANJUNGJAYA","2503"
"28874","NANJUNGMEKAR","2210"
"28875","NARAWITA","2002"
"28876","NARIMBANG","1990"
"28877","NARINGGUL","2045"
"28878","NASOL","2429"
"28879","NATANEGARA","2074"
"28880","NEGLASARI","2204"
"28881","NEGLASARI","2054"
"28882","NEGLASARI","2079"
"28883","NEGLASARI","2369"
"28884","NEGLASARI","2216"
"28885","NEGLASARI","2138"
"28886","NEGLASARI","2367"
"28887","NEGLASARI","2347"
"28888","NEGLASARI","2383"
"28889","NEGLASARI","2117"
"28890","NEGLASARI","2391"
"28891","NEGLASARI","2440"
"28892","NEGLASARI","2345"
"28893","NEGLASARI","2012"
"28894","NEGLASARI","2322"
"28895","NEGLASARI","2037"
"28896","NEGLASARI","2482"
"28897","NEGLASARI","2424"
"28898","NEGLASARI","2203"
"28899","NEGLASARI","2433"
"28900","NEGLASARI","2167"
"28901","NEGLASARI","2201"
"28902","NEGLASARI","2498"
"28903","NEGLASARI","2490"
"28904","NEGLASARI","2076"
"28905","NEGLASARI","2346"
"28906","NEGLASARI","2359"
"28907","NEGLASARI","2519"
"28908","NEGLAWANGI","2330"
"28909","NENGKELAN","2484"
"28910","NGAMPLANG","2436"
"28911","NGAMPLANGSARI","2436"
"28912","NGAMPRAH","2205"
"28913","NUNUK BARU","1963"
"28914","NUNUK","2288"
"28915","NUSAHERANG","2298"
"28916","NUSAWANGI","2403"
"28917","NYALINDUNG","2328"
"28918","NYALINDUNG","2466"
"28919","NYALINDUNG","2418"
"28920","NYALINDUNG","2158"
"28921","NYALINDUNG","2201"
"28922","NYANGKOWEK","2062"
"28923","NYENANG","2212"
"28924","NYENGSERET","2305"
"28925","NYOMPLONG","2162"
"28926","ORIMALANG","2041"
"28927","PAAS","2181"
"28928","PABANGBON","2120"
"28929","PABATON","2000"
"28930","PABEANILIR","2232"
"28931","PABEANUDIK","2220"
"28932","PABEDILAN KALER","1995"
"28933","PABEDILAN KIDUL","1995"
"28934","PABEDILAN KULON","1995"
"28935","PABEDILAN WETAN","1995"
"28936","PABUARAN KIDUL","2516"
"28937","PABUARAN LOR","2516"
"28938","PABUARAN WETAN","2516"
"28939","PABUARAN","2177"
"28940","PABUARAN","2335"
"28941","PABUARAN","2310"
"28942","PABUARAN","1983"
"28943","PABUARAN","2044"
"28944","PABUARAN","2106"
"28945","PABUARAN","2307"
"28946","PACING","2056"
"28947","PADAASIH","2048"
"28948","PADAASIH","2207"
"28949","PADAASIH","2009"
"28950","PADAASIH","2457"
"28951","PADAASIH","1990"
"28952","PADAASIH","2126"
"28953","PADAAWAS","2126"
"28954","PADABEUNGHAR","2091"
"28955","PADABEUNGHAR","2353"
"28956","PADAHANTEN","1997"
"28957","PADAHERANG","2222"
"28958","PADAHERANG","2043"
"28959","PADAHURIP","2089"
"28960","PADAHURIP","2033"
"28961","PADAJAYA","2383"
"28962","PADAJAYA","2178"
"28963","PADAJAYA","2419"
"28964","PADAKEMBANG","2432"
"28965","PADALARANG","2287"
"28966","PADALUYU","2402"
"28967","PADALUYU","2158"
"28968","PADALUYU","2215"
"28969","PADAMAJU","2253"
"28970","PADAMATANG","2353"
"28971","PADAMENAK","2027"
"28972","PADAMUKTI","2126"
"28973","PADAMUKTI","2196"
"28974","PADAMUKTI","2454"
"28975","PADAMULYA","2390"
"28976","PADAMULYA","2527"
"28977","PADAMULYA","2167"
"28978","PADAMULYA","2249"
"28979","PADAMULYA","2504"
"28980","PADAMULYA","2126"
"28981","PADANAAN","2230"
"28982","PADARAMA","2303"
"28983","PADAREK","2190"
"28984","PADAREK","2065"
"28985","PADARINGAN","2096"
"28986","PADASARI","2328"
"28987","PADASENANG","2085"
"28988","PADASUKA","2317"
"28989","PADASUKA","2355"
"28990","PADASUKA","2132"
"28991","PADASUKA","2340"
"28992","PADASUKA","2123"
"28993","PADASUKA","2327"
"28994","PADASUKA","2296"
"28995","PADASUKA","2255"
"28996","PADASUKA","2126"
"28997","PADASUKA","2556"
"28998","PADASUKA","2506"
"28999","PADAULUN","2167"
"29000","PADAWARAS","2100"
"29001","PADURENAN","2310"
"29002","PAGADEN","2498"
"29003","PAGADUNGAN","2431"
"29004","PAGANDON","1989"
"29005","PAGEDANGAN","2172"
"29006","PAGELARAN","2296"
"29007","PAGELARAN","2253"
"29008","PAGELARAN","2359"
"29009","PAGERAGEUNG","2456"
"29010","PAGERAJI","1963"
"29011","PAGERALAM","2110"
"29012","PAGERBUMI","2257"
"29013","PAGERGUNUNG","2014"
"29014","PAGERMANEUH","2215"
"29015","PAGERSARI","2456"
"29016","PAGERWANGI","2341"
"29017","PAGIRIKAN","2232"
"29018","PAGON","2151"
"29019","PAGUNDAN","2156"
"29020","PAHLAWAN SETIA","2557"
"29021","PAJAGAN","2377"
"29022","PAJAJAR","2023"
"29023","PAJAJARAN","1978"
"29024","PAJAMBON","2190"
"29025","PAJATEN","2409"
"29026","PAJAWANKIDUL","2156"
"29027","PAJAWANLOR","2303"
"29028","PAKALONGAN","2410"
"29029","PAKANSARI","2335"
"29030","PAKAPASAN GIRANG","2250"
"29031","PAKAPASAN HILIR","2250"
"29032","PAKEMBANGAN","2413"
"29033","PAKEMBANGAN","2472"
"29034","PAKEMITAN","2235"
"29035","PAKEMITAN","2283"
"29036","PAKEMITAN","2001"
"29037","PAKEMITANKIDUL","2235"
"29038","PAKENJENG","2500"
"29039","PAKU ALAM","2345"
"29040","PAKUAN","2141"
"29041","PAKUBEUREUM","2013"
"29042","PAKUHAJI","2365"
"29043","PAKUHAJI","2205"
"29044","PAKUON","2308"
"29045","PAKUSAMBEN","2006"
"29046","PAKUTANDANG","2008"
"29047","PAKUWON","2051"
"29048","PAKUWON","2447"
"29049","PALABUAN","2348"
"29050","PALABUHAN / PALABUAN","1997"
"29051","PALASAH","2013"
"29052","PALASAH","2259"
"29053","PALASARI GIRANG","2509"
"29054","PALASARI HILIR","2022"
"29055","PALASARI","2300"
"29056","PALASARI","2459"
"29057","PALASARI","2314"
"29058","PALASARI","2133"
"29059","PALASARI","2348"
"29060","PALAWAD","1943"
"29061","PALEDAH","2222"
"29062","PALEDANG","2000"
"29063","PALEDANG","2264"
"29064","PALIMANAN BARAT","2425"
"29065","PALIMANAN TIMUR","2050"
"29066","PALINGGIHAN","1965"
"29067","PALIR","1982"
"29068","PALUMBONSARI","1943"
"29069","PAMAGERSARI","2037"
"29070","PAMAGERSARI","2179"
"29071","PAMALAYAN","2084"
"29072","PAMALAYAN","2213"
"29073","PAMALAYAN","1984"
"29074","PAMALAYAN","2418"
"29075","PAMANUKAN HILIR","2229"
"29076","PAMANUKAN SEBRANG","2229"
"29077","PAMANUKAN","2229"
"29078","PAMARICAN","2076"
"29079","PAMAYAHAN","2225"
"29080","PAMEKARAN","2108"
"29081","PAMEKARAN","2350"
"29082","PAMEKARAN","2451"
"29083","PAMEKARSARI","2034"
"29084","PAMEKARSARI","2558"
"29085","PAMENGKANG","2060"
"29086","PAMEUNGPEUK","2181"
"29087","PAMEUNTASAN","2255"
"29088","PAMEUTINGAN","2100"
"29089","PAMIJAHAN","2515"
"29090","PAMIJAHAN","2303"
"29091","PAMIJAHAN","2299"
"29092","PAMIJAHAN","2173"
"29093","PAMINGGIR","2447"
"29094","PAMOKOLAN","2390"
"29095","PAMOTAN","2038"
"29096","PAMOYANAN","2141"
"29097","PAMOYANAN","2024"
"29098","PAMOYANAN","2132"
"29099","PAMOYANAN","1978"
"29100","PAMOYANAN","2248"
"29101","PAMOYANAN","1965"
"29102","PAMULIHAN","2445"
"29103","PAMULIHAN","2051"
"29104","PAMULIHAN","2374"
"29105","PAMULIHAN","2075"
"29106","PAMUPUKAN","2398"
"29107","PAMURUYAN","2138"
"29108","PANAMBANGAN","2544"
"29109","PANANGGAPAN","2132"
"29110","PANANJUNG","2059"
"29111","PANANJUNG","2500"
"29112","PANANJUNG","2014"
"29113","PANANJUNG","2442"
"29114","PANARAGAN","2000"
"29115","PANARAGAN","2429"
"29116","PANAWA","2500"
"29117","PANAWANGAN","2074"
"29118","PANAWUAN","2020"
"29119","PANCAKARYA","2431"
"29120","PANCAKSUJI","2081"
"29121","PANCALANG","2487"
"29122","PANCASURA","2378"
"29123","PANCAWANGI","2346"
"29124","PANCAWATI","2279"
"29125","PANCAWATI","1961"
"29126","PANCORAN MAS","2489"
"29127","PANDANSARI","2077"
"29128","PANEMBAHAN","2273"
"29129","PANEMBONG","2084"
"29130","PANENJOAN","2002"
"29131","PANGADEGAN","2253"
"29132","PANGADEGAN","2350"
"29133","PANGALENGAN","2087"
"29134","PANGANDARAN","2014"
"29135","PANGARENGAN","2171"
"29136","PANGARENGAN","1981"
"29137","PANGAUBAN","2129"
"29138","PANGAUBAN","2051"
"29139","PANGAUBAN","2114"
"29140","PANGAUBAN","2288"
"29141","PANGAUBAN","2421"
"29142","PANGAUR","2037"
"29143","PANGENAN","1981"
"29144","PANGEUREUNAN","2369"
"29145","PANGGALIH","2418"
"29146","PANGGANGSARI","1950"
"29147","PANGGUH","2322"
"29148","PANGKAL JAYA","2095"
"29149","PANGKALAN JATI BARU","2450"
"29150","PANGKALAN JATI","2450"
"29151","PANGKALAN","2176"
"29152","PANGKALAN","2303"
"29153","PANGKALAN","2239"
"29154","PANGKALAN","2073"
"29155","PANGKALAN","2284"
"29156","PANGKALAN","2273"
"29157","PANGKALANPARI","1988"
"29158","PANGLAYUNGAN","2469"
"29159","PANGLIARAN","2346"
"29160","PANGRADIN","2037"
"29161","PANGRUMASAN","2559"
"29162","PANGSOR","2053"
"29163","PANGULAH BARU","2412"
"29164","PANGULAH SELATAN","2412"
"29165","PANGULAH UTARA","2412"
"29166","PANGURAGAN KULON","2508"
"29167","PANGURAGAN LOR","2508"
"29168","PANGURAGAN WETAN","2508"
"29169","PANGURAGAN","2508"
"29170","PANIIS","1963"
"29171","PANIIS","2353"
"29172","PANINGGARAN","2040"
"29173","PANINGKIRAN","2081"
"29174","PANJALIN KIDUL","2081"
"29175","PANJALIN LOR","2081"
"29176","PANJALU","2039"
"29177","PANJIWANGI","2442"
"29178","PANJUNAN","2305"
"29179","PANJUNAN","2548"
"29180","PANONGAN LOR","2544"
"29181","PANONGAN","1988"
"29182","PANONGAN","2050"
"29183","PANONGAN","2544"
"29184","PANTAI BAHAGIA","2535"
"29185","PANTAI BAKTI","2535"
"29186","PANTAI HARAPAN JAYA","2535"
"29187","PANTAI HURIP","2032"
"29188","PANTAI MAKMUR","2557"
"29189","PANTAI MEKAR","2535"
"29190","PANTAI SEDERHANA","2535"
"29191","PANUMBANGAN","2091"
"29192","PANUMBANGAN","2082"
"29193","PANUNDAAN","2484"
"29194","PANUNGGUL","2143"
"29195","PANYADAP","2196"
"29196","PANYIARAN","2319"
"29197","PANYINDANGAN KULON","1987"
"29198","PANYINDANGAN WETAN","1987"
"29199","PANYINDANGAN","2080"
"29200","PANYINDANGAN","2208"
"29201","PANYINDANGAN","2132"
"29202","PANYINDANGAN","2391"
"29203","PANYINDANGAN","2490"
"29204","PANYINDANGAN","2294"
"29205","PANYINGKIRAN KIDUL","2272"
"29206","PANYINGKIRAN LOR","2272"
"29207","PANYINGKIRAN","2160"
"29208","PANYINGKIRAN","2517"
"29209","PANYINGKIRAN","1988"
"29210","PANYINGKIRAN","2107"
"29211","PANYINGKIRAN","2151"
"29212","PANYINGKIRAN","2057"
"29213","PANYIRAPAN","2451"
"29214","PANYOCOKAN","2484"
"29215","PANYOSOGAN","2373"
"29216","PANYUSUHAN","2030"
"29217","PANYUTRAN","2222"
"29218","PAOMAN","2220"
"29219","PAPAYAN","2482"
"29220","PARAKAN GAROKGEK","2321"
"29221","PARAKAN JAYA","1983"
"29222","PARAKAN MUNCANG","2095"
"29223","PARAKAN","2296"
"29224","PARAKAN","2465"
"29225","PARAKAN","2249"
"29226","PARAKAN","2453"
"29227","PARAKAN","2223"
"29228","PARAKANHONJE","2515"
"29229","PARAKANLIMA","2189"
"29230","PARAKANLIMA","2241"
"29231","PARAKANMANGGU","2192"
"29232","PARAKANMULYA","2223"
"29233","PARAKANNYASAG","2517"
"29234","PARAKANSALAK","2195"
"29235","PARAKANSALAM","2245"
"29236","PARAKANTUGU","2207"
"29237","PARAPATAN","2151"
"29238","PARAPATAN","2081"
"29239","PAREAN GIRANG","2238"
"29240","PARENTAS","2364"
"29241","PARIGI MEKAR","2010"
"29242","PARIGI","2192"
"29243","PARIGIMULYA","2527"
"29244","PARTAWANGUNAN","2464"
"29245","PARUMASAN","2410"
"29246","PARUNG KUDA","2022"
"29247","PARUNG","2313"
"29248","PARUNG","2040"
"29249","PARUNG","2179"
"29250","PARUNG","2368"
"29251","PARUNGBANTENG","2473"
"29252","PARUNGJAYA","2465"
"29253","PARUNGMULYA","2550"
"29254","PARUNGPANJANG","2349"
"29255","PARUNGPONTENG","2125"
"29256","PARUNGSARI","2540"
"29257","PARUNGSEAH","2545"
"29258","PARUNGSERAB","2451"
"29259","PASALAKAN","2015"
"29260","PASALEMAN","2379"
"29261","PASANGGRAHAN","2176"
"29262","PASANGGRAHAN","2436"
"29263","PASANGGRAHAN","2209"
"29264","PASANGGRAHAN","1963"
"29265","PASANGGRAHAN","2173"
"29266","PASANGGRAHAN","2315"
"29267","PASANGGRAHAN","2553"
"29268","PASANGGRAHAN","2035"
"29269","PASANGGRAHAN","2142"
"29270","PASANGGRAHAN","2375"
"29271","PASAREAN","2299"
"29272","PASAWAHAN KIDUL","2361"
"29273","PASAWAHAN","2083"
"29274","PASAWAHAN","2062"
"29275","PASAWAHAN","2274"
"29276","PASAWAHAN","2353"
"29277","PASAWAHAN","2361"
"29278","PASAWAHAN","2302"
"29279","PASAWAHAN","2242"
"29280","PASAWAHAN","2442"
"29281","PASAWAHANANYAR","2361"
"29282","PASAYANGAN","2156"
"29283","PASEH KALER","2230"
"29284","PASEH KIDUL","2230"
"29285","PASEKAN","2232"
"29286","PASIGARAN","2394"
"29287","PASINDANGAN","1944"
"29288","PASINDANGAN","1988"
"29289","PASIR ANGIN","2439"
"29290","PASIR ANGIN","2467"
"29291","PASIR BIRU","2350"
"29292","PASIR BUNCIR","2279"
"29293","PASIR ENDAH","2375"
"29294","PASIR GOMBONG","2417"
"29295","PASIR GUNUNG SELATAN","2474"
"29296","PASIR IMPUN","2529"
"29297","PASIR JAMBU","2265"
"29298","PASIR JAYA","2058"
"29299","PASIR JAYA","2292"
"29300","PASIR KALIKI","1978"
"29301","PASIR KUDA","2058"
"29302","PASIR MADANG","2438"
"29303","PASIR MUKTI","2479"
"29304","PASIR MULYA","2058"
"29305","PASIR MUNCANG","2279"
"29306","PASIR PUTIH","2149"
"29307","PASIR TANJUNG","1966"
"29308","PASIR","2259"
"29309","PASIRAGUNG","2250"
"29310","PASIRANGIN","2440"
"29311","PASIRAWI","2057"
"29312","PASIRAYU","2146"
"29313","PASIRBARU","2281"
"29314","PASIRBARU","2253"
"29315","PASIRBATANG","2140"
"29316","PASIRBIRU","2459"
"29317","PASIRBUNGUR","2151"
"29318","PASIRDALEM","2203"
"29319","PASIRDOTON","1999"
"29320","PASIREUNGIT","2230"
"29321","PASIREURIH","2560"
"29322","PASIRGAOK","2099"
"29323","PASIRGEULIS","2222"
"29324","PASIRHALANG","2457"
"29325","PASIRHALANG","2476"
"29326","PASIRHUNI","2235"
"29327","PASIRHUNI","2270"
"29328","PASIRIPIS","2013"
"29329","PASIRIPIS","2261"
"29330","PASIRJAMBU","2395"
"29331","PASIRJAMBU","2343"
"29332","PASIRJAMBU","2215"
"29333","PASIRJATI","2375"
"29334","PASIRJAYA","2145"
"29335","PASIRJENGKOL","2157"
"29336","PASIRKALIKI","2304"
"29337","PASIRKALIKI","2057"
"29338","PASIRKAMUNING","2266"
"29339","PASIRKAREUMBI","2368"
"29340","PASIRKIAMIS","2126"
"29341","PASIRLAJA","2265"
"29342","PASIRLANGU","2457"
"29343","PASIRLANGU","2490"
"29344","PASIRLAWANG","2096"
"29345","PASIRLAYUNG","2355"
"29346","PASIRLUYU","1955"
"29347","PASIRMALATI","2052"
"29348","PASIRMUKTI","1954"
"29349","PASIRMUKTI","2266"
"29350","PASIRMULYA","2079"
"29351","PASIRMULYA","2157"
"29352","PASIRMUNCANG","2420"
"29353","PASIRMUNCANG","2107"
"29354","PASIRMUNJUL","2294"
"29355","PASIRNAGARA","2076"
"29356","PASIRNUNJANG","2387"
"29357","PASIRPANJANG","2415"
"29358","PASIRPANJANG","2140"
"29359","PASIRPANJI","2358"
"29360","PASIRPOGOR","2256"
"29361","PASIRSALAM","2551"
"29362","PASIRSARI","2295"
"29363","PASIRSUREN","2260"
"29364","PASIRTALAGA","2266"
"29365","PASIRTAMIANG","2390"
"29366","PASIRTANJUNG","2358"
"29367","PASIRTANJUNG","2483"
"29368","PASIRUKEM","2145"
"29369","PASIRWANGI","2126"
"29370","PASIRWANGI","2375"
"29371","PASIRWARU","2369"
"29372","PASTEUR","2470"
"29373","PASURUAN","1995"
"29374","PATAKAHARJA","2199"
"29375","PATALA","2244"
"29376","PATALAGAN","2487"
"29377","PATAPAN","2147"
"29378","PATARUMAN","2385"
"29379","PATARUMAN","2134"
"29380","PATARUMAN","2351"
"29381","PATENGAN","1945"
"29382","PATIMBAN","2502"
"29383","PATROL BARU","1976"
"29384","PATROL","1976"
"29385","PATROLLOR","1976"
"29386","PATROLSARI","1956"
"29387","PATUANAN","2465"
"29388","PAWENANG","2176"
"29389","PAWENANG","2086"
"29390","PAWENANG","1998"
"29391","PAWIDEAN","2237"
"29392","PAWINDAN","2160"
"29393","PAYUNG","2023"
"29394","PAYUNGAGUNG","2082"
"29395","PAYUNGSARI","2082"
"29396","PAYUNGSARI","2492"
"29397","PEDANGKAMULYAN","2197"
"29398","PEDURENAN (PADURENAN)","2448"
"29399","PEGAGAN KIDUL","2243"
"29400","PEGAGAN LOR","2243"
"29401","PEGAGAN","2284"
"29402","PEGAGAN","2050"
"29403","PEGAMBIRAN","2548"
"29404","PEJAMBON","2015"
"29405","PEJATEN","2285"
"29406","PEJUANG","2514"
"29407","PEKALANGAN","2518"
"29408","PEKALIPAN","2518"
"29409","PEKANDANGAN JAYA","2220"
"29410","PEKANDANGAN","2220"
"29411","PEKANTINGAN","2071"
"29412","PEKAYON JAYA","2520"
"29413","PEKIRINGAN","2493"
"29414","PELABUHANRATU (PALABUHANRATU)","2260"
"29415","PELAYANGAN (PLAYANGAN)","2491"
"29416","PELINDUNG HEWAN","2305"
"29417","PELITA ASIH","2372"
"29418","PENGANJANG","1987"
"29419","PENGASIHAN","2149"
"29420","PENGASINAN","2310"
"29421","PENGASINAN","2184"
"29422","PENPEN","2060"
"29423","PERBUTULAN","2015"
"29424","PERWIRA","2513"
"29425","PETIR","2012"
"29426","PETIRHILIR","2118"
"29427","PEUNDEUY","2559"
"29428","PEUSING","2027"
"29429","PEUTEUYCONDONG","2306"
"29430","PICUNGPUGUR","1979"
"29431","PILANGSARI","2237"
"29432","PILANGSARI","1988"
"29433","PILANGSARI","2537"
"29434","PINANGRAJA","1960"
"29435","PINANGSARI","2297"
"29436","PINARA","2398"
"29437","PINAYUNGAN","2561"
"29438","PINGGIRSARI","1956"
"29439","PINGKU","2349"
"29440","PISANGSAMBO","2226"
"29441","PLAWANGAN","2228"
"29442","PLERED","1965"
"29443","PLOSOKEREP","2325"
"29444","PLUMBON","2220"
"29445","PLUMBON","2173"
"29446","PONDOH","2486"
"29447","PONDOK CINA","2150"
"29448","PONDOK KASO LANDEUH","2022"
"29449","PONDOK KASO TENGAH","1999"
"29450","PONDOK KASO TONGGOH","1999"
"29451","PONDOK PETIR","2186"
"29452","PONDOK RAJEG","2335"
"29453","PONDOK UDIK","1983"
"29454","PONDOKBUNGUR","2245"
"29455","PONDOKJAYA","2185"
"29456","PONGGANG","2399"
"29457","PRAJAWINANGUN KULON","2512"
"29458","PRAJAWINANGUN WETAN","2512"
"29459","PRANGGONG","1968"
"29460","PRANTI","2238"
"29461","PRIANGANJAYA","2444"
"29462","PRINGGACALA","2154"
"29463","PRINGKASAP","2044"
"29464","PUCUNG","2412"
"29465","PULASAREN","2518"
"29466","PULOERANG","2119"
"29467","PULOJAYA","2483"
"29468","PULOKELAPA","2483"
"29469","PULOMULYA","2483"
"29470","PULOSARI","2509"
"29471","PULOSARI","2087"
"29472","PULOSARI","2266"
"29473","PUNCAK","2026"
"29474","PUNCAKBARU","2347"
"29475","PUNCAKMANGGIS","2315"
"29476","PUNCAKSARI","2256"
"29477","PUNCAKWANGI","2546"
"29478","PUNGKUR","1955"
"29479","PUNTANG","2284"
"29480","PURABAYA","2546"
"29481","PURABAYA","2359"
"29482","PURASARI","2120"
"29483","PURASEDA","2120"
"29484","PURBAHAYU","2014"
"29485","PURBARATU","2562"
"29486","PURBAWINANGUN","2173"
"29487","PURBAYANI","2280"
"29488","PURWABAKTI","2299"
"29489","PURWADADI BARAT","2151"
"29490","PURWADADI TIMUR","2151"
"29491","PURWADADI","2096"
"29492","PURWADANA","2561"
"29493","PURWAHARJA","2541"
"29494","PURWAJAYA","2494"
"29495","PURWAJAYA","2559"
"29496","PURWAJAYA","2096"
"29497","PURWAJAYA","2431"
"29498","PURWAMEKAR","2461"
"29499","PURWAMEKAR","2057"
"29500","PURWARAHARJA","2197"
"29501","PURWARAHAYU","2110"
"29502","PURWARAJA","1958"
"29503","PURWASARI","2083"
"29504","PURWASARI","2062"
"29505","PURWASARI","2403"
"29506","PURWASARI","2012"
"29507","PURWASARI","2413"
"29508","PURWASARI","2480"
"29509","PURWASARI","2291"
"29510","PURWASEDAR","2415"
"29511","PURWAWINANGUN","1953"
"29512","PURWAWINANGUN","2542"
"29513","PUSAKA RAKYAT","2557"
"29514","PUSAKAJAYA SELATAN","2414"
"29515","PUSAKAJAYA UTARA","2414"
"29516","PUSAKAJAYA","2504"
"29517","PUSAKAJAYA","2180"
"29518","PUSAKAMULYA","2321"
"29519","PUSAKANAGARA","2118"
"29520","PUSAKARATU","2502"
"29521","PUSAKASARI","2063"
"29522","PUSAKASARI","2546"
"29523","PUSEURJAYA","2561"
"29524","PUSPAHIANG","2443"
"29525","PUSPAJAYA","2443"
"29526","PUSPAMUKTI","2364"
"29527","PUSPANEGARA","2479"
"29528","PUSPARAHAYU","2443"
"29529","PUSPARAJA","2364"
"29530","PUSPASARI","2479"
"29531","PUSPASARI","2492"
"29532","PUSPASARI","2443"
"29533","PUTAT NUTUG","2010"
"29534","PUTAT","2544"
"29535","PUTERAN","2407"
"29536","PUTERAN","2456"
"29537","PUTRAJAWA","2372"
"29538","PUTRAPINGGAN","2038"
"29539","PUTRIDALEM","1988"
"29540","RABAK","2344"
"29541","RAGAJAYA","2177"
"29542","RAGAWACANA","2190"
"29543","RAGEMANUNGGAL","2263"
"29544","RAHARJA","2541"
"29545","RAHARJA","2394"
"29546","RAHARJA","2017"
"29547","RAHAYU","2380"
"29548","RAHONG","2334"
"29549","RAJADANU","2290"
"29550","RAJADATU","1954"
"29551","RAJADESA","1958"
"29552","RAJAGALUH KIDUL","2023"
"29553","RAJAGALUH LOR","2023"
"29554","RAJAGALUH","2023"
"29555","RAJAIYANG","2284"
"29556","RAJAMANDALA KULON","2466"
"29557","RAJAMANDALA","2488"
"29558","RAJAPOLAH","2488"
"29559","RAJASINGA","2325"
"29560","RAJAWANGI","2465"
"29561","RAJAWETAN","2487"
"29562","RAKSABAYA","2148"
"29563","RAKSAJAYA","2410"
"29564","RAKSASARI","2110"
"29565","RAMASARI","2392"
"29566","RAMBATAN KULON","2225"
"29567","RAMBATAN WETAN","1987"
"29568","RAMBATAN","2398"
"29569","RAMBAY","2066"
"29570","RANCA SENGGANG","2256"
"29571","RANCAASIH","2326"
"29572","RANCABALONG","2446"
"29573","RANCABANGO","2326"
"29574","RANCABANGO","2442"
"29575","RANCABUNGUR","2099"
"29576","RANCADAKA","2502"
"29577","RANCAEKEK KENCANA","2210"
"29578","RANCAEKEK KULON","2210"
"29579","RANCAEKEK WETAN","2210"
"29580","RANCAGOONG","2334"
"29581","RANCAH","2199"
"29582","RANCAHAN","2021"
"29583","RANCAHILIR","2229"
"29584","RANCAJAWAT","2172"
"29585","RANCAJAYA","2326"
"29586","RANCAKALONG","2350"
"29587","RANCAKASUMBA","2196"
"29588","RANCAKOLE","1956"
"29589","RANCAMAHI","2151"
"29590","RANCAMANGGUNG","2247"
"29591","RANCAMANYAR","1959"
"29592","RANCAMAYA","2141"
"29593","RANCAMULYA","2021"
"29594","RANCAMULYA","2206"
"29595","RANCAMULYA","2326"
"29596","RANCAMULYA","2506"
"29597","RANCANUMPANG","2446"
"29598","RANCAPAKU","2432"
"29599","RANCAPANGGUNG","2135"
"29600","RANCAPUTAT","2081"
"29601","RANCASALAK","2424"
"29602","RANCASARI","2070"
"29603","RANCASARI","2229"
"29604","RANCATUNGKU","2206"
"29605","RANCAUDIK","2175"
"29606","RANDEGAN KULON","1988"
"29607","RANDEGAN WETAN","1988"
"29608","RANDOBAWAGIRANG","2472"
"29609","RANDOBAWAILIR","2472"
"29610","RANDUMULYA","2492"
"29611","RANDUSARI","2329"
"29612","RANGDU","2180"
"29613","RANGGAMEKAR","2141"
"29614","RANGGASARI","2558"
"29615","RANGGON","2345"
"29616","RANGKAPANJAYA BARU","2489"
"29617","RANGKAPANJAYA","2489"
"29618","RANJENG","2377"
"29619","RANJENG","2284"
"29620","RANJIKULON","2499"
"29621","RANJIWETAN","2499"
"29622","RATAWANGI","2083"
"29623","RATU JAYA","2185"
"29624","RAWA PANJANG","2177"
"29625","RAWA","2360"
"29626","RAWA","1985"
"29627","RAWABELUT","2308"
"29628","RAWABOGO","2484"
"29629","RAWADALEM","2055"
"29630","RAWAGATEL","1977"
"29631","RAWAGEDE","2215"
"29632","RAWAGEMPOL KULON","2408"
"29633","RAWAGEMPOL WETAN","2408"
"29634","RAWAKALONG","2310"
"29635","RAWALELE","2139"
"29636","RAWAMEKAR","2168"
"29637","RAWAMENENG","2168"
"29638","RAWASARI","2414"
"29639","RAWASARI","1965"
"29640","RAWAURIP","1981"
"29641","REGOL WETAN","2035"
"29642","REGOL","2447"
"29643","REJASARI","2202"
"29644","RENDE","2407"
"29645","RENGASDENGKLOK SELATAN","1946"
"29646","RENGASDENGKLOK UTARA","1946"
"29647","RENGASJAJAR","1971"
"29648","RESMI TINGAL","2330"
"29649","RIDOGALIH","2316"
"29650","RIDOGALIH","2405"
"29651","RIDOMANAH","2316"
"29652","RUMPIN","2344"
"29653","SABAJAYA","2226"
"29654","SABANDAR","2018"
"29655","SADAMANTRA","2027"
"29656","SADANANYA","2155"
"29657","SADANG SERANG","2460"
"29658","SADANG","2366"
"29659","SADANGMEKAR","2457"
"29660","SADAPAINGAN","2074"
"29661","SADARKARYA","2440"
"29662","SADASARI","1970"
"29663","SADAWANGI","2065"
"29664","SADAWARNA","2048"
"29665","SADENG","2004"
"29666","SADENGKOLOT","2004"
"29667","SADEWATA","1985"
"29668","SADOMAS","2023"
"29669","SADU","2451"
"29670","SAGALAHERANG KALER","2356"
"29671","SAGALAHERANG","2074"
"29672","SAGALAHERANG","2356"
"29673","SAGANTEN","2505"
"29674","SAGARA","1970"
"29675","SAGARA","2371"
"29676","SAGARAHIANG","2040"
"29677","SAGARANTEN","1957"
"29678","SAGARANTEN","2315"
"29679","SAGULING","2118"
"29680","SAGULING","2200"
"29681","SAHBANDAR","2013"
"29682","SAKAMBANG","2017"
"29683","SAKAWAYANA","2124"
"29684","SAKERTA BARAT","2040"
"29685","SAKERTA TIMUR","2040"
"29686","SAKURJAYA","2348"
"29687","SALADO","1973"
"29688","SALAGEDANG","2306"
"29689","SALAGEDANG","1997"
"29690","SALAKADOMAS","2472"
"29691","SALAKARIA","2262"
"29692","SALAKURAY","2084"
"29693","SALAMDARMA","1964"
"29694","SALAMJAYA","2044"
"29695","SALAMJAYA","2245"
"29696","SALAMMULYA","2245"
"29697","SALAMNUNGGAL","2306"
"29698","SALAMNUNGGAL","2275"
"29699","SALAREUMA","2445"
"29700","SALAWANA","2052"
"29701","SALAWANGI","2029"
"29702","SALAWU","2519"
"29703","SALEBU","2551"
"29704","SALEM","2245"
"29705","SAMARANG","2453"
"29706","SAMBENG","2542"
"29707","SAMBIMAYA","2486"
"29708","SAMBONGJAYA","2370"
"29709","SAMBONGPARI","2370"
"29710","SAMIDA","2372"
"29711","SAMOJA","2164"
"29712","SAMPALAN","2549"
"29713","SAMPIH","2302"
"29714","SAMPIRAN","2286"
"29715","SAMPORA","2239"
"29716","SAMPORA","2061"
"29717","SAMUDERAJAYA","2280"
"29718","SAMUDRA JAYA","2557"
"29719","SANCA","2300"
"29720","SANCA","2049"
"29721","SANCANG","2371"
"29722","SANDING","2124"
"29723","SANDINGTAMAN","2039"
"29724","SANGIANG","2080"
"29725","SANGIANG","2210"
"29726","SANGKANERANG","2027"
"29727","SANGKANHURIP","2114"
"29728","SANGKANHURIP","2146"
"29729","SANGKANMULYA","2020"
"29730","SANGKANURIP","2020"
"29731","SANGRAWAYANG","2354"
"29732","SANJA","2479"
"29733","SANTANAMEKAR","2403"
"29734","SANTING","2284"
"29735","SANTOSA","2330"
"29736","SARABAU","2273"
"29737","SARAJAYA","1979"
"29738","SARAMPAD","2158"
"29739","SAREWU","2487"
"29740","SARIBAKTI","2559"
"29741","SARIJADI","2501"
"29742","SARIJAYA","2157"
"29743","SARIMAHI","2008"
"29744","SARIMANGGU","2301"
"29745","SARIMEKAR","2086"
"29746","SARIMUKTI","2352"
"29747","SARIMUKTI","2466"
"29748","SARIMUKTI","2301"
"29749","SARIMUKTI","2126"
"29750","SARIMULYA","2412"
"29751","SARINAGEN","2117"
"29752","SARIREJA","2251"
"29753","SARIWANGI","2381"
"29754","SARIWANGI","2534"
"29755","SARWADADI","2286"
"29756","SASAGARAN","2224"
"29757","SASAK PANJANG","2478"
"29758","SATRIAJAYA","2521"
"29759","SATRIAMEKAR","2521"
"29760","SAWAH GEDE","2024"
"29761","SAWAH KULON","2361"
"29762","SAWAHDADAP","2387"
"29763","SAWANGAN (LAMA)","2149"
"29764","SAWANGAN BARU","2149"
"29765","SAWANGAN","2067"
"29766","SAWIT","2440"
"29767","SAYANA","2027"
"29768","SAYANG","2024"
"29769","SAYANG","2332"
"29770","SAYATI","2552"
"29771","SEDA","2472"
"29772","SEDARAJA","2360"
"29773","SEDARI","2285"
"29774","SEDONG KIDUL","2544"
"29775","SEDONG LOR","2544"
"29776","SEGARA JAYA","2557"
"29777","SEGARA MAKMUR","2557"
"29778","SEGARAN","2130"
"29779","SEGARJAYA","2130"
"29780","SEGERAN KIDUL","2486"
"29781","SEGERAN","2486"
"29782","SEGONG","2386"
"29783","SEKARMULYA","2021"
"29784","SEKARSARI","2047"
"29785","SEKARWANGI","2208"
"29786","SEKARWANGI","2138"
"29787","SEKARWANGI","2124"
"29788","SEKARWANGI","2057"
"29789","SEKARWANGI","2451"
"29790","SEKEJATI","2396"
"29791","SEKELOA","2460"
"29792","SELAAWI","2361"
"29793","SELAAWI","2372"
"29794","SELAAWI","2476"
"29795","SELAAWI","2554"
"29796","SELABATU","2426"
"29797","SELACAI","2063"
"29798","SELACAU","2129"
"29799","SELAGEDANG","2253"
"29800","SELAJAMBE","2009"
"29801","SELAJAMBE","2033"
"29802","SELAJAMBE","2030"
"29803","SELAMANIK","2063"
"29804","SELASARI","2480"
"29805","SELASARI","2192"
"29806","SELAWANGI","2534"
"29807","SELAWANGI","2476"
"29808","SELAWANGI","1966"
"29809","SEMBAWA","2027"
"29810","SEMPLAK BARAT","1983"
"29811","SEMPLAK","2058"
"29812","SEMPLAK","2444"
"29813","SEMPLO","2050"
"29814","SEMPUR","2000"
"29815","SEMPUR","1965"
"29816","SENDANG","2154"
"29817","SENDANG","2015"
"29818","SENDE","1977"
"29819","SENTUL","1996"
"29820","SEPANJANG JAYA","2184"
"29821","SEPAT","2081"
"29822","SEPATNUNGGAL","2410"
"29823","SERANG KULON","2006"
"29824","SERANG WETAN","2006"
"29825","SERANG","2295"
"29826","SERANG","2328"
"29827","SERANG","2071"
"29828","SERANG","2519"
"29829","SERANGMEKAR","2008"
"29830","SERTAJAYA","2468"
"29831","SERUA","2186"
"29832","SETIA ASIH","2557"
"29833","SETIA JAYA","2532"
"29834","SETIA MULYA","2557"
"29835","SETIADARMA","2531"
"29836","SETIAJAYA","1986"
"29837","SETIALAKSANA","2532"
"29838","SETIAMANAH","2123"
"29839","SETIAMEKAR","2531"
"29840","SETIAMULYA","2555"
"29841","SETIANAGARA","1986"
"29842","SETIANEGARA","2061"
"29843","SETIARATU","1986"
"29844","SETIAWANGI","2482"
"29845","SETIAWARAS","2313"
"29846","SETIAWARGI","2555"
"29847","SETU KULON","2543"
"29848","SETU SARI","2439"
"29849","SETU WETAN","2543"
"29850","SETU","2037"
"29851","SETUPATOK","2060"
"29852","SEUSEUPAN","2276"
"29853","SEUSEUPAN","2169"
"29854","SIBANTENG","2004"
"29855","SIBUBUT","2143"
"29856","SIDADADI","2463"
"29857","SIDAHARJA","2119"
"29858","SIDAHARJA","2076"
"29859","SIDAJAYA","2527"
"29860","SIDAMUKTI","1994"
"29861","SIDAMULIH","2076"
"29862","SIDAMULIH","2409"
"29863","SIDAMULYA","1980"
"29864","SIDAMULYA","2228"
"29865","SIDAMULYA","2527"
"29866","SIDAMULYA","2072"
"29867","SIDAMULYA","2027"
"29868","SIDARAHAYU","2096"
"29869","SIDARAJA","2303"
"29870","SIDARESMI","1995"
"29871","SIDAWANGI","2015"
"29872","SIDOMULYO","2014"
"29873","SIGARACIPTA","2008"
"29874","SIGONG","1979"
"29875","SILEBU","2487"
"29876","SILIHASIH","1995"
"29877","SILIHWANGI","2029"
"29878","SILUMAN","2044"
"29879","SIMPANG","2515"
"29880","SIMPANG","2371"
"29881","SIMPANG","2340"
"29882","SIMPANG","2504"
"29883","SIMPANG","2242"
"29884","SIMPANG","2017"
"29885","SIMPANGAN","2417"
"29886","SIMPANGSARI","2051"
"29887","SIMPAR","2527"
"29888","SIMPAYJAYA","2386"
"29889","SIMPEN KALER","2369"
"29890","SIMPEN KIDUL","2369"
"29891","SIMPEUREUM","2121"
"29892","SINAGAR","2511"
"29893","SINAR BENTANG","2315"
"29894","SINAR SARI","2012"
"29895","SINARBAKTI","2207"
"29896","SINARGALIH","2065"
"29897","SINARGALIH","2395"
"29898","SINARJATI","2052"
"29899","SINARJAYA","2188"
"29900","SINARLAUT","2204"
"29901","SINARRANCANG","2060"
"29902","SINARTANJUNG","2134"
"29903","SINDANG JAYA","2475"
"29904","SINDANG JAYA","2532"
"29905","SINDANG JAYA","2529"
"29906","SINDANG JAYA","2524"
"29907","SINDANG","2036"
"29908","SINDANG","2156"
"29909","SINDANG","1987"
"29910","SINDANG","2146"
"29911","SINDANGAGUNG","2028"
"29912","SINDANGANGIN","2119"
"29913","SINDANGASIH","2083"
"29914","SINDANGASIH","2283"
"29915","SINDANGASIH","2018"
"29916","SINDANGBARANG","2058"
"29917","SINDANGBARANG","2027"
"29918","SINDANGBARANG","2082"
"29919","SINDANGGALIH","2387"
"29920","SINDANGGALIH","2449"
"29921","SINDANGGALIH","2282"
"29922","SINDANGHAJI","2259"
"29923","SINDANGHAYU","2083"
"29924","SINDANGHAYU","2147"
"29925","SINDANGHAYU","2242"
"29926","SINDANGHERANG","2082"
"29927","SINDANGHURIP","2029"
"29928","SINDANGJAWA","2103"
"29929","SINDANGJAWA","2042"
"29930","SINDANGJAWA","2031"
"29931","SINDANGJAYA","2319"
"29932","SINDANGJAYA","2133"
"29933","SINDANGJAYA","2339"
"29934","SINDANGJAYA","2252"
"29935","SINDANGKARYA","2549"
"29936","SINDANGKASIH","2147"
"29937","SINDANGKASIH","1994"
"29938","SINDANGKASIH","2461"
"29939","SINDANGKASIH","2234"
"29940","SINDANGKEMPENG","2496"
"29941","SINDANGKEMPENG","2487"
"29942","SINDANGKERTA","2100"
"29943","SINDANGKERTA","2225"
"29944","SINDANGKERTA","1963"
"29945","SINDANGKERTA","2253"
"29946","SINDANGKERTA","2256"
"29947","SINDANGLAKA","2018"
"29948","SINDANGLAUT","1979"
"29949","SINDANGLAYA","2327"
"29950","SINDANGLAYA","2133"
"29951","SINDANGLAYA","2449"
"29952","SINDANGLAYA","2331"
"29953","SINDANGLAYA","2294"
"29954","SINDANGLAYA","2247"
"29955","SINDANGMEKAR","2042"
"29956","SINDANGMEKAR","2455"
"29957","SINDANGMUKTI","2549"
"29958","SINDANGMUKTI","2082"
"29959","SINDANGMULYA","2316"
"29960","SINDANGMULYA","2549"
"29961","SINDANGPAKUON","2387"
"29962","SINDANGPALA","2080"
"29963","SINDANGPALAY","2007"
"29964","SINDANGPALAY","2449"
"29965","SINDANGPANJI","2036"
"29966","SINDANGPANO","2023"
"29967","SINDANGPANON","2079"
"29968","SINDANGPANON","2176"
"29969","SINDANGPRABU","2455"
"29970","SINDANGRAJA","2187"
"29971","SINDANGRAJA","2198"
"29972","SINDANGRAJA","2030"
"29973","SINDANGRASA","2083"
"29974","SINDANGRASA","2116"
"29975","SINDANGRASA","2160"
"29976","SINDANGRATU","2455"
"29977","SINDANGRESMI","2091"
"29978","SINDANGRESMI","2242"
"29979","SINDANGSARI","2083"
"29980","SINDANGSARI","2116"
"29981","SINDANGSARI","2176"
"29982","SINDANGSARI","2194"
"29983","SINDANGSARI","2532"
"29984","SINDANGSARI","2127"
"29985","SINDANGSARI","2420"
"29986","SINDANGSARI","2429"
"29987","SINDANGSARI","2334"
"29988","SINDANGSARI","2136"
"29989","SINDANGSARI","2339"
"29990","SINDANGSARI","2391"
"29991","SINDANGSARI","2203"
"29992","SINDANGSARI","2209"
"29993","SINDANGSARI","2480"
"29994","SINDANGSARI","2549"
"29995","SINDANGSARI","2546"
"29996","SINDANGSARI","2430"
"29997","SINDANGSARI","2495"
"29998","SINDANGSARI","2373"
"29999","SINDANGSARI","2376"
"30000","SINDANGSARI","1965"
