"id","nama_desa","kecamatan_id"
"70001","LOLIBU","5898"
"70002","LOMBA KASIH","5831"
"70003","LOMBU JAYA","5936"
"70004","LOMBUEYA (LOMBUEA)","5963"
"70005","LONGA","5954"
"70006","LONGGOSIPI","5921"
"70007","LONGORI  /  LANGORI","5886"
"70008","LORA","5885"
"70009","LOWA","5786"
"70010","LOWU-LOWU","5869"
"70011","LOWU-LOWU","5930"
"70012","LUPIA","5927"
"70013","MABODO","5904"
"70014","MACUMELEWE (WACUMELEWE)","5909"
"70015","MADAMPI","5959"
"70016","MADONGKA","5898"
"70017","MAGINTI","5774"
"70018","MAJAPAHIT","5862"
"70019","MAJAPAHIT","5956"
"70020","MAKKUASENG","5793"
"70021","MAKORO","5926"
"70022","MALA-MALA","5839"
"70023","MALAHA","5815"
"70024","MALALANDA","5866"
"70025","MALARINGGI","5908"
"70026","MALEKO","5954"
"70027","MALIGANO","5968"
"70028","MAMBO","5859"
"70029","MAMBULUGO","5873"
"70030","MANDATI I","5928"
"70031","MANDATI II","5928"
"70032","MANDATI III","5928"
"70033","MANDIKE","5891"
"70034","MANDIOPO (MANDIODO)","5838"
"70035","MANDONGA","5801"
"70036","MANGGA DUA","5920"
"70037","MANGGA KUNING","5907"
"70038","MANGOLO","5924"
"70039","MANTIGOLA (MANTINGOLA)","5808"
"70040","MANTOBUA","5894"
"70041","MANTOWU","5836"
"70042","MANURU","5844"
"70043","MAPERAHA","5936"
"70044","MAPILA","5917"
"70045","MARAMPUKA","5966"
"70046","MARAWALI","5860"
"70047","MARGA CINTA","5812"
"70048","MARGA JAYA","5828"
"70049","MARGA KARYA","5903"
"70050","MAROBEA","5936"
"70051","MAROBO","5973"
"70052","MAROKO","5967"
"70053","MARUGE","5945"
"70054","MASAGENA","5797"
"70055","MASALILI","5904"
"70056","MASALOKA BARAT (TENGAH)","5880"
"70057","MASALOKA SELATAN","5880"
"70058","MASALOKA TIMUR","5880"
"70059","MASALOKA","5880"
"70060","MASARA","5952"
"70061","MASIRI","5862"
"70062","MASOLO","5913"
"70063","MASOOSE","5875"
"70064","MATA BAHO","5900"
"70065","MATA BENUA","5909"
"70066","MATA BONDU","5908"
"70067","MATA BURA","5802"
"70068","MATA BURANGA","5915"
"70069","MATA DIMBA","5848"
"70070","MATA INDAHA  /  INDAH","5949"
"70071","MATA IWOI","5802"
"70072","MATA IWOI","5810"
"70073","MATA LAMOKULA","5963"
"70074","MATA LANGGARA","5900"
"70075","MATA OSOLE (MOLORE)","5909"
"70076","MATA OSU","5921"
"70077","MATA WATU-WATU","5963"
"70078","MATA","5858"
"70079","MATA","5920"
"70080","MATABENUA  /  WATAWUNUA","5779"
"70081","MATABONDU","5829"
"70082","MATABUBU JAYA","5832"
"70083","MATABUBU","5788"
"70084","MATABUBU","5827"
"70085","MATABUBU","5848"
"70086","MATABUBU","5915"
"70087","MATAHOALU","5800"
"70088","MATAHORA (METOHORA)","5928"
"70089","MATAIWOI","5783"
"70090","MATAIWOI","5814"
"70091","MATAIWOI","5829"
"70092","MATAIWOI","5793"
"70093","MATAIWOI","5784"
"70094","MATAIWOI","5925"
"70095","MATAIWOI","5838"
"70096","MATAIWOI","5953"
"70097","MATAIWOI","5942"
"70098","MATAIWOI","5915"
"70099","MATAIWOI","5823"
"70100","MATALAGI","5955"
"70101","MATALEUNO","5819"
"70102","MATAMBAWI","5796"
"70103","MATANAUWE","5844"
"70104","MATANDAHI","5784"
"70105","MATANDAHI","5864"
"70106","MATANDAHI","5796"
"70107","MATANGGONAWE","5939"
"70108","MATANGGORAI","5781"
"70109","MATANO OE","5910"
"70110","MATAPILA","5780"
"70111","MATARA (MATARA)","5794"
"70112","MATARAWA","5865"
"70113","MATAWIA","5905"
"70114","MATAWINE","5898"
"70115","MATAWOLASI","5813"
"70116","MATE UPE","5783"
"70117","MATIRO WALIE","5871"
"70118","MATOMBURA","5895"
"70119","MATTIRO BULU","5969"
"70120","MAWA","5915"
"70121","MAWAMBUNGA","5860"
"70122","MAWAR","5885"
"70123","MAWASANGKA","5794"
"70124","MBANUA","5933"
"70125","MEETO","5839"
"70126","MEGABAHARI","5811"
"70127","MEKAR JAYA","5788"
"70128","MEKAR JAYA","5903"
"70129","MEKAR JAYA","5963"
"70130","MEKAR JAYA","5957"
"70131","MEKAR SARI","5789"
"70132","MEKAR SARI","5810"
"70133","MEKAR SARI","5884"
"70134","MEKAR","5835"
"70135","MEKARJAYA","5781"
"70136","MELAI","5840"
"70137","MELETUMBU (MELETUMBO)","5784"
"70138","MELUHU","5792"
"70139","MENDIKONU","5802"
"70140","MENDIKONU","5892"
"70141","MERAKA","5807"
"70142","MERONGGA RAYA","5834"
"70143","METERE","5898"
"70144","MIKUASI","5941"
"70145","MOASI","5847"
"70146","MOKALELELO","5829"
"70147","MOKALELEO","5790"
"70148","MOKO","5898"
"70149","MOKOAU","5829"
"70150","MOKOAU","5932"
"70151","MOKOBEAU","5933"
"70152","MOKOWU","5833"
"70153","MOKUPA JAYA (MAKUPA JAYA)","5834"
"70154","MOKUPA","5786"
"70155","MOLA BAHARI","5928"
"70156","MOLA NELAYAN BAKTI / BHAKTI","5928"
"70157","MOLA SAMATURU","5928"
"70158","MOLA SELATAN","5928"
"70159","MOLA UTARA","5928"
"70160","MOLAGINA","5862"
"70161","MOLAWE","5838"
"70162","MOLINESE","5832"
"70163","MOLONA","5933"
"70164","MOLORE","5798"
"70165","MOMEA","5810"
"70166","MOMUNTU","5957"
"70167","MONAPA","5953"
"70168","MONDOE JAYA","5784"
"70169","MONDOE","5816"
"70170","MONDOKE (MANDOKE)","5834"
"70171","MONE","5898"
"70172","MOOLO INDAH","5796"
"70173","MOOLO","5857"
"70174","MOPAANO / MOPANO","5811"
"70175","MOPUTE","5861"
"70176","MORAMO","5812"
"70177","MORENGKE","5951"
"70178","MORIKANA","5919"
"70179","MORINDINO","5858"
"70180","MORINI MULYA","5779"
"70181","MOROBEA","5884"
"70182","MOROMBO PANTAI","5780"
"70183","MOROMBO","5798"
"70184","MOROME (MORAME)","5797"
"70185","MOROSI","5892"
"70186","MOSIKU","5793"
"70187","MOTAHA","5829"
"70188","MOTUI","5864"
"70189","MOWILA","5953"
"70190","MOWUNDO","5838"
"70191","MUARA LAPAO PAO","5914"
"70192","MUARA SAMPARA","5938"
"70193","MUARA TINOBU","5780"
"70194","MULAENO","5972"
"70195","MULIA JAYA","5811"
"70196","MULYA SARI (MULIASARI)","5953"
"70197","MUMUNDOWU","5791"
"70198","MUNSE INDAH","5970"
"70199","MUNSE","5970"
"70200","NAMBO JAYA","5913"
"70201","NAMBO","5778"
"70202","NAMBO","5888"
"70203","NAMU","5908"
"70204","NANGA","5970"
"70205","NAPA","5794"
"70206","NAPABALANO","5965"
"70207","NAPALAKURA","5965"
"70208","NARIO INDAH","5822"
"70209","NEKUDU","5809"
"70210","NELOMBU","5923"
"70211","NEPA MEKAR","5898"
"70212","NESOWI","5805"
"70213","NGANGANAUMALA","5896"
"70214","NGAPA","5890"
"70215","NGAPA","5773"
"70216","NGAPAAH (NGAPAAHA)","5796"
"70217","NGAPAWALI","5784"
"70218","NGAPA\EA","5897"
"70219","NGGULANGGULA","5882"
"70220","NGKARING-KARING (NGKARI-NGKARI)","5935"
"70221","NIHI","5936"
"70222","NII TANASA","5902"
"70223","NIMBUNEHA","5793"
"70224","NOHU NOHU","5822"
"70225","NOKO","5848"
"70226","NOPOOSI","5942"
"70227","NUMANA","5928"
"70228","NYULE","5960"
"70229","OELONGKO","5895"
"70230","OELONGKO","5948"
"70231","OEMPU","5910"
"70232","OENGGUMORA","5901"
"70233","OENGKAPALA","5955"
"70234","OENSULI","5927"
"70235","OIHU","5922"
"70236","OKO OKO","5912"
"70237","OLLO SELATAN","5808"
"70238","OLLO","5808"
"70239","OLO OLOHO (OLAHA)","5941"
"70240","OLUA AO","5810"
"70241","OMBU-OMBU JAYA","5785"
"70242","ONDOKE","5936"
"70243","ONE WAARA","5898"
"70244","ONEEHA","5821"
"70245","ONEMAY","5950"
"70246","ONEMBUTE","5818"
"70247","ONEMBUTE","5942"
"70248","ONEMBUTE","5789"
"70249","ONEWILA","5803"
"70250","ONGKOLAKI (OENGKOLAKI)","5794"
"70251","OPAASI","5775"
"70252","ORAWA","5962"
"70253","OTIPULU","5780"
"70254","OTOLE","5780"
"70255","PABIRING","5841"
"70256","PADA RAYA MAKMUR","5954"
"70257","PADAELO","5793"
"70258","PADALERE UTAMA","5909"
"70259","PADALERE","5909"
"70260","PADALEU","5932"
"70261","PADALEU","5834"
"70262","PADALEU","5799"
"70263","PADANG MEKAR","5781"
"70264","PADANGGUNI UTAMA","5781"
"70265","PADANGGUNI","5781"
"70266","PAJALA","5774"
"70267","PAJAM","5911"
"70268","PAKA INDAH","5861"
"70269","PAKU JAYA","5892"
"70270","PAKU","5892"
"70271","PAKUE","5819"
"70272","PALABUSA","5930"
"70273","PALAHIDU BARAT","5926"
"70274","PALAHIDU BARAT","5846"
"70275","PALAHIDU","5926"
"70276","PALANGGA","5863"
"70277","PALANGGA","5789"
"70278","PALARAHI","5822"
"70279","PALAWEWU (PALOWEWU)","5837"
"70280","PALEWAI","5821"
"70281","PALINGI BARAT","5915"
"70282","PALINGI","5915"
"70283","PALLIMAE","5871"
"70284","PALO TAWO","5796"
"70285","PAMANDATI","5832"
"70286","PAMBULAA JAYA","5797"
"70287","PANGAN JAYA","5832"
"70288","PANGGOOSI","5796"
"70289","PANGI-PANGI","5826"
"70290","PANGILIA","5947"
"70291","PANGKURI","5958"
"70292","PAPAWU","5783"
"70293","PARASI","5816"
"70294","PARAUNA","5825"
"70295","PARIA","5972"
"70296","PARIAMA","5798"
"70297","PARIDA","5868"
"70298","PARIGI","5948"
"70299","PARUDONGKA","5974"
"70300","PARUNG LAMPE","5793"
"70301","PARURA JAYA","5870"
"70302","PARUTTELANG","5890"
"70303","PASAMPANG","5956"
"70304","PASARE APUA","5831"
"70305","PASARWAJO","5836"
"70306","PASIKUTA","5973"
"70307","PASIPADANGAN","5774"
"70308","PASIR PUTIH","5799"
"70309","PATANDE","5848"
"70310","PATIKALA","5845"
"70311","PATIPELONG","5846"
"70312","PATOWONUA","5842"
"70313","PATUA DUA (II)","5950"
"70314","PATUA","5950"
"70315","PATUNO","5954"
"70316","PEATOA","5925"
"70317","PEBAOA","5893"
"70318","PEBUNOOHA DALAM","5892"
"70319","PEBUNOOHA","5892"
"70320","PEHANGGO","5787"
"70321","PEKOREA","5786"
"70322","PELAMBUA","5912"
"70323","PELANDIA","5782"
"70324","PEMONTORO (POMONTORO)","5885"
"70325","PENAMBEA BARATA","5812"
"70326","PENANGGO JAYA","5786"
"70327","PENANGGOOSI","5786"
"70328","PENTIRO","5965"
"70329","PEO INDAH","5908"
"70330","PEOHO","5921"
"70331","PEREOE","5938"
"70332","PEROPA","5911"
"70333","PESOUHA","5912"
"70334","PETETEAA","5893"
"70335","PETOAHA","5778"
"70336","PETUDUA","5821"
"70337","PEWUTAA","5829"
"70338","PEWUTAA","5886"
"70339","PINOLE","5805"
"70340","PITULUA DUA (II)","5842"
"70341","PITULUA","5842"
"70342","PLASMA JAYA","5975"
"70343","POANAHA (PUANAHA)","5790"
"70344","POAROHA","5973"
"70345","POASIA","5778"
"70346","POEA","5937"
"70347","POGALAMPA (POOGALAMPA)","5862"
"70348","POHARA","5777"
"70349","POHORUA","5968"
"70350","POHU","5967"
"70351","POLARA","5913"
"70352","POLEMAJU JAYA","5826"
"70353","POLENGA (TIRAWUTA)","5921"
"70354","POLENGA JAYA","5826"
"70355","POLEONDRO","5972"
"70356","POLEWALI","5832"
"70357","POLI POLIA","5826"
"70358","POLINDU","5794"
"70359","POLINGGONA","5975"
"70360","POLO-POLOLI","5877"
"70361","POLO-POLORA","5909"
"70362","POLORA INDAH","5798"
"70363","POLUA","5777"
"70364","POMALAA","5912"
"70365","POMBEYOHA","5830"
"70366","POMBUREA","5786"
"70367","PONDAMBEA","5820"
"70368","PONDIDAHA","5791"
"70369","PONDOA","5909"
"70370","PONDOUWAE","5975"
"70371","PONGGI","5867"
"70372","PONGGIHA","5842"
"70373","PONGKALAERO","5881"
"70374","PONGKAWULU","5858"
"70375","PONGO","5954"
"70376","PONI PONIKI","5864"
"70377","PONI PONIKI","5962"
"70378","POOKAMBUA","5954"
"70379","POPALIA","5821"
"70380","POPALIA","5922"
"70381","PORA BUA","5787"
"70382","PORARA","5892"
"70383","POREHU","5867"
"70384","POSALU","5954"
"70385","POTORO","5783"
"70386","POTUHO JAYA","5834"
"70387","POWALAA","5956"
"70388","POWISOA JAYA (PEWISOA JAYA)","5821"
"70389","PUAO","5829"
"70390","PUASANA","5802"
"70391","PUASANA","5963"
"70392","PUCAK MONAPA","5842"
"70393","PUDAHOA (PUDOHOA)","5953"
"70394","PUDAMBU","5829"
"70395","PUDARIA JAYA","5812"
"70396","PUDAY (PUDAI)","5778"
"70397","PUDAY","5875"
"70398","PUDONGGALA UTAMA","5939"
"70399","PUKURUMBA (POKORUMBA)","5871"
"70400","PULAU EA (ES)","5940"
"70401","PULAU TAMBAKO","5885"
"70402","PUMBOLO","5971"
"70403","PUNCAK HARAPAN","5793"
"70404","PUNGGALOBA","5889"
"70405","PUNGGALUKU","5781"
"70406","PUNGGALUKU","5818"
"70407","PUNGGALUKU","5785"
"70408","PUNGGAPU","5783"
"70409","PUNGGOLAKA","5776"
"70410","PUNGGULAHI","5864"
"70411","PUNGGULAHI","5953"
"70412","PUOSU (PUUOSU)","5837"
"70413","PUOSU JAYA","5797"
"70414","PUOSU","5923"
"70415","PUOSU","5810"
"70416","PURE","5851"
"70417","PURIALA","5790"
"70418","PURIRANO","5920"
"70419","PUSANGI (PUUSANGI)","5777"
"70420","PUTEMATA","5830"
"70421","PUU LEMO","5859"
"70422","PUU NUNU","5881"
"70423","PUU TAMBOLI","5815"
"70424","PUU WONUA","5976"
"70425","PUUBENUA","5886"
"70426","PUUBUNGA","5886"
"70427","PUUDARIA JAYA","5782"
"70428","PUUDIRANGGA (PUUNDIRANGGA)","5908"
"70429","PUUDONGGALA (PUDONGGALA)","5939"
"70430","PUUDONGI","5784"
"70431","PUUDONGI","5975"
"70432","PUUDURIA","5875"
"70433","PUUHIALU","5861"
"70434","PUUHOPA","5790"
"70435","PUULEMO","5886"
"70436","PUULEMO","5799"
"70437","PUULIPU","5829"
"70438","PUULORO","5777"
"70439","PUUMBINISI","5791"
"70440","PUUNAAHA","5806"
"70441","PUUNANGGA","5834"
"70442","PUUNDAIPA","5821"
"70443","PUUNDOHO","5783"
"70444","PUUNDOHO","5886"
"70445","PUUNDOHO","5818"
"70446","PUUNDOHO","5819"
"70447","PUUNDOPI","5810"
"70448","PUUNGGAWU KAWU (PUNGGAWUKAWU)","5837"
"70449","PUUNGGOMOSI","5817"
"70450","PUUNGONI","5829"
"70451","PUUPI","5784"
"70452","PUUPI","5939"
"70453","PUURAU","5890"
"70454","PUURAU","5848"
"70455","PUUREMA SUBUR","5834"
"70456","PUURODA","5886"
"70457","PUUROE","5829"
"70458","PUURUI (PUURUY)","5892"
"70459","PUUSANGGULA","5829"
"70460","PUUSANGI","5790"
"70461","PUUSIAMBU","5799"
"70462","PUUSINAUWI","5822"
"70463","PUUSULI","5814"
"70464","PUUWANGGUDU","5817"
"70465","PUUWATU (PUWATU)","5776"
"70466","PUUWATU","5853"
"70467","PUUWEHUKO","5837"
"70468","PUUWONGGIA","5864"
"70469","PUUWONUA","5814"
"70470","PUUWONUA","5902"
"70471","PUWEHUKO","5953"
"70472","RAHA I","5907"
"70473","RAHA II","5907"
"70474","RAHA III","5907"
"70475","RAHA MENDA JAYA","5782"
"70476","RAHADOPI","5977"
"70477","RAHAMPUU","5977"
"70478","RAHANDOUNA","5827"
"70479","RAHANGGADA","5821"
"70480","RAHANTARI","5855"
"70481","RAHIA","5869"
"70482","RAHMAT BARU","5903"
"70483","RAIMUNA","5968"
"70484","RAKADUA","5841"
"70485","RAKAWUTA","5953"
"70486","RAMBU KONGGA","5892"
"70487","RAMBU-RAMBU JAYA","5803"
"70488","RAMBU-RAMBU","5784"
"70489","RAMBU-RAMBU","5785"
"70490","RANGKA","5887"
"70491","RANO AOPA","5953"
"70492","RANO JAYA","5824"
"70493","RANO KOMEA","5841"
"70494","RANO MBAYASA","5953"
"70495","RANOEYA","5822"
"70496","RANOMEETO","5803"
"70497","RANOMENTAA","5824"
"70498","RANOMOLUA","5818"
"70499","RANOOHA LESTARI","5782"
"70500","RANOOHA RAYA","5812"
"70501","RANOOHA","5803"
"70502","RANOWILA","5797"
"70503","RANOWILA","5813"
"70504","RANTE ANGIN","5967"
"70505","RANTE BARU","5967"
"70506","RANTE GOLA","5897"
"70507","RANTE LIMBUNG","5842"
"70508","RAODA","5964"
"70509","RAPAMBINOPAKA","5902"
"70510","RARAA","5830"
"70511","RARONGKEU","5831"
"70512","RAROWATU","5958"
"70513","RATE-RATE","5962"
"70514","RAU-RAU","5958"
"70515","RAWA INDAH","5884"
"70516","RAWUA","5777"
"70517","RAWUA","5800"
"70518","REJO SARI","5811"
"70519","RENDA","5847"
"70520","RODA","5784"
"70521","ROKO ROKO","5962"
"70522","ROKO ROKO","5913"
"70523","ROMBO","5866"
"70524","ROMPU ROMPU","5940"
"70525","RONTA","5897"
"70526","RORAYA","5796"
"70527","ROUTA","5974"
"70528","RUKUWA","5926"
"70529","RUKUWA","5846"
"70530","RUMBA-RUMBA","5784"
"70531","RUMBIA RUMBIA","5908"
"70532","RUMBIA","5892"
"70533","RUNDUMA","5950"
"70534","SABIANO","5773"
"70535","SABILAMBO","5854"
"70536","SABULAKOA","5779"
"70537","SAINOA INDAH","5913"
"70538","SAINOA JAYA","5913"
"70539","SAKULI","5924"
"70540","SALOSA","5871"
"70541","SALUDONGKA","5819"
"70542","SALURENGKO","5971"
"70543","SALUTOTONG","5956"
"70544","SAMABAHARI","5808"
"70545","SAMAENRE","5914"
"70546","SAMATURU","5960"
"70547","SAMBAHULE","5788"
"70548","SAMBANDETE","5861"
"70549","SAMBAOSU","5781"
"70550","SAMBARAASI","5938"
"70551","SAMBEANI","5781"
"70552","SAMBULI","5778"
"70553","SAMPARA","5777"
"70554","SAMPUABALO","5844"
"70555","SANDANG PANGAN","5843"
"70556","SANDARSI JAYA","5829"
"70557","SANDEY","5829"
"70558","SANDI","5911"
"70559","SANGGONA","5833"
"70560","SANGGONA","5787"
"70561","SANGGULA","5963"
"70562","SANGI-SANGI","5908"
"70563","SANGI-SANGI","5789"
"70564","SANGIA ARANO","5811"
"70565","SANGIA MAKMUR","5917"
"70566","SANGIA TIWORO","5870"
"70567","SANI SANI","5815"
"70568","SANTIGI  /  SANTINGI","5891"
"70569","SANTIRI","5891"
"70570","SANUA","5889"
"70571","SANUANGGAMO","5810"
"70572","SAPOIHA","5960"
"70573","SAPONDA LAUT","5835"
"70574","SAPONDA","5835"
"70575","SARAGI","5836"
"70576","SARAMBU","5867"
"70577","SARANDUA","5784"
"70578","SARA\EA","5866"
"70579","SARI MUKTI","5798"
"70580","SARIMULYO","5927"
"70581","SAROWALI","5793"
"70582","SAWA","5939"
"70583","SAWAEA","5853"
"70584","SAWAH","5784"
"70585","SAWANGGAOHA","5839"
"70586","SAWAPATANI","5853"
"70587","SAWAPUDO","5835"
"70588","SAWERIGADI","5872"
"70589","SEA","5924"
"70590","SELABANGGA","5812"
"70591","SENDANG MULYA SARI","5810"
"70592","SEUWWA","5793"
"70593","SIDA MANGURA (SIDAMAGURA)","5852"
"70594","SIDO MAKMUR","5943"
"70595","SIDODADI","5961"
"70596","SIKELI","5855"
"70597","SILEA JAYA","5782"
"70598","SILEA","5818"
"70599","SILEA","5784"
"70600","SILEA","5942"
"70601","SILEA","5773"
"70602","SIMBALAI / SIMBALAE","5925"
"70603","SIMBANGU","5829"
"70604","SIMBULA","5945"
"70605","SIMBUNE","5962"
"70606","SINAALU JAYA","5913"
"70607","SINAR MASOLO","5913"
"70608","SINDANG KASIH","5775"
"70609","SIOMANURU","5811"
"70610","SIONTAPINA (SIOTAPINA)","5811"
"70611","SIPAKAINGE","5941"
"70612","SODOHOA","5889"
"70613","SOLEWATU","5804"
"70614","SOLOY / SOIOI AGUNG","5903"
"70615","SOMBANO","5808"
"70616","SOMBU","5954"
"70617","SONAI","5790"
"70618","SOPURA","5912"
"70619","SORONA (SARONA)","5960"
"70620","SOROPIA","5835"
"70621","SORUE JAYA","5835"
"70622","SOWA","5922"
"70623","SRIBATARA","5888"
"70624","SUANDALA","5888"
"70625","SUKA DAMAI","5957"
"70626","SUKA MUKTI","5834"
"70627","SUKAMAJU","5905"
"70628","SUKANAYO (SUKANAEYO)","5929"
"70629","SUKARELA JAYA","5913"
"70630","SULAA","5944"
"70631","SULAHO","5842"
"70632","SUMAMPENO","5955"
"70633","SUMBER AGUNG","5811"
"70634","SUMBER JAYA","5834"
"70635","SUMBER REZEKI","5921"
"70636","SUMBER SARI","5812"
"70637","SUMBER SARI","5844"
"70638","TABANGGELE","5777"
"70639","TADOLOIYO (TODOLOIYO)","5861"
"70640","TADOUMERA (TADAUMERA)","5890"
"70641","TADUASA","5879"
"70642","TAHIBUA","5969"
"70643","TAHOA","5854"
"70644","TAIPA","5799"
"70645","TAIPABU","5926"
"70646","TAJUNCU","5885"
"70647","TAKIMPO","5836"
"70648","TALAGA BARU","5888"
"70649","TALATA","5804"
"70650","TALIA","5778"
"70651","TALODO","5946"
"70652","TALUMBINGA","5779"
"70653","TAMBAKUA","5909"
"70654","TAMBAONE UTAMA","5915"
"70655","TAMBAONE","5915"
"70656","TAMBEA","5912"
"70657","TAMBEANGA","5908"
"70658","TAMBEKUKU (TOMBEKUKU)","5877"
"70659","TAMBOLI","5815"
"70660","TAMBOLOSU","5908"
"70661","TAMBORASI","5914"
"70662","TAMBOSUPA","5812"
"70663","TAMBUHA","5960"
"70664","TAMPARA","5911"
"70665","TAMPAWULU (TANPABULU)","5940"
"70666","TAMPO","5965"
"70667","TAMPUNA","5935"
"70668","TAMPUNABALE","5949"
"70669","TANAH POLEANG","5940"
"70670","TANAILANDU","5794"
"70671","TANDEBURA (TANDAI BURA)","5921"
"70672","TANEA","5797"
"70673","TANGANAPADA","5840"
"70674","TANGAUNA (TONGAUNA)","5939"
"70675","TANGGA RURU","5867"
"70676","TANGGEAU","5975"
"70677","TANGGEAU","5969"
"70678","TANGGETADA","5821"
"70679","TANGGOBU","5892"
"70680","TANGGOBU","5807"
"70681","TANGGULURI (TANGGALURI)","5817"
"70682","TANGKENO","5918"
"70683","TANGKOMBUNO","5848"
"70684","TANGKUMAHO","5952"
"70685","TANI INDAH","5938"
"70686","TANJUNG BATU","5887"
"70687","TANJUNG BUNGA","5780"
"70688","TANJUNG PINANG","5852"
"70689","TANJUNG TIRAM","5963"
"70690","TANJUNG","5911"
"70691","TANJUNG","5910"
"70692","TANOMEHA","5911"
"70693","TAORE","5786"
"70694","TAOSU","5826"
"70695","TAPITAPI","5973"
"70696","TAPUEMEA","5838"
"70697","TAPUHAHI","5937"
"70698","TAPUHAKA","5856"
"70699","TAPULAGA","5835"
"70700","TAPUNGGAEA","5838"
"70701","TAPUWATU","5817"
"70702","TARAFU","5896"
"70703","TARENGGA","5956"
"70704","TASAEHA / TASAHEA","5962"
"70705","TASIPI","5891"
"70706","TATANGGE","5796"
"70707","TATOMBULI","5897"
"70708","TAUBONTO","5958"
"70709","TAWAINALU","5962"
"70710","TAWAMELEWE","5800"
"70711","TAWANGA","5833"
"70712","TAWANGA","5787"
"70713","TAWAPANDERE","5942"
"70714","TAWAROLONDO","5875"
"70715","TAWAROMBADAKA","5804"
"70716","TAWAROTEBOTA","5800"
"70717","TEBAGIANO","5964"
"70718","TEDUBARA","5917"
"70719","TEEMOANE","5950"
"70720","TEKONEA","5970"
"70721","TELAGA BIRU","5835"
"70722","TELAGA / TALAGA BESAR","5947"
"70723","TELAGA / TALAGA I","5947"
"70724","TELAGA / TALAGA II","5947"
"70725","TELUKLASONGKO","5898"
"70726","TELUTU JAYA","5796"
"70727","TEMBE","5828"
"70728","TEOMOKOLE","5977"
"70729","TEPAROKO","5913"
"70730","TEPOROMBUA","5877"
"70731","TEPOSUA","5925"
"70732","TEPOSUA","5819"
"70733","TEPPOE","5859"
"70734","TERAPUNG","5794"
"70735","TERAPUNG","5966"
"70736","TETE HAKA","5976"
"70737","TETEASA","5829"
"70738","TETEBAWO","5793"
"70739","TETEHAKA","5837"
"70740","TETEHAKA","5790"
"70741","TETEINEA JAYA","5834"
"70742","TETELUPAI","5780"
"70743","TETEMBOMUA","5807"
"70744","TETEMOTAHA","5875"
"70745","TETENGGABO","5779"
"70746","TETENGGOLASA","5782"
"70747","TETEONA","5875"
"70748","TETESINGI","5953"
"70749","TETEWARU","5790"
"70750","TETEWATU","5909"
"70751","TIGA","5891"
"70752","TIKONU","5773"
"70753","TIMBALA","5841"
"70754","TIMU","5846"
"70755","TINABITE","5831"
"70756","TINANGGEA","5796"
"70757","TINDOI TIMUR","5954"
"70758","TINDOI","5954"
"70759","TINETE","5786"
"70760","TINOBU","5780"
"70761","TINONDO","5861"
"70762","TINONDO","5804"
"70763","TINUKARI","5971"
"70764","TINUNA","5867"
"70765","TIPULU","5889"
"70766","TIRA","5843"
"70767","TIRAOSU","5784"
"70768","TIRAWONUA","5974"
"70769","TIRAWUTA","5791"
"70770","TIRAWUTA","5962"
"70771","TIRONGKOTUA","5977"
"70772","TIRTO / TIRTA WARTANI","5782"
"70773","TITIOA","5805"
"70774","TIWORO","5943"
"70775","TIWU","5969"
"70776","TOAHA","5941"
"70777","TOARI BUTON","5841"
"70778","TOARI","5824"
"70779","TOBELA","5867"
"70780","TOBEU","5806"
"70781","TOBI MEITA","5939"
"70782","TOBIMEITA","5778"
"70783","TOBIMETIA","5798"
"70784","TOBURI","5940"
"70785","TOBUUHA","5776"
"70786","TODANGA","5873"
"70787","TODOLOIYO TRANS","5861"
"70788","TODOMBULU","5843"
"70789","TOGO BINONGKO","5922"
"70790","TOGO MANGURA","5888"
"70791","TOJABI","5842"
"70792","TOKAI","5826"
"70793","TOLALA","5845"
"70794","TOLANDO JAYA","5879"
"70795","TOLANDONA MATANAEO","5876"
"70796","TOLANDONA","5876"
"70797","TOLI TOLI","5902"
"70798","TOLI-TOLI","5856"
"70799","TOLI-TOLI","5885"
"70800","TOLIHE","5788"
"70801","TOLOWE PONDRE","5914"
"70802","TOLUWONUA","5953"
"70803","TOMBA","5878"
"70804","TOMBAWATU","5938"
"70805","TOMBELEU","5834"
"70806","TOMBULA","5910"
"70807","TOMOAHI","5866"
"70808","TOMULIPU  /  WAKUSAO","5875"
"70809","TONDASI","5891"
"70810","TONDONGGEU","5778"
"70811","TONDONGGITO","5913"
"70812","TONDOWATU","5892"
"70813","TONDOWATU","5864"
"70814","TONDOWATU","5787"
"70815","TONDOWOLIO","5821"
"70816","TONGALI","5882"
"70817","TONGANAPO","5815"
"70818","TONGANO BARAT","5846"
"70819","TONGANO TIMUR","5846"
"70820","TONGAUNA","5810"
"70821","TONGAUNA","5787"
"70822","TONGGALINO (TONGALINO)","5799"
"70823","TONGGONI","5912"
"70824","TONGKOSENG","5976"
"70825","TONTONUNU","5976"
"70826","TOOLAWAWO","5902"
"70827","TOREO","5780"
"70828","TORIKI","5825"
"70829","TOROBULU","5785"
"70830","TORODALE","5784"
"70831","TOROKEKU","5796"
"70832","TOROMBIA (TORUMBIA)","5893"
"70833","TORONIPA","5835"
"70834","TOROTUO (TOROTUA)","5967"
"70835","TOSIBA","5815"
"70836","TOTALLANG","5842"
"70837","TOTAMBE JAYA","5777"
"70838","TOTOBO","5912"
"70839","TOTOLE","5951"
"70840","TOWUA I","5773"
"70841","TO\LEMO","5956"
"70842","TRI WACU-WACU","5866"
"70843","TRIDANA MULIA","5779"
"70844","TRIMULYA","5942"
"70845","TUANGILA","5873"
"70846","TUDAMEASO","5792"
"70847","TUDAONE","5833"
"70848","TUE TUE","5908"
"70849","TUMADA","5873"
"70850","TUMBU TUMBU JAYA","5884"
"70851","TUMBU-TUMBU JAYA","5784"
"70852","TUMBUDADIO","5962"
"70853","TUMBURANO","5915"
"70854","TUMPAS","5806"
"70855","TUNAS BARU","5828"
"70856","TUNDUNO","5775"
"70857","TUOY","5806"
"70858","UEESI","5787"
"70859","UELAWA","5837"
"70860","UELAWU","5833"
"70861","UEPAI","5800"
"70862","UETE","5833"
"70863","UETE","5787"
"70864","UJUNG TOBAKU (TOBAKO)","5945"
"70865","ULU BENUA","5802"
"70866","ULU KALO","5914"
"70867","ULU KONAWEHA","5815"
"70868","ULU LALIMBUE","5938"
"70869","ULU LAPAO-PAO","5914"
"70870","ULU MERAKA (SUKAMAJU)","5807"
"70871","ULU MOWEWE","5923"
"70872","ULU ONEMBUTE","5942"
"70873","ULU SAWA","5908"
"70874","ULU SAWA","5939"
"70875","ULU WAWO","5971"
"70876","ULU WOLO","5914"
"70877","ULULAKARA","5816"
"70878","ULUMERAKA","5942"
"70879","ULUNAMBO","5893"
"70880","ULUNESE","5784"
"70881","ULUNGGOLAKA","5924"
"70882","ULUNGKURA","5918"
"70883","ULUPOHARA","5818"
"70884","ULUSABULAKOA","5779"
"70885","ULUSENA JAYA","5784"
"70886","ULUSENA","5812"
"70887","UMALAOGE","5811"
"70888","UMBA","5952"
"70889","UNA MENDAA","5773"
"70890","UNAAHA","5806"
"70891","UNAASI","5825"
"70892","UNDOLO","5787"
"70893","UNGGULINO","5829"
"70894","UNGGULINO","5790"
"70895","UWEMAASI","5860"
"70896","WAARA","5898"
"70897","WAARAH","5894"
"70898","WABINTINGI","5894"
"70899","WABOROBO","5944"
"70900","WABULA SATU","5850"
"70901","WABULA","5850"
"70902","WACU PINODO","5909"
"70903","WACUALA","5879"
"70904","WACULAEA","5866"
"70905","WADANGGO","5796"
"70906","WADIABERO","5869"
"70907","WADOLAO  /  WADOLAU","5973"
"70908","WADURI","5808"
"70909","WAELUMU","5954"
"70910","WAEMPUTANG","5795"
"70911","WAETUNO","5954"
"70912","WAGARI","5888"
"70913","WAGINOPO","5954"
"70914","WAGOLA","5836"
"70915","WAHA","5950"
"70916","WAHA","5954"
"70917","WAINDAWULA","5882"
"70918","WAITII BARAT","5950"
"70919","WAITII","5950"
"70920","WAJAHJAYA","5811"
"70921","WAJO","5840"
"70922","WAJOGU","5898"
"70923","WAKADAWU","5970"
"70924","WAKADIA","5865"
"70925","WAKALAMBE","5873"
"70926","WAKAMBANGURA II","5794"
"70927","WAKAMBANGURA","5794"
"70928","WAKANGKA","5873"
"70929","WAKEA KEA","5869"
"70930","WAKINAMBORO","5882"
"70931","WAKOBALU AGUNG","5927"
"70932","WAKOILA","5936"
"70933","WAKONTU","5934"
"70934","WAKORAMBU","5961"
"70935","WAKORUMBA","5851"
"70936","WAKULI","5873"
"70937","WAKUMORO","5948"
"70938","WALALINDU","5817"
"70939","WALAMBENO WITE","5948"
"70940","WALANDAWE","5861"
"70941","WALANDAWE","5974"
"70942","WALANDO","5869"
"70943","WALASIHO","5971"
"70944","WALASOLO","5817"
"70945","WALAY","5781"
"70946","WALE","5878"
"70947","WALEALE","5931"
"70948","WALELEI","5872"
"70949","WALI","5926"
"70950","WALI","5865"
"70951","WALIA BUKU","5935"
"70952","WALIKO","5869"
"70953","WALOINDI","5922"
"70954","WALOMPO","5844"
"70955","WAMBAREMA","5940"
"70956","WAMBONA","5851"
"70957","WAMBONGI","5879"
"70958","WAMBOULE","5893"
"70959","WAMBULOLI","5883"
"70960","WAMBULU","5873"
"70961","WAMELAI (LAMBUBALANO)","5959"
"70962","WAMEO","5896"
"70963","WAMORAPA","5955"
"70964","WAMPONIKI","5907"
"70965","WANCI","5954"
"70966","WANDAEHA","5908"
"70967","WANDAKA","5866"
"70968","WANDE","5830"
"70969","WANDOKA SELATAN","5954"
"70970","WANDOKA UTARA","5954"
"70971","WANDOKA","5954"
"70972","WANDOKE","5943"
"70973","WANEPA NEPA","5898"
"70974","WANGGUDU RAYA / JAYA","5817"
"70975","WANGGUDU","5817"
"70976","WANGKANAPI","5878"
"70977","WANGKOLABU","5847"
"70978","WANGU ANGU","5836"
"70979","WANSERIWU","5957"
"70980","WANSUGI","5927"
"70981","WANTIWORO","5887"
"70982","WANTOPI","5883"
"70983","WANTULASI","5955"
"70984","WANUA KONGGA","5953"
"70985","WANUA MAROA","5782"
"70986","WANUAHOA","5807"
"70987","WAODE ANGKALO","5897"
"70988","WAODE BURI","5893"
"70989","WAODE KALOWO","5897"
"70990","WAOLEONA","5888"
"70991","WAONDO WOLIO","5873"
"70992","WAONU","5860"
"70993","WAPAE JAYA","5957"
"70994","WAPIA-PIA","5954"
"70995","WAPUALE","5948"
"70996","WAPUNTO","5863"
"70997","WARAMBE","5948"
"70998","WARINTA","5836"
"70999","WARURUMA","5929"
"71000","WASAGA","5836"
"71001","WASALABOSE","5866"
"71002","WASAMBAA","5888"
"71003","WASAMPELA","5850"
"71004","WASILOMATA I","5794"
"71005","WASILOMATA II","5794"
"71006","WASOLANGKA","5948"
"71007","WASUAMBA","5888"
"71008","WASUEMBA","5850"
"71009","WATALARA","5886"
"71010","WATALIKU","5927"
"71011","WATARAPA (WATURAPA)","5816"
"71012","WATAREMA","5807"
"71013","WATIGINANDA","5843"
"71014","WATOLO (WATALO)","5794"
"71015","WATONDO","5931"
"71016","WATONEA","5907"
"71017","WATORAMBE BATA","5919"
"71018","WATORAMBE","5919"
"71019","WATU KALANGKARI","5958"
"71020","WATU MELOMBA","5976"
"71021","WATU MENTADE","5828"
"71022","WATU MOKALA","5783"
"71023","WATU PORAMBAA","5812"
"71024","WATU-WATU","5889"
"71025","WATU-WATU","5779"
"71026","WATU-WATU","5831"
"71027","WATUAMPARA","5933"
"71028","WATUBANGGA","5874"
"71029","WATUBANGGO","5921"
"71030","WATUDEMBA","5789"
"71031","WATUKILA","5780"
"71032","WATULAWU","5802"
"71033","WATULEA","5869"
"71034","WATULIANDU","5854"
"71035","WATULIU (WATULIWU)","5842"
"71036","WATULONDO","5776"
"71037","WATUMBOHOTI","5816"
"71038","WATUMEA","5969"
"71039","WATUMEETO","5832"
"71040","WATUMELA","5959"
"71041","WATUMELEWE","5796"
"71042","WATUMEREMBE","5789"
"71043","WATUMOTAHA","5890"
"71044","WATUMOTOBE","5873"
"71045","WATUNDEHOA (WATANDEHOA)","5790"
"71046","WATUNDOLU (BATU JAYA)","5908"
"71047","WATUNGGARANDU","5902"
"71048","WATUNOHU","5960"
"71049","WATUONDE","5848"
"71050","WATUPUTE","5923"
"71051","WATURAMBAHA","5780"
"71052","WATUREMPE","5943"
"71053","WATUSA","5790"
"71054","WAUKUNI","5936"
"71055","WAULAI","5872"
"71056","WAUMERE","5943"
"71057","WAWATU","5963"
"71058","WAWESA","5961"
"71059","WAWO INDAH","5884"
"71060","WAWO WONUA","5816"
"71061","WAWO","5971"
"71062","WAWOANGI","5843"
"71063","WAWOBEAU","5915"
"71064","WAWOBENDE","5783"
"71065","WAWOBENDE","5779"
"71066","WAWOBILI","5900"
"71067","WAWOBUNGI","5902"
"71068","WAWOEA","5915"
"71069","WAWOHEO","5909"
"71070","WAWOHINE","5802"
"71071","WAWOLAA","5900"
"71072","WAWOLATOMA","5805"
"71073","WAWOLEMO","5791"
"71074","WAWOLESEA","5780"
"71075","WAWOLIMBUE","5817"
"71076","WAWOLIMBUE","5777"
"71077","WAWOLURI","5864"
"71078","WAWOMBALATA","5801"
"71079","WAWONDENGI","5812"
"71080","WAWONGGOLE","5806"
"71081","WAWONGGOLE","5875"
"71082","WAWONGGURA","5789"
"71083","WAWONTOAHA","5909"
"71084","WAWOONE","5853"
"71085","WAWOONE","5875"
"71086","WAWOOSU","5784"
"71087","WAWORAHA","5807"
"71088","WAWORAHA","5780"
"71089","WAWORAHA","5805"
"71090","WAWORAHA","5789"
"71091","WAWORAHA","5835"
"71092","WAWORANO","5784"
"71093","WAWORODA JAYA","5810"
"71094","WAWOROPE","5915"
"71095","WAWOSANGGULA","5790"
"71096","WAWOSANGI","5909"
"71097","WAWOSOLO","5875"
"71098","WAWOSOU","5853"
"71099","WAWOSUNGGU","5812"
"71100","WAWOTIMU","5846"
"71101","WAWOTOBI","5822"
"71102","WAWOURU","5789"
"71103","WAWOUSO BARU","5853"
"71104","WEAMO","5804"
"71105","WELALA","5830"
"71106","WESALO","5946"
"71107","WESINGGOTE","5787"
"71108","WIA-WIA","5951"
"71109","WIA-WIA","5826"
"71110","WINDU MAKMUR","5843"
"71111","WINNING","5836"
"71112","WISATA KOTO","5928"
"71113","WIWIRANO","5861"
"71114","WOERAHI","5792"
"71115","WOIHA","5962"
"71116","WOISE","5964"
"71117","WOITOMBO","5964"
"71118","WOITOMBO","5923"
"71119","WOLASI","5813"
"71120","WOLO","5914"
"71121","WOLOWA BARU","5905"
"71122","WOLOWA","5905"
"71123","WOLULU","5921"
"71124","WONGGEDUKU","5875"
"71125","WONGKO LAKUDO","5898"
"71126","WONUA JAYA","5812"
"71127","WONUA KONGGA","5785"
"71128","WONUA MBAE","5833"
"71129","WONUA MONAPA","5953"
"71130","WONUA MONAPA","5791"
"71131","WONUA MORINI","5892"
"71132","WONUA SANGIA","5779"
"71133","WONUA SARI","5953"
"71134","WONUA","5797"
"71135","WONUA / WANUA MOROME","5790"
"71136","WONUA / WANUA RAYA","5788"
"71137","WONUAMBUTEO","5786"
"71138","WONUKAO","5779"
"71139","WORU WORU","5908"
"71140","WOWA TAMBOLI","5815"
"71141","WOWAWANGGU","5820"
"71142","WOWOLI","5824"
"71143","WOWONGA JAYA","5893"
"71144","WUA-WUA","5823"
"71145","WULANGA JAYA","5943"
"71146","WULELE JAYA","5782"
"71147","WULONGGERE","5975"
"71148","WULU (WULUH)","5947"
"71149","WUMBU BANGKA","5828"
"71150","WUMBUBURA","5856"
"71151","WUMBULASA","5917"
"71152","WUNA","5872"
"71153","WUNDUHAKA","5817"
"71154","WUNDULAKO","5773"
"71155","WUNDUMBOLO","5796"
"71156","WUNDUPOPI","5874"
"71157","WUNDUWATU","5783"
"71158","WUNGGOLOKO / WUNGGOLOLEO","5830"
"71159","WUNGKA","5928"
"71160","WUNGKOLO","5853"
"71161","WUNSE JAYA","5913"
"71162","WUURA","5953"
"71163","ALATA KARYA","5978"
"71164","ALELE","5979"
"71165","ALO","5980"
"71166","AMBARA","5981"
"71167","APITALAWU (APITALAWO)","5982"
"71168","AYUHULA","5981"
"71169","AYUHULALO","5983"
"71170","AYULA SELATAN","5984"
"71171","AYULA TILANGO","5984"
"71172","AYULA TIMUR","5984"
"71173","AYULA UTARA","5984"
"71174","AYULA","5985"
"71175","AYUMOLINGO","5986"
"71176","BABALONGE","5987"
"71177","BAJO","5983"
"71178","BAKTI","5986"
"71179","BALAHU","5988"
"71180","BALATE JAYA","5989"
"71181","BALAYO","5990"
"71182","BANDUNG REJO","5991"
"71183","BANDUNGAN","5992"
"71184","BANGGA","5982"
"71185","BANGIO","5993"
"71186","BANUROJA","5985"
"71187","BARAKATI","5994"
"71188","BATU HIJAU","5995"
"71189","BATU KRAMAT / KERAMAT","5989"
"71190","BATU LORENG","5996"
"71191","BATUBILOTAHU INDAH","5997"
"71192","BATULAYAR","5996"
"71193","BENDUNGAN","5998"
"71194","BERLIAN","5999"
"71195","BIAWAO","6000"
"71196","BIAWU (BIAU)","6001"
"71197","BIAWU","6000"
"71198","BIHE","6002"
"71199","BILATO","6003"
"71200","BILOLANTUNA","6004"
"71201","BILUANGO","6005"
"71202","BILUHU BARAT","6006"
"71203","BILUHU TENGAH","6006"
"71204","BILUHU TIMUR","6007"
"71205","BILUNGALA UTARA","5995"
"71206","BILUNGALA","5995"
"71207","BINA JAYA","6008"
"71208","BINTALAHE","6005"
"71209","BINTANA","6009"
"71210","BIYONGA","6010"
"71211","BOHULO","6001"
"71212","BOHUSAMI","6011"
"71213","BOHUSAMI","6012"
"71214","BOIDU","5992"
"71215","BOLIHUANGGA","6010"
"71216","BOLIHUTUO","6013"
"71217","BOLUDAWA","6014"
"71218","BONDA RAYA","6015"
"71219","BONDAWUNA","6015"
"71220","BONEDAA","6015"
"71221","BONGO II","6016"
"71222","BONGO III","6016"
"71223","BONGO IV","5989"
"71224","BONGO NOL","5989"
"71225","BONGO TUA","5989"
"71226","BONGO","6007"
"71227","BONGOHULAWA","5996"
"71228","BONGOHULAWA","6010"
"71229","BONGOHULOWA","5999"
"71230","BONGOIME","5999"
"71231","BONGOMEME","5981"
"71232","BONGONGAYU","5991"
"71233","BONGOPINI","5999"
"71234","BONTULO","6002"
"71235","BOTU","6017"
"71236","BOTUBARANI","6005"
"71237","BOTUBOLU\O (BOTUBOLUO)","6006"
"71238","BOTUBU LOWE","5981"
"71239","BOTUMOITO","6013"
"71240","BOTUMOPUTI","5988"
"71241","BOTUNGOBUNGO","5978"
"71242","BOTUTONUO (BOTUTONUA)","6005"
"71243","BOTUWOMBATA","5978"
"71244","BUA","5994"
"71245","BUALEMO","5978"
"71246","BUALO","6001"
"71247","BUALO","5989"
"71248","BUATA","6009"
"71249","BUATA","6018"
"71250","BUBAA","5982"
"71251","BUBALANGO","6019"
"71252","BUBE BARU","6014"
"71253","BUBE","6014"
"71254","BUBEYA","6014"
"71255","BUBODE","6020"
"71256","BUGIS","6017"
"71257","BUHU JAYA","6021"
"71258","BUHU","6022"
"71259","BUHU","5988"
"71260","BUHUDAA","6007"
"71261","BUKIT AREN","5986"
"71262","BUKIT HARAPAN","6012"
"71263","BUKIT HIJAU","6023"
"71264","BUKIT KARYA","5982"
"71265","BUKIT TINGKI","6024"
"71266","BULADU","6025"
"71267","BULADU","6019"
"71268","BULALO","5978"
"71269","BULANGITA","5997"
"71270","BULANGO RAYA","6020"
"71271","BULIIDE","6025"
"71272","BULILA","6026"
"71273","BULILI","6027"
"71274","BULOILA","6028"
"71275","BULONTALA TIMUR","6015"
"71276","BULONTALA","6015"
"71277","BULONTIO BARAT","6028"
"71278","BULONTIO TIMUR","6028"
"71279","BULOTA","6010"
"71280","BULOTA","6022"
"71281","BULOTADAA BARAT","6029"
"71282","BULOTADAA TIMUR","6029"
"71283","BULOTALANGI BARAT","6030"
"71284","BULOTALANGI TIMUR","6030"
"71285","BULOTALANGI","6030"
"71286","BULULI","6002"
"71287","BULUWATU","6019"
"71288","BUMBULAN","6021"
"71289","BUMELA","6003"
"71290","BUMI BAHARI","6024"
"71291","BUNGA HIJAU","6023"
"71292","BUNGA","5980"
"71293","BUNGGALO","6022"
"71294","BUNTO","6031"
"71295","BUNTULIA BARAT","6027"
"71296","BUNTULIA JAYA","6027"
"71297","BUNTULIA SELATAN","6027"
"71298","BUNTULIA TENGAH","6032"
"71299","BUNTULIA UTARA","6032"
"71300","BUNUO","5992"
"71301","BUNUYO","6021"
"71302","BUTI","5998"
"71303","BUTU","5999"
"71304","BUTUNGALE","6033"
"71305","CEMPAKA PUTIH","6034"
"71306","CENDANA PUTIH","6004"
"71307","CISADANE","5978"
"71308","DAENAA","6035"
"71309","DAMBALO","6024"
"71310","DAMBALO","6020"
"71311","DATAHU","6036"
"71312","DATAHU","5988"
"71313","DATARAN HIJAU","5993"
"71314","DATARAN HIJAU","6037"
"71315","DEMBE I","6025"
"71316","DEMBE II","6038"
"71317","DEMBE JAYA","6038"
"71318","DEME DUA (DEME II)","6019"
"71319","DEME SATU (DEME I)","6019"
"71320","DIDINGGA","6001"
"71321","DILOATO","5989"
"71322","DILONIYOHU","5991"
"71323","DIMITO","6016"
"71324","DONGGALA","6039"
"71325","DUANO","5979"
"71326","DUDEPO","6036"
"71327","DUDEPO","5990"
"71328","DUDEWULO","6033"
"71329","DUHIADAA","6027"
"71330","DULALOWO TIMUR","6040"
"71331","DULALOWO","6040"
"71332","DULAMAYO BARAT","6026"
"71333","DULAMAYO SELATAN","6026"
"71334","DULAMAYO UTARA","6041"
"71335","DULAMAYO","5996"
"71336","DULANGEA (DULANGEYA)","6013"
"71337","DULOHUPA","5991"
"71338","DULOHUPA","6026"
"71339","DULOHUPA","6016"
"71340","DULOMO SELATAN","6038"
"71341","DULOMO UTARA","6038"
"71342","DULOMO","5990"
"71343","DULOMO","6042"
"71344","DULUKAPA","6019"
"71345","DULUPI","6043"
"71346","DUMATI","6041"
"71347","DUMBAYABULAN TIMUR","6037"
"71348","DUMBAYABULAN","6037"
"71349","DUMOLODO","6011"
"71350","DUNGALIYO","5981"
"71351","DUNGGALA","5994"
"71352","DUNGGALA","6044"
"71353","DUNGGALA","5988"
"71354","DUNU","6045"
"71355","DURIAN","6011"
"71356","DUTOHE BARAT","6046"
"71357","DUTOHE","6046"
"71358","DUTULANAA","6010"
"71359","DUWANGA","5981"
"71360","GANDARIA","6008"
"71361","GANDASARI","6008"
"71362","GARAPIA","6045"
"71363","GENTUMA","6011"
"71364","GIRISA","5989"
"71365","HARAPAN","6016"
"71366","HAYAHAYA","6035"
"71367","HELEDULAA SELATAN","6047"
"71368","HELEDULAA UTARA","6047"
"71369","HELUMO","6036"
"71370","HELUMO","6048"
"71371","HELUMO","6014"
"71372","HEPUHULAWA","6010"
"71373","HIMALAYA","6008"
"71374","HIYALOOILE","6036"
"71375","HUANGOBOTU","6049"
"71376","HUANGOBOTU","6005"
"71377","HUIDU MELITO","6020"
"71378","HUIDU UTARA","6035"
"71379","HUIDU","6035"
"71380","HULAWA","6032"
"71381","HULAWA","6019"
"71382","HULAWA","6026"
"71383","HULAWE (HULAWA)","5989"
"71384","HULUDUOTAMO","6014"
"71385","HUNGAYONAA","5983"
"71386","HUNGGALUWA","6010"
"71387","HUNTU LO HULAWA","5996"
"71388","HUNTU SELATAN","5984"
"71389","HUNTU UTARA","5984"
"71390","HUNTU","5994"
"71391","HUTA MOPUTI","6050"
"71392","HUTABOHU","6035"
"71393","HUTADAA","6022"
"71394","HUTAKALO","6028"
"71395","HUTAMONU","6013"
"71396","HUTUO","6010"
"71397","HUWONGO","6006"
"71398","HUWONGO","5989"
"71399","HUYULA","6048"
"71400","HUYULA","5985"
"71401","IBARAT","6036"
"71402","ILANGATA","6036"
"71403","ILO HELUMA","5990"
"71404","ILODULUNGA","6036"
"71405","ILOHELUMA","6036"
"71406","ILOHELUMA","6009"
"71407","ILOHELUMA","5991"
"71408","ILOHELUMA","5999"
"71409","ILOHUNGAYO","5994"
"71410","ILOHUUWA","6004"
"71411","ILOMANGGA","6051"
"71412","ILOMANGGA","6034"
"71413","ILOMATA","6003"
"71414","ILOMATA","6052"
"71415","ILOMATA","5988"
"71416","ILOPONU","5988"
"71417","ILOTIDEAA","6042"
"71418","ILOTUNGGULO","6034"
"71419","ILUTA","5994"
"71420","IMANA","6009"
"71421","IMBODU","5985"
"71422","INOGALUMA","6004"
"71423","INOMATA (ILOMATA)","6009"
"71424","INOMATA","5980"
"71425","IPILO","6011"
"71426","IPILO","6047"
"71427","ISIMU RAYA","5988"
"71428","ISIMU SELATAN","5988"
"71429","ISIMU UTARA","5988"
"71430","JATI MULYA","6016"
"71431","JEMBATAN MERAH","6020"
"71432","JURIYA","6003"
"71433","KAARUYAN","5998"
"71434","KAIDUNDU BARAT","6023"
"71435","KAIDUNDU","6023"
"71436","KALIMAS","6053"
"71437","KALIYOSO","5981"
"71438","KAMIRI","6021"
"71439","KARANGETANG","6050"
"71440","KARYA BARU","6002"
"71441","KARYA BARU","6050"
"71442","KARYA INDAH","6002"
"71443","KARYA INDAH","6032"
"71444","KARYA MUKTI","6048"
"71445","KARYA MURNI","5989"
"71446","KASIA","6028"
"71447","KATIALADA","5978"
"71448","KAYUBULAN","6007"
"71449","KAYUBULAN","6010"
"71450","KAYUMERAH","5996"
"71451","KAYUMERAH","6010"
"71452","KELAPA LIMA","6031"
"71453","KEMIRI","5995"
"71454","KENARI","5987"
"71455","KERAMAT","5998"
"71456","KERAMAT","6044"
"71457","KETAPANG","6011"
"71458","KIKIA","6028"
"71459","KOLUWOKA","6019"
"71460","KOPI","5992"
"71461","KOTAJIN (KOTA JIN)","6009"
"71462","KOTAJIN UTARA","6009"
"71463","KOTARAJA","6043"
"71464","KUALALUMPUR","5989"
"71465","LABANU","5988"
"71466","LAHUMBO","5983"
"71467","LAKEYA","6008"
"71468","LAMAHU","6003"
"71469","LAMAHU","5984"
"71470","LAMU","6007"
"71471","LAMU","5983"
"71472","LANGGE","6036"
"71473","LANGGE","6044"
"71474","LANGGULA","6007"
"71475","LANGKE","6011"
"71476","LAUT BIRU","5980"
"71477","LAUWONU","6042"
"71478","LEATO SELATAN","6017"
"71479","LEATO UTARA","6017"
"71480","LEBOTO","5978"
"71481","LEKOBALO","6025"
"71482","LELATO","6028"
"71483","LEMBAH HIJAU","5995"
"71484","LEMBAH PERMAI (MALANGO II)","6012"
"71485","LEMITO UTARA","5987"
"71486","LEMITO","5987"
"71487","LEYAO","6020"
"71488","LIBUNGO","6015"
"71489","LIBUO","6049"
"71490","LIBUO","6021"
"71491","LILUWO","6040"
"71492","LIMBA B","6000"
"71493","LIMBA U DUA (LIMBA U II)","6000"
"71494","LIMBA U SATU (LIMBA U I)","6000"
"71495","LIMBATIHU","5982"
"71496","LIMBATO","5983"
"71497","LIMBATO","6034"
"71498","LIMBULA","5985"
"71499","LIMEHE BARAT","6051"
"71500","LIMEHE TIMUR","6051"
"71501","LIMEHU","6051"
"71502","LITO","5982"
"71503","LIYODU","5996"
"71504","LIYOTO","5996"
"71505","LOBUTO TIMUR","6006"
"71506","LOBUTO","6006"
"71507","LOMAYA","5992"
"71508","LOMBONGO","5979"
"71509","LOMPOTOO","5979"
"71510","LOMULI","5987"
"71511","LONDOUN (LONDUUN)","6031"
"71512","LONGALO","5992"
"71513","LONUO","5999"
"71514","LOPO","6007"
"71515","LUHU","6026"
"71516","LUHUTO","6001"
"71517","LULUO","6006"
"71518","LUPOYO","6041"
"71519","LUWOHU","6018"
"71520","LUWOO","6022"
"71521","MAKARTI JAYA","6053"
"71522","MAKMUR **","6016"
"71523","MAKMUR ABADI","6008"
"71524","MALAHU","6010"
"71525","MALAMBE","6054"
"71526","MALANGO","6053"
"71527","MALEO","6021"
"71528","MALEO","6031"
"71529","MAMUNGAA TIMUR","6023"
"71530","MAMUNGAA","6023"
"71531","MANANGGU","5998"
"71532","MANAWA","5990"
"71533","MANUNGGAL KARYA","5985"
"71534","MARGOMULYO","6008"
"71535","MARISA IV","6053"
"71536","MARISA SELATAN","5997"
"71537","MARISA UTARA","5997"
"71538","MARISA","6031"
"71539","MASIAGA","6004"
"71540","MASURU","5978"
"71541","MEBONGO","6028"
"71542","MEKAR JAYA","5984"
"71543","MEKAR JAYA","6027"
"71544","MEKAR JAYA","6016"
"71545","MERANTI","6044"
"71546","MILANGO","6020"
"71547","MILANGODAA","6031"
"71548","MOAHUDU","6051"
"71549","MODELIDU (MODELLIDU)","6041"
"71550","MODELOMO","6005"
"71551","MODELOMO","5983"
"71552","MOHIYOLO","6002"
"71553","MOHUNGO","5983"
"71554","MOKONOWU","6045"
"71555","MOLALAHU","5986"
"71556","MOLAMAHU","6004"
"71557","MOLAMAHU","6021"
"71558","MOLAMAHU","5986"
"71559","MOLANGGA","6034"
"71560","MOLANIHU","5996"
"71561","MOLANTADU","6020"
"71562","MOLAS","5996"
"71563","MOLINGKAPOTO (MOLINGGAPOTO)","5978"
"71564","MOLINGKAPOTO SELATAN","5978"
"71565","MOLINTOGUPO","6015"
"71566","MOLOHU","6008"
"71567","MOLOMBULAHE","5989"
"71568","MOLONGGOTA","6011"
"71569","MOLOPATODU","5996"
"71570","MOLOSIFAT U (MOLOSIPAT U)","6029"
"71571","MOLOSIFAT W (MOLOSIPAT W)","6025"
"71572","MOLOSIPAT UTARA","6033"
"71573","MOLOSIPAT","6033"
"71574","MOLOTABU (MOLUTABU)","6005"
"71575","MOLOWAHU","5988"
"71576","MOLUO","5978"
"71577","MOMALA","5981"
"71578","MONANO","6004"
"71579","MONANO","6045"
"71580","MONAS","6045"
"71581","MONGGOLITO","5991"
"71582","MONGGUPO","6009"
"71583","MONGIILO UTARA","6052"
"71584","MONGIILO","6052"
"71585","MONGOLATO","6026"
"71586","MOODU","6047"
"71587","MOODULIO","6004"
"71588","MOOPIYA (MOPUYA)","5980"
"71589","MOOTAWA","5980"
"71590","MOOTAYU","5980"
"71591","MOOTILANGO","6036"
"71592","MOOTILANGO","6027"
"71593","MOOTINELO","5980"
"71594","MOOTINELO","5978"
"71595","MOPUYA","6023"
"71596","MOTIHELUMO","6019"
"71597","MOTILANGO (MOOTILANGO)","5999"
"71598","MOTILANGO","5988"
"71599","MOTINELO","6051"
"71600","MOTODUTO","5991"
"71601","MOTOLOHU SELATAN","5985"
"71602","MOTOLOHU","5985"
"71603","MOTOMINGO","6011"
"71604","MOUTONG","5999"
"71605","MUARA BONE","6004"
"71606","MULYONEGORO","5986"
"71607","MUSTIKA","5989"
"71608","MUSYAWARAH","6003"
"71609","MUTIARA LAUT","6020"
"71610","MUTIARA","5989"
"71611","NANATI JAYA","6011"
"71612","NYIUR HIJAU","6023"
"71613","OLELE","6005"
"71614","OLIBU","5982"
"71615","OLIMEYALA","6006"
"71616","OLIMOHULO","6002"
"71617","OLIMOO","6007"
"71618","OLUHUTA UTARA","6046"
"71619","OLUHUTA","6009"
"71620","OLUHUTA","6005"
"71621","OLUHUTA","6046"
"71622","OMAYUWA","5985"
"71623","OMBULO HIJAU","5995"
"71624","OMBULO TANGO","6008"
"71625","OMBULO","6035"
"71626","OMBULODATA","5978"
"71627","OMUTO","6001"
"71628","OTIOLA","6054"
"71629","OTOPADE","5996"
"71630","OWALANGA","5996"
"71631","OWATA","6052"
"71632","PADEBUOLO","6047"
"71633","PADENG","6027"
"71634","PADENGO","6050"
"71635","PADENGO","6046"
"71636","PADENGO","6035"
"71637","PADENGO","6033"
"71638","PAGUYAMAN","6040"
"71639","PALOPO","5997"
"71640","PANCA KARSA I","6053"
"71641","PANCA KARSA II","6053"
"71642","PANCURAN","6015"
"71643","PANGADAA","5981"
"71644","PANGAHU","6002"
"71645","PANGEYA (PANGEA)","6016"
"71646","PANGGULO BARAT","6018"
"71647","PANGGULO","6018"
"71648","PANGGULO","6037"
"71649","PANGI","6043"
"71650","PANTUNGO","6041"
"71651","PAPULANGI (PAPUALANGI)","6034"
"71652","PARIS","6048"
"71653","PARUNGI","5991"
"71654","PASALAE","6011"
"71655","PATOA","6023"
"71656","PATOAMEME","6013"
"71657","PATUHU","5985"
"71658","PAUWO","6046"
"71659","PAYU","6048"
"71660","PAYUNGA","5994"
"71661","PELAMBANE PERDA","5985"
"71662","PELEHU","6003"
"71663","PELITA HIJAU","5995"
"71664","PELITA JAYA","5980"
"71665","PENTADIO BARAT","6041"
"71666","PENTADIO TIMUR","6041"
"71667","PENTADU BARAT","5983"
"71668","PENTADU TIMUR","5983"
"71669","PENTADU","6021"
"71670","PERMATA","6004"
"71671","PERMATA","5989"
"71672","PERMATA","5999"
"71673","PERSATUAN","6033"
"71674","PILOBUHUTA","5994"
"71675","PILOHAYANGA BARAT","6026"
"71676","PILOHAYANGA","6026"
"71677","PILOHULATA","6045"
"71678","PILOLAHEYA","6052"
"71679","PILOLALENGA","5981"
"71680","PILOLIYANGA","5983"
"71681","PILOLODAA","6025"
"71682","PILOMONU","6048"
"71683","PINOGU PERMAI","5993"
"71684","PINOGU","5993"
"71685","PINONTOYONGA","6009"
"71686","PODUOMA","6037"
"71687","POHE","6039"
"71688","POHUWATO TIMUR","5997"
"71689","POHUWATO","5997"
"71690","POLOHUNGO","6043"
"71691","POLOHUNGO","6010"
"71692","POLOHUNGO","6008"
"71693","PONE","6035"
"71694","PONELO","6054"
"71695","PONGONGAILA","5986"
"71696","PONTOLO ATAS","5978"
"71697","PONTOLO","5978"
"71698","PONTOLO","5998"
"71699","POOWO BARAT","6046"
"71700","POOWO","6046"
"71701","POPALO","6036"
"71702","POPAYA","6050"
"71703","POPAYATO","6024"
"71704","POPODU","6030"
"71705","POSONO","6009"
"71706","POSSO","5978"
"71707","POTANGA (POTANGO)","6001"
"71708","POTANGA","5991"
"71709","POTANGA","6013"
"71710","PRIMA","6002"
"71711","PULOHENTI","6028"
"71712","PULUBALA","6040"
"71713","PULUBALA","5986"
"71714","PUNCAK MANDIRI","6028"
"71715","PUNCAK","5986"
"71716","PUTIANA","6036"
"71717","RAHARJA","6016"
"71718","REJONEGORO","5989"
"71719","REKSONEGORO","5988"
"71720","RUMBIA","6013"
"71721","SALILAMA","5998"
"71722","SARI MURNI","5985"
"71723","SARI TANI","6016"
"71724","SARIPI","5989"
"71725","SATRIA","6048"
"71726","SEJAHTERA **","6016"
"71727","SEJAHTERA","5984"
"71728","SEMBIHINGAN","6001"
"71729","SIDO MUKTI","6048"
"71730","SIDODADI","5991"
"71731","SIDOHARJO (SIDOARJO)","6008"
"71732","SIDOMULYO SELATAN","5991"
"71733","SIDOMULYO","5991"
"71734","SIDORUKUN","5985"
"71735","SIDUAN","6021"
"71736","SIDUWONGE","5985"
"71737","SIENDENG","6039"
"71738","SIGASO","6009"
"71739","SIPATANA","6032"
"71740","SIPAYO","6021"
"71741","SOGINTI","6021"
"71742","SOGITIA","6004"
"71743","SOGU","6045"
"71744","SOSIAL","5989"
"71745","SUKA DAMAI","6003"
"71746","SUKA DAMAI","5992"
"71747","SUKA DAMAI","5987"
"71748","SUKA MAJU","6048"
"71749","SUKA MAJU","6016"
"71750","SUKA MAKMUR","6052"
"71751","SUKA MAKMUR","5990"
"71752","SUKA MULIA (SUKAMULYA)","6016"
"71753","SUKAMAKMUR UTARA","6008"
"71754","SUKAMAKMUR","6008"
"71755","SUKMA","6018"
"71756","SUMBER JAYA **","5989"
"71757","TABONGO BARAT","6051"
"71758","TABONGO TIMUR","6051"
"71759","TABONGO","6043"
"71760","TABULO SELATAN","5998"
"71761","TABULO","5998"
"71762","TABUMELA","6042"
"71763","TAHELE","6031"
"71764","TALANGO","6046"
"71765","TALUDAA","6004"
"71766","TALUDUYUNU UTARA","6032"
"71767","TALUDUYUNU","6032"
"71768","TALULOBUTU SELATAN","6044"
"71769","TALULOBUTU","6044"
"71770","TALUMELITO","6041"
"71771","TALUMOLO","6017"
"71772","TALUMOPATU","6048"
"71773","TALUMOPATU","6044"
"71774","TAMAILA","6008"
"71775","TAMALATE","6047"
"71776","TAMALIA UTARA","6008"
"71777","TAMBOO","5995"
"71778","TAMBOO","5999"
"71779","TANAH PUTIH","6018"
"71780","TANAH PUTIH","6043"
"71781","TANGGA BARITO","6043"
"71782","TANGGA JAYA","6043"
"71783","TANGGIKIKI","6029"
"71784","TANGGILINGO","6046"
"71785","TANGKOBU","5989"
"71786","TANJUNG HARAPAN","6016"
"71787","TANJUNG KARANG","6020"
"71788","TANJUNG KRAMAT","6039"
"71789","TAPA","6029"
"71790","TAPADAA","6013"
"71791","TAPADAA","5979"
"71792","TAPALULUO","6041"
"71793","TAULAA","6003"
"71794","TELAGA BIRU","6024"
"71795","TELAGA","6024"
"71796","TENDA","6039"
"71797","TENGGELA","6042"
"71798","TENILO","6025"
"71799","TENILO","6010"
"71800","TENILO","5989"
"71801","TENILO","5983"
"71802","TERATAI","5997"
"71803","TERATAI","6051"
"71804","TIHENGO","6054"
"71805","TIHU","5995"
"71806","TILANGOBULA","6037"
"71807","TILIHUA","6010"
"71808","TILONGGIBILA","5993"
"71809","TILOTE","6042"
"71810","TIMBUOLO TENGAH","6018"
"71811","TIMBUOLO TIMUR","6018"
"71812","TIMBUOLO","6018"
"71813","TIMUATO","6041"
"71814","TINELO AYULA","5984"
"71815","TINELO","6014"
"71816","TINELO","6041"
"71817","TINELO","6042"
"71818","TINGKOHUBU TIMUR","6014"
"71819","TINGKOHUBU","6014"
"71820","TIOHU","6002"
"71821","TIRTO ASRI","6053"
"71822","TITIDU","5978"
"71823","TOHUPO","5996"
"71824","TOLANGO","6036"
"71825","TOLINGGULA PANTAI","6034"
"71826","TOLINGGULA TENGAH","6034"
"71827","TOLINGGULA ULU","6034"
"71828","TOLITE JAYA","6034"
"71829","TOLITE","5991"
"71830","TOLITEHUYU","6045"
"71831","TOLOMATO","5979"
"71832","TOLONGIO","6036"
"71833","TOLOTIO","5995"
"71834","TOLOTIO","5988"
"71835","TOLUWAYA (TULOA)","6030"
"71836","TOMBULILATO","6009"
"71837","TOMBULILATO","5980"
"71838","TOMULABUTAO SELATAN","6049"
"71839","TOMULABUTAO","6049"
"71840","TONALA","6041"
"71841","TONGO","5995"
"71842","TONTAYUO","6007"
"71843","TOPI","6001"
"71844","TOROSIAJE JAYA","6024"
"71845","TOROSIAJE","6024"
"71846","TOTO SELATAN","6046"
"71847","TOTO UTARA","5999"
"71848","TOTOPO","6003"
"71849","TOWAYU","5982"
"71850","TOYIDITO (TOYDITO)","5986"
"71851","TRI RUKUN","6016"
"71852","TRIDARMA","5986"
"71853","TRIKORA","6024"
"71854","TUALANGO","6042"
"71855","TUDI","6045"
"71856","TULABOLO BARAT","6037"
"71857","TULABOLO TIMUR","6037"
"71858","TULABOLO","6037"
"71859","TULADENGGI","6049"
"71860","TULADENGGI","6041"
"71861","TULOA","5992"
"71862","TUMBA","6028"
"71863","TUMBIHE","6046"
"71864","TUMBUH MEKAR","6004"
"71865","TUNAS HARAPAN","6024"
"71866","TUNAS JAYA","5995"
"71867","TUNAS JAYA","6033"
"71868","TUNGGULO SELATAN","5999"
"71869","TUNGGULO","6035"
"71870","TUNGGULO","5999"
"71871","TUPA","5992"
"71872","TUTULO","6013"
"71873","TUTUWOTO","6036"
"71874","TUWEYA","5985"
"71875","UABANGA","5995"
"71876","ULANTA","6014"
"71877","ULAPATO A","6041"
"71878","ULAPATO B","6041"
"71879","ULOBUA","5988"
"71880","UPOMELA","5996"
"71881","WALUHU","6004"
"71882","WANGGARASI (WONGGARASI TIMUR)","6012"
"71883","WAPALO","6009"
"71884","WINDU","6001"
"71885","WONGGAHU","5989"
"71886","WONGGARASI BARAT","5987"
"71887","WONGGARASI TENGAH","5987"
"71888","WONGKADITI BARAT","6038"
"71889","WONGKADITI TIMUR","6038"
"71890","WUBUDU","6019"
"71891","WUMIALO","6040"
"71892","YIPILO","5985"
"71893","YOSONEGORO (YOOSONEGORO)","6035"
"71894","ZURIYATI","6045"
"71895","ADOLANG DHUA","6055"
"71896","ADOLANG","6055"
"71897","AHU","6056"
"71898","AKO","6057"
"71899","ALU (ALLU)","6058"
"71900","AMASSANGAN","6059"
"71901","AMBO PADANG","6060"
"71902","AMOLA","6059"
"71903","ANREAPI","6061"
"71904","ARABUA","6060"
"71905","ARALLE TIMUR","6062"
"71906","ARALLE UTARA","6063"
"71907","ARALLE","6063"
"71908","ARJOSARI","6064"
"71909","AWO","6065"
"71910","BABABULO UTARA","6055"
"71911","BABABULO","6055"
"71912","BABANA","6066"
"71913","BAJAWALI","6067"
"71914","BAKADISURA","6068"
"71915","BAKKA-BAKKA","6064"
"71916","BALA BALAKANG TIMUR","6069"
"71917","BALA BALAKANG","6069"
"71918","BALA","6070"
"71919","BALANIPA","6070"
"71920","BALANTI","6071"
"71921","BALLA BARAT","6072"
"71922","BALLA SATANETEAN","6072"
"71923","BALLA TUMUKA","6072"
"71924","BALLA","6072"
"71925","BALLABATU","6073"
"71926","BALOMBONG","6055"
"71927","BAMBADARU","6074"
"71928","BAMBAIRA","6075"
"71929","BAMBAKORO","6067"
"71930","BAMBALAMOTU","6076"
"71931","BAMBAMANURUNG","6077"
"71932","BAMBANG BUDA","6078"
"71933","BAMBANG TIMUR","6079"
"71934","BAMBANG","6079"
"71935","BAMBANGAN","6080"
"71936","BAMBU","6081"
"71937","BANATO REJO","6082"
"71938","BANEA","6083"
"71939","BANGGAE","6084"
"71940","BANUA ADOLANG","6055"
"71941","BANUA BARU","6064"
"71942","BANUA SENDANA","6085"
"71943","BANUADA","6086"
"71944","BARAKKANG","6066"
"71945","BARAS","6071"
"71946","BARU","6084"
"71947","BARU","6087"
"71948","BARUGA DUA","6088"
"71949","BARUGA","6088"
"71950","BARUMBUNG","6089"
"71951","BARURU","6063"
"71952","BATANG URU","6083"
"71953","BATANGNGURU TIMUR","6083"
"71954","BATETANGNGA","6059"
"71955","BATU AMPA","6090"
"71956","BATU MAKKADA","6091"
"71957","BATU MATORU","6067"
"71958","BATU OGE","6092"
"71959","BATU PANGA","6087"
"71960","BATU PANNU","6081"
"71961","BATU PARIGI","6074"
"71962","BATU","6082"
"71963","BATULAYA","6093"
"71964","BATUPANGA DAALA","6087"
"71965","BATUPAPAN","6094"
"71966","BAURUNG","6088"
"71967","BA\BA TAPUA","6095"
"71968","BEBANGA","6096"
"71969","BELA","6097"
"71970","BELANG-BELANG","6096"
"71971","BENGGAULU","6098"
"71972","BEROANGIN","6099"
"71973","BERU-BERU","6096"
"71974","BESOANGIN UTARA","6060"
"71975","BESOANGIN","6060"
"71976","BETTENG","6055"
"71977","BINANGA","6081"
"71978","BINANGA","6085"
"71979","BODA-BODA","6090"
"71980","BOJO","6066"
"71981","BOMBONG LAMBE","6100"
"71982","BONDA","6090"
"71983","BONDE BONDE","6101"
"71984","BONDE UTARA","6055"
"71985","BONDE","6102"
"71986","BONDE","6055"
"71987","BONEHAU","6086"
"71988","BONNE-BONNE","6099"
"71989","BONRA","6099"
"71990","BOTTENG UTARA","6103"
"71991","BOTTENG","6104"
"71992","BOTTENG","6103"
"71993","BOTTO","6102"
"71994","BUANA SAKTI","6105"
"71995","BUANGIN","6078"
"71996","BUDONG-BUDONG","6077"
"71997","BUJUNG MANURUNG","6106"
"71998","BUKIT HARAPAN","6107"
"71999","BUKIT SAMANG","6085"
"72000","BUKU","6099"
