"id","nama_desa","kecamatan_id"
"78001","PUAHUUN","6599"
"78002","PUAY (PUAI)","6546"
"78003","PUBET  /  GIMORIT","6582"
"78004","PUE","6765"
"78005","PUGAIDA (DAUPAIDA)","6570"
"78006","PUGATADI DUA (II)","6731"
"78007","PUGATADI SATU (I)","6731"
"78008","PUGIMA","6778"
"78009","PUGO","6404"
"78010","PUGUN","6694"
"78011","PUGUNOM","6428"
"78012","PUKI PAKI","6428"
"78013","PUKLE","6704"
"78014","PULANGGUN","6470"
"78015","PULAU ARMO","6534"
"78016","PULAU TIMUR","6363"
"78017","PULAU YAMO","6437"
"78018","PULDAMA","6597"
"78019","PULOGENGGA","6363"
"78020","PULUK","6582"
"78021","PUMASILI","6373"
"78022","PUNAKUL","6789"
"78023","PUNCAK SENYUM","6477"
"78024","PUND","6468"
"78025","PUNGGELAK","6574"
"78026","PUNGKAHIK","6443"
"78027","PUNGKI","6408"
"78028","PUNNO","6432"
"78029","PUPEHABU","6678"
"78030","PUPI","6804"
"78031","PUPIS","6387"
"78032","PUPUGOBA (POPUGOBA)","6820"
"78033","PURBALO","6437"
"78034","PURNAWAJATI (PURNAMA JATI)","6688"
"78035","PURUGI","6656"
"78036","PURUGI","6563"
"78037","PURUGI","6389"
"78038","PURUWA","6747"
"78039","PUSUAGA","6412"
"78040","PUTAGEIMA (PUTAGAIMA)","6410"
"78041","PUTAPA (UPUTAPA)","6685"
"78042","PUTAPA","6379"
"78043","PUTDUMU","6704"
"78044","PUTI","6543"
"78045","PUWERI","6743"
"78046","PUWETA / PUETA I","6660"
"78047","PUWETA / PUETA II","6660"
"78048","PUYAGIYA","6642"
"78049","PYAWI (WEMBI LUAR)","6788"
"78050","PYEFURI","6545"
"78051","RAMANGKURANI","6454"
"78052","RAMBAI","6416"
"78053","RAMDORI","6489"
"78054","RANDAWAYA","6473"
"78055","RANSARNONI (RAMSAMONI)","6416"
"78056","RAPA","6819"
"78057","RAPAMAREI","6482"
"78058","RARMPIMBO (RAMPIMBO)","6381"
"78059","RARSBARI","6474"
"78060","RARSIBO","6545"
"78061","RASAWA","6593"
"78062","RASIRI (WOISIRI)","6774"
"78063","RAWA BIRU","6739"
"78064","RAWAHAYU","6592"
"78065","RAWAR","6807"
"78066","RAWASARI","6723"
"78067","RAWIWA","6614"
"78068","RAYAM","6698"
"78069","RAYORI","6542"
"78070","REMBAI","6400"
"78071","RENTIS","6753"
"78072","REP","6698"
"78073","RHEPANG MUAIF / MUAIB","6630"
"78074","RIM","6382"
"78075","RIMBA JAYA (GAYU)","6383"
"78076","RIMBA JAYA","6382"
"78077","RIMBA JAYA","6605"
"78078","RIMBARAYA","6618"
"78079","RIMSER SARI","6510"
"78080","RIPA","6455"
"78081","RISEI SAYATI","6699"
"78082","RODIFU","6533"
"78083","ROIPI DUA","6416"
"78084","ROIPI","6416"
"78085","RONDEPI","6380"
"78086","RONGGAIWA","6513"
"78087","RORISI","6513"
"78088","ROSAYENDO","6487"
"78089","ROSBORI","6544"
"78090","ROSWARI (ARTANENG)","6784"
"78091","ROTEA","6510"
"78092","RUAMBAK JAYA","6593"
"78093","RUAMBAK JAYA","6815"
"78094","RUAR","6382"
"78095","RUBOL","6695"
"78096","RUMBEPAGA","6648"
"78097","RUMBIN","6533"
"78098","SABEAB KECIL","6398"
"78099","SABI","6372"
"78100","SABIEM","6521"
"78101","SABILIKALEM","6438"
"78102","SABILIRONGGO","6354"
"78103","SABIN","6558"
"78104","SABIN","6515"
"78105","SABISA","6705"
"78106","SABON","6786"
"78107","SABRON SARI","6725"
"78108","SABRON YARU (SABRO YARU)","6725"
"78109","SABUALO","6438"
"78110","SABUDOM (SABUDON)","6611"
"78111","SADAR","6610"
"78112","SAFRON TANE DUA / II","6674"
"78113","SAGADUK","6547"
"78114","SAGAPU","6418"
"78115","SAGAPUSATU","6434"
"78116","SAGARE","6696"
"78117","SAGASAL","6478"
"78118","SAGIS","6619"
"78119","SAGONI  /  SOGONI","6451"
"78120","SAHAPIKIA (SAHAPIKYA)","6732"
"78121","SAHIKMA","6354"
"78122","SAIKAMA","6740"
"78123","SAKAM","6457"
"78124","SAKOR","6573"
"78125","SAKRON TANE","6674"
"78126","SAKSI MALER","6738"
"78127","SAKUP","6532"
"78128","SALAKMA","6766"
"78129","SALAMEPE (SALAM-EPE)","6814"
"78130","SALBI","6608"
"78131","SALBIK","6418"
"78132","SALEMA","6457"
"78133","SALENGKOMO","6426"
"78134","SALLEMO (SALEMO)","6577"
"78135","SALO","6354"
"78136","SALOHE","6354"
"78137","SALOR INDAH","6757"
"78138","SALY","6457"
"78139","SAMA","6398"
"78140","SAMABUSA","6413"
"78141","SAMAN","6575"
"78142","SAMANENTE","6674"
"78143","SAMANUI","6782"
"78144","SAMARIA","6457"
"78145","SAMAU","6497"
"78146","SAMBA","6634"
"78147","SAMBAWOFUAR","6378"
"78148","SAMBER PASI","6506"
"78149","SAMBER SUP","6381"
"78150","SAMBER","6381"
"78151","SAMBOGA","6691"
"78152","SAMBRAWAI (SAMRAWAI)","6784"
"78153","SAMBUA","6707"
"78154","SAMENAGE","6551"
"78155","SAMENDORO  /  SEMENDORO","6575"
"78156","SAMIYUL","6766"
"78157","SAMKAI (KARANG SAMKAI)","6605"
"78158","SAMOFA","6378"
"78159","SAMORKENA","6523"
"78160","SAMURUKIE","6359"
"78161","SANABA (SANAMBA)","6703"
"78162","SANAPAI (SENAPAI)","6623"
"78163","SANAYOKA","6416"
"78164","SANDIDORI (SANDEDORI)","6561"
"78165","SANDOU (SANDAU)","6456"
"78166","SANEP  /  SANEM","6407"
"78167","SANGATUR","6515"
"78168","SANGGAI","6633"
"78169","SANGGARIA (ARSO 1)","6537"
"78170","SANGGASE","6429"
"78171","SANGKE","6788"
"78172","SANOBA (SANOBA PANTAI)","6689"
"78173","SANOBA","6437"
"78174","SANSUNDI","6726"
"78175","SANTABOR (SANTAMBOR)","6575"
"78176","SANUMI","6497"
"78177","SANWARUK","6603"
"78178","SAPALEK","6759"
"78179","SAPEN (AIROSAPEM)","6407"
"78180","SAPIWAREK","6354"
"78181","SARAMIT  /  SERAMIT","6623"
"78182","SARAMOM","6497"
"78183","SARAWANDORI DUA","6454"
"78184","SAREIDI (SARAEIDI)","6382"
"78185","SARIBI","6807"
"78186","SARIBRA","6506"
"78187","SARIT","6707"
"78188","SARMAFO","6623"
"78189","SARMAI ATAS","6633"
"78190","SARMAI BAWAH","6633"
"78191","SARMAYAM INDAH (SERMAYAM)","6480"
"78192","SARMI","6534"
"78193","SARMO","6534"
"78194","SARMUGE","6478"
"78195","SARUK","6653"
"78196","SARUMAN","6544"
"78197","SARWA","6489"
"78198","SARWOM","6487"
"78199","SASARI","6506"
"78200","SASAWA","6508"
"78201","SASAWAPECE","6414"
"78202","SASIME","6407"
"78203","SASWA KWESAR (SAUSAUA KWESAR / SASAWAKWESAR)","6498"
"78204","SASWARBO","6489"
"78205","SAUKOBYE","6487"
"78206","SAUNBRI (SAURIBRU)","6486"
"78207","SAURI","6494"
"78208","SAURI","6486"
"78209","SAURISIRAMI","6797"
"78210","SAUTI","6387"
"78211","SAUYAS","6728"
"78212","SAW","6555"
"78213","SAWA","6494"
"78214","SAWA","6387"
"78215","SAWADORI","6494"
"78216","SAWAI","6482"
"78217","SAWAR","6534"
"78218","SAWARA JAYA","6815"
"78219","SAWAY","6450"
"78220","SAWENDUI","6415"
"78221","SAWENUI (SAWENOI)","6415"
"78222","SAWERU","6380"
"78223","SAWESUMA (SAWA SUMA)","6628"
"78224","SAWIATAMI (SAWYATAMI)","6537"
"78225","SAYOA","6377"
"78226","SE (SEE)","6418"
"78227","SEBAN","6530"
"78228","SEBI","6354"
"78229","SEBIN","6547"
"78230","SEBU","6435"
"78231","SEBUL","6798"
"78232","SEBUM","6803"
"78233","SEED AGUNG (SEDAYU AGUNG PRASASTI)","6485"
"78234","SEEPSE (SEPSE)","6382"
"78235","SEGAME","6595"
"78236","SEHELU","6766"
"78237","SEHEREK","6457"
"78238","SEIMA","6763"
"78239","SEKAN DALAM","6777"
"78240","SEKAN","6777"
"78241","SEKLAK","6781"
"78242","SEKOM","6549"
"78243","SEKORI","6398"
"78244","SELA","6548"
"78245","SELAUW","6485"
"78246","SELE","6599"
"78247","SELEBI","6457"
"78248","SELEK","6457"
"78249","SELEMANA (SELEMAMA)","6388"
"78250","SELIL","6592"
"78251","SEMANGGA JAYA (SEMANGGI JAYA)","6801"
"78252","SEMAYEN","6618"
"78253","SEMBEGULIK (SAMABEGULIK)","6491"
"78254","SEMLU","6597"
"78255","SEMOGRAFI","6465"
"78256","SEMPAN TIMUR","6817"
"78257","SEMTAIPIM (TSEMTAIPIM)","6446"
"78258","SENAYOM","6601"
"78259","SENE","6559"
"78260","SENEGI","6581"
"78261","SENGANGGE","6804"
"78262","SENGGI","6812"
"78263","SENGGO","6359"
"78264","SENGIKMA","6354"
"78265","SENGSENAGAIK","6729"
"78266","SENIPAN","6753"
"78267","SENOGOLIK","6663"
"78268","SENTANI KOTA","6718"
"78269","SENTOSA (SANTOSA)","6628"
"78270","SENTUL","6708"
"78271","SEPOH","6383"
"78272","SERABUM","6612"
"78273","SERAHAK","6690"
"78274","SERALEMA","6491"
"78275","SERAMKATOP","6811"
"78276","SERAWANDORI (SARAWANDORI)","6454"
"78277","SERBIN","6618"
"78278","SERDORI","6486"
"78279","SERE SERE","6576"
"78280","SEREDELA","6691"
"78281","SEREH","6718"
"78282","SERENGAN","6655"
"78283","SEREWEN","6774"
"78284","SERINGGU JAYA","6605"
"78285","SERUI JAYA","6483"
"78286","SERUI KOTA","6483"
"78287","SERUI LAUT","6483"
"78288","SESEPNE","6601"
"78289","SESNUK","6462"
"78290","SETMIT","6521"
"78291","SEWAN","6585"
"78292","SIA","6646"
"78293","SIAK","6738"
"78294","SIANELE","6547"
"78295","SIANTOA","6523"
"78296","SIAPMA","6373"
"78297","SIARATESA","6475"
"78298","SIAT","6813"
"78299","SIBA","6376"
"78300","SIBENDA","6786"
"78301","SIBI","6793"
"78302","SIDOMULYO","6801"
"78303","SIEN","6438"
"78304","SIEN","6732"
"78305","SIEPKOSI","6777"
"78306","SIGABEL JAYA","6485"
"78307","SIGARE","6366"
"78308","SIGIMBUT","6603"
"78309","SIGINIMAREM","6521"
"78310","SIGMIE","6650"
"78311","SIGOU","6651"
"78312","SIGOU","6460"
"78313","SIKARI","6697"
"78314","SIKARI","6616"
"78315","SIKIBUR","6530"
"78316","SILABULO","6528"
"78317","SILAK PAHABOL","6599"
"78318","SILAKMA","6736"
"78319","SILAMIK","6549"
"78320","SILAN","6700"
"78321","SILANKURU","6700"
"78322","SILFAL","6457"
"78323","SILI","6443"
"78324","SILIMO","6547"
"78325","SILION","6426"
"78326","SILIWA","6762"
"78327","SILKOM","6771"
"78328","SILO","6648"
"78329","SILOMA","6547"
"78330","SILON","6547"
"78331","SILONG","6653"
"78332","SILORIN","6478"
"78333","SILUMAREK","6386"
"78334","SIMA","6427"
"78335","SIMBUK","6599"
"78336","SIMEKA","6432"
"78337","SIMIE","6819"
"78338","SIMINBUK","6811"
"78339","SIMINI","6421"
"78340","SIMIPIT (SINEPIT)","6407"
"78341","SIMIYE","6596"
"78342","SIMPORO (BABO / YOSIBA / HOMF)","6357"
"78343","SIMSAGAR","6575"
"78344","SINAHAL","6457"
"78345","SINAKMA","6566"
"78346","SINAMI  /  SINANI (YUABAN)","6620"
"78347","SINAPUK","6566"
"78348","SINAREKOWA","6787"
"78349","SINATA","6550"
"78350","SINGA (T\SINGA)","6543"
"78351","SINGGRI","6631"
"78352","SINGGRIWAY (SINGGRIWAI)","6631"
"78353","SINGOKLA","6608"
"78354","SINIMBURU","6709"
"78355","SINONDE","6797"
"78356","SIOLOREMA","6466"
"78357","SIPENAP  /  SIPANAP (ASAREP)","6560"
"78358","SIPIAS","6676"
"78359","SIPISI","6614"
"78360","SIPNIDIPMU","6729"
"78361","SIPSOI","6443"
"78362","SIPSON","6443"
"78363","SIRA","6443"
"78364","SIRIT","6675"
"78365","SIRIWINI","6689"
"78366","SIRIWO (DADOU)","6681"
"78367","SIRIWO (UNIPO)","6401"
"78368","SIROMI","6473"
"78369","SISAKEM","6419"
"78370","SITDOBO","6634"
"78371","SITGAMA","6813"
"78372","SITPOGOL","6604"
"78373","SIWA","6469"
"78374","SIWIKMA","6761"
"78375","SKANTO (SKAMTO)","6538"
"78376","SKOAIM","6398"
"78377","SKOFRO","6788"
"78378","SKOW MABO (SKOUW MABO )","6770"
"78379","SKOW SAE (SKOUW SAE)","6770"
"78380","SKOW YAMBE (SKOUW YAMBE)","6770"
"78381","SNAMAY","6692"
"78382","SNERBO","6378"
"78383","SOA","6480"
"78384","SOAGAMA","6703"
"78385","SOAIB","6398"
"78386","SOAMRIN","6736"
"78387","SOBA","6698"
"78388","SOBA","6764"
"78389","SOBAHAM","6599"
"78390","SOBIKAMBUT","6438"
"78391","SODULE","6547"
"78392","SOGASIO","6740"
"78393","SOGOKMO (SOGOMO)","6410"
"78394","SOGOPHE","6446"
"78395","SOHAL","6591"
"78396","SOHARAM","6457"
"78397","SOHI","6354"
"78398","SOHOBMA","6591"
"78399","SOHOKANGGO (SOKANGGO)","6471"
"78400","SOHOKANGGO","6610"
"78401","SOHOMANE","6445"
"78402","SOHOMBUNU","6354"
"78403","SOHONDIPMU","6716"
"78404","SOHONGGIK","6646"
"78405","SOHWAL","6583"
"78406","SOI","6459"
"78407","SOKAMU","6706"
"78408","SOKANI","6561"
"78409","SOKORE","6819"
"78410","SOLINE","6608"
"78411","SOLINGGUL (SOLINGUL)","6772"
"78412","SOLIP","6394"
"78413","SOLOK","6753"
"78414","SOMBAT","6669"
"78415","SOMBULE","6354"
"78416","SOMI","6403"
"78417","SOMNAK","6448"
"78418","SOMSEK","6463"
"78419","SONA","6387"
"78420","SOOH","6509"
"78421","SOON","6382"
"78422","SOOR (SOR)","6554"
"78423","SOPAMIKMA","6553"
"78424","SOPENDO SUP KARKIR","6474"
"78425","SOPENDO","6474"
"78426","SOPLE","6595"
"78427","SORABI","6614"
"78428","SORAY  /  SORAI","6448"
"78429","SORENDIDORI (SORENDIWERI)","6728"
"78430","SORIDO","6497"
"78431","SORINA","6561"
"78432","SOROH","6412"
"78433","SOROMASEN (SOROMASEM)","6784"
"78434","SORYAR","6382"
"78435","SOSI","6646"
"78436","SOSIRI","6602"
"78437","SOSKOTEK","6803"
"78438","SOSMAY  /  SOSMAI","6474"
"78439","SOSONIKMA (SOSOMIKMA)","6653"
"78440","SOTA","6739"
"78441","SOWALING","6515"
"78442","SOWI","6443"
"78443","SOWIWA","6593"
"78444","SOYOI","6699"
"78445","SPOIRI","6509"
"78446","SRALALA","6667"
"78447","SUAGAI  /  SUWAGAI (SUWA)","6445"
"78448","SUAHE","6354"
"78449","SUAHI","6769"
"78450","SUAM","6606"
"78451","SUBANGUNGSI (SUBMANGGUNSI)","6618"
"78452","SUBAYO","6591"
"78453","SUBSAL","6729"
"78454","SUBU","6523"
"78455","SUBUIRUINGGAMA","6443"
"78456","SUBUNDALEK","6464"
"78457","SUBUR","6417"
"78458","SUELAMA","6634"
"78459","SUELE","6354"
"78460","SUERELIHIM","6438"
"78461","SUESI","6741"
"78462","SUET","6547"
"78463","SUHUNTEK","6653"
"78464","SUJOMDOBO","6634"
"78465","SUKA MAJU","6723"
"78466","SUKALIMI","6457"
"78467","SUKIKAI","6779"
"78468","SUKSALE","6464"
"78469","SULDA","6548"
"78470","SUMAPRO","6817"
"78471","SUMBE","6633"
"78472","SUMBER HARAPAN","6480"
"78473","SUMBER MULIA","6757"
"78474","SUMBER REJEKI","6757"
"78475","SUMBERKER","6378"
"78476","SUMBINYA (SUNBINYA)","6474"
"78477","SUMBO","6675"
"78478","SUMBULE SATU","6354"
"78479","SUMEGEN","6683"
"78480","SUMINAIKMA","6354"
"78481","SUMO","6673"
"78482","SUMTAMON","6433"
"78483","SUMUNIKAMA","6762"
"78484","SUMUR AMAN","6559"
"78485","SUNDE","6382"
"78486","SUNERI","6381"
"78487","SUNILI","6773"
"78488","SUNTAM","6457"
"78489","SUNTAMON","6645"
"78490","SUNUM (YAMNA)","6507"
"78491","SUNYAR","6381"
"78492","SUOK","6547"
"78493","SUOK","6515"
"78494","SUP MBRUR","6533"
"78495","SUPLEYU","6612"
"78496","SUPMANDER","6807"
"78497","SUPRAIMA","6506"
"78498","SURIMANIA (SYURIMANIA)","6414"
"78499","SUROBA","6406"
"78500","SURON","6708"
"78501","SURU-SURU","6418"
"78502","SURUKMU","6764"
"78503","SUSEK","6647"
"78504","SUSKUN (WAMBES DALAM)","6788"
"78505","SUWENEM","6675"
"78506","SUWRU","6555"
"78507","SWAINOBER","6489"
"78508","SWAIPAK","6489"
"78509","SWAPODIBO","6497"
"78510","SWASESO (SUASENO)","6590"
"78511","SWENTAB","6678"
"78512","SYABES","6381"
"78513","SYEWA MERARE","6571"
"78514","SYORIBO","6486"
"78515","SYURDORI","6726"
"78516","SYURDORI","6728"
"78517","TABBEYAN (TABEYAN)","6688"
"78518","TABLASUPA","6724"
"78519","TABO WANIMBO","6799"
"78520","TABONAKME","6733"
"78521","TABONJI","6606"
"78522","TABOWANIMBO","6615"
"78523","TABRAWAR","6472"
"78524","TABRI","6631"
"78525","TABUH","6458"
"78526","TABUKEKER","6526"
"78527","TABUNAKME","6715"
"78528","TADIA (KEPI / TODIA / TADIA AYAIKEBO)","6681"
"78529","TAGA EPE","6814"
"78530","TAGABAGA","6354"
"78531","TAGAIMON KAROME","6793"
"78532","TAGAIMON SINO","6793"
"78533","TAGANIK","6409"
"78534","TAGAUTO (TADAUTU)","6712"
"78535","TAGI","6648"
"78536","TAGIBAGA","6795"
"78537","TAGIKUN (TIGIKUM)","6501"
"78538","TAGIME","6755"
"78539","TAGINEM (TAGINERI)","6649"
"78540","TAGULIK","6411"
"78541","TAHAMAK","6457"
"78542","TAHIMA SORAMA","6524"
"78543","TAILAREK (TAILA)","6663"
"78544","TAIYEVE","6697"
"78545","TAKOBAK","6734"
"78546","TAKRI","6651"
"78547","TALAMBELA (TALEMPELA)","6766"
"78548","TALEM","6750"
"78549","TALEMU","6612"
"78550","TALILOME","6477"
"78551","TALINAMBER","6436"
"78552","TALPAM","6521"
"78553","TAMAKURI","6482"
"78554","TAMANIM","6359"
"78555","TAMAS SARI","6756"
"78556","TAMAYA","6414"
"78557","TAMBAT","6480"
"78558","TAMOKILO (TAMOKILU / TAMOKULU)","6649"
"78559","TANABASI","6443"
"78560","TANABUME","6364"
"78561","TANAHMERAH","6802"
"78562","TANAS (TANAAS)","6676"
"78563","TANDA","6764"
"78564","TANGGEAM","6464"
"78565","TANGMA","6432"
"78566","TANIME","6612"
"78567","TANJUNG BARARI","6494"
"78568","TANJUNG BATU","6585"
"78569","TANJUNG RIA","6502"
"78570","TAPASIK DUA","6425"
"78571","TAPASIK","6433"
"78572","TAPASIK","6645"
"78573","TAPLA","6655"
"78574","TAPOB","6433"
"78575","TAPORMAI","6402"
"78576","TAQWA / TAKWA BANGUN","6688"
"78577","TARAGAI  /  TARAGAE","6559"
"78578","TARAMLU","6701"
"78579","TARAU","6483"
"78580","TARAWI","6455"
"78581","TAREI","6473"
"78582","TARI","6632"
"78583","TARI","6514"
"78584","TARIA","6767"
"78585","TARNGOP","6532"
"78586","TARONTA SRUM","6510"
"78587","TARUP","6635"
"78588","TARWA","6619"
"78589","TATAM","6711"
"78590","TATUI","6454"
"78591","TAUMI","6782"
"78592","TAURO","6377"
"78593","TAUSIGA (TOUSIGA)","6394"
"78594","TAWELMA","6504"
"78595","TAWI","6423"
"78596","TAYA","6594"
"78597","TAYAI (TAIYAI)","6616"
"78598","TAYAI (TAYA)","6727"
"78599","TAYAI","6697"
"78600","TAYALI","6697"
"78601","TAYAU","6453"
"78602","TEBENALO","6362"
"78603","TEFANMA","6638"
"78604","TEFAREWAR","6534"
"78605","TEGABAGA","6442"
"78606","TEIRAPLU","6620"
"78607","TEKANI","6607"
"78608","TEKUL","6734"
"78609","TELAGA SARI","6757"
"78610","TELEGAI","6795"
"78611","TELEKONOK","6662"
"78612","TELELOMI","6586"
"78613","TELEME","6458"
"78614","TELENGGEME","6562"
"78615","TELI","6643"
"78616","TEMBAGAPURA","6543"
"78617","TEMBUT","6438"
"78618","TEMBUTKA","6785"
"78619","TEMIA","6373"
"78620","TEMU","6437"
"78621","TENABAGA","6748"
"78622","TENEDAGI","6578"
"78623","TENEK","6562"
"78624","TENGGABANGGWI","6459"
"78625","TENGGAGAMA","6517"
"78626","TENGNONG","6796"
"78627","TENOLOK","6477"
"78628","TENOLOK","6389"
"78629","TENOMANGGEN","6363"
"78630","TENONDEK","6795"
"78631","TERAPDEI","6620"
"78632","TEREO  /  TAREO (TAERO)","6575"
"78633","TERET","6691"
"78634","TEREYEMU (TERIYEMU)","6391"
"78635","TERFONES  /  TERPONES","6638"
"78636","TERI","6611"
"78637","TERIAME","6620"
"78638","TERO","6637"
"78639","TEROPME","6684"
"78640","TETOM","6510"
"78641","TETOP","6568"
"78642","TETUI","6503"
"78643","TEUW","6594"
"78644","TEYIKO (SEIKO)","6672"
"78645","THAMAKSIN","6469"
"78646","TIAU","6453"
"78647","TIBAI","6401"
"78648","TIBAL","6433"
"78649","TIBUL (TIMBUL)","6617"
"78650","TIDUR MABUK","6501"
"78651","TIGIMA (TIGIME)","6672"
"78652","TIGIR","6501"
"78653","TIGIR","6600"
"78654","TIGIR","6662"
"78655","TIGU","6651"
"78656","TII","6418"
"78657","TIKANO","6438"
"78658","TIKAPURA","6514"
"78659","TIKAWO","6522"
"78660","TIKOME","6505"
"78661","TIMA","6505"
"78662","TIMBINDELO","6749"
"78663","TIMEPA","6379"
"78664","TIMER","6754"
"78665","TIMERIA","6514"
"78666","TIMI","6526"
"78667","TIMIDA","6404"
"78668","TIMIKA JAYA","6758"
"78669","TIMKA","6785"
"78670","TIMOBUR (KIMOBUR)","6627"
"78671","TIMOGA / KABUPAGA","6525"
"78672","TIMOJIMO","6615"
"78673","TIMONERI","6682"
"78674","TIMOPUR","6627"
"78675","TIMORI","6440"
"78676","TIMRON","6472"
"78677","TINA","6385"
"78678","TINA","6586"
"78679","TINAGOGA","6440"
"78680","TINDARET","6784"
"78681","TINGAPURA","6528"
"78682","TINGER","6799"
"78683","TINGGAM","6490"
"78684","TINGGILBET","6582"
"78685","TINGGINAMBUT","6389"
"78686","TINGGINERI","6389"
"78687","TINGGINIME","6389"
"78688","TINGGIPURA","6505"
"78689","TINGGIREGE","6428"
"78690","TINGGOM","6589"
"78691","TINGWI","6374"
"78692","TINGWINERI","6598"
"78693","TINIBIL","6567"
"78694","TINIGELE","6805"
"78695","TINIME","6492"
"78696","TINMUHUK","6457"
"78697","TINOWENO","6627"
"78698","TIOGA","6392"
"78699","TIOGEME","6437"
"78700","TIOLOME","6600"
"78701","TIONER","6622"
"78702","TIPAKOTU","6625"
"78703","TIPALOK","6579"
"78704","TIPAUGI","6520"
"78705","TIPLE","6771"
"78706","TIPUKA","6768"
"78707","TIRI","6501"
"78708","TIRIB","6622"
"78709","TIRIGOI","6363"
"78710","TIRUNGGU","6580"
"78711","TITIGI","6703"
"78712","TITIGI","6642"
"78713","TIWA","6526"
"78714","TIWAKA","6405"
"78715","TIYENGGUPUR","6541"
"78716","TIYONGGI","6393"
"78717","TOANGGI","6395"
"78718","TOBATI","6524"
"78719","TOBONGGOM","6819"
"78720","TOF-TOF (TAFTOF)","6676"
"78721","TOGOLUK","6763"
"78722","TOGONFO (TEMINABOR)","6674"
"78723","TOGOWA","6570"
"78724","TOHONG","6769"
"78725","TOKHOMPATU  /  TOKOMPATU (THOKOMPATU)","6383"
"78726","TOKO","6404"
"78727","TOKOM (TOGHOM)","6698"
"78728","TOKUNI","6691"
"78729","TOLIKAPURA (TALIKAPURA)","6478"
"78730","TOLOGI","6714"
"78731","TOLOMBING","6653"
"78732","TOMAGI / GUBAGI","6656"
"78733","TOMAGIPURA","6656"
"78734","TOMAN I","6706"
"78735","TOMAN II","6706"
"78736","TOMASIGA","6394"
"78737","TOMBISIK","6819"
"78738","TOMBO","6389"
"78739","TOMBOK","6428"
"78740","TOMER","6792"
"78741","TOMERAU","6792"
"78742","TOMISA","6762"
"78743","TOMKA","6567"
"78744","TOMOR","6418"
"78745","TONGGOI","6647"
"78746","TONGRIK (TENGGRIK / TOGIRIK / YINAGA)","6514"
"78747","TONONGGAME (TENONGGAME)","6607"
"78748","TOPO JAYA","6527"
"78749","TOPO","6527"
"78750","TOR","6786"
"78751","TORAGE","6389"
"78752","TORAY (TORRAY)","6739"
"78753","TOROA","6380"
"78754","TOTIYO","6625"
"78755","TOTNI","6411"
"78756","TOTOBERI","6782"
"78757","TOUBAIKEBO (TOBAIKEBO)","6368"
"78758","TOWAGAME","6802"
"78759","TOWAO (TUWAO)","6652"
"78760","TOWAO","6498"
"78761","TOWE ATAS","6638"
"78762","TOWE HITAM","6638"
"78763","TOWEMARIB","6477"
"78764","TOWETA","6508"
"78765","TOWOGI","6477"
"78766","TOWOLOME","6754"
"78767","TOWOLUK","6389"
"78768","TOYAIMOTI","6358"
"78769","TRAIMELYAN (TRAIMILYAN)","6538"
"78770","TRIBIT (TRIBID)","6668"
"78771","TRIKORA","6469"
"78772","TRIKORA","6502"
"78773","TRIKORA","6477"
"78774","TRIKORA","6500"
"78775","TRIM","6629"
"78776","TRIMURIS","6590"
"78777","TUAL","6810"
"78778","TUAMAKIDA","6404"
"78779","TUBUGIME","6460"
"78780","TUGUMAU","6619"
"78781","TUGUWAI","6358"
"78782","TUKAM","6647"
"78783","TUKUAREK","6412"
"78784","TUKWI","6437"
"78785","TULEM","6441"
"78786","TULIMA","6516"
"78787","TULO","6531"
"78788","TULPA","6769"
"78789","TUMBIWOLU","6460"
"78790","TUMUN","6409"
"78791","TUNGGUNALE","6385"
"78792","TUNIBUR","6627"
"78793","TUPALMA DUA","6679"
"78794","TUPALMA SATU","6679"
"78795","TUPOPLYOM","6558"
"78796","TUPUT","6384"
"78797","TURIRAM","6611"
"78798","TUROTARO","6389"
"78799","TURU","6483"
"78800","TURUMO","6459"
"78801","TURWE","6643"
"78802","TUWAIDA","6660"
"78803","UAM","6673"
"78804","UASE","6435"
"78805","UBAHAK","6653"
"78806","UBALIHI","6457"
"78807","UBALIHION","6766"
"78808","UBI","6443"
"78809","UBIYAU","6537"
"78810","UBURU","6677"
"78811","UENOMA","6650"
"78812","UGANDA","6514"
"78813","UGAPUGA","6659"
"78814","UGEM","6763"
"78815","UGIDA","6401"
"78816","UGIDIMI (UGIMIBA)","6639"
"78817","UGIKAGOUDA","6660"
"78818","UGIKEBO","6660"
"78819","UGIMBA","6642"
"78820","UGO","6709"
"78821","UGULINTIPMU","6764"
"78822","UJIN","6694"
"78823","UJUNG BATU","6448"
"78824","UJUNG","6529"
"78825","UJUNGKIA","6809"
"78826","UKAGU","6520"
"78827","UKAUWO","6625"
"78828","UKHA","6466"
"78829","ULAKIN","6560"
"78830","ULDAM","6771"
"78831","ULIPIA","6408"
"78832","ULKUBI","6717"
"78833","ULO","6443"
"78834","ULUHUFUK","6354"
"78835","ULUM","6457"
"78836","ULUN","6354"
"78837","ULUNMU","6667"
"78838","ULUSI","6354"
"78839","UMAGA","6517"
"78840","UMAGA","6362"
"78841","UMAGI","6746"
"78842","UMANI","6380"
"78843","UMAP","6490"
"78844","UMAR","6574"
"78845","UMAR","6402"
"78846","UMAR","6748"
"78847","UMBANUME","6734"
"78848","UMBRON","6803"
"78849","UMDING","6532"
"78850","UMPAGALO","6375"
"78851","UMPEKI","6565"
"78852","UMUAF","6465"
"78853","UNABINDAGA (UNABUNDAGA / UNABUNDOGA)","6394"
"78854","UNDI","6627"
"78855","UNDO","6634"
"78856","UNDULUMO","6376"
"78857","UNI","6403"
"78858","UNITO","6779"
"78859","UNUE","6707"
"78860","UPAGA","6395"
"78861","UPIBEGA (UKUDAWATA)","6379"
"78862","UPIN","6559"
"78863","UPKIM","6776"
"78864","UPYETETKO","6785"
"78865","URAGI","6389"
"78866","URATO","6503"
"78867","UREIFASEI DUA (II)","6513"
"78868","UREIFASEI SATU (I)","6513"
"78869","UREIFASEI TIGA (III)","6513"
"78870","URFU","6381"
"78871","URGELE","6477"
"78872","URI","6815"
"78873","URUFU","6383"
"78874","URUGI","6819"
"78875","URUGOM","6371"
"78876","URUMB","6801"
"78877","URUMUSU","6527"
"78878","USABINI","6736"
"78879","USABIYE","6354"
"78880","USAIWA","6513"
"78881","USAREGEIK (USARAGEK)","6683"
"78882","USEREM","6763"
"78883","USILIMO","6376"
"78884","USIR","6477"
"78885","USKU","6812"
"78886","UTA","6420"
"78887","UTIKINI BARU","6636"
"78888","UTIKME","6600"
"78889","UTKOLO SATU","6375"
"78890","UWAGI","6661"
"78891","UWAMANI","6404"
"78892","UWAMBO SATU","6354"
"78893","UWEBUTU (UNEBUTU)","6737"
"78894","UWIBUTU","6404"
"78895","UWUS","6555"
"78896","VAKAM DUA","6448"
"78897","VAKAM","6448"
"78898","VETA","6693"
"78899","VIM","6524"
"78900","VINYABOR","6472"
"78901","VOKUYO","6651"
"78902","VUNO","6769"
"78903","WAA","6543"
"78904","WAAF DUA / II","6674"
"78905","WAAF","6674"
"78906","WAAN (WAN)","6786"
"78907","WABAK","6448"
"78908","WABERFONDI (WARBEPONDI)","6569"
"78909","WABIRAGI","6587"
"78910","WABO","6576"
"78911","WABOMPI","6576"
"78912","WABUAYAR (WABUAYER)","6473"
"78913","WABUHUK","6354"
"78914","WABUI","6703"
"78915","WABUNA","6615"
"78916","WADANGKU","6397"
"78917","WADAPI","6416"
"78918","WADERBO","6382"
"78919","WADIBU","6494"
"78920","WADIO","6687"
"78921","WAEKLEK","6478"
"78922","WAENA","6361"
"78923","WAENA","6760"
"78924","WAEREK","6583"
"78925","WAFOR","6728"
"78926","WAFUKA","6509"
"78927","WAGA WAGA","6375"
"78928","WAGABUS","6448"
"78929","WAGAGU","6443"
"78930","WAGANU DUA","6448"
"78931","WAGANU","6573"
"78932","WAGASU","6407"
"78933","WAGE","6404"
"78934","WAGHAI (BHAKTI)","6417"
"78935","WAGHASILIMO","6354"
"78936","WAGHIEN / KOBA (WAGHAIN BAWAH)","6391"
"78937","WAGI","6696"
"78938","WAGIN","6391"
"78939","WAGOMANI","6578"
"78940","WAHAB","6630"
"78941","WAHAIK","6583"
"78942","WAHARIA","6413"
"78943","WAHE","6771"
"78944","WAHNO","6524"
"78945","WAIAGEPA  /  WAIGEPA","6388"
"78946","WAIBRON","6725"
"78947","WAIDEDE","6404"
"78948","WAIJENS","6448"
"78949","WAIM","6523"
"78950","WAIMA","6820"
"78951","WAINDU","6415"
"78952","WAIPA","6625"
"78953","WAIRU (MAIRU)","6698"
"78954","WAISANI","6544"
"78955","WAITA","6473"
"78956","WAIYA","6724"
"78957","WAKEYADI","6652"
"78958","WAKIA","6420"
"78959","WAKIDAM","6612"
"78960","WAKME","6396"
"78961","WAKO","6395"
"78962","WAKUMENDEK","6525"
"78963","WAKUNYAMA","6412"
"78964","WALAGIMA","6354"
"78965","WALAHAN","6766"
"78966","WALAIK","6735"
"78967","WALAK SELATAN","6411"
"78968","WALAK","6522"
"78969","WALAKMA","6580"
"78970","WALAPKUBUN","6717"
"78971","WALASE","6418"
"78972","WALELAGAMA","6778"
"78973","WALELO","6436"
"78974","WALET","6435"
"78975","WALIALEMA","6466"
"78976","WALIBA","6600"
"78977","WALIBURU","6745"
"78978","WALINGKAPMA","6457"
"78979","WALKEP","6443"
"78980","WALKRUK","6547"
"78981","WALKUMA","6515"
"78982","WALMA","6772"
"78983","WALMAK","6655"
"78984","WALON","6428"
"78985","WAMA","6754"
"78986","WAMAL","6719"
"78987","WAMAN","6391"
"78988","WAMANUK DUA","6409"
"78989","WAMAREK","6432"
"78990","WAMARIRI","6414"
"78991","WAMAROMA","6566"
"78992","WAMBAGALO","6428"
"78993","WAMBAL","6354"
"78994","WAMBALFAK","6354"
"78995","WAMBENA","6724"
"78996","WAMBES LUAR","6788"
"78997","WAMBI","6429"
"78998","WAMBO","6354"
"78999","WAME","6505"
"79000","WAME","6721"
"79001","WAMENA KOTA","6566"
"79002","WAMETKAPA","6776"
"79003","WAMHOR","6354"
"79004","WAMI (WAMIJAYA)","6427"
"79005","WAMIGI","6393"
"79006","WAMILI","6574"
"79007","WAMINDIK","6734"
"79008","WAMITU","6492"
"79009","WAMKI (DENGKIBUMA)","6582"
"79010","WAMLRU","6492"
"79011","WAMOLO","6574"
"79012","WAMORI","6380"
"79013","WAMUSAGE","6778"
"79014","WAN (WAAN)","6485"
"79015","WANAM KEM","6611"
"79016","WANAM","6640"
"79017","WANAMALO","6438"
"79018","WANAMPOMPI","6416"
"79019","WANAN (WANAM)","6766"
"79020","WANANUK","6409"
"79021","WANBAKON","6811"
"79022","WANDA","6503"
"79023","WANDIKBONGKION","6354"
"79024","WANDINGGUNIE","6755"
"79025","WANDOGA","6642"
"79026","WANDOS","6726"
"79027","WANDUAMA","6704"
"79028","WANDURI","6428"
"79029","WANDURI","6477"
"79030","WANEM","6412"
"79031","WANESI","6763"
"79032","WANGBE","6408"
"79033","WANGGAGOME","6714"
"79034","WANGGAMBI","6606"
"79035","WANGGAR MAKMUR","6686"
"79036","WANGGAR PANTAI","6670"
"79037","WANGGAR SARI","6670"
"79038","WANGGAT KIBI","6490"
"79039","WANGGATE","6698"
"79040","WANGGEMALO","6709"
"79041","WANGGIBA","6459"
"79042","WANGGIBO","6354"
"79043","WANGGOM","6657"
"79044","WANGGONOMA","6721"
"79045","WANGGUGUP","6362"
"79046","WANGGULAM","6360"
"79047","WANGIRJA","6758"
"79048","WANGKULAMSAFIANG","6457"
"79049","WANGKUN","6354"
"79050","WANGUN","6805"
"79051","WANIA","6360"
"79052","WANIA","6455"
"79053","WANIA","6768"
"79054","WANILOK (YELAM)","6536"
"79055","WANIM","6690"
"79056","WANINGGAP KAY / KAI","6801"
"79057","WANINGGAP MIRAF","6480"
"79058","WANINGGAP NANGGO","6801"
"79059","WANINGGAP SAY","6480"
"79060","WANIWON","6416"
"79061","WANSRA","6807"
"79062","WANTEM (WANTEN)","6711"
"79063","WANUGA","6672"
"79064","WANUK","6648"
"79065","WANUME","6600"
"79066","WANUWI","6715"
"79067","WAOBA (WUROBA / WAROBA)","6762"
"79068","WAPO","6475"
"79069","WAPOGA","6571"
"79070","WAPU","6817"
"79071","WARA","6443"
"79072","WARA","6406"
"79073","WARABORI","6508"
"79074","WARARI","6483"
"79075","WARAS","6377"
"79076","WARAWAF","6450"
"79077","WARBERIK (WABERIK)","6474"
"79078","WARBINSI","6533"
"79079","WARBO (ARSO 7)","6537"
"79080","WARBON","6487"
"79081","WARBOR","6743"
"79082","WARBUKOR","6456"
"79083","WAREMBORI","6590"
"79084","WAREN DUA (II)","6815"
"79085","WAREN SATU (I)","6815"
"79086","WARI","6487"
"79087","WARI","6523"
"79088","WARI / TAIYEVE","6525"
"79089","WARIDO","6618"
"79090","WARIKMA","6443"
"79091","WARIKTOP (WARIKTOOP)","6568"
"79092","WARINGGA","6364"
"79093","WARIRONI","6473"
"79094","WARIRU","6460"
"79095","WARIRU","6423"
"79096","WARKA","6651"
"79097","WARKAL (WARKAI)","6556"
"79098","WARLEF","6812"
"79099","WARNA","6746"
"79100","WAROGOM","6446"
"79101","WAROHAM","6354"
"79102","WAROI (WAROY)","6381"
"79103","WAROKI","6687"
"79104","WAROMI","6487"
"79105","WAROPKO","6776"
"79106","WARSA","6743"
"79107","WARSANSAN","6487"
"79108","WARUWE","6391"
"79109","WARYEI (WARIYEI)","6481"
"79110","WARYESI","6728"
"79111","WASALALO","6438"
"79112","WASANI","6450"
"79113","WASKEY  /  TANJUNG BATU","6585"
"79114","WASKEY","6585"
"79115","WASORI","6382"
"79116","WASORI","6554"
"79117","WASUA","6443"
"79118","WASUMURJI","6439"
"79119","WASUPAHIK","6457"
"79120","WASUR","6605"
"79121","WASYAI","6474"
"79122","WATEMU","6809"
"79123","WATIARO","6594"
"79124","WAUKAHILAPOK","6431"
"79125","WAUPNOR","6497"
"79126","WAW","6421"
"79127","WAWANCA","6522"
"79128","WAWERI","6571"
"79129","WAWUTI","6416"
"79130","WAY MHOROCK","6524"
"79131","WAYAU (WAYAO / WAJAU)","6581"
"79132","WAYONGGA","6733"
"79133","WAYORI (MAYORI)","6481"
"79134","WEA","6804"
"79135","WEAKMA","6547"
"79136","WEAWEN (WEANEM)","6608"
"79137","WEBI","6508"
"79138","WEBILE","6690"
"79139","WEBRO","6523"
"79140","WEIME","6701"
"79141","WEINAMI","6808"
"79142","WEKARU","6562"
"79143","WEKIA","6777"
"79144","WELAP","6469"
"79145","WELAREK","6457"
"79146","WELBUTI","6719"
"79147","WELEAREKPUNU","6457"
"79148","WELEHEIKMA","6683"
"79149","WELEKAMA","6735"
"79150","WELESI","6589"
"79151","WELESI","6516"
"79152","WELILE","6653"
"79153","WEMASILI","6763"
"79154","WEMBI DALAM","6788"
"79155","WEMIN","6463"
"79156","WENABUBAGA","6789"
"79157","WENAM","6680"
"79158","WENAM","6734"
"79159","WENAMELA","6607"
"79160","WENAPONG","6673"
"79161","WENAPUK","6466"
"79162","WENDA ASRI","6496"
"79163","WENDAMA","6654"
"79164","WENDAME","6694"
"79165","WENDURI","6799"
"79166","WENEMIKMA","6354"
"79167","WENEWORAROSA","6668"
"79168","WENGGENAMBUT","6790"
"79169","WENGGUN","6393"
"79170","WENI (ISWELI / WELI)","6422"
"79171","WENI","6646"
"79172","WENIGI","6715"
"79173","WENIN","6817"
"79174","WENOME","6748"
"79175","WEO","6512"
"79176","WEREKMA","6443"
"79177","WERENE","6772"
"79178","WERENGGIK","6457"
"79179","WERER (WARER)","6356"
"79180","WERESILI","6647"
"79181","WERI","6364"
"79182","WERI","6733"
"79183","WERI","6772"
"79184","WERIAPUT","6741"
"79185","WERIMA","6741"
"79186","WERMAS","6469"
"79187","WESAGALEP","6741"
"79188","WESAGANYA","6386"
"79189","WESAKIN","6787"
"79190","WESAKMA","6787"
"79191","WESALTEK","6771"
"79192","WESAMA","6741"
"79193","WESANGMA","6763"
"79194","WETAU","6786"
"79195","WETMUK","6781"
"79196","WEU","6799"
"79197","WEWASI","6772"
"79198","WEWO","6749"
"79199","WEYAGE","6754"
"79200","WEYAMBI","6440"
"79201","WIAIMA","6550"
"79202","WIBI","6469"
"79203","WIDIMEI (WIDI MEY)","6578"
"79204","WIDUWAKIYA (WIDUWAKIA)","6578"
"79205","WIGOUMAKIDA","6779"
"79206","WIHA","6396"
"79207","WIJAMURIK","6501"
"79208","WIKI","6525"
"79209","WILAK","6354"
"79210","WILALOMA","6649"
"79211","WILEKAMA","6759"
"79212","WILEROMA","6354"
"79213","WILIGIMA","6441"
"79214","WILILEME","6684"
"79215","WILILIMO","6431"
"79216","WILIMI","6680"
"79217","WILTLANGGO","6354"
"79218","WIMONI","6508"
"79219","WINA","6423"
"79220","WINALO","6440"
"79221","WINAM","6536"
"79222","WINDESI","6544"
"79223","WINDIK","6360"
"79224","WINENGGA","6574"
"79225","WINIKTIT","6776"
"79226","WINIMA","6536"
"79227","WIPDUMU","6603"
"79228","WIR INSOS","6450"
"79229","WIRALESILI","6438"
"79230","WIRASKA","6670"
"79231","WIRILU","6673"
"79232","WIRIMA","6702"
"79233","WIRINI","6734"
"79234","WIRITLAK","6675"
"79235","WIRMAKER","6381"
"79236","WIRSA","6469"
"79237","WISATA BINSARI","6378"
"79238","WISIKMA","6478"
"79239","WISMAN","6436"
"79240","WISOMY (WISOMI)","6766"
"79241","WITALAK","6431"
"79242","WITIPUR","6440"
"79243","WIYAGE","6446"
"79244","WIYAGE","6389"
"79245","WIYAGI","6714"
"79246","WIYAKTINI","6437"
"79247","WIYALUK","6374"
"79248","WIYANGGER","6385"
"79249","WIYANTRE (WIANTIE)","6538"
"79250","WIYAR","6377"
"79251","WIYUGOBAK","6491"
"79252","WIYUKWILIK","6438"
"79253","WOBARI","6699"
"79254","WOBE","6574"
"79255","WOBOYO","6719"
"79256","WODA","6415"
"79257","WODLOMA","6442"
"79258","WODU (MAKUKER)","6533"
"79259","WODU","6533"
"79260","WOGE","6794"
"79261","WOGEKEL (WOGIKEL)","6640"
"79262","WOGI","6519"
"79263","WOINAP","6400"
"79264","WOINSUPI (WAISOPI)","6576"
"79265","WOIWANI","6508"
"79266","WOJI","6501"
"79267","WOK BAKON","6671"
"79268","WOLAME","6437"
"79269","WOLLO TIMUR","6442"
"79270","WOLMBAM","6704"
"79271","WOLO (WOLLO)","6442"
"79272","WOLU","6385"
"79273","WOMBON","6776"
"79274","WOMBONDA","6728"
"79275","WOMBRISAUW","6489"
"79276","WOMIN","6359"
"79277","WOMPOLI","6457"
"79278","WOMSIT","6707"
"79279","WONA","6535"
"79280","WONABRAIDI","6533"
"79281","WONABU","6656"
"79282","WONABUNGGAME","6748"
"79283","WONAGA","6364"
"79284","WONALBE","6408"
"79285","WONDAME","6627"
"79286","WONDENGGOBAK","6477"
"79287","WONENGGULIK","6519"
"79288","WONER","6611"
"79289","WONGGEINA (WONGKEINA)","6542"
"79290","WONGGI","6693"
"79291","WONGI","6428"
"79292","WONIKI","6382"
"79293","WONITU","6754"
"79294","WONOLUK","6627"
"79295","WONOME","6477"
"79296","WONOREJO (PIR 4)","6788"
"79297","WONOSARI JAYA","6758"
"79298","WONTI BOKADARO","6503"
"79299","WONWI","6389"
"79300","WOOI","6400"
"79301","WOPES","6726"
"79302","WORAGA","6574"
"79303","WORALUK","6428"
"79304","WORAPI","6753"
"79305","WORIOI (WARIORI)","6774"
"79306","WORKWANA","6537"
"79307","WORO","6369"
"79308","WOROL","6354"
"79309","WOROMOLOME","6615"
"79310","WOSIALA","6376"
"79311","WOSLAY","6812"
"79312","WOTAI","6737"
"79313","WOUMA","6787"
"79314","WOUNA","6533"
"79315","WOUTU BRASA","6560"
"79316","WOUTU KOLOF","6560"
"79317","WOWI","6448"
"79318","WOYI","6627"
"79319","WUAREM","6806"
"79320","WUBIALO","6547"
"79321","WUBRI","6617"
"79322","WUGI","6682"
"79323","WUGIWAGI","6363"
"79324","WUGURIMA","6409"
"79325","WULAGUMI","6790"
"79326","WULIK PUNUA","6412"
"79327","WULIN","6804"
"79328","WULINAGA","6392"
"79329","WULONI","6666"
"79330","WULUK","6393"
"79331","WULUKBUBUN","6538"
"79332","WULUNDIA","6664"
"79333","WULURIK","6360"
"79334","WULUWA","6714"
"79335","WUMAGA","6371"
"79336","WUMBIRI","6428"
"79337","WUMELAK","6436"
"79338","WUMUKA","6420"
"79339","WUNABU","6684"
"79340","WUNAGELO","6437"
"79341","WUNAN","6442"
"79342","WUNDI","6561"
"79343","WUNDINI","6389"
"79344","WUNDU","6437"
"79345","WUNDUI","6707"
"79346","WUNGGI","6586"
"79347","WUNGGILIPUR","6440"
"79348","WUONE","6805"
"79349","WUPAGA","6492"
"79350","WUPI","6577"
"79351","WURABAK","6600"
"79352","WURABUME","6389"
"79353","WURAGE","6437"
"79354","WURAGUKME","6649"
"79355","WURAK","6363"
"79356","WURAMBURU","6600"
"79357","WURIGELEBUR","6536"
"79358","WURINERI","6535"
"79359","WURONGGI","6682"
"79360","WURUNGKIME","6389"
"79361","WURUPIKMA","6354"
"79362","WUSAGASEM","6763"
"79363","WUSI","6751"
"79364","WUTIME","6428"
"79365","WUTLARIN","6354"
"79366","WUTPAGA","6805"
"79367","WUYUKWI","6477"
"79368","WUYUNERI","6477"
"79369","YABA","6634"
"79370","YABAMARU","6480"
"79371","YABANDA (JABANDA)","6812"
"79372","YABANSAI","6760"
"79373","YABEM","6431"
"79374","YABEMA","6443"
"79375","YABENDILI","6536"
"79376","YABI (JABI)","6599"
"79377","YABOMAIDA","6358"
"79378","YABOSOROM","6613"
"79379","YABUSUP","6354"
"79380","YADOUW (YADAUW)","6803"
"79381","YAFDAS","6378"
"79382","YAFUFLA","6709"
"79383","YAGABO","6694"
"79384","YAGABUR","6514"
"79385","YAGAGOBAK","6562"
"79386","YAGAITO (JAGAITO / TAGITO)","6493"
"79387","YAGALIM","6491"
"79388","YAGALUK","6363"
"79389","YAGAMIT","6623"
"79390","YAGARA","6516"
"79391","YAGARELO","6412"
"79392","YAGAROBAK (YAGAKOBAK)","6579"
"79393","YAGATSU","6446"
"79394","YAGEUGI","6800"
"79395","YAHAMER","6457"
"79396","YAHATMA","6354"
"79397","YAHOLIKMA","6769"
"79398","YAHUFA","6694"
"79399","YAHUI (YAHOI)","6623"
"79400","YAIKIMAKI","6395"
"79401","YAISU (YASIU)","6451"
"79402","YAKAPIS","6512"
"79403","YAKASIB (YAKASIP / YOKASIB)","6633"
"79404","YAKEP","6589"
"79405","YAKIKMA","6443"
"79406","YAKMOR","6811"
"79407","YAKONDE","6602"
"79408","YAKORE","6461"
"79409","YAKWA","6469"
"79410","YAL","6634"
"79411","YALAI (JABAI / JALAI)","6642"
"79412","YALEME","6746"
"79413","YALENGGA (YELENGGA)","6409"
"79414","YALENGGOLO (YELONGGOLO)","6514"
"79415","YALI","6746"
"79416","YALIBATE","6389"
"79417","YALIDAMON","6601"
"79418","YALIKALUK","6470"
"79419","YALIKAMBI","6437"
"79420","YALIMAMBU","6437"
"79421","YALIMO","6432"
"79422","YALINGGUA","6477"
"79423","YALINGGUME","6367"
"79424","YALIPAK","6734"
"79425","YALIPURA","6484"
"79426","YALISOMON","6599"
"79427","YALIWAK","6684"
"79428","YALMABI","6669"
"79429","YALMUN","6655"
"79430","YALOAPUT","6386"
"79431","YALOGO","6598"
"79432","YALOKOBAK","6484"
"79433","YAMA","6354"
"79434","YAMARA (PIR 5)","6788"
"79435","YAMAS","6818"
"79436","YAMBAIKMA","6354"
"79437","YAMBEN (JAMBER / BENERAF)","6507"
"79438","YAMBI","6477"
"79439","YAMBIDUGUN","6477"
"79440","YAMDUA","6463"
"79441","YAME","6366"
"79442","YAME","6467"
"79443","YAMENGGA","6389"
"79444","YAMIGA","6734"
"79445","YAMIN","6716"
"79446","YAMINIKMA","6710"
"79447","YAMKAP (YANKAP)","6445"
"79448","YAMMUA (YAMUA / ARSO 6)","6537"
"79449","YAMNAISU","6542"
"79450","YAMO","6437"
"79451","YAMONERI","6363"
"79452","YAMOTH (YOMOTH)","6555"
"79453","YAMTA (PIR 2)","6537"
"79454","YAMUKA","6606"
"79455","YAMULO","6589"
"79456","YANAMA (PIR 1)","6537"
"79457","YANAMIK","6354"
"79458","YANBRA (YANIM)","6678"
"79459","YANDONO","6738"
"79460","YANEI (JANEI / YAMEI)","6493"
"79461","YANEKO","6672"
"79462","YANENGGAME","6721"
"79463","YANENGGAWI","6389"
"79464","YANGGANDUR","6739"
"79465","YANGGAPURA","6755"
"79466","YANGGUNI","6684"
"79467","YANGKALI","6647"
"79468","YANGKIKALMA","6354"
"79469","YANGPOP","6698"
"79470","YANIRUK","6389"
"79471","YANIRUMA","6744"
"79472","YANORA","6525"
"79473","YAOSAKOR","6573"
"79474","YAPAKOPA","6402"
"79475","YAPAN","6483"
"79476","YAPANANI","6416"
"79477","YAPEMA","6550"
"79478","YAPIL","6558"
"79479","YAPIMAKOT","6811"
"79480","YAPTAMBOR","6575"
"79481","YARAYA","6452"
"79482","YAREMA SATU","6438"
"79483","YAREMA","6438"
"79484","YARIGON","6695"
"79485","YARMUKUM","6389"
"79486","YARO MAKMUR","6670"
"79487","YARORI","6508"
"79488","YARUHUK","6716"
"79489","YASA MULYA (JOSO MULIA)","6480"
"79490","YASIP","6691"
"79491","YATAN","6391"
"79492","YATURAHARJA (ARSO 10)","6537"
"79493","YAUGAPSA (YOUGAPSA)","6461"
"79494","YAUN","6818"
"79495","YAUR","6427"
"79496","YAURIA (WAMBRU)","6422"
"79497","YAUW (YOU)","6556"
"79498","YAWAN","6354"
"79499","YAWAS","6377"
"79500","YAWERMA","6728"
"79501","YAWETADI","6731"
"79502","YAWIMU","6814"
"79503","YAWINERI","6528"
"79504","YAWOR","6428"
"79505","YAWOSI (FANINDI)","6554"
"79506","YEBADOLMA","6675"
"79507","YEBANDUI","6704"
"79508","YEBENA","6393"
"79509","YEFASE (YEPASE)","6724"
"79510","YEFIWANGI (YEFUWAGI)","6696"
"79511","YEGIYEPA (YEGEIYEPA)","6520"
"79512","YEGOUKOTU","6368"
"79513","YEIHNERI","6459"
"79514","YEITUARAU","6565"
"79515","YELAI","6735"
"79516","YELEAS","6432"
"79517","YELEBAREK","6579"
"79518","YELEKAMA","6759"
"79519","YELELO","6820"
"79520","YELEPUNU","6466"
"79521","YELLY","6393"
"79522","YELOBA","6793"
"79523","YELOBIB","6572"
"79524","YELSENGGE","6707"
"79525","YEMARIMA (YEMARMA)","6501"
"79526","YEMU","6453"
"79527","YEN MANAINA","6506"
"79528","YENAI","6654"
"79529","YENBEBA","6807"
"79530","YENBEBON (YENBEPON)","6807"
"79531","YENBEPIOPER (YEMBEPIOPER)","6489"
"79532","YENBEROK","6382"
"79533","YENBURWO","6545"
"79534","YENDAKEM","6382"
"79535","YENDIDORI","6381"
"79536","YENGGELO","6806"
"79537","YENGGRENOK (YANGGERENOK)","6395"
"79538","YENGGU (YENGGU LAMA)","6631"
"79539","YENGGU BARU","6631"
"79540","YENI  /  YEMI","6818"
"79541","YENMARU","6545"
"79542","YENSAMA","6494"
"79543","YENSUKU (JESENKO)","6418"
"79544","YENUDOBA / JINIDOBA","6578"
"79545","YENURES","6497"
"79546","YENUSI MARAU","6508"
"79547","YENUSI","6382"
"79548","YEPMA","6819"
"79549","YEPO (MAKIDIMI)","6660"
"79550","YERAHA","6606"
"79551","YEREGA","6519"
"79552","YEREI","6459"
"79553","YEREKAMA","6515"
"79554","YERETMA","6499"
"79555","YERETUAR","6621"
"79556","YERFUM","6445"
"79557","YERI","6506"
"79558","YERIKO","6683"
"79559","YERUBOY","6450"
"79560","YETEHUP","6772"
"79561","YETSY","6419"
"79562","YETTY","6788"
"79563","YEWENA","6724"
"79564","YEYUGU (GILUBANDU)","6505"
"79565","YIBALO","6360"
"79566","YIBI","6704"
"79567","YIBIN","6732"
"79568","YIDO","6748"
"79569","YIGEMILI","6587"
"79570","YIGI","6675"
"79571","YIGONIME","6684"
"79572","YIKE","6667"
"79573","YIKU","6644"
"79574","YILOGONIME / TABINABO","6615"
"79575","YILUK / KONDENGGUN","6656"
"79576","YIMABNIME","6648"
"79577","YIMOGI","6634"
"79578","YINAMA","6360"
"79579","YINUWANU","6715"
"79580","YIRAGAME","6598"
"79581","YIRENE","6664"
"79582","YITARGET","6620"
"79583","YIWIKA (JIWIKA)","6375"
"79584","YIWILI","6734"
"79585","YIYOGOBAK / KIBUR","6656"
"79586","YOBDI","6487"
"79587","YOBE","6361"
"79588","YOBEH","6718"
"79589","YOBI","6784"
"79590","YOBOLUK","6477"
"79591","YOBOY","6718"
"79592","YODOM","6584"
"79593","YOE","6730"
"79594","YOGA","6477"
"79595","YOGOBAK (YAKOBAK)","6664"
"79596","YOGOBUR","6755"
"79597","YOGOLAWI","6437"
"79598","YOGONIMA","6762"
"79599","YOGORINI","6389"
"79600","YOGOSEM","6740"
"79601","YOGWEME","6423"
"79602","YOKA","6733"
"79603","YOKA","6760"
"79604","YOKALPALEK","6579"
"79605","YOKATAPA (TOKATAPA)","6642"
"79606","YOKE","6590"
"79607","YOKIWA","6546"
"79608","YOKOM","6695"
"79609","YOKUL","6613"
"79610","YOLAR","6439"
"79611","YOMAIMA","6759"
"79612","YOMAN WEYA","6663"
"79613","YOMDORI","6474"
"79614","YOMKONDO","6462"
"79615","YOMOSIMO","6397"
"79616","YOMOTE","6820"
"79617","YONGGI","6428"
"79618","YONGGIME","6367"
"79619","YONGGUN","6389"
"79620","YONGSU BESAR (DOSOYO)","6816"
"79621","YONGSU SAPARI","6816"
"79622","YONIRA","6733"
"79623","YOPARU","6642"
"79624","YORDANIA TULAK","6755"
"79625","YOSUA","6753"
"79626","YOTAPUGA","6659"
"79627","YOULBAN (YOLBAN)","6701"
"79628","YOUTADI","6661"
"79629","YOWIT (YOWIED)","6719"
"79630","YOWO","6392"
"79631","YUABAN DUA","6620"
"79632","YUABAN SATU","6620"
"79633","YUARIMA","6763"
"79634","YUBU","6810"
"79635","YUDANI","6577"
"79636","YUDIMBA","6748"
"79637","YUFRI (SMITH)","6818"
"79638","YUGU MABUR","6656"
"79639","YUGUBUK","6423"
"79640","YUGUMABUR (YUBUMABUR)","6577"
"79641","YUGUMABUR (YUGUMOBUR)","6734"
"79642","YUGUME","6505"
"79643","YUGUMENA","6598"
"79644","YUGUMENGGA","6423"
"79645","YUGUMIA","6672"
"79646","YUGURU","6521"
"79647","YUGWA (YUKWA)","6714"
"79648","YULOKOMA","6582"
"79649","YUMAKOT","6518"
"79650","YUMBUN","6367"
"79651","YUMOGIMA (ISIBITLAH)","6777"
"79652","YUMUGIMA","6373"
"79653","YUN MUKU","6671"
"79654","YUNAT","6667"
"79655","YUNERI","6748"
"79656","YUNGGWI","6389"
"79657","YUNI","6421"
"79658","YUP","6645"
"79659","YURUF","6465"
"79660","YUTANGGO","6354"
"79661","YUTPUL","6747"
"79662","YUWAINDA","6468"
"79663","YUWANAIM (ARSO 2)","6537"
"79664","ZAPMA","6579"
"79665","ZINAI","6579"
"79666","ZOMBAN DOGA (ZOMBANDOGA)","6388"
"79667","ABIDON","6821"
"79668","ABRESSO (ABRESO)","6822"
"79669","ACEMO","6823"
"79670","ADIJAYA","6824"
"79671","ADOH","6825"
"79672","ADONA","6826"
"79673","ADORA","6827"
"79674","ADUER","6828"
"79675","AFES","6829"
"79676","AFKREM","6830"
"79677","AFRAWI","6831"
"79678","AFUAFU","6832"
"79679","AIBOBOR","6833"
"79680","AIBOGIAR","6834"
"79681","AIFAM","6835"
"79682","AIGA","6836"
"79683","AIKRER","6837"
"79684","AIKUS","6835"
"79685","AIMAS","6838"
"79686","AIMASI","6839"
"79687","AIMAU","6840"
"79688","AINESRA","6840"
"79689","AINOD","6841"
"79690","AIPIRI","6842"
"79691","AIR BESAR","6843"
"79692","AISA","6837"
"79693","AISANDAMI","6844"
"79694","AISYO","6841"
"79695","AITINYO","6830"
"79696","AITREM","6837"
"79697","AIWESA","6835"
"79698","AIWOU (AYWOU)","6828"
"79699","AJAMI","6845"
"79700","AKEJU","6846"
"79701","AKINGGING","6840"
"79702","AKMURI","6845"
"79703","ALMA","6847"
"79704","AMBAN","6848"
"79705","AMBER","6828"
"79706","AMBUAR","6849"
"79707","AMBUMI","6850"
"79708","AMDUI","6851"
"79709","AMUTU","6852"
"79710","ANAJERO","6853"
"79711","ANDAMATA","6854"
"79712","ANDANG","6828"
"79713","ANDAY","6823"
"79714","ANDEY","6855"
"79715","ANGGRA","6828"
"79716","ANGRISI (ANGGRESI)","6823"
"79717","ANI SESNA","6833"
"79718","ANTALISA","6856"
"79719","ANUK","6857"
"79720","APUI","6828"
"79721","ARAISUM","6858"
"79722","ARANDAY (ARANDAI)","6859"
"79723","ARAR","6860"
"79724","ARBASINA","6861"
"79725","ARBOREK","6862"
"79726","AREFI SELATAN","6863"
"79727","AREFI TIMUR","6863"
"79728","ARFU","6864"
"79729","ARGOSIGEMERAI","6865"
"79730","ARGUNI","6854"
"79731","ARION (ARYON)","6866"
"79732","AROBA","6867"
"79733","AROWI","6842"
"79734","ARUS","6868"
"79735","ARWAY","6869"
"79736","ARYAWEN MOHO (ARYAWENM)","6870"
"79737","ASAI II (ASAY II)","6871"
"79738","ASAI","6872"
"79739","ASARBEY (ASARBEI)","6828"
"79740","ASBAKEN","6873"
"79741","ASES","6874"
"79742","ASIAF ZAMAN","6875"
"79743","ASKA","6876"
"79744","ASMURUF TEE","6877"
"79745","ASMURUF TEE","6878"
"79746","ASMURUF U","6877"
"79747","ASMURUF U","6878"
"79748","ASNAIF","6879"
"79749","ASSEM","6835"
"79750","ASSES","6868"
"79751","ASUKWERI","6855"
"79752","ASUM (ANSUM)","6880"
"79753","ATAI","6845"
"79754","ATIBO MANIMERI","6881"
"79755","ATORI","6826"
"79756","ATORI","6864"
"79757","AUDAM","6882"
"79758","AURMIOS","6876"
"79759","AWAT","6883"
"79760","AWET MAIN","6875"
"79761","AWIBEHEY (AWIBEHEI)","6828"
"79762","AWIGAU (AWAIKUM / AWAIGAU)","6880"
"79763","AWIT","6879"
"79764","AYAE","6834"
"79765","AYAMARU","6829"
"79766","AYAMBORI","6842"
"79767","AYATA","6835"
"79768","AYAU (AYAUBEY)","6884"
"79769","AYAU","6828"
"79770","AYAWASI SELATAN","6885"
"79771","AYAWASI TIMUR","6885"
"79772","AYAWASI","6885"
"79773","AYAWI","6886"
"79774","AYIAMANE","6834"
"79775","AYOLOKLE","6887"
"79776","BAGRAGA (BAGARAGA)","6888"
"79777","BAGUNG","6889"
"79778","BAHAMYENTI","6828"
"79779","BAHBADAN","6890"
"79780","BAHUMIA","6891"
"79781","BAINKETE","6873"
"79782","BAKARO","6842"
"79783","BAKRABI","6892"
"79784","BALDON (BOLDON)","6888"
"79785","BAMAHA","6822"
"79786","BAMANA","6893"
"79787","BAMUS WAIMAN (BAMUSWAYMAN)","6894"
"79788","BAMUS","6894"
"79789","BANGUN MULYO / MULIA","6858"
"79790","BANJAR AUSOY","6881"
"79791","BANSO","6895"
"79792","BARIAT","6896"
"79793","BARMA BARAT","6897"
"79794","BARMA BARU (STENCOOL)","6898"
"79795","BARMA","6898"
"79796","BARU (KAMPUNG BARU)","6859"
"79797","BATDE (BADDEI)","6899"
"79798","BATU LUBANG / LOBANG PANTAI","6873"
"79799","BATU LUBANG / LOBANG","6873"
"79800","BATU PAYUNG","6900"
"79801","BATU ZAMAN","6901"
"79802","BATUFIAFAS","6854"
"79803","BAUN (BAUM)","6894"
"79804","BAWEY","6864"
"79805","BAWY","6902"
"79806","BAYEDA","6832"
"79807","BEDARE","6903"
"79808","BEIMES","6865"
"79809","BEMUS","6904"
"79810","BENAWA I","6905"
"79811","BENAWA II","6826"
"79812","BENDIP MATOA (DEBIT MOTOA)","6839"
"79813","BENYAS","6870"
"79814","BEO","6869"
"79815","BIANCI","6906"
"79816","BIBIRAM","6907"
"79817","BIGA","6908"
"79818","BIJANFOU (BIJAMFOU / BUANFOU)","6864"
"79819","BIKAR","6909"
"79820","BINGRAYUD (BINGGARUD)","6836"
"79821","BINGWAIMOD (BIGWAIMUD)","6836"
"79822","BINGWOYUD (BINGYWOYUT)","6828"
"79823","BINIRAUW (BINIRAW)","6848"
"79824","BINTUNI BARAT","6865"
"79825","BINTUNI TIMUR","6865"
"79826","BIRAWAKU","6861"
"79827","BOFAIT","6830"
"79828","BOFUWER","6832"
"79829","BOGOR","6839"
"79830","BOHWAT","6877"
"79831","BOHWAT","6878"
"79832","BOIYA","6893"
"79833","BONDOPI","6910"
"79834","BONI","6911"
"79835","BONSAYOR","6855"
"79836","BONWAKIR","6912"
"79837","BORI TIMUR","6841"
"79838","BORI","6841"
"79839","BOROGERBA","6832"
"79840","BOTAIN","6913"
"79841","BOWI SUBUR","6876"
"79842","BREMI","6872"
"79843","BRIANLO","6887"
"79844","BRONGKENDIK","6843"
"79845","BUBUKO","6826"
"79846","BUEIBEI (DUEIBEI)","6828"
"79847","BUK","6914"
"79848","BUMI AJO","6915"
"79849","BUMI SANIARI","6881"
"79850","BUMIMOROH INDAH","6916"
"79851","BUOH SA","6837"
"79852","CABAN DUA","6872"
"79853","CANGOISI","6866"
"79854","CATUBOUW","6836"
"79855","CENING","6871"
"79856","CHALIAT","6917"
"79857","CIGERA","6918"
"79858","CIRNOHU","6918"
"79859","COA","6919"
"79860","COIJUT (COIJUD)","6836"
"79861","COISI","6828"
"79862","CUMNAJI","6920"
"79863","CUYEHEP","6886"
"79864","DABATAN","6921"
"79865","DAIMAR","6861"
"79866","DANA WERIA","6843"
"79867","DANMOU","6918"
"79868","DAREMBANG","6854"
"79869","DARUMBAB","6855"
"79870","DASRI","6922"
"79871","DASRI","6900"
"79872","DAUBAK","6861"
"79873","DEBETIK (DIBETIK)","6918"
"79874","DEER","6883"
"79875","DEGEN","6827"
"79876","DELA (DELLA)","6923"
"79877","DEMAISI","6828"
"79878","DEMBEK","6924"
"79879","DEMDAMEI","6918"
"79880","DEMINI","6924"
"79881","DEMOURA (DEMUORA)","6871"
"79882","DEMUNTI","6866"
"79883","DEROUBU (DEUROBA)","6880"
"79884","DESAY","6839"
"79885","DESRA (DISRA)","6918"
"79886","DIBALAL","6883"
"79887","DIBERA","6925"
"79888","DIHARA","6823"
"79889","DINDEY","6926"
"79890","DISFRA","6889"
"79891","DISI","6870"
"79892","DISIHU (DIHISU)","6925"
"79893","DISRA (DESRA)","6925"
"79894","DISURA","6880"
"79895","DOBUT (DOOPUD / DOPUT)","6823"
"79896","DOREKER (DOREKAR)","6927"
"79897","DOTIR","6928"
"79898","DRIYE","6828"
"79899","DUBER","6929"
"79900","DUGRIMOG","6918"
"79901","DUGUHANI (DUGAHANI)","6857"
"79902","DUHUGESA","6925"
"79903","DULANPOKPOK","6930"
"79904","DULBATAN","6931"
"79905","DUM BARAT (DOOM BARAT)","6932"
"79906","DUM TIMUR (DOOM TIMUR)","6932"
"79907","DUMBRE (DUMBREY)","6871"
"79908","DURIANKARI","6931"
"79909","DUSNER","6850"
"79910","DUWIN (DUWIN UMSINI)","6926"
"79911","EDOR","6824"
"79912","EGERWARA","6933"
"79913","EKAM","6934"
"79914","ELLES","6847"
"79915","EMAOS","6909"
"79916","ENIBA","6935"
"79917","ERIGARA","6832"
"79918","EROKWERO","6879"
"79919","ESANIA","6824"
"79920","EWAY","6879"
"79921","FAAN","6835"
"79922","FAFANLAP","6921"
"79923","FAIT NGGRE","6868"
"79924","FAITHOWES","6936"
"79925","FAITMAJIN","6937"
"79926","FAITMAYAF","6841"
"79927","FAITMAYAT BARAT","6841"
"79928","FAITSAWE","6841"
"79929","FAITSIMAR","6868"
"79930","FAITSIUR","6937"
"79931","FAITWOSUR","6938"
"79932","FAK FAK SELATAN","6930"
"79933","FAK FAK UTARA","6930"
"79934","FAN","6877"
"79935","FAN","6878"
"79936","FANSE","6917"
"79937","FATASE","6939"
"79938","FATEGOMI","6877"
"79939","FATEGOMI","6878"
"79940","FATEM","6939"
"79941","FAUR","6856"
"79942","FEF","6874"
"79943","FETERNU (FETERMU)","6832"
"79944","FIANE","6902"
"79945","FIGOUD","6828"
"79946","FIOR","6854"
"79947","FOLLEY","6940"
"79948","FOLLEY","6882"
"79949","FONATU","6885"
"79950","FORADA","6941"
"79951","FOROMA JAYA","6919"
"79952","FRABO","6942"
"79953","FRAFANE","6895"
"79954","FRAHARO","6829"
"79955","FRAMAFIR","6877"
"79956","FRAMAFIR","6878"
"79957","FRAMBOH","6879"
"79958","FRAMBU","6835"
"79959","FRAMNEWAY","6840"
"79960","FRAMU","6829"
"79961","FRAWEBO","6841"
"79962","FRIWEN","6943"
"79963","FRUATA (FUATA / IRORUTU II)","6944"
"79964","FUDIMA","6832"
"79965","FUOG SELATAN","6875"
"79966","FUOG","6875"
"79967","FUOG","6837"
"79968","FURIR","6854"
"79969","FURNUSU (FUMUSU)","6832"
"79970","FUTON","6841"
"79971","GAG","6945"
"79972","GAKA","6824"
"79973","GAMTA","6908"
"79974","GAYA BARU","6924"
"79975","GEDEIRA","6918"
"79976","GENYU","6880"
"79977","GEWAB","6890"
"79978","GEWERPE","6930"
"79979","GISIM DARAT","6946"
"79980","GISIM","6947"
"79981","GIWU","6948"
"79982","GO","6869"
"79983","GOHSAMES","6877"
"79984","GOHSAMES","6878"
"79985","GORAS","6854"
"79986","GOROLO","6833"
"79987","GUEINTUY (GUENTUY)","6926"
"79988","GURIASA","6824"
"79989","GUSI","6832"
"79990","GUWEUTI (GUEIUTI / GUWEI UTI)","6866"
"79991","GWEIPINGBAI (GUEIPINBAI)","6866"
"79992","HAEMARAN (KURANA)","6905"
"79993","HAENKANES","6885"
"79994","HAHA","6949"
"79995","HAIRAPARA","6950"
"79996","HAMAWI","6822"
"79997","HAMOR","6822"
"79998","HANDUK","6828"
"79999","HANGHOUW","6886"
"80000","HARAPAN JAYA","6921"
