"id","nama_desa","kecamatan_id"
"58001","PANDURAN MULYA","4819"
"58002","PANGI","4772"
"58003","PANGKALAN BANTENG","4693"
"58004","PANGKALAN DEWA","4807"
"58005","PANGKALAN DURIN","4807"
"58006","PANGKALAN MUNTAI","4812"
"58007","PANGKALAN REKAN","4749"
"58008","PANGKALAN SARI","4749"
"58009","PANGKALAN SATU","4757"
"58010","PANGKALAN TIGA","4807"
"58011","PANGKAN","4736"
"58012","PANGKE","4706"
"58013","PANGKOH HILIR","4774"
"58014","PANGKOH HULU","4774"
"58015","PANGKOH SARI","4774"
"58016","PANGKUT","4800"
"58017","PANIMBA RAYA","4704"
"58018","PANJEHANG","4790"
"58019","PANOPA","4722"
"58020","PANTAI HARAPAN","4788"
"58021","PANTAI LAGA","4743"
"58022","PANTAI","4698"
"58023","PANTIK","4774"
"58024","PANUUT (PANAOUT)","4717"
"58025","PAPAR PUJUNG","4778"
"58026","PARAHANGAN","4718"
"58027","PARAHAU","4820"
"58028","PARANG BATANG","4716"
"58029","PARARAPAK","4746"
"58030","PAREBOK","4750"
"58031","PAREMPEI","4781"
"58032","PAREN","4738"
"58033","PARENGGEAN","4719"
"58034","PARING LAHUNG","4809"
"58035","PARING RAYA","4716"
"58036","PARIT","4788"
"58037","PARUPUK","4705"
"58038","PASIR PANJANG","4745"
"58039","PASIR PUTIH","4741"
"58040","PATAI","4795"
"58041","PATAS I","4747"
"58042","PATAS II","4747"
"58043","PATUNG","4736"
"58044","PAYANG ARA","4727"
"58045","PAYANG","4740"
"58046","PEDONGATAN","4769"
"58047","PEGATAN / PAGATAN HILIR","4723"
"58048","PEGATAN / PAGATAN HULU","4723"
"58049","PELACI","4758"
"58050","PELANGSIAN","4741"
"58051","PELANTARAN","4788"
"58052","PELARI","4727"
"58053","PEMANTANG","4708"
"58054","PEMATANG LIMAU","4817"
"58055","PEMATANG LIMAU","4771"
"58056","PEMATANG PANJANG","4733"
"58057","PEMATANG","4742"
"58058","PEMBUANG HULU I","4716"
"58059","PEMBUANG HULU II","4716"
"58060","PEMPANING","4691"
"58061","PENAHAN","4800"
"58062","PENDA ASAM","4746"
"58063","PENDA BARANIA","4718"
"58064","PENDA DURIAN","4708"
"58065","PENDA KETAPI","4698"
"58066","PENDA MUNTEI","4721"
"58067","PENDA NANGE","4822"
"58068","PENDA PILANG","4805"
"58069","PENDA RANGAS","4767"
"58070","PENDA SIRON","4758"
"58071","PENDA TANGARING BARU","4756"
"58072","PENDA TANGARING LAMA","4756"
"58073","PENDAHARA","4732"
"58074","PENDANG","4735"
"58075","PENDREH / PANDREH","4783"
"58076","PENYANG","4717"
"58077","PENYOMBAAN","4800"
"58078","PENYOMBAAN","4814"
"58079","PENYUMPA","4706"
"58080","PEPAS","4809"
"58081","PERIGI (PARIGI)","4810"
"58082","PERSIT RAYA","4771"
"58083","PERYANG","4786"
"58084","PETAK BAHANDANG","4805"
"58085","PETAK BAHANDANG","4803"
"58086","PETAK BATUAH","4780"
"58087","PETAK PUTI","4755"
"58088","PETAK PUTI","4703"
"58089","PETARIKAN","4773"
"58090","PETARIKAN","4812"
"58091","PETUK BERUNAI","4790"
"58092","PETUK BUKIT","4790"
"58093","PETUK KATIMPUN","4791"
"58094","PETUK LITI","4718"
"58095","PIANGGU","4696"
"58096","PILANG MUNDUK","4805"
"58097","PILANG","4802"
"58098","PINANG TUNGGAL","4729"
"58099","PONDOK DAMAR","4713"
"58100","PUDU","4812"
"58101","PUJON","4721"
"58102","PULAU KALADAN","4787"
"58103","PULAU KUPANG","4728"
"58104","PULAU MAMBULAU","4728"
"58105","PULAU NIBUNG","4813"
"58106","PULAU PADANG","4695"
"58107","PULAU PATAI","4697"
"58108","PULAU TELO BARU","4821"
"58109","PULAU TELO","4821"
"58110","PUNDU","4788"
"58111","PURBASARI","4807"
"58112","PURI","4748"
"58113","PURNAMA","4743"
"58114","PURUK BATU","4775"
"58115","PURUK CAHU","4717"
"58116","PURUK KAMBANG","4797"
"58117","PURWODADI","4712"
"58118","PURWOREJO","4759"
"58119","PUTAI","4694"
"58120","PUTAT DUREI","4818"
"58121","PUTUT TAWULUH","4799"
"58122","RABAMBANG","4804"
"58123","RAHADEN","4779"
"58124","RAHUNG BUNGAI","4744"
"58125","RAJA SEBERANG","4745"
"58126","RAJA","4745"
"58127","RAMANG","4772"
"58128","RAMANIA","4695"
"58129","RAMPA MEA","4735"
"58130","RANGAN BAHEKANG","4822"
"58131","RANGAN BURIH","4764"
"58132","RANGAN HIRAN","4792"
"58133","RANGAN KAWIT","4756"
"58134","RANGAN MIHING","4763"
"58135","RANGAN RANJING","4756"
"58136","RANGAN SUREI","4764"
"58137","RANGAN TANGKO","4764"
"58138","RANGAN TATE","4796"
"58139","RANGAU RAYA","4704"
"58140","RANGDA","4745"
"58141","RANGGA ILUNG","4823"
"58142","RANGKANG MUNDUK","4824"
"58143","RANTAU ASEM","4755"
"58144","RANTAU BAHAI","4756"
"58145","RANTAU BAHUANG","4823"
"58146","RANTAU BANGKIANG","4798"
"58147","RANTAU BETUNG","4824"
"58148","RANTAU JAYA","4787"
"58149","RANTAU KATANG","4690"
"58150","RANTAU KUJANG","4823"
"58151","RANTAU PANDAN","4822"
"58152","RANTAU PANJANG","4794"
"58153","RANTAU PUKA","4756"
"58154","RANTAU PULUT","4706"
"58155","RANTAU SAWANG","4690"
"58156","RANTAU SUANG","4690"
"58157","RANTAU TAMPANG","4690"
"58158","RARAWA","4727"
"58159","RASAU TUMBUH","4720"
"58160","RAWA SARI","4710"
"58161","RAWA SUBUR","4776"
"58162","REGEI LESTARI","4750"
"58163","REONG","4735"
"58164","RIAM BATANG","4794"
"58165","RIAM DURIAN","4711"
"58166","RIAM PENAHAN","4814"
"58167","RIAM TINGGI","4814"
"58168","RIAM","4800"
"58169","RIMBA SARI","4783"
"58170","RINGIN AGUNG","4706"
"58171","RODOK","4694"
"58172","RONGAN RONDAN","4822"
"58173","RUBEI","4809"
"58174","RUBUNG BUYUNG","4795"
"58175","RUHING RAYA","4747"
"58176","RUJI","4809"
"58177","RUNGGU RAYA","4736"
"58178","RUNGUN","4711"
"58179","RUNTU","4745"
"58180","SABABILAH","4746"
"58181","SABAMBAN","4751"
"58182","SABARU","4782"
"58183","SABUAI TIMUR","4757"
"58184","SABUH","4801"
"58185","SAGU / DUSUN SUKAMULYA","4711"
"58186","SAING","4694"
"58187","SAKA BATUR","4724"
"58188","SAKA BINJAI","4776"
"58189","SAKA KAJANG","4802"
"58190","SAKA MANGKAHAI","4698"
"58191","SAKA TAMIANG","4698"
"58192","SAKABULIN","4711"
"58193","SAKALAGUN","4700"
"58194","SALUNUK (SELUNUK)","4731"
"58195","SAMBA BAKUMPAI","4755"
"58196","SAMBA DANUM","4755"
"58197","SAMBA KAHAYAN","4755"
"58198","SAMBA KATUNG","4755"
"58199","SAMBI","4800"
"58200","SAMPIRANG I","4777"
"58201","SAMPIRANG II","4777"
"58202","SAMUDA BESAR","4751"
"58203","SAMUDA KECIL","4751"
"58204","SAMUDA KOTA","4751"
"58205","SANDUL","4761"
"58206","SANDUNG TAMBUN","4763"
"58207","SANGGAL","4765"
"58208","SANGGANG","4774"
"58209","SANGGU","4746"
"58210","SANGKURANG","4727"
"58211","SANTILIK","4708"
"58212","SARAPAT (EX. HARARA)","4697"
"58213","SARERANGAN","4763"
"58214","SARI HARAPAN","4719"
"58215","SARI MAKMUR","4787"
"58216","SARIMBUAH","4747"
"58217","SARIPOI","4775"
"58218","SARUHUNG","4775"
"58219","SATIONG","4708"
"58220","SATIRUK","4710"
"58221","SAWAHAN (MENTAWA BARU HULU UTARA)","4741"
"58222","SEBABI","4761"
"58223","SEBABI","4786"
"58224","SEBANGAU JAYA","4723"
"58225","SEBANGAU JAYA","4819"
"58226","SEBANGAU MULYA","4819"
"58227","SEBANGAU PERMAI","4819"
"58228","SEBAUNG","4764"
"58229","SEBUAI","4757"
"58230","SEBUNGSU","4789"
"58231","SEHABU (SAHABU / SEBABU)","4761"
"58232","SEI BAKUT","4742"
"58233","SEI GAWING","4787"
"58234","SEI GITA","4787"
"58235","SEI JANGKIR","4728"
"58236","SEI PITUNG","4698"
"58237","SEI TATAS HILIR","4700"
"58238","SEI / SUNGAI AHAS","4787"
"58239","SEI / SUNGAI ANTAI","4765"
"58240","SEI / SUNGAI ASAM","4724"
"58241","SEI / SUNGAI BAKANON","4743"
"58242","SEI / SUNGAI BAKAU","4757"
"58243","SEI / SUNGAI BAKAU","4819"
"58244","SEI / SUNGAI BAKAU","4733"
"58245","SEI / SUNGAI BARU TEWU","4712"
"58246","SEI / SUNGAI BARU","4813"
"58247","SEI / SUNGAI BARUNAI (PAPUYU II)","4715"
"58248","SEI / SUNGAI BATANG","4743"
"58249","SEI / SUNGAI BEDAUN","4757"
"58250","SEI / SUNGAI BULUH","4773"
"58251","SEI / SUNGAI BUNDUNG","4813"
"58252","SEI / SUNGAI CABANG BARAT","4825"
"58253","SEI / SUNGAI CABANG","4757"
"58254","SEI / SUNGAI DAMAR","4825"
"58255","SEI / SUNGAI DUSUN","4698"
"58256","SEI / SUNGAI GOHONG","4737"
"58257","SEI / SUNGAI GULA","4743"
"58258","SEI / SUNGAI HAMBAWANG","4819"
"58259","SEI / SUNGAI HANYA","4784"
"58260","SEI / SUNGAI HANYO / HANYU","4744"
"58261","SEI / SUNGAI HIJAU","4693"
"58262","SEI / SUNGAI IJUM RAYA","4751"
"58263","SEI / SUNGAI JAYA","4752"
"58264","SEI / SUNGAI KAPAR","4787"
"58265","SEI / SUNGAI KAPITAN","4757"
"58266","SEI / SUNGAI KAYU","4698"
"58267","SEI / SUNGAI KERUH","4732"
"58268","SEI / SUNGAI LIJU","4777"
"58269","SEI / SUNGAI LOBANG","4743"
"58270","SEI / SUNGAI LUNUK","4728"
"58271","SEI / SUNGAI LUNUK","4775"
"58272","SEI / SUNGAI MELAWEN","4807"
"58273","SEI / SUNGAI MENTAWA","4702"
"58274","SEI / SUNGAI NANJAN","4756"
"58275","SEI / SUNGAI PAKEN","4747"
"58276","SEI / SUNGAI PARING","4795"
"58277","SEI / SUNGAI PASAH","4724"
"58278","SEI / SUNGAI PASANAN (PAPUYU I)","4715"
"58279","SEI / SUNGAI PASIR","4825"
"58280","SEI / SUNGAI PERLU","4771"
"58281","SEI / SUNGAI PINANG","4806"
"58282","SEI / SUNGAI PUDAK (PAPUYU III)","4715"
"58283","SEI / SUNGAI PURING","4784"
"58284","SEI / SUNGAI RAHAYU I","4783"
"58285","SEI / SUNGAI RAHAYU II","4783"
"58286","SEI / SUNGAI RAJA","4813"
"58287","SEI / SUNGAI RANGIT JAYA","4807"
"58288","SEI / SUNGAI RIANG","4763"
"58289","SEI / SUNGAI RINGIN","4725"
"58290","SEI / SUNGAI RUNGUN","4715"
"58291","SEI / SUNGAI SEKONYER","4757"
"58292","SEI / SUNGAI TABUK","4825"
"58293","SEI / SUNGAI TATAS","4700"
"58294","SEI / SUNGAI TELANG","4735"
"58295","SEI / SUNGAI TENDANG","4757"
"58296","SEI / SUNGAI TERAS","4742"
"58297","SEI / SUNGAI TUAT","4722"
"58298","SEI / SUNGAI URDANG","4771"
"58299","SEKATA BANGUN","4787"
"58300","SEKATA MAKMUR","4787"
"58301","SEKOBAN","4722"
"58302","SEKOMBULAN","4814"
"58303","SEKUNINGAN BARU","4691"
"58304","SELAT BANING","4723"
"58305","SELAT BARAT","4821"
"58306","SELAT BARU","4709"
"58307","SELAT DALAM","4821"
"58308","SELAT HILIR","4821"
"58309","SELAT HULU","4821"
"58310","SELAT TENGAH","4821"
"58311","SELAT UTARA","4821"
"58312","SELUCING","4788"
"58313","SEMANTUN","4692"
"58314","SEMBI KUAN","4692"
"58315","SEMBULUH I (SATU)","4738"
"58316","SEMBULUH II (DUA)","4738"
"58317","SEPANG KOTA","4817"
"58318","SEPANG SIMIN","4817"
"58319","SEPONDAM","4769"
"58320","SEPOYU","4814"
"58321","SEPUNDU HANTU","4794"
"58322","SERAMBUT","4710"
"58323","SETIA MULIA","4723"
"58324","SIBUNG","4748"
"58325","SIDO MULYO","4787"
"58326","SIDO MULYO / PONCO MULYO","4693"
"58327","SIDODADI","4712"
"58328","SIDOMULYO","4730"
"58329","SIDOREJO","4745"
"58330","SIDOREJO","4730"
"58331","SIGI","4718"
"58332","SIKAN","4809"
"58333","SIKUI","4801"
"58334","SIMPANG BERAMBAI","4693"
"58335","SIMPANG BINGKUANG / BANGKUANG","4736"
"58336","SIMPANG BUNGA TANJUNG","4742"
"58337","SIMPANG NANENG","4799"
"58338","SIMPUR","4802"
"58339","SIMPUR","4720"
"58340","SINGAM RAYA","4723"
"58341","SIONG","4726"
"58342","SIRE","4747"
"58343","SIWAU","4727"
"58344","SOREN","4720"
"58345","SRI WIDADI","4787"
"58346","SUBUR INDAH","4723"
"58347","SUDAN","4788"
"58348","SUJA","4722"
"58349","SUKA JAYA (SUKA AYU)","4706"
"58350","SUKA MAJU","4787"
"58351","SUKA MAJU","4706"
"58352","SUKA MAKMUR","4711"
"58353","SUKA MAKMUR","4706"
"58354","SUKA MANDANG","4706"
"58355","SUKA MUKTI","4776"
"58356","SUKA MULYA","4761"
"58357","SUKA REJA","4776"
"58358","SUKAJAYA","4711"
"58359","SUKAMAJU","4769"
"58360","SUKARAJA","4812"
"58361","SUKARAMI","4800"
"58362","SUKOREJO (SUKU REJO)","4706"
"58363","SULUNG KENAMBUI / KANAM BUI","4745"
"58364","SUMBER AGUNG","4780"
"58365","SUMBER AGUNG","4807"
"58366","SUMBER ALASKA","4780"
"58367","SUMBER CAHAYA","4773"
"58368","SUMBER GARONGGONG","4694"
"58369","SUMBER JAYA","4753"
"58370","SUMBER MAKMUR","4787"
"58371","SUMBER MAKMUR","4713"
"58372","SUMBER MAKMUR","4719"
"58373","SUMBER MAKMUR","4786"
"58374","SUMBER MUKTI","4711"
"58375","SUMBER MULIA","4776"
"58376","SUMBER MULYA","4702"
"58377","SUMBEREJO","4729"
"58378","SUMUR MAS","4763"
"58379","SUMUR","4697"
"58380","SUNGAI BENGKUANG","4693"
"58381","SUNGAI KAKI","4723"
"58382","SUNGAI KUNING","4693"
"58383","SUNGAI PAKIT","4693"
"58384","SUNGAI PULAU","4693"
"58385","SUNGAI UBAR MANDIRI","4788"
"58386","SUNGKUP","4769"
"58387","SUPANG","4744"
"58388","TABAK KANILAN","4747"
"58389","TABATAN","4823"
"58390","TABIKU","4731"
"58391","TABORE","4787"
"58392","TABULANG","4775"
"58393","TAHAI BARU","4712"
"58394","TAHAI JAYA","4712"
"58395","TAHAWA","4718"
"58396","TAHUJAN LAUNG","4758"
"58397","TAHUJAN ONTU","4797"
"58398","TAJAH ANTANG RAYA","4804"
"58399","TAJAU URAP","4763"
"58400","TAJEPAN","4776"
"58401","TAKAJUNG","4820"
"58402","TAKAOI","4767"
"58403","TAKARAS","4734"
"58404","TALANGKAH (TELANGKAH)","4739"
"58405","TALANGKAS (TALANGKAH)","4781"
"58406","TALEKUNG PUNAI","4776"
"58407","TALIAN KERENG","4739"
"58408","TALINGKE","4803"
"58409","TALIO HULU","4774"
"58410","TALIO MUARA","4774"
"58411","TALIO","4709"
"58412","TALIO","4774"
"58413","TAMBABA","4740"
"58414","TAMBAK BAJAI","4780"
"58415","TAMBAK","4772"
"58416","TAMBAN BARU MEKAR","4730"
"58417","TAMBAN BARU TENGAH","4742"
"58418","TAMBAN BARU TENGAH","4730"
"58419","TAMBAN BARU TIMUR","4730"
"58420","TAMBAN LUAR","4728"
"58421","TAMBAN LUPAK","4742"
"58422","TAMBELUM","4762"
"58423","TAMBUN JAYA","4730"
"58424","TAMBUN MAKMUR","4730"
"58425","TAMBUN RAYA","4749"
"58426","TAMIANG LAYANG","4697"
"58427","TAMIANG","4702"
"58428","TAMIANG","4695"
"58429","TAMPA","4736"
"58430","TAMPARAK LAYUNG","4735"
"58431","TAMPARAK","4735"
"58432","TAMPELAS","4705"
"58433","TAMPELAS","4817"
"58434","TAMPIJAK","4709"
"58435","TAMPULANG","4823"
"58436","TAMPULANGIT","4726"
"58437","TANAH HALUAN","4816"
"58438","TANAH MAS","4707"
"58439","TANAH PUTIH","4786"
"58440","TANGAR","4708"
"58441","TANGGA BATU","4773"
"58442","TANGGA BATU","4706"
"58443","TANGIRANG","4744"
"58444","TANGKA ROBAH","4708"
"58445","TANGKAHEN","4772"
"58446","TANGKAN","4696"
"58447","TANGKI DAHUYAN","4734"
"58448","TANGKILING","4737"
"58449","TANGKUM","4748"
"58450","TANIRAN PASAR PANAS","4714"
"58451","TANJUNG BATIK","4822"
"58452","TANJUNG BATUR","4708"
"58453","TANJUNG BERINGIN","4722"
"58454","TANJUNG HANAU / HANA","4716"
"58455","TANJUNG HARA","4704"
"58456","TANJUNG HARAPAN","4780"
"58457","TANJUNG HARAPAN","4740"
"58458","TANJUNG HARAPAN","4690"
"58459","TANJUNG JARIANGAU","4708"
"58460","TANJUNG JAWA","4746"
"58461","TANJUNG JORONG","4789"
"58462","TANJUNG KARITAK","4817"
"58463","TANJUNG PAKU","4794"
"58464","TANJUNG PARING","4704"
"58465","TANJUNG PERAWAN","4715"
"58466","TANJUNG PINANG","4815"
"58467","TANJUNG PUTRI","4745"
"58468","TANJUNG RANGAS II","4704"
"58469","TANJUNG RANGAS","4771"
"58470","TANJUNG RENDAN","4806"
"58471","TANJUNG RIU","4805"
"58472","TANJUNG SANGALANG","4718"
"58473","TANJUNG TARUNA","4802"
"58474","TANJUNG TERANTANG","4745"
"58475","TANJUNG TUKAL","4824"
"58476","TANJUNG UNTUNG","4763"
"58477","TAPEN RAYA","4727"
"58478","TAPEN","4721"
"58479","TAPIN BINI","4722"
"58480","TARANTANG","4787"
"58481","TARINGEN","4734"
"58482","TARINGSING","4736"
"58483","TARUNG MANUAH","4749"
"58484","TARUSAN DANUM","4732"
"58485","TARUSAN","4735"
"58486","TAWAI HAUI","4758"
"58487","TAWAN JAYA","4785"
"58488","TEHANG","4818"
"58489","TEHANG","4719"
"58490","TELAGA BARU","4741"
"58491","TELAGA PULANG","4738"
"58492","TELAGA","4705"
"58493","TELANG ANDRAU","4746"
"58494","TELANG BARU","4726"
"58495","TELANG SIONG","4726"
"58496","TELEKOI (TALEKOI)","4735"
"58497","TELOK TAMPANG","4756"
"58498","TELOK","4755"
"58499","TELUK BAYUR","4706"
"58500","TELUK BETUNG","4709"
"58501","TELUK BOGAM","4757"
"58502","TELUK HIRI","4698"
"58503","TELUK KANDURI","4767"
"58504","TELUK LAWAH","4763"
"58505","TELUK MALEWAI","4778"
"58506","TELUK MAMPUN","4746"
"58507","TELUK NYATU","4805"
"58508","TELUK PALINGET","4700"
"58509","TELUK PULAI","4757"
"58510","TELUK SAMPUDAU","4709"
"58511","TELUK SEBULU","4810"
"58512","TELUK TELAGA","4746"
"58513","TELUK TIMBAU","4752"
"58514","TELUK / TELOK JOLO","4760"
"58515","TEMPAYUNG","4711"
"58516","TERANTANG HILIR","4770"
"58517","TERANTANG","4770"
"58518","TERAWAN","4731"
"58519","TERINSING / TRINSING","4785"
"58520","TERUSAN BAGUNTAN RAYA","4728"
"58521","TERUSAN KARYA","4728"
"58522","TERUSAN MAKMUR","4728"
"58523","TERUSAN MULYA","4728"
"58524","TERUSAN RAYA BARAT","4728"
"58525","TERUSAN RAYA HILIR","4728"
"58526","TERUSAN RAYA","4728"
"58527","TETEI LANAN","4746"
"58528","TEWAH PUPUH","4714"
"58529","TEWAH","4763"
"58530","TEWAI BARU","4817"
"58531","TEWANG BERINGIN","4732"
"58532","TEWANG DERAYU","4793"
"58533","TEWANG KADAMBA","4739"
"58534","TEWANG KARANGAN","4793"
"58535","TEWANG MANYANGEN","4732"
"58536","TEWANG PAJANGAN","4805"
"58537","TEWANG PANJANG","4755"
"58538","TEWANG PAPARI","4793"
"58539","TEWANG RANGAS","4732"
"58540","TEWANG RANGKANG","4732"
"58541","TEWANG TAMPANG","4803"
"58542","TEWANG / TAWANG KAMPUNG","4810"
"58543","TEWEI HARA","4816"
"58544","TIMPAH","4703"
"58545","TINDUK","4707"
"58546","TINO TALIH","4775"
"58547","TOKA","4769"
"58548","TOKUNG","4775"
"58549","TONGKA","4727"
"58550","TOPALAN","4753"
"58551","TRAHEAN","4785"
"58552","TRI BUANA","4690"
"58553","TRI TUNGGAL","4759"
"58554","TUKANG LANGIT","4690"
"58555","TUMBANG ANJIR","4805"
"58556","TUMBANG ANOI","4811"
"58557","TUMBANG APAT","4762"
"58558","TUMBANG ATEI","4798"
"58559","TUMBANG BAHAN","4758"
"58560","TUMBANG BAHAN","4794"
"58561","TUMBANG BAHANEI","4804"
"58562","TUMBANG BAI / BEI","4706"
"58563","TUMBANG BAJANEI","4784"
"58564","TUMBANG BALOI","4768"
"58565","TUMBANG BANA","4758"
"58566","TUMBANG BANJANG","4793"
"58567","TUMBANG BANTIAN","4762"
"58568","TUMBANG BARAOI","4754"
"58569","TUMBANG BARENGEI / BARINGEI","4781"
"58570","TUMBANG BATU","4816"
"58571","TUMBANG BAUH","4768"
"58572","TUMBANG BEMBAN","4764"
"58573","TUMBANG BOLOI","4690"
"58574","TUMBANG BONDANG","4758"
"58575","TUMBANG BUKOI / BOKOI","4806"
"58576","TUMBANG BULAN","4810"
"58577","TUMBANG BUNUT","4781"
"58578","TUMBANG DAHUEI","4822"
"58579","TUMBANG DAKEI","4764"
"58580","TUMBANG DANAU","4796"
"58581","TUMBANG DARAP","4794"
"58582","TUMBANG DIRING","4725"
"58583","TUMBANG EMPAS","4796"
"58584","TUMBANG GAEI","4822"
"58585","TUMBANG GAGU","4784"
"58586","TUMBANG GETAS","4816"
"58587","TUMBANG GUGUP","4824"
"58588","TUMBANG HABANGOI / HABANGEI","4754"
"58589","TUMBANG HABAON","4763"
"58590","TUMBANG HAKAU","4805"
"58591","TUMBANG HAMPUTUNG","4767"
"58592","TUMBANG HANGEI II","4756"
"58593","TUMBANG HANGEI","4755"
"58594","TUMBANG HANTUNG","4792"
"58595","TUMBANG HEJAN","4784"
"58596","TUMBANG HENTAS","4824"
"58597","TUMBANG HIRAN","4764"
"58598","TUMBANG JALA","4754"
"58599","TUMBANG JALEMU KAJUEI","4804"
"58600","TUMBANG JATUH / JUTUH","4781"
"58601","TUMBANG JELEMU KAJUEI","4781"
"58602","TUMBANG JELEMU","4734"
"58603","TUMBANG JIGA","4756"
"58604","TUMBANG JOJANG","4820"
"58605","TUMBANG KABAYAN / KABAYANG","4756"
"58606","TUMBANG KABURAI","4822"
"58607","TUMBANG KAJAMEI","4822"
"58608","TUMBANG KALAM","4794"
"58609","TUMBANG KALAMEI","4755"
"58610","TUMBANG KALANG","4784"
"58611","TUMBANG KAMAN","4798"
"58612","TUMBANG KAMINING / KAMINTING","4816"
"58613","TUMBANG KANEI / KAMEI","4798"
"58614","TUMBANG KANIA","4816"
"58615","TUMBANG KARUEI","4822"
"58616","TUMBANG KASAI","4794"
"58617","TUMBANG KATAEI","4822"
"58618","TUMBANG KAWEI","4798"
"58619","TUMBANG KOLING / KULING","4788"
"58620","TUMBANG KOLON","4762"
"58621","TUMBANG KORIK / KURIK","4767"
"58622","TUMBANG KOROI","4792"
"58623","TUMBANG KUAI","4756"
"58624","TUMBANG KUAYAN","4804"
"58625","TUMBANG KUBANG","4794"
"58626","TUMBANG KUNYI","4760"
"58627","TUMBANG LABANING","4756"
"58628","TUMBANG LABEHU","4798"
"58629","TUMBANG LAHANG","4755"
"58630","TUMBANG LAHUNG","4743"
"58631","TUMBANG LAKU","4794"
"58632","TUMBANG LAMBI","4764"
"58633","TUMBANG LAMPAUNG / LAMPAHUNG","4805"
"58634","TUMBANG LANGGAH","4804"
"58635","TUMBANG LANGKAI","4824"
"58636","TUMBANG LAPAN","4792"
"58637","TUMBANG LAPAN","4765"
"58638","TUMBANG LAWANG","4793"
"58639","TUMBANG LITING","4739"
"58640","TUMBANG MAGIN","4824"
"58641","TUMBANG MAHOP / MAHUP","4756"
"58642","TUMBANG MAHUROI","4811"
"58643","TUMBANG MALAHOI / MALAHUI","4781"
"58644","TUMBANG MANANGEI","4756"
"58645","TUMBANG MANDUREI","4764"
"58646","TUMBANG MANGARA / MANGGARA","4798"
"58647","TUMBANG MANGGO","4798"
"58648","TUMBANG MANGKETAI","4756"
"58649","TUMBANG MANGKUP","4690"
"58650","TUMBANG MANGKURUP","4787"
"58651","TUMBANG MANJUL","4794"
"58652","TUMBANG MANTUHE","4818"
"58653","TUMBANG MANYA","4784"
"58654","TUMBANG MANYANGAN","4805"
"58655","TUMBANG MANYARUNG","4806"
"58656","TUMBANG MANYOI","4792"
"58657","TUMBANG MARAK","4755"
"58658","TUMBANG MARAYA","4811"
"58659","TUMBANG MARIKOI","4811"
"58660","TUMBANG MASALO","4768"
"58661","TUMBANG MASAO","4760"
"58662","TUMBANG MASUKIH","4792"
"58663","TUMBANG MIRI","4767"
"58664","TUMBANG MIWAN","4805"
"58665","TUMBANG MUJAI","4765"
"58666","TUMBANG MUJAM","4789"
"58667","TUMBANG MULUT","4760"
"58668","TUMBANG MUROI","4787"
"58669","TUMBANG NAAN","4820"
"58670","TUMBANG NAPOI","4792"
"58671","TUMBANG NGAHAN","4784"
"58672","TUMBANG NUSA","4802"
"58673","TUMBANG NUSA","4725"
"58674","TUMBANG OLONG II","4808"
"58675","TUMBANG OLONG","4808"
"58676","TUMBANG OROI","4818"
"58677","TUMBANG PAHANEI","4764"
"58678","TUMBANG PAJANGEI","4763"
"58679","TUMBANG PAKU","4764"
"58680","TUMBANG PANGGO","4803"
"58681","TUMBANG PANGKA","4798"
"58682","TUMBANG PARIYEI","4755"
"58683","TUMBANG PASANGON","4767"
"58684","TUMBANG PAYANG","4816"
"58685","TUMBANG PENYAHUAN","4816"
"58686","TUMBANG PONYOI","4767"
"58687","TUMBANG POSU","4811"
"58688","TUMBANG PUAN","4690"
"58689","TUMBANG PUROH / PURUH","4744"
"58690","TUMBANG RAHUYAN","4765"
"58691","TUMBANG RAMEI  /  RAMAI","4784"
"58692","TUMBANG RANDANG","4703"
"58693","TUMBANG RUNEN","4705"
"58694","TUMBANG RUNGAN","4815"
"58695","TUMBANG SAAN","4762"
"58696","TUMBANG SABETUNG","4756"
"58697","TUMBANG SALAMAN","4756"
"58698","TUMBANG SALAU","4824"
"58699","TUMBANG SALIO","4743"
"58700","TUMBANG SALUANG","4816"
"58701","TUMBANG SAMUI","4818"
"58702","TUMBANG SANGAI","4690"
"58703","TUMBANG SAPIA","4816"
"58704","TUMBANG SAPIRI","4708"
"58705","TUMBANG SENAMANG I","4756"
"58706","TUMBANG SEPAN","4794"
"58707","TUMBANG SEPANG","4734"
"58708","TUMBANG SEPAYANG","4784"
"58709","TUMBANG SETAWAI","4794"
"58710","TUMBANG SETOLI","4824"
"58711","TUMBANG SIAN","4767"
"58712","TUMBANG SIRAT","4744"
"58713","TUMBANG SIRUK","4792"
"58714","TUMBANG SUEI","4794"
"58715","TUMBANG SUSAN - MALAMAN","4764"
"58716","TUMBANG TABERAU","4794"
"58717","TUMBANG TABULUS","4764"
"58718","TUMBANG TAEI","4764"
"58719","TUMBANG TAHAI","4737"
"58720","TUMBANG TAJUNGAN","4767"
"58721","TUMBANG TALAKEN","4734"
"58722","TUMBANG TAMBIRAH","4805"
"58723","TUMBANG TANGGOI","4754"
"58724","TUMBANG TANJUNG","4793"
"58725","TUMBANG TARANEI / KARANEI","4798"
"58726","TUMBANG TARIAK","4805"
"58727","TUMBANG TARUSAN","4772"
"58728","TUMBANG TAWAN","4816"
"58729","TUMBANG TERUSAN","4732"
"58730","TUMBANG TIHIS","4806"
"58731","TUMBANG TILAP","4816"
"58732","TUMBANG TONDUK","4758"
"58733","TUMBANG TORUNG / TURUNG","4816"
"58734","TUMBANG TUAN","4760"
"58735","TUMBANG TUE  /  TUWE","4765"
"58736","TUMBANG TUHAN / TOHAN","4820"
"58737","TUMBANG TUJANG","4808"
"58738","TUMBANG TUKUN","4725"
"58739","TUMBANG TUNDU","4764"
"58740","TUMBANG TUNGKU","4793"
"58741","TUMBANG TUPUS / TOPUS","4808"
"58742","TUMPUNG LAUNG I","4809"
"58743","TUMPUNG LAUNG II","4809"
"58744","TUMPUNG ULUNG","4729"
"58745","TURA","4793"
"58746","TURAN AMIS","4748"
"58747","TUSANG RAYA","4804"
"58748","TUSUK BELAWAN","4794"
"58749","TUWUNG","4718"
"58750","TUYAU","4729"
"58751","TUYUN","4796"
"58752","UGANG SAYU","4747"
"58753","UJUNG PANDARAN","4750"
"58754","ULAK BATU","4738"
"58755","UMPANG","4745"
"58756","UNSUM","4748"
"58757","UPUN BATU","4763"
"58758","WALUR","4727"
"58759","WANA TIRTA","4761"
"58760","WARGA MULYA","4787"
"58761","WARGO MULYO","4742"
"58762","WARINGIN AGUNG","4784"
"58763","WARNA SARI","4730"
"58764","WAYUN","4747"
"58765","WONOAGUNG","4712"
"58766","WONOREJO","4759"
"58767","WONOSARI","4789"
"58768","WUNGKUR BARU","4747"
"58769","WUNGKUR NANAKAN","4696"
"58770","WURAN","4799"
"58771","A YANI PURA","4826"
"58772","ABIRAU","4827"
"58773","ABUMBUN JAYA","4828"
"58774","ABUNG SURAPATI","4829"
"58775","ABUNG","4829"
"58776","AGUNG","4830"
"58777","AING BANTAI","4831"
"58778","AIR TAWAR","4832"
"58779","AJUNG","4833"
"58780","AKAR BAGANTUNG","4834"
"58781","AKAR BARU","4834"
"58782","AL KAUSAR","4835"
"58783","ALALAK PADANG","4836"
"58784","ALALAK SELATAN","4837"
"58785","ALALAK TENGAH","4837"
"58786","ALALAK UTARA","4837"
"58787","ALAT","4838"
"58788","ALIMUKIM","4839"
"58789","ALLE ALLE","4840"
"58790","ALUAN BESAR","4841"
"58791","ALUAN MATI","4841"
"58792","ALUAN SUMUR","4841"
"58793","ALUAN","4841"
"58794","ALUH ALUH KECIL MUARA","4842"
"58795","ALUH ALUH KECIL","4842"
"58796","ALUH-ALUH BESAR","4842"
"58797","ALUR","4843"
"58798","AMAWANG KANAN","4844"
"58799","AMAWANG KIRI MUKA","4844"
"58800","AMAWANG KIRI","4844"
"58801","AMBAHAI","4845"
"58802","AMBAKIANG (AMBAKIYANG)","4846"
"58803","AMBAWANG","4847"
"58804","AMBUNGAN","4848"
"58805","AMBUTUN","4849"
"58806","AMPARAYA","4850"
"58807","AMPUKUNG","4851"
"58808","ANDAMAN II","4852"
"58809","ANDAMAN","4852"
"58810","ANDANG","4853"
"58811","ANDHIKA","4854"
"58812","ANDUHUM","4855"
"58813","ANGKINANG SELATAN","4856"
"58814","ANGKINANG","4856"
"58815","ANGKIPIH","4857"
"58816","ANGSANA","4858"
"58817","ANGSAU","4848"
"58818","ANIUNGAN","4859"
"58819","ANJIR BARU","4860"
"58820","ANJIR MUARA KOTA TENGAH","4861"
"58821","ANJIR MUARA KOTA","4861"
"58822","ANJIR MUARA LAMA","4861"
"58823","ANJIR PASAR KOTA II","4852"
"58824","ANJIR PASAR KOTA","4852"
"58825","ANJIR PASAR LAMA","4852"
"58826","ANJIR SEBERANG PASAR II","4852"
"58827","ANJIR SEBERANG PASAR","4852"
"58828","ANJIR SERAPAT BARU I","4861"
"58829","ANJIR SERAPAT BARU","4861"
"58830","ANJIR SERAPAT LAMA","4861"
"58831","ANJIR SERAPAT MUARA I","4861"
"58832","ANJIR SERAPAT MUARA","4861"
"58833","ANTAR BARU","4862"
"58834","ANTAR JAYA","4862"
"58835","ANTAR RAYA","4862"
"58836","ANTARAKU","4839"
"58837","ANTASAN BESAR","4863"
"58838","ANTASAN KECIL TIMUR","4837"
"58839","ANTASAN SEGARA","4864"
"58840","ANTASAN SENOR ILIR","4834"
"58841","ANTASAN SENOR","4834"
"58842","ANTASAN SUTUN","4865"
"58843","ANTASARI HILIR","4866"
"58844","ANTASARI","4867"
"58845","ANTASARI","4866"
"58846","API-API","4868"
"58847","APUAI","4869"
"58848","ARANIO","4869"
"58849","ARGO MULYO","4870"
"58850","ARTAIN","4869"
"58851","ASAM ASAM","4843"
"58852","ASAM JAYA","4843"
"58853","ASAM RANDAH","4871"
"58854","ASAM","4872"
"58855","ASIA BARU","4873"
"58856","ASRI MULIA","4843"
"58857","ASTAMBUL SEBERANG","4874"
"58858","ASTAMBUL","4874"
"58859","ATI IM","4839"
"58860","ATIRAN","4831"
"58861","ATU ATU","4848"
"58862","AUH","4833"
"58863","AWANG BANGKAL BARAT","4827"
"58864","AWANG BANGKAL TIMUR","4827"
"58865","AWANG BARU","4875"
"58866","AWANG BESAR","4876"
"58867","AWANG","4875"
"58868","AWAYAN HILIR","4846"
"58869","AWAYAN","4846"
"58870","AYUANG","4876"
"58871","AYUNAN PAPAN","4877"
"58872","BABAI","4876"
"58873","BABAT RAYA","4878"
"58874","BABAYAU","4879"
"58875","BABIRIK HILIR","4880"
"58876","BABIRIK HULU","4880"
"58877","BABIRIK","4881"
"58878","BADALUNGGA HILIR","4846"
"58879","BADALUNGGA","4846"
"58880","BADANDAN","4882"
"58881","BADAUN","4883"
"58882","BADAUN","4866"
"58883","BAGAGAP","4884"
"58884","BAGAK","4871"
"58885","BAGO TANGGUL","4885"
"58886","BAGUS","4862"
"58887","BAHALAYUNG","4886"
"58888","BAHANDANG","4887"
"58889","BAHARU SELATAN","4888"
"58890","BAHARU UTARA","4888"
"58891","BAHUNGIN","4851"
"58892","BAJAWIT","4889"
"58893","BAJAYAU LAMA","4883"
"58894","BAJAYAU TENGAH","4883"
"58895","BAJAYAU","4883"
"58896","BAJUIN","4890"
"58897","BAKAMBAT","4842"
"58898","BAKAPAS","4876"
"58899","BAKARANGAN","4891"
"58900","BAKARANGAN","4860"
"58901","BAKARUNG","4856"
"58902","BAKAU","4892"
"58903","BAKTI","4841"
"58904","BAKUNG","4893"
"58905","BALAMBUS (SELAMBUS)","4894"
"58906","BALAMEA","4892"
"58907","BALANG","4879"
"58908","BALANTI","4885"
"58909","BALAU","4827"
"58910","BALAWAIAN","4895"
"58911","BALIANGIN","4896"
"58912","BALIDA","4879"
"58913","BALIMAU","4842"
"58914","BALIMAU","4885"
"58915","BALIUK","4862"
"58916","BALUKUNG","4886"
"58917","BALUTI","4844"
"58918","BAMBAN SELATAN","4856"
"58919","BAMBAN UTARA","4856"
"58920","BAMBAN","4856"
"58921","BAMBANGIN","4897"
"58922","BANDAR KARYA","4898"
"58923","BANDAR RAYA","4899"
"58924","BANGKAL TENGAH","4900"
"58925","BANGKAL","4901"
"58926","BANGKAL","4859"
"58927","BANGKAL","4902"
"58928","BANGKALAN / BANGKALAAN DAYAK","4903"
"58929","BANGKALAN / BANGKALAAN MELAYU","4903"
"58930","BANGKAU","4844"
"58931","BANGKILING RAYA","4904"
"58932","BANGKILING","4904"
"58933","BANGKIT BARU","4864"
"58934","BANGUN REJO","4899"
"58935","BANITAN","4886"
"58936","BANJANG","4905"
"58937","BANJAR BARU","4906"
"58938","BANJAR SARI","4858"
"58939","BANJAR SARI","4907"
"58940","BANTUIL","4882"
"58941","BANUA ANYAR I (BENUA ANYAR I)","4874"
"58942","BANUA ANYAR II (BENUA ANYAR II)","4874"
"58943","BANUA ASAM","4908"
"58944","BANUA BATUNG","4908"
"58945","BANUA BINJAI","4876"
"58946","BANUA BUDI","4876"
"58947","BANUA HALAT KANAN","4866"
"58948","BANUA HALAT KIRI","4866"
"58949","BANUA HANYAR HULU","4866"
"58950","BANUA HANYAR","4893"
"58951","BANUA HANYAR","4906"
"58952","BANUA HANYAR","4908"
"58953","BANUA HANYAR","4909"
"58954","BANUA HANYAR","4866"
"58955","BANUA JINGAH","4876"
"58956","BANUA KUPANG","4910"
"58957","BANUA LAWAS","4904"
"58958","BANUA LAWAS","4903"
"58959","BANUA PADANG HILIR","4911"
"58960","BANUA PADANG","4911"
"58961","BANUA RANTAU","4855"
"58962","BANUA RAYA (BENUA RAYA)","4912"
"58963","BANUA SUPANGGAL","4908"
"58964","BANYIUR","4852"
"58965","BANYU HIRANG","4889"
"58966","BANYU HIRANG","4913"
"58967","BANYU IRANG","4912"
"58968","BANYU TAJUN DALAM","4914"
"58969","BANYU TAJUN HILIR","4914"
"58970","BANYU TAJUN HULU","4914"
"58971","BANYU TAJUN PANGKALAN","4914"
"58972","BANYU TAJUN","4830"
"58973","BARABAI BARAT","4876"
"58974","BARABAI DARAT","4876"
"58975","BARABAI SELATAN","4876"
"58976","BARABAI TIMUR","4876"
"58977","BARABAI UTARA","4876"
"58978","BARAMBAI KARYA TANI","4884"
"58979","BARAMBAI KOLAM KANAN","4884"
"58980","BARAMBAI KOLAM KIRI","4884"
"58981","BARAMBAI","4884"
"58982","BARAMBAN","4846"
"58983","BARAMBAN","4895"
"58984","BARARAWA","4845"
"58985","BARIANG","4844"
"58986","BARIKIN","4853"
"58987","BARIMBUN","4915"
"58988","BARINGIN A","4916"
"58989","BARINGIN B","4916"
"58990","BAROQAH","4917"
"58991","BARU GELANG","4868"
"58992","BARU","4846"
"58993","BARU","4841"
"58994","BARU","4883"
"58995","BARU","4918"
"58996","BARU","4919"
"58997","BARU","4872"
"58998","BARUH BAHINU DALAM","4920"
"58999","BARUH BAHINU LUAR","4920"
"59000","BARUH JAYA","4906"
"59001","BARUH KEMBANG","4921"
"59002","BARUH PANYAMBARAN","4859"
"59003","BARUH TABING","4905"
"59004","BARUNAI BARU","4852"
"59005","BASIRIH SELATAN","4922"
"59006","BASIRIH","4923"
"59007","BASUANG","4907"
"59008","BATA","4924"
"59009","BATAKAN","4925"
"59010","BATALANG","4843"
"59011","BATALAS","4926"
"59012","BATANG BAHALANG","4902"
"59013","BATANG BANYU","4904"
"59014","BATANG BANYU","4896"
"59015","BATANG KULUR KANAN","4872"
"59016","BATANG KULUR KIRI","4872"
"59017","BATANG KULUR TENGAH","4872"
"59018","BATANG KULUR","4927"
"59019","BATANG LANTIK","4854"
"59020","BATARANG","4868"
"59021","BATARATAT","4877"
"59022","BATI BATI","4912"
"59023","BATIK","4886"
"59024","BATILAI","4928"
"59025","BATU AMPAR","4847"
"59026","BATU AMPAR","4895"
"59027","BATU AMPAR","4917"
"59028","BATU BALIAN","4836"
"59029","BATU BINI","4929"
"59030","BATU BULAN","4860"
"59031","BATU HAPU","4871"
"59032","BATU LAKI","4929"
"59033","BATU MANDI","4893"
"59034","BATU MERAH","4930"
"59035","BATU MERANTI","4931"
"59036","BATU MULYA","4925"
"59037","BATU PANGGUNG","4853"
"59038","BATU PERAHU","4831"
"59039","BATU PIRING","4920"
"59040","BATU TANAM","4896"
"59041","BATU TANGGA","4831"
"59042","BATU TUNAU","4932"
"59043","BATU TUNGGAL","4838"
"59044","BATU TUNGKU","4925"
"59045","BATUAH","4868"
"59046","BATUAH","4933"
"59047","BATUAH","4888"
"59048","BATULICIN IRIGASI","4934"
"59049","BATULICIN","4935"
"59050","BATUNG","4895"
"59051","BAULIN","4916"
"59052","BAWAH LAYUNG","4936"
"59053","BAWAHAN PASAR","4919"
"59054","BAWAHAN SEBERANG","4919"
"59055","BAWAHAN SELAN","4919"
"59056","BAYAN SARI","4858"
"59057","BAYANAN","4906"
"59058","BAYUR","4937"
"59059","BEKAMBIT ASRI","4932"
"59060","BEKAMBIT","4932"
"59061","BELAH PAIKAT","4921"
"59062","BELANDEAN MUARA","4938"
"59063","BELANDEAN","4938"
"59064","BELANGIAN","4869"
"59065","BELAWANG","4897"
"59066","BELAYUNG BARU","4939"
"59067","BELIMBING BARU","4940"
"59068","BELIMBING LAMA","4940"
"59069","BELIMBING RAYA","4941"
"59070","BELIMBING","4941"
"59071","BELITUNG SELATAN","4923"
"59072","BELITUNG UTARA","4923"
"59073","BENAWA TENGAH","4876"
"59074","BENTENG","4839"
"59075","BENTOK DARAT","4912"
"59076","BENTOK KAMPUNG","4912"
"59077","BENUA ANYAR","4886"
"59078","BENUA ANYAR","4942"
"59079","BENUA ANYAR","4836"
"59080","BENUA HANYAR (BANUA HANYAR)","4939"
"59081","BENUA KEPAYANG","4902"
"59082","BENUA LAWAS","4928"
"59083","BENUA RANTAU","4904"
"59084","BENUA RIAM","4869"
"59085","BENUA TENGAH","4928"
"59086","BEPARA","4892"
"59087","BERANGAS BARAT","4938"
"59088","BERANGAS TIMUR","4938"
"59089","BERANGAS","4938"
"59090","BERANGAS","4932"
"59091","BERINGIN JAYA","4861"
"59092","BERINGIN KENCANA","4943"
"59093","BERINGIN","4938"
"59094","BERINGIN","4868"
"59095","BERINGIN / BARINGIN","4905"
"59096","BERKAT MULYA","4836"
"59097","BERSUJUD","4917"
"59098","BETUNG","4868"
"59099","BETUNG","4892"
"59100","BETUNG","4932"
"59101","BIDURI BERSUJUD","4931"
"59102","BIHARA HILIR","4846"
"59103","BIHARA","4846"
"59104","BIIH","4827"
"59105","BILAS","4944"
"59106","BINAAN BARU","4897"
"59107","BINAWARA","4860"
"59108","BINCAU MUARA","4945"
"59109","BINCAU","4945"
"59110","BINDERANG","4877"
"59111","BINGKULU","4946"
"59112","BINJAI PEMANGKIH","4910"
"59113","BINJAI PIRUA","4910"
"59114","BINJAI PUNGGAL","4859"
"59115","BINJAI","4947"
"59116","BINJAI","4920"
"59117","BINJU","4859"
"59118","BINTANG ARA","4870"
"59119","BINTURU","4851"
"59120","BINTURUNG","4892"
"59121","BINUANG SANTANG","4859"
"59122","BINUANG","4826"
"59123","BIRAYANG SURAPATI","4855"
"59124","BIRAYANG TIMUR","4855"
"59125","BIRAYANG","4855"
"59126","BITAHAN BARU","4877"
"59127","BITAHAN","4877"
"59128","BITIN","4918"
"59129","BLURU","4847"
"59130","BONGKANG","4948"
"59131","BUAS BUAS HILIR","4926"
"59132","BUAS BUAS","4926"
"59133","BUDI MULYA","4877"
"59134","BUKAT","4876"
"59135","BUKIT BARU","4835"
"59136","BUKIT MULIA","4949"
"59137","BULAYAK","4838"
"59138","BULU REJO","4950"
"59139","BULUAN","4908"
"59140","BULUH KUNING","4951"
"59141","BUMI ASIH","4952"
"59142","BUMI ASIH","4925"
"59143","BUMI BARKAT","4872"
"59144","BUMI HARAPAN","4953"
"59145","BUMI JAYA","4848"
"59146","BUMI MAKMUR","4870"
"59147","BUNATI","4858"
"59148","BUNDUNG","4891"
"59149","BUNGIN","4904"
"59150","BUNGIN","4920"
"59151","BUNGKUKAN","4927"
"59152","BUNGLAI","4869"
"59153","BUNGUR BARU","4911"
"59154","BUNGUR","4893"
"59155","BUNGUR","4911"
"59156","BUNI IN JAYA","4895"
"59157","BUNIPAH","4842"
"59158","BUNTU KARAU","4924"
"59159","BUNTUT PILANDUK","4859"
"59160","BURAKAI","4871"
"59161","BURUM","4870"
"59162","CABI","4836"
"59163","CAHAYA BARU","4887"
"59164","CAKRU","4832"
"59165","CANDI LARAS","4916"
"59166","CANGKERING","4889"
"59167","CANTUNG KANAN","4954"
"59168","CANTUNG KIRI HILIR","4903"
"59169","CANTUNG KIRI HULU","4954"
"59170","CATUR KARYA","4948"
"59171","CEMPAKA","4889"
"59172","CEMPAKA","4901"
"59173","CEMPAKA","4955"
"59174","CINDAI ALUS","4945"
"59175","CINTA PURI","4836"
"59176","CUKAN LIPAI","4855"
"59177","DADAP KUSAN RAYA","4860"
"59178","DAHAI","4879"
"59179","DALAM PAGAR ULU","4834"
"59180","DALAM PAGAR","4834"
"59181","DAMAR INDAH","4931"
"59182","DAMAR LIMA","4847"
"59183","DAMBUNG (RAYA)","4870"
"59184","DAMIT HULU","4847"
"59185","DAMIT","4847"
"59186","DAMSARI","4956"
"59187","DANAU CARAMIN","4867"
"59188","DANAU INDAH","4935"
"59189","DANAU KARYA","4852"
"59190","DANAU PANGGANG","4918"
"59191","DANAU SALAK","4874"
"59192","DANAU TERATE / TERATI","4905"
"59193","DANDA JAYA","4957"
"59194","DANGU","4875"
"59195","DARASAN BINJAI (DERASAN BINJAI)","4860"
"59196","DARUSSALAM","4918"
"59197","DATAR AJAB","4838"
"59198","DATAR BATUNG","4831"
"59199","DATU KUNING","4867"
"59200","DAYAK PITAP","4833"
"59201","DIRGAHAYU","4888"
"59202","DUKUH REJO","4950"
"59203","DURIAN BUNGKUK","4847"
"59204","DURIAN GANTANG","4902"
"59205","DURIAN RABUNG","4929"
"59206","DWI MARGA UTAMA","4931"
"59207","DWI PASARI","4878"
"59208","EMIL BARU","4950"
"59209","GADANG","4863"
"59210","GADUNG KARAMAT","4891"
"59211","GADUNG","4891"
"59212","GALAGAH HULU","4909"
"59213","GALAGAH","4909"
"59214","GALAM","4890"
"59215","GALUMBANG (GALOMBANG)","4920"
"59216","GALUMBANG","4924"
"59217","GAMBAH DALAM BARAT","4844"
"59218","GAMBAH DALAM","4844"
"59219","GAMBAH LUAR MUKA","4844"
"59220","GAMBAH LUAR","4844"
"59221","GAMBAH","4876"
"59222","GAMBUT BARAT","4913"
"59223","GAMBUT","4913"
"59224","GAMPA RAYA","4909"
"59225","GANDARAYA","4852"
"59226","GANDARIA","4852"
"59227","GARAGATA","4958"
"59228","GARIS HANYAR","4836"
"59229","GARUNGGANG","4905"
"59230","GARUNGGANG","4850"
"59231","GARUNGGUNG","4830"
"59232","GEDAMBAAN","4888"
"59233","GEMURUH","4959"
"59234","GENDANG TIMBURU","4951"
"59235","GERONGGANG","4960"
"59236","GIRI MULYA","4961"
"59237","GOSONG PANJANG","4899"
"59238","GUDANG HIRANG","4828"
"59239","GUDANG TENGAH","4828"
"59240","GUHA","4893"
"59241","GUHA","4902"
"59242","GULINGGANG","4924"
"59243","GUMBIL","4849"
"59244","GUNTUNG BESAR","4848"
"59245","GUNTUNG MANGGIS","4962"
"59246","GUNTUNG PAIKAT","4963"
"59247","GUNTUNG PAPUYU","4913"
"59248","GUNTUNG PAYUNG","4962"
"59249","GUNTUNG UJUNG","4913"
"59250","GUNTUNG","4832"
"59251","GUNTUNG","4860"
"59252","GUNUNG ANTASARI","4917"
"59253","GUNUNG BATU BESAR","4907"
"59254","GUNUNG BATU","4826"
"59255","GUNUNG BATU","4896"
"59256","GUNUNG BATU","4833"
"59257","GUNUNG BESAR","4917"
"59258","GUNUNG CALANG","4964"
"59259","GUNUNG HATALAU MERATUS RAYA","4950"
"59260","GUNUNG MAKMUR","4928"
"59261","GUNUNG MANAU","4893"
"59262","GUNUNG MAS","4847"
"59263","GUNUNG MELATI","4847"
"59264","GUNUNG RAJA","4946"
"59265","GUNUNG RAYA","4950"
"59266","GUNUNG RIUT","4859"
"59267","GUNUNG SARI","4888"
"59268","GUNUNG ULIN","4919"
"59269","GUNUNG ULIN","4888"
"59270","GUSUNGNGE","4868"
"59271","HA UWAI","4859"
"59272","HABAU HULU","4904"
"59273","HABAU","4904"
"59274","HABIRAU TENGAH","4906"
"59275","HABIRAU","4906"
"59276","HAKIM MAKMUR","4940"
"59277","HAKURUNG","4921"
"59278","HALANGAN","4965"
"59279","HALIAU","4841"
"59280","HALONG","4859"
"59281","HALONG","4948"
"59282","HALUBAU UTARA","4920"
"59283","HALUBAU","4920"
"59284","HALUNUK","4966"
"59285","HAMAK TIMUR","4849"
"59286","HAMAK UTARA","4849"
"59287","HAMAK","4849"
"59288","HAMALAU","4872"
"59289","HAMARUNG","4924"
"59290","HAMAYUNG UTARA","4921"
"59291","HAMAYUNG","4921"
"59292","HAMBUKU BARU","4880"
"59293","HAMBUKU HILIR","4880"
"59294","HAMBUKU HULU","4914"
"59295","HAMBUKU LIMA","4880"
"59296","HAMBUKU PASAR","4914"
"59297","HAMBUKU RAYA","4914"
"59298","HAMBUKU TENGAH","4914"
"59299","HAMPANG","4954"
"59300","HAMPARAYA","4893"
"59301","HANDIL BABIRIK","4953"
"59302","HANDIL BAKTI","4938"
"59303","HANDIL BARABAI","4884"
"59304","HANDIL BARU","4842"
"59305","HANDIL BIRAYANG ATAS","4953"
"59306","HANDIL BIRAYANG BAWAH","4953"
"59307","HANDIL BUJUR","4842"
"59308","HANDIL GAYAM","4953"
"59309","HANDIL LABUAN (AMAS)","4953"
"59310","HANDIL MALUKA","4953"
"59311","HANDIL NEGARA","4936"
"59312","HANDIL PURAI","4881"
"59313","HANDIL SURUK","4953"
"59314","HANGUI","4911"
"59315","HANTAKAN","4838"
"59316","HAPALAH","4904"
"59317","HAPINGIN","4875"
"59318","HAPULANG","4853"
"59319","HARAKIT","4895"
"59320","HARAPAN BARU","4892"
"59321","HARAPAN JAYA","4860"
"59322","HARAPAN MAJU","4934"
"59323","HARAPAN MASA","4955"
"59324","HARATAI","4966"
"59325","HARIANG","4904"
"59326","HARITI","4872"
"59327","HARUS","4867"
"59328","HARUS","4967"
"59329","HARUSAN TELAGA","4889"
"59330","HARUSAN","4867"
"59331","HARUYAN DAYAK","4838"
"59332","HARUYAN SEBERANG","4853"
"59333","HARUYAN","4853"
"59334","HATI IF","4860"
"59335","HATIWIN","4955"
"59336","HATUNGUN","4871"
"59337","HAUR GADING","4875"
"59338","HAUR GADING","4937"
"59339","HAUR KUNING","4881"
"59340","HAWANG","4829"
"59341","HAYUP","4948"
"59342","HEGAR MANAH","4870"
"59343","HIKUN","4830"
"59344","HILIR BANUA","4908"
"59345","HILIR MESJID","4852"
"59346","HILIR MESJID","4909"
"59347","HILIR MUARA","4888"
"59348","HILIR PASAR","4930"
"59349","HINAS KANAN","4838"
"59350","HINAS KIRI","4831"
"59351","HIYUNG","4854"
"59352","HUJAN MAS","4879"
"59353","HUKAI","4924"
"59354","HULU BANYU","4966"
"59355","HULU PASAR","4867"
"59356","HULU RASAU","4908"
"59357","HULU SAMPANAHAN","4954"
"59358","IDA MANGGALA","4872"
"59359","ILIR MESJID","4889"
"59360","ILUNG PASAR LAMA","4875"
"59361","ILUNG TENGAH","4875"
"59362","ILUNG","4875"
"59363","INAN","4920"
"59364","INDAH SARI","4968"
"59365","INDRA LOKA JAYA","4961"
"59366","INDRA SARI","4945"
"59367","JALAN LURUS","4914"
"59368","JALATANG","4929"
"59369","JAMBU BARU","4873"
"59370","JAMBU BURUNG","4881"
"59371","JAMBU HILIR","4844"
"59372","JAMBU HULU","4929"
"59373","JAMBU RAYA","4881"
"59374","JAMBU","4873"
"59375","JAMIL","4902"
"59376","JANGKUNG","4830"
"59377","JARANG KUANTAN","4889"
"59378","JARANIH","4908"
"59379","JARENANG","4873"
"59380","JARO","4958"
"59381","JARUJU LAUT","4900"
"59382","JARUJU","4900"
"59383","JATI","4874"
"59384","JATUH","4908"
"59385","JAWA LAUT","4945"
"59386","JAWA","4945"
"59387","JEJANGKIT BARAT","4887"
"59388","JEJANGKIT MUARA","4887"
"59389","JEJANGKIT PASAR","4887"
"59390","JEJANGKIT TIMUR","4887"
"59391","JELAPAT BARU","4956"
"59392","JELAPAT I","4956"
"59393","JELAPAT II","4968"
"59394","JEMBATAN MERAH","4929"
"59395","JILATAN ALUR","4847"
"59396","JILATAN","4847"
"59397","JIMAMUN","4930"
"59398","JINGAH BABARIS","4866"
"59399","JINGAH BUJUR","4937"
"59400","JINGAH HABANG ILIR","4827"
"59401","JINGAH HABANG ULU","4827"
"59402","JIRAK","4965"
"59403","JOMBANG","4835"
"59404","JORONG","4843"
"59405","JU UH","4833"
"59406","JUAI","4924"
"59407","JUAI","4830"
"59408","JUHU","4831"
"59409","JUKU EJA","4868"
"59410","JUMBA","4889"
"59411","JUNGKAL","4930"
"59412","KABANG","4829"
"59413","KABUAU","4873"
"59414","KADUNDUNG","4910"
"59415","KAHAKAN","4841"
"59416","KAHELAAN","4940"
"59417","KAIT KAIT","4912"
"59418","KAIT-KAIT BARU","4912"
"59419","KAKARAN","4866"
"59420","KALAAN","4869"
"59421","KALADAN","4926"
"59422","KALAHIANG","4879"
"59423","KALAMPAYAN ULU","4874"
"59424","KALAMPAYAN","4874"
"59425","KALI BARU","4841"
"59426","KALI BESAR","4936"
"59427","KALIAN","4892"
"59428","KALINTAMUI","4905"
"59429","KALIRING","4929"
"59430","KALIUKAN","4874"
"59431","KALUDAN BESAR","4905"
"59432","KALUDAN KECIL","4905"
"59433","KALUMPANG (KELUMPANG)","4885"
"59434","KALUMPANG DALAM","4880"
"59435","KALUMPANG LUAR","4880"
"59436","KALUMPANG","4911"
"59437","KAMAWAKAN","4966"
"59438","KAMAYAHAN","4832"
"59439","KAMBANG HABANG BARU","4969"
"59440","KAMBANG HABANG LAMA","4969"
"59441","KAMBANG KUNING","4871"
"59442","KAMBAT SELATAN","4908"
"59443","KAMBAT UTARA","4908"
"59444","KAMBITIN RAYA","4830"
"59445","KAMBITIN","4830"
"59446","KAMBIYAIN","4833"
"59447","KAMPUNG BARU","4881"
"59448","KAMPUNG BARU","4868"
"59449","KAMPUNG BARU","4947"
"59450","KAMPUNG BARU","4848"
"59451","KAMPUNG BARU","4899"
"59452","KAMPUNG BARU","4917"
"59453","KANDANG HALANG","4867"
"59454","KANDANG JAYA","4930"
"59455","KANDANGAN BARAT","4844"
"59456","KANDANGAN BARU","4925"
"59457","KANDANGAN KOTA","4844"
"59458","KANDANGAN LAMA","4925"
"59459","KANDANGAN UTARA","4844"
"59460","KANIBUNGAN","4894"
"59461","KAONG","4944"
"59462","KAPAR","4855"
"59463","KAPAR","4941"
"59464","KAPUH","4850"
"59465","KAPUL","4859"
"59466","KARANG BINTANG","4934"
"59467","KARANG BUAH","4897"
"59468","KARANG BULAN","4885"
"59469","KARANG BUNGA","4864"
"59470","KARANG DUKUH","4897"
"59471","KARANG INDAH","4858"
"59472","KARANG INDAH","4864"
"59473","KARANG INTAN","4827"
"59474","KARANG INTAN","4961"
"59475","KARANG JAWA MUKA","4929"
"59476","KARANG JAWA","4929"
"59477","KARANG LIWAR","4903"
"59478","KARANG MEKAR","4942"
"59479","KARANG MEKAR","4968"
"59480","KARANG MULYA","4860"
"59481","KARANG PACI","4885"
"59482","KARANG PAYAU","4903"
"59483","KARANG PUTIH","4826"
"59484","KARANG REJO","4843"
"59485","KARANG REJO","4934"
"59486","KARANG SARI INDAH","4860"
"59487","KARANG SARI INDAH","4932"
"59488","KARANG TARUNA","4848"
"59489","KARANGAN PUTIH","4851"
"59490","KARASIKAN","4872"
"59491","KARATUNGAN","4829"
"59492","KARAU","4829"
"59493","KARIAS DALAM","4905"
"59494","KARUH","4893"
"59495","KARYA BARU","4884"
"59496","KARYA BARU","4943"
"59497","KARYA BHAKTI","4868"
"59498","KARYA INDAH","4898"
"59499","KARYA JADI","4898"
"59500","KARYA MAJU","4862"
"59501","KARYA MAKMUR","4836"
"59502","KARYA MAKMUR","4898"
"59503","KARYA","4859"
"59504","KASAI","4893"
"59505","KASARANGAN","4910"
"59506","KASIAU RAYA","4941"
"59507","KASIAU","4941"
"59508","KAYAKAH","4889"
"59509","KAYU ABANG","4856"
"59510","KAYU ABANG","4946"
"59511","KAYU BAWANG","4876"
"59512","KAYU BAWANG","4913"
"59513","KAYU RABAH","4908"
"59514","KEBUN BUNGA","4942"
"59515","KEBUN RAYA","4949"
"59516","KEBUN SARI","4867"
"59517","KEDONDONG","4846"
"59518","KELADAN BARU","4913"
"59519","KELAMPAIAN ILIR","4874"
"59520","KELAYAN BARAT","4922"
"59521","KELAYAN DALAM","4922"
"59522","KELAYAN LUAR","4863"
"59523","KELAYAN SELATAN","4922"
"59524","KELAYAN TENGAH","4922"
"59525","KELAYAN TIMUR","4922"
"59526","KELILING BENTENG ILIR","4828"
"59527","KELILING BENTENG TENGAH","4865"
"59528","KELILING BENTENG ULU","4865"
"59529","KEMBANG KUNING","4867"
"59530","KEMBANGKUNING","4948"
"59531","KEMUNING","4963"
"59532","KEPAYANG","4854"
"59533","KERAMAT BARU","4834"
"59534","KERAMAT MINA","4836"
"59535","KERAMAT","4889"
"59536","KERAMAT","4834"
"59537","KERAMAT","4866"
"59538","KERAMAT / KARAMAT","4937"
"59539","KERATON","4945"
"59540","KERAYAAN UTARA (ROSONG RAYA)","4970"
"59541","KERSIK PUTIH","4935"
"59542","KERTA BUANA","4931"
"59543","KERTAK BARU ILIR","4863"
"59544","KERTAK BARU ULU","4863"
"59545","KERTAK EMPAT","4839"
"59546","KERTAK HANYAR I","4939"
"59547","KERTAKHANYAR II","4939"
"59548","KETAPANG","4890"
"59549","KETAPANG","4891"
"59550","KIAS","4855"
"59551","KINARUM","4944"
"59552","KINDINGAN","4838"
"59553","KINTAP KECIL","4949"
"59554","KINTAP PURA (KINTAPURA)","4949"
"59555","KINTAP","4949"
"59556","KIRAM","4827"
"59557","KITANG","4830"
"59558","KOANDA","4956"
"59559","KOLAM KANAN","4878"
"59560","KOLAM KIRI DALAM","4884"
"59561","KOLAM KIRI","4878"
"59562","KOLAM MAKMUR","4878"
"59563","KOMET","4971"
"59564","KOTA PAGATAN","4868"
"59565","KOTA RADEN HILIR","4867"
"59566","KOTA RADEN HULU","4867"
"59567","KOTA RAJA","4889"
"59568","KOTABARU HILIR","4888"
"59569","KOTABARU HULU","4888"
"59570","KOTABARU TENGAH","4888"
"59571","KUALA LUPAK","4943"
"59572","KUALA TAMBANGAN","4928"
"59573","KUANGAN","4832"
"59574","KUIN BESAR","4842"
"59575","KUIN CERUCUK","4923"
"59576","KUIN KECIL","4842"
"59577","KUIN SELATAN","4923"
"59578","KUIN UTARA","4837"
"59579","KULIPAK","4932"
"59580","KUNYIT","4890"
"59581","KUPANG NUNDING","4947"
"59582","KUPANG REJO","4940"
"59583","KUPANG SAMHURANG","4910"
"59584","KUPANG","4930"
"59585","KUPANG","4866"
"59586","KURANJI","4961"
"59587","KURAU UTARA","4953"
"59588","KURAU","4936"
"59589","KURINGKIT","4925"
"59590","KURIPAN","4942"
"59591","KURIPAN","4873"
"59592","KUSAMBI HILIR","4930"
"59593","KUSAMBI HULU","4930"
"59594","KUSAMBI","4935"
"59595","KUTAI KECIL","4889"
"59596","LABAT MUARA","4842"
"59597","LABUAN BARAT","4972"
"59598","LABUAN MAS","4840"
"59599","LABUAN TABU","4945"
"59600","LABUHAN","4855"
"59601","LABUNG","4854"
"59602","LABUNGANAK","4875"
"59603","LABURAN","4903"
"59604","LAJAR","4930"
"59605","LALAPIN","4954"
"59606","LALAYAU","4924"
"59607","LAMIDA BAWAH","4879"
"59608","LAMPIHONG KANAN","4930"
"59609","LAMPIHONG KIRI","4930"
"59610","LAMPIHONG SELATAN","4930"
"59611","LANDASAN ULIN BARAT","4973"
"59612","LANDASAN ULIN SELATAN","4973"
"59613","LANDASAN ULIN TENGAH","4973"
"59614","LANDASAN ULIN TIMUR","4962"
"59615","LANDASAN ULIN UTARA","4973"
"59616","LANGADAI","4974"
"59617","LANGKANG BARU","4932"
"59618","LANGKANG LAMA","4932"
"59619","LANGKAP","4833"
"59620","LANO","4958"
"59621","LASUNG BATU","4879"
"59622","LASUNG","4860"
"59623","LAWAHAN","4881"
"59624","LAWAHAN","4955"
"59625","LAWIRAN","4836"
"59626","LAYAP BARU","4900"
"59627","LAYAP","4879"
"59628","LAYUH","4841"
"59629","LEPASAN","4886"
"59630","LIANG ANGGANG","4912"
"59631","LIHUNG","4827"
"59632","LIMAMAR","4874"
"59633","LIMBAR","4855"
"59634","LIMBUNGAN","4954"
"59635","LIMBUR","4954"
"59636","LIMPASU","4829"
"59637","LINGSIR","4920"
"59638","LINTANG JAYA","4892"
"59639","LINUH","4911"
"59640","LIYU","4859"
"59641","LOBANG BARU","4839"
"59642","LOK BAINTAN DALAM","4828"
"59643","LOK BAINTAN","4828"
"59644","LOK BANGKAI","4905"
"59645","LOK BATU","4893"
"59646","LOK BATU","4948"
"59647","LOK BATUNG","4879"
"59648","LOK BESAR","4855"
"59649","LOK BINUANG","4849"
"59650","LOK HAMAWANG","4930"
"59651","LOK LAHUNG","4966"
"59652","LOK PANGINANGAN","4930"
"59653","LOK RAWA","4864"
"59654","LOK TAMU","4919"
"59655","LOKBUNTAR","4853"
"59656","LOKBUNTAR","4828"
"59657","LOKCANTUNG","4836"
"59658","LOKGABANG","4874"
"59659","LOKPAIKAT","4877"
"59660","LOKSADO","4966"
"59661","LOKSOGA / LOK SUGA","4937"
"59662","LOKTABAT SELATAN","4963"
"59663","LOKTABAT UTARA","4971"
"59664","LOKTANAH","4975"
"59665","LOKTANGGA","4827"
"59666","LOKTUNGGUL","4839"
"59667","LONG KONG","4918"
"59668","LONGAWANG","4849"
"59669","LONTAR SELATAN","4959"
"59670","LONTAR TIMUR","4959"
"59671","LONTAR UTARA","4959"
"59672","LUK BAYUR","4915"
"59673","LUMBANG","4947"
"59674","LUMBU RAYA","4866"
"59675","LUMPANGI","4966"
"59676","LUMPANGI","4839"
"59677","LUNGAU","4844"
"59678","LUNJUK","4855"
"59679","MABURAI","4941"
"59680","MABUUN","4941"
"59681","MADANG","4967"
"59682","MADANG","4929"
"59683","MADU RETNO","4934"
"59684","MADUREJO","4896"
"59685","MAGALAU HILIR","4927"
"59686","MAGALAU HULU","4927"
"59687","MAHANG BARU","4902"
"59688","MAHANG MATANG LANDUNG","4908"
"59689","MAHANG PUTAT","4908"
"59690","MAHANG SEI / SUNGAI HANYAR","4908"
"59691","MAHE PASAR","4948"
"59692","MAHE SEBERANG","4830"
"59693","MAHELA","4855"
"59694","MAJU BERSAMA","4935"
"59695","MAJU MULYO","4950"
"59696","MAKMUR KARYA","4836"
"59697","MAKMUR","4858"
"59698","MAKMUR","4913"
"59699","MALI MALI","4827"
"59700","MALILINGIN","4929"
"59701","MALINAU","4966"
"59702","MALINTANG BARU","4913"
"59703","MALINTANG","4913"
"59704","MALUKA BUALIN","4936"
"59705","MALUTU","4929"
"59706","MAMANTANG","4859"
"59707","MAMAR","4889"
"59708","MAMIGANG","4859"
"59709","MAMPARI","4893"
"59710","MANARAP BARU","4939"
"59711","MANARAP HULU","4918"
"59712","MANARAP LAMA","4939"
"59713","MANARAP TENGAH","4939"
"59714","MANARAP","4918"
"59715","MANDALA MURUNG MESJID","4921"
"59716","MANDALA","4974"
"59717","MANDALA","4849"
"59718","MANDAR SARI","4939"
"59719","MANDI ANGIN BARAT","4827"
"59720","MANDI ANGIN TIMUR","4827"
"59721","MANDI KAPAU BARAT","4827"
"59722","MANDI KAPAU TIMUR","4827"
"59723","MANDIN","4894"
"59724","MANDINGIN","4876"
"59725","MANDUIN","4967"
"59726","MANDURIAN HILIR","4854"
"59727","MANDURIAN","4854"
"59728","MANGGA","4976"
"59729","MANGKA LAWAT","4919"
"59730","MANGKA","4933"
"59731","MANGKALAPI","4860"
"59732","MANGKAUK","4839"
"59733","MANGKAYAHU","4879"
"59734","MANGKIRANA","4903"
"59735","MANGKUPUM","4947"
"59736","MANGKUSIP","4915"
"59737","MANGUNANG SEBERANG","4853"
"59738","MANGUNANG","4853"
"59739","MANIAPUN","4839"
"59740","MANTAAS","4910"
"59741","MANTEWE","4950"
"59742","MANTIMIN","4893"
"59743","MANTUIL","4922"
"59744","MANTUIL","4967"
"59745","MANTUYAN","4859"
"59746","MANUNGGAL","4934"
"59747","MANUNGGUL BARU","4951"
"59748","MANUNGGUL LAMA","4951"
"59749","MANUNTUNG","4860"
"59750","MANURUNG","4868"
"59751","MARABAHAN BARU","4861"
"59752","MARABAHAN KOTA","4862"
"59753","MARADAP","4920"
"59754","MARADAPAN","4972"
"59755","MARAJAI","4859"
"59756","MARAMPIAU HILIR","4916"
"59757","MARAMPIAU","4916"
"59758","MARGA JAYA","4933"
"59759","MARGA MULYA","4931"
"59760","MARGASARI ILIR","4926"
"59761","MARGASARI ULU","4916"
"59762","MARIAS","4924"
"59763","MARINDI","4948"
"59764","MARINGGIT","4875"
"59765","MARTADAH BARU","4946"
"59766","MARTADAH","4946"
"59767","MASINGAI I","4944"
"59768","MASINGAI II","4944"
"59769","MASINTAN","4851"
"59770","MASIRAAN","4908"
"59771","MASTA","4891"
"59772","MASUKAU","4941"
"59773","MATANG BATAS","4871"
"59774","MATANG GINALUN","4908"
"59775","MATANG HANAU","4930"
"59776","MATANG LURUS","4930"
"59777","MATARAMAN","4919"
"59778","MAUYA","4859"
"59779","MAWANGI","4929"
"59780","MAWAR SARI","4867"
"59781","MAWAR","4863"
"59782","MAYANAU","4833"
"59783","MAYANG SARI","4933"
"59784","MEGA SARI","4888"
"59785","MEKAR JAYA","4858"
"59786","MEKAR JAYA","4868"
"59787","MEKAR PURA","4977"
"59788","MEKAR RAYA (MEKARSARI)","4949"
"59789","MEKAR RAYA","4939"
"59790","MEKAR SARI","4968"
"59791","MEKAR SARI","4917"
"59792","MEKAR SARI","4900"
"59793","MEKAR","4834"
"59794","MEKARSARI","4826"
"59795","MELAYU ILIR","4834"
"59796","MELAYU TENGAH","4834"
"59797","MELAYU ULU","4834"
"59798","MELAYU","4863"
"59799","MENTAOS","4971"
"59800","MENTAREN","4852"
"59801","MENTAWAKAN MULYA / MULIA","4950"
"59802","MERAH","4846"
"59803","MIAWA","4895"
"59804","MIHU","4924"
"59805","MUANG","4958"
"59806","MUARA ASAM ASAM","4843"
"59807","MUARA BARUH","4832"
"59808","MUARA HALAYUNG","4881"
"59809","MUARA HUNGI","4831"
"59810","MUARA JAYA","4846"
"59811","MUARA KINTAP","4949"
"59812","MUARA NINIAN","4924"
"59813","MUARA ORE","4954"
"59814","MUARA PAGATAN TENGAH","4868"
"59815","MUARA PAGATAN","4868"
"59816","MUARA PULAU","4898"
"59817","MUARA RINTIS","4875"
"59818","MUARA TAPUS","4867"
"59819","MUARA UYA","4947"
"59820","MUDALANG","4868"
"59821","MULYA MAKMUR","4835"
"59822","MULYO HARJO","4892"
"59823","MULYODADI","4964"
"59824","MUNDAR","4902"
"59825","MUNDAR","4930"
"59826","MUNGGU RAYA","4874"
"59827","MUNGKUR UYAM","4924"
"59828","MUNING BARU","4906"
"59829","MUNING DALAM","4906"
"59830","MUNING TENGAH","4906"
"59831","MUNJUNG","4893"
"59832","MURUNG A","4841"
"59833","MURUNG ABUIN","4920"
"59834","MURUNG ASAM","4914"
"59835","MURUNG B","4838"
"59836","MURUNG BARU","4915"
"59837","MURUNG ILUNG","4879"
"59838","MURUNG JAMBU","4920"
"59839","MURUNG KARANGAN","4832"
"59840","MURUNG KARANGAN","4967"
"59841","MURUNG KENANGA","4945"
"59842","MURUNG KERAMAT","4897"
"59843","MURUNG KERATON","4945"
"59844","MURUNG KUPANG","4880"
"59845","MURUNG PADANG","4905"
"59846","MURUNG PANGGANG","4889"
"59847","MURUNG PANTI HILIR","4880"
"59848","MURUNG PANTI HULU","4880"
"59849","MURUNG RAYA","4886"
"59850","MURUNG RAYA","4922"
"59851","MURUNG RAYA","4921"
"59852","MURUNG SARI","4889"
"59853","MURUNG SARI","4867"
"59854","MURUNG TAAL","4902"
"59855","MUSTIKA","4961"
"59856","NALUI","4958"
"59857","NAMUN","4958"
"59858","NATEH","4831"
"59859","NAWIN","4948"
"59860","NELAYAN","4909"
"59861","NUNGKA","4846"
"59862","NUSA INDAH","4912"
"59863","OKA-OKA","4970"
"59864","PAAU","4869"
"59865","PABAHANAN","4848"
"59866","PABAUNGAN HILIR","4916"
"59867","PABAUNGAN HULU","4916"
"59868","PABAUNGAN PANTAI","4916"
"59869","PACAKAN","4860"
"59870","PADANG BANGKAL","4914"
"59871","PADANG BASAR HILIR","4832"
"59872","PADANG BASAR HULU","4832"
"59873","PADANG BATUNG","4929"
"59874","PADANG DARAT","4889"
"59875","PADANG LUAR","4832"
"59876","PADANG LUAS","4936"
"59877","PADANG PANJANG","4827"
"59878","PADANG PANJANG","4915"
"59879","PADANG RAYA","4859"
"59880","PADANG SARI","4826"
"59881","PADANG TANGGUL","4889"
"59882","PADANG","4912"
"59883","PADANGIN","4967"
"59884","PADANGIN","4915"
"59885","PAGAR RUYUNG","4868"
"59886","PAGAT","4841"
"59887","PAHALATAN","4910"
"59888","PAHAMPANGAN","4929"
"59889","PAHARANGAN","4921"
"59890","PAJUKUNGAN HILIR","4880"
"59891","PAJUKUNGAN HULU","4880"
"59892","PAJUKUNGAN","4876"
"59893","PAKACANGAN","4832"
"59894","PAKAN DALAM","4921"
"59895","PAKAPURAN KECIL","4921"
"59896","PAKAPURAN","4832"
"59897","PAKATELLU","4868"
"59898","PAKU ALAM","4828"
"59899","PAKU","4836"
"59900","PAKUAN TIMUR","4849"
"59901","PAKUTIK","4940"
"59902","PAL BATU","4845"
"59903","PALAJAU","4908"
"59904","PALAM","4901"
"59905","PALAMPITAN HILIR","4867"
"59906","PALAMPITAN HULU","4867"
"59907","PALANJUNGAN SARI","4905"
"59908","PALIAT","4851"
"59909","PALIMBANGAN GUSTI","4937"
"59910","PALIMBANGAN SARI","4937"
"59911","PALIMBANGAN","4937"
"59912","PALINGKAU","4886"
"59913","PALIWARA","4867"
"59914","PALUKAHAN","4918"
"59915","PAMALUNGAN (PAMALONGAN)","4890"
"59916","PAMARANGAN KANAN","4915"
"59917","PAMARANGAN KIWA","4830"
"59918","PAMINGGIR SEBERANG","4845"
"59919","PAMINGGIR","4845"
"59920","PAMINTANGAN","4832"
"59921","PAMPANAN","4965"
"59922","PAMUKAN INDAH","4892"
"59923","PAMURUS","4924"
"59924","PANAAN","4870"
"59925","PANAITAN","4930"
"59926","PANANGIAN","4832"
"59927","PANANGKALAAN HULU","4832"
"59928","PANANGKALAAN","4832"
"59929","PANAWAKAN","4937"
"59930","PANCA KARYA","4938"
"59931","PANDAHAN","4912"
"59932","PANDAHAN","4854"
"59933","PANDAK DAUN","4921"
"59934","PANDAK DAUN","4827"
"59935","PANDAMAAN","4918"
"59936","PANDAMARAN JAYA","4835"
"59937","PANDAN SARI","4852"
"59938","PANDAN SARI","4906"
"59939","PANDAN SARI","4934"
"59940","PANDAN SARI","4900"
"59941","PANDANSARI","4949"
"59942","PANDANU","4853"
"59943","PANDAWAN (PANDAWANAN)","4832"
"59944","PANDAWAN","4908"
"59945","PANDULANGAN","4905"
"59946","PANDULANGAN","4929"
"59947","PANDULANGAN","4914"
"59948","PANDULANGAN","4854"
"59949","PANDULANGAN","4849"
"59950","PANGAMBAU HILIR LUAR","4853"
"59951","PANGELAK","4944"
"59952","PANGERAN","4837"
"59953","PANGGANDINGAN","4921"
"59954","PANGGANG MARAK","4902"
"59955","PANGGUNG BARU","4848"
"59956","PANGGUNG","4853"
"59957","PANGGUNG","4920"
"59958","PANGGUNG","4848"
"59959","PANGGUNGAN","4966"
"59960","PANGKALAN SARI","4914"
"59961","PANIMBAAN","4924"
"59962","PANJAMPANG BAHAGIA","4850"
"59963","PANJARATAN","4848"
"59964","PANTAI BARU","4952"
"59965","PANTAI BARU","4977"
"59966","PANTAI BATUNG","4841"
"59967","PANTAI CABE","4969"
"59968","PANTAI HAMBAWANG BARAT","4902"
"59969","PANTAI HAMBAWANG TIMUR","4902"
"59970","PANTAI HAMBAWANG","4864"
"59971","PANTAI HARAPAN","4953"
"59972","PANTAI LINUH","4847"
"59973","PANTAI ULIN","4850"
"59974","PANTAI","4952"
"59975","PANTANG BARU","4898"
"59976","PANTANG RAYA","4898"
"59977","PANYAUNGAN","4832"
"59978","PANYIPATAN","4925"
"59979","PANYIURAN","4889"
"59980","PANYIURAN","4839"
"59981","PAPAAN","4907"
"59982","PAPAGAN MAKMUR","4854"
"59983","PARAMAIAN","4921"
"59984","PARAN","4879"
"59985","PARANDAKAN","4877"
"59986","PARARAIN","4918"
"59987","PARIGI KECIL","4891"
"59988","PARIGI","4891"
"59989","PARIGI","4906"
"59990","PARIMATA","4897"
"59991","PARING AGUNG","4872"
"59992","PARING GULING","4911"
"59993","PARING TALI","4836"
"59994","PARINGIN KOTA","4879"
"59995","PARINGIN TIMUR","4879"
"59996","PARIOK","4926"
"59997","PARUMAHAN (PERUMAHAN)","4910"
"59998","PARUPUKAN","4880"
"59999","PASAR BARU","4868"
"60000","PASAR BARU","4896"
