"id","nama_desa","kecamatan_id"
"74001","HATE BICARA","6242"
"74002","HATEJAWA","6310"
"74003","HATETABAKO","6309"
"74004","HELAITETOR","6311"
"74005","HIDAYAT","6263"
"74006","HIJRAH","6253"
"74007","HINO","6312"
"74008","HOKU HOKU GAM","6249"
"74009","HOKU HOKU KIE (HUKU-HUKU KIE)","6242"
"74010","HOLBOTA","6308"
"74011","IDAMDEHE GAMSUNGI","6242"
"74012","IDAMDEHE","6242"
"74013","IDAMGAMLAMO","6249"
"74014","IGA","6311"
"74015","IGO","6264"
"74016","IGOBULA","6282"
"74017","IMBU IMBU","6269"
"74018","INDARI","6341"
"74019","INDOMUT","6263"
"74020","INDONESIANA","6331"
"74021","INDONG","6256"
"74022","INO JAYA","6255"
"74023","JALAN BARU","6242"
"74024","JAMBULA","6245"
"74025","JANGAILULU","6268"
"74026","JANO","6268"
"74027","JARAJARA","6322"
"74028","JARAOKE","6285"
"74029","JARE (JERE)","6296"
"74030","JATI PERUMNAS","6290"
"74031","JATI","6298"
"74032","JATI","6290"
"74033","JAYA","6244"
"74034","JERE TUA","6296"
"74035","JERE","6243"
"74036","JERET","6342"
"74037","JIBUBU","6271"
"74038","JIKO (JEKO)","6275"
"74039","JIKO MOI","6255"
"74040","JIKOHAI (JIKOHAY)","6262"
"74041","JIKOLAMO","6315"
"74042","JIKOTAMO","6248"
"74043","JOHOR PERDA","6318"
"74044","JOJAME","6336"
"74045","JORJOGA","6247"
"74046","JOUBELA","6246"
"74047","JUANGA","6246"
"74048","KABAU DARAT","6343"
"74049","KABAU PANTAI","6343"
"74050","KABUNU","6294"
"74051","KACEPI","6326"
"74052","KAHATOLA","6268"
"74053","KAI","6277"
"74054","KAILUPA","6264"
"74055","KAIREU","6272"
"74056","KAIYASA","6259"
"74057","KAKARA A","6335"
"74058","KAKARA B","6325"
"74059","KAKARAINO","6309"
"74060","KALAODI","6324"
"74061","KALI UPA","6344"
"74062","KALIPITU","6344"
"74063","KALUMATA","6290"
"74064","KALUMPANG","6334"
"74065","KAMAYA","6294"
"74066","KAMPUNG BARU","6251"
"74067","KAMPUNG BARU","6279"
"74068","KAMPUNG PISANG","6334"
"74069","KAO","6298"
"74070","KAPA KAPA","6264"
"74071","KAPALEO","6326"
"74072","KAPORO","6270"
"74073","KAPUTUSAN (KAPUTUSANG)","6263"
"74074","KARAMAT TITDOY","6345"
"74075","KARAMAT","6278"
"74076","KASIRUTA DALAM","6342"
"74077","KASONG","6297"
"74078","KASTELA","6245"
"74079","KASTURIAN","6258"
"74080","KASUARI","6308"
"74081","KASUBA","6300"
"74082","KATANA","6337"
"74083","KAU / KOU (KOW)","6345"
"74084","KAWADANG","6294"
"74085","KAWALO","6308"
"74086","KAWASI","6248"
"74087","KAWATA","6346"
"74088","KAYU MERAH","6290"
"74089","KEBUN RAJA","6261"
"74090","KEDI","6268"
"74091","KELLO (KELO)","6347"
"74092","KENARI","6295"
"74093","KIDA","6278"
"74094","KIE LEI (KIE ICI)","6251"
"74095","KILO","6276"
"74096","KIOWOR (KYOWOR)","6316"
"74097","KIPAI","6281"
"74098","KIRA","6320"
"74099","KIYA","6323"
"74100","KLUTING JAYA","6250"
"74101","KOBE","6348"
"74102","KOITITI","6287"
"74103","KOKOTA JAYA (KOKOTUA JAYA)","6339"
"74104","KOKOTU","6341"
"74105","KOLI","6283"
"74106","KOLORAY (KOLORAI)","6246"
"74107","KORAGO","6295"
"74108","KOSA","6283"
"74109","KOTA BARU","6334"
"74110","KOTALO","6323"
"74111","KOTALOU","6261"
"74112","KOTUNANG (KUKUTUNANG)","6341"
"74113","KOUBALABALA","6342"
"74114","KRAMAT","6308"
"74115","KUBUNG","6317"
"74116","KUKUMUTUK","6298"
"74117","KUKUPANG (KAKUPANG)","6269"
"74118","KUKUPANG","6338"
"74119","KULABA","6245"
"74120","KULO JAYA","6348"
"74121","KUMO","6335"
"74122","KUNTUM MEKAR","6260"
"74123","KUPA KUPA SELATAN","6325"
"74124","KUPA KUPA","6325"
"74125","KUPAL","6317"
"74126","KURIPASAI","6242"
"74127","KURUNGA","6338"
"74128","KUSU LOFRA","6298"
"74129","KUSU SINOPA","6283"
"74130","KUSU","6298"
"74131","KUSU","6259"
"74132","KUSUBIBI","6341"
"74133","KUSURI","6303"
"74134","KUWO","6333"
"74135","LABA BESAR","6268"
"74136","LABA KECIL","6268"
"74137","LABI LABI","6311"
"74138","LABUHA","6263"
"74139","LAIGOMA","6278"
"74140","LAIWUI","6248"
"74141","LAKO AKEDIRI","6285"
"74142","LAKO AKELAMO","6285"
"74143","LALONGA","6296"
"74144","LALUBI","6261"
"74145","LALUIN","6349"
"74146","LANGGANU","6350"
"74147","LAROMABATI (LOROMABATI)","6254"
"74148","LATA LATA","6269"
"74149","LEDE","6350"
"74150","LEKOKADAI","6318"
"74151","LEKOSULA","6318"
"74152","LELE","6275"
"74153","LELEI","6278"
"74154","LELEOTO","6325"
"74155","LELESENG (LELESANG)","6277"
"74156","LELEWI","6304"
"74157","LELEWI","6301"
"74158","LELILEF SAWAI","6348"
"74159","LELILEF WAIBULEN","6348"
"74160","LELYABA","6318"
"74161","LEMAH INO","6325"
"74162","LEMBAH ASRI","6250"
"74163","LEMO LEMO","6287"
"74164","LEO LEO","6265"
"74165","LIARO","6351"
"74166","LIBANO","6267"
"74167","LIBOBA HIJRAH","6338"
"74168","LIFAO","6312"
"74169","LIFOFA","6340"
"74170","LIGUA","6278"
"74171","LILI","6322"
"74172","LIMAU","6296"
"74173","LIMBO","6308"
"74174","LINA INO","6344"
"74175","LINGGUA","6268"
"74176","LOCE","6249"
"74177","LOHO BUBBA","6308"
"74178","LOLA","6257"
"74179","LOLASITA","6322"
"74180","LOLEBA","6255"
"74181","LOLEO JAYA","6342"
"74182","LOLEO JAYA","6295"
"74183","LOLEO","6267"
"74184","LOLEO","6307"
"74185","LOLEO","6250"
"74186","LOLEOMEKAR","6342"
"74187","LOLEONGUSU","6256"
"74188","LOLOBATA","6309"
"74189","LOLOELAMO","6300"
"74190","LOLOY (LOLORI)","6242"
"74191","LOSSENG","6294"
"74192","LOSUO","6295"
"74193","LOTO","6245"
"74194","LOU MADORO","6265"
"74195","LUARI","6339"
"74196","LUIM","6304"
"74197","MABA SANGAJI (GOTOWASI)","6352"
"74198","MABA","6295"
"74199","MADAPOLO BARAT","6314"
"74200","MADAPOLO TIMUR","6314"
"74201","MADAPOLO","6314"
"74202","MADO","6321"
"74203","MAFFA","6261"
"74204","MAFUTUTU","6324"
"74205","MAHIA (WOSI / WOSIA TENGAH)","6344"
"74206","MAIDI","6340"
"74207","MAILOA","6286"
"74208","MAITARA SELATAN","6244"
"74209","MAITARA","6244"
"74210","MAJIKO TONGONE","6311"
"74211","MAKAELING","6260"
"74212","MAKARTI","6277"
"74213","MAKASAR BARAT","6334"
"74214","MAKASAR TIMUR","6334"
"74215","MAKETE","6320"
"74216","MAKIAN (KAMPUNG MAKIAN)","6317"
"74217","MALAPA","6286"
"74218","MALAPAT","6306"
"74219","MALBUFA","6280"
"74220","MALIARO","6334"
"74221","MALIFORO","6302"
"74222","MAMUYA","6289"
"74223","MAN-GEGA","6280"
"74224","MANAF","6293"
"74225","MANANGA","6247"
"74226","MANATAHAN","6262"
"74227","MANDAWONG (MANDAONG)","6317"
"74228","MANDIRI","6246"
"74229","MANGGA DUA UTARA","6290"
"74230","MANGGA DUA","6290"
"74231","MANGOLI","6313"
"74232","MANGON","6327"
"74233","MANO","6307"
"74234","MANTARARA","6294"
"74235","MARABOSE","6263"
"74236","MARANTI JAYA","6308"
"74237","MARASIPNO","6273"
"74238","MARATANA (MARATHANA JAYA )","6273"
"74239","MAREGAM","6319"
"74240","MAREKOFO","6319"
"74241","MAREKU","6244"
"74242","MARGOMOLYO (MARGOMOYO)","6277"
"74243","MARIKAPAL","6269"
"74244","MARIKURUBU","6334"
"74245","MARIMOI","6311"
"74246","MARITANGO","6251"
"74247","MARITUSO (MARITOSU)","6342"
"74248","MARMABATI (MARIMBATI)","6242"
"74249","MASONIT","6308"
"74250","MASURE","6302"
"74251","MATEKETEN (MATEKENTE)","6306"
"74252","MATENTENGEN (MATAN TENGIN)","6316"
"74253","MATSA","6286"
"74254","MATUI","6242"
"74255","MATUTING TANJUNG","6304"
"74256","MATUTING","6304"
"74257","MAWEA","6337"
"74258","MAYAU","6301"
"74259","MBONO","6247"
"74260","MEKAR SARI","6291"
"74261","MESSA","6323"
"74262","METI","6337"
"74263","MIAF","6273"
"74264","MINALULI","6328"
"74265","MINAMIN","6255"
"74266","MINTON","6247"
"74267","MIRA","6312"
"74268","MKCM","6335"
"74269","MODAPIA","6328"
"74270","MODAPUHI TRANS","6328"
"74271","MODAPUHI","6328"
"74272","MODAYAMA","6254"
"74273","MOISO","6253"
"74274","MOLOKU","6292"
"74275","MOMODA","6277"
"74276","MOMOJIU","6264"
"74277","MOMOJIU","6246"
"74278","MOMOLE","6300"
"74279","MOREALA","6288"
"74280","MORODADI","6246"
"74281","MOTI KOTA","6330"
"74282","MOYA","6334"
"74283","MUHAJIRIN","6246"
"74284","MUHAJIRIN","6334"
"74285","NAFLO","6345"
"74286","NAGA","6251"
"74287","NAHI","6343"
"74288","NAKAMURA","6246"
"74289","NANAS","6243"
"74290","NANAS","6255"
"74291","NATANG KUNING","6350"
"74292","NGADE","6290"
"74293","NGAJAM","6264"
"74294","NGALO NGALO","6243"
"74295","NGAON","6249"
"74296","NGAWET","6243"
"74297","NGELE NGELE BESAR","6265"
"74298","NGELE NGELE KECIL","6265"
"74299","NGGAKI","6276"
"74300","NGGELE","6297"
"74301","NGIDIHO","6320"
"74302","NGOALI","6277"
"74303","NGOFABOBAWA","6286"
"74304","NGOFAGITA","6286"
"74305","NGOFAKIAHA","6286"
"74306","NGOKOMALAKO","6254"
"74307","NGUTE NGUTE","6349"
"74308","NONDANG (MONDANG)","6341"
"74309","NUKU","6340"
"74310","NUNCA","6247"
"74311","NURJIHAT","6292"
"74312","NURSIFA","6302"
"74313","NURWEDA","6329"
"74314","NUSA AMBU (NUSA AMBO)","6255"
"74315","NUSA BABULLAH (NUSA BABI)","6336"
"74316","NUSA JAYA","6255"
"74317","NUSLIKO","6329"
"74318","NYAOLAKO","6309"
"74319","NYONYIFI","6272"
"74320","OBA","6259"
"74321","OCIMALOLEO","6307"
"74322","OHA","6287"
"74323","OMBAWA","6306"
"74324","OME","6244"
"74325","ONA","6343"
"74326","ORI","6282"
"74327","ORIMAKURUNGA","6349"
"74328","PACA","6325"
"74329","PADANG","6247"
"74330","PALAMEA","6269"
"74331","PALE","6325"
"74332","PALO","6302"
"74333","PANAMBOANG","6317"
"74334","PANCADO","6276"
"74335","PANCORAN","6308"
"74336","PANDANGAN","6246"
"74337","PANGEO","6267"
"74338","PANTAI SAGU","6301"
"74339","PANTURA JAYA","6302"
"74340","PAPACEDA","6287"
"74341","PAPALOANG","6317"
"74342","PARATINA","6343"
"74343","PARIGI","6353"
"74344","PARSEBA","6277"
"74345","PAS IPA","6318"
"74346","PASALULU","6266"
"74347","PASI PALELE","6271"
"74348","PASIMBAOS","6279"
"74349","PASIR PUTIH","6260"
"74350","PASIR PUTIH","6349"
"74351","PASIR PUTIH","6314"
"74352","PASLAL","6313"
"74353","PASTABULU","6328"
"74354","PASTINA","6327"
"74355","PATANG","6298"
"74356","PATELEY (PETELEI)","6300"
"74357","PATENG","6242"
"74358","PATLEAN JAYA","6322"
"74359","PATLEAN","6322"
"74360","PAYAHE","6283"
"74361","PAYO","6242"
"74362","PEDIWANG (PIDIWANG)","6305"
"74363","PEKAULAN","6274"
"74364","PELERI","6286"
"74365","PELITA (PELITA JAYA)","6256"
"74366","PELITA JAYA","6346"
"74367","PELITA","6296"
"74368","PELITA","6318"
"74369","PENITI","6302"
"74370","PENU","6353"
"74371","PEOT","6285"
"74372","PERUM BERSATU","6301"
"74373","PIGARAJA","6351"
"74374","PILOWO","6246"
"74375","PINTATU","6255"
"74376","PITAGO","6277"
"74377","PITU","6344"
"74378","PLOLI (PLOLY)","6316"
"74379","POCAO","6264"
"74380","PODIMOR PADANGE","6267"
"74381","PODOL","6266"
"74382","PODOL","6264"
"74383","POHEA","6280"
"74384","POPILA UTARA","6339"
"74385","POPILO","6339"
"74386","POPON","6298"
"74387","PORNITY (PORNITI)","6242"
"74388","POSI POSI RAO","6265"
"74389","POSI POSI","6292"
"74390","POSI POSI","6349"
"74391","POSI POSI","6264"
"74392","PRAPAKANDA","6279"
"74393","PUAO","6309"
"74394","PULAU GALA","6338"
"74395","PUMADADA","6268"
"74396","PUMLANGA","6322"
"74397","PUNE","6289"
"74398","RABUTDAIYO (RABUTDAIO)","6316"
"74399","RAHMAT","6312"
"74400","RAJA","6265"
"74401","RANGA RANGA","6333"
"74402","RATEM","6253"
"74403","RAWAJAYA","6335"
"74404","RAWAMANGUN","6252"
"74405","RIORIBATI","6253"
"74406","ROKO","6320"
"74407","ROPU TENGAH HULU","6285"
"74408","RUA","6245"
"74409","RUKO","6339"
"74410","RUM BALIBUNGA","6244"
"74411","RUM","6244"
"74412","SABALA","6246"
"74413","SABALEH","6286"
"74414","SABALEI (SEBELEI)","6306"
"74415","SABATAI BARU","6246"
"74416","SABATAI TUA","6246"
"74417","SABATANG","6272"
"74418","SAGAWELE","6349"
"74419","SAGEA","6323"
"74420","SAHU","6247"
"74421","SAILAL","6274"
"74422","SAKAM","6302"
"74423","SAKETA","6287"
"74424","SAKITA (SAKETA / BOTONAM)","6261"
"74425","SAKITA","6295"
"74426","SALAHUDDIN","6334"
"74427","SALATI","6297"
"74428","SALERO","6258"
"74429","SALI KECIL","6272"
"74430","SALIMULI","6296"
"74431","SALU","6268"
"74432","SALUBE","6315"
"74433","SALUTA","6296"
"74434","SAMA","6284"
"74435","SAMAT","6292"
"74436","SAMBIKI BARU","6312"
"74437","SAMBIKI","6312"
"74438","SAMBIKI","6248"
"74439","SAMINYAMAU","6265"
"74440","SAMO","6292"
"74441","SAMSUMA","6286"
"74442","SAMUDA (SAMUDRA)","6320"
"74443","SAMUYA","6353"
"74444","SANAFI","6326"
"74445","SANGAJI JAYA","6277"
"74446","SANGAJI NYEKU","6266"
"74447","SANGAJI UTARA","6258"
"74448","SANGAJI","6258"
"74449","SANGAPATI","6316"
"74450","SANGO","6258"
"74451","SANGOWO BARAT","6312"
"74452","SANGOWO TIMUR","6312"
"74453","SANGOWO","6312"
"74454","SANIAHAYA","6328"
"74455","SANTIONG","6334"
"74456","SAOLAT","6255"
"74457","SARAMAKE (SARAMAAKE)","6255"
"74458","SARAU","6243"
"74459","SARIA","6242"
"74460","SASA","6290"
"74461","SASUR PANTAI","6285"
"74462","SASUR","6298"
"74463","SASUR","6285"
"74464","SAWADAI","6317"
"74465","SAWAI ITEPO","6348"
"74466","SAWANAKAR (SAWANGAKAR / SAWANGKANG)","6279"
"74467","SAWAT","6333"
"74468","SAYOANG","6272"
"74469","SEKELY","6271"
"74470","SEKI","6282"
"74471","SELAMALOFO","6340"
"74472","SELI","6331"
"74473","SENGGA BARU","6269"
"74474","SESELI JAYA","6312"
"74475","SIBENPOPO","6288"
"74476","SIDANGA","6269"
"74477","SIDANGA","6329"
"74478","SIDANGOLI DEHE","6253"
"74479","SIDANGOLI GAM","6253"
"74480","SIDODADI","6249"
"74481","SIDOMULYO","6252"
"74482","SIDOPO","6336"
"74483","SIKO","6278"
"74484","SIL","6300"
"74485","SILALAYSANG (SILALAYANG)","6309"
"74486","SILANG","6351"
"74487","SIMAU","6289"
"74488","SIRONGO FOLARAHA","6244"
"74489","SKOM","6332"
"74490","SOA GIMALAHA","6352"
"74491","SOA HUKUM","6277"
"74492","SOA LAIPOH","6352"
"74493","SOA SANGAJI","6352"
"74494","SOA SIO","6289"
"74495","SOA SIO","6258"
"74496","SOA SIO","6331"
"74497","SOA","6258"
"74498","SOA-SIO","6268"
"74499","SOADARA","6331"
"74500","SOAKONORA","6282"
"74501","SOAKONORA","6242"
"74502","SOAMAETEK","6277"
"74503","SOAMOLE","6293"
"74504","SOANA MASUNGI","6251"
"74505","SOASANGAJI DIM DIM","6298"
"74506","SOASANGAJI","6266"
"74507","SOASANGAJI","6262"
"74508","SOATOBARU","6320"
"74509","SOFAN","6294"
"74510","SOFIFI","6259"
"74511","SOLIGI","6307"
"74512","SOMA (SUMA)","6316"
"74513","SOMA","6286"
"74514","SOMAHODE","6259"
"74515","SONDO-SONDO","6255"
"74516","SONGA","6299"
"74517","SONOF KACEPO","6326"
"74518","SOPI MAJIKO","6267"
"74519","SOPI","6267"
"74520","SOSEPE","6347"
"74521","SOSOL","6286"
"74522","SOSOLAT","6322"
"74523","SOSOWOMO","6250"
"74524","SOWOLI","6300"
"74525","STADION","6334"
"74526","SUBAIM","6291"
"74527","SUKA DAMAI","6292"
"74528","SUKA DAMAI","6253"
"74529","SUKAMAJU","6303"
"74530","SULAMADAHA","6245"
"74531","SUM","6347"
"74532","SUMA TINGGI","6263"
"74533","SUMAE","6263"
"74534","SUMBER AGUNG","6298"
"74535","SUMBER MAKMUR","6261"
"74536","SUMBER SARI","6250"
"74537","SUMBONG","6276"
"74538","SUPU","6264"
"74539","SUSUPU","6285"
"74540","TABA CAMPAKA","6249"
"74541","TABA DAMAI (DB)","6253"
"74542","TABAHIDAYAH","6304"
"74543","TABAHIJRAH","6304"
"74544","TABAJAYA","6351"
"74545","TABALEMA","6275"
"74546","TABAM","6258"
"74547","TABAMASA","6287"
"74548","TABANALOU (TABANOLI)","6255"
"74549","TABANGAME","6351"
"74550","TABAPOMA","6299"
"74551","TABONA","6276"
"74552","TABOSO (TOBOSA / TABASO)","6242"
"74553","TACICI","6285"
"74554","TACIM","6285"
"74555","TADENAS","6330"
"74556","TADUPI","6257"
"74557","TAFAGA","6330"
"74558","TAFAMUTU","6330"
"74559","TAFASOHO","6286"
"74560","TAFRAKA","6321"
"74561","TAFURE","6258"
"74562","TAGALAYA","6340"
"74563","TAGALAYA","6335"
"74564","TAGEA","6304"
"74565","TAGONO","6286"
"74566","TAHAFO","6251"
"74567","TAHANE","6286"
"74568","TAKIMO","6277"
"74569","TAKOFI","6330"
"74570","TAKOMA","6334"
"74571","TAKOME","6245"
"74572","TALAGA JAYA","6255"
"74573","TALAGA PACA","6325"
"74574","TALAGA","6243"
"74575","TALAPAO (TALAPAON)","6306"
"74576","TALAPAO","6286"
"74577","TALIMAU","6278"
"74578","TALO","6308"
"74579","TANAH RAJA","6334"
"74580","TANAH TINGGI BARAT","6290"
"74581","TANAH TINGGI","6290"
"74582","TANJUNG JERE","6261"
"74583","TANJUNG NIARA (WOSI / WOSIA SELATAN)","6344"
"74584","TANJUNG OBIT","6279"
"74585","TANJUNG SALEH","6295"
"74586","TANJUNG UNA","6247"
"74587","TANURE","6255"
"74588","TAPA","6262"
"74589","TARAU","6258"
"74590","TARAUDU KUSU","6249"
"74591","TARAUDU","6285"
"74592","TARUBA","6285"
"74593","TASYE","6268"
"74594","TATALEKA","6253"
"74595","TATAM","6311"
"74596","TATANGAPU","6273"
"74597","TATE","6264"
"74598","TAURO","6242"
"74599","TAWA","6299"
"74600","TAWA","6271"
"74601","TAWA","6342"
"74602","TAWABI","6341"
"74603","TAWABI","6278"
"74604","TAWABI","6338"
"74605","TAWAKALI","6295"
"74606","TEDENG","6242"
"74607","TEGONO","6306"
"74608","TELUK BULI","6274"
"74609","TEMBAL","6317"
"74610","TENGOWANGO (TEONGOWANGO)","6266"
"74611","TEPELEO BATUDUA","6302"
"74612","TERPADU","6286"
"74613","TERU-TERU","6264"
"74614","TETEWANG","6260"
"74615","TEWE","6253"
"74616","TEWIL","6352"
"74617","TIBOBO","6249"
"74618","TIFURE","6301"
"74619","TIKONG","6247"
"74620","TILEY KUSU","6265"
"74621","TILEY PANTAI","6265"
"74622","TILOPE (TEPELEO)","6302"
"74623","TILOPE (TILOPPE)","6250"
"74624","TIMLONGA","6272"
"74625","TIMPAUS","6308"
"74626","TIOUA","6325"
"74627","TIOWOR","6260"
"74628","TITIGOGOLI","6267"
"74629","TOBANOMA","6260"
"74630","TOBAOL","6251"
"74631","TOBARU","6261"
"74632","TOBE","6325"
"74633","TOBELOS","6243"
"74634","TOBO TOBO","6315"
"74635","TOBOBO","6286"
"74636","TOBOBOL (TABOBOL)","6243"
"74637","TOBOINO","6252"
"74638","TOBOKO","6290"
"74639","TOBOLEU","6258"
"74640","TOBOLOLO","6245"
"74641","TOBONA (TABONA)","6290"
"74642","TOBOULAMO","6277"
"74643","TODAHE","6285"
"74644","TODOKE","6266"
"74645","TODOKUIHA","6337"
"74646","TODOLI","6350"
"74647","TODOWANGI (TODOWONGI)","6242"
"74648","TOGAFO","6245"
"74649","TOGASA","6296"
"74650","TOGAWA","6282"
"74651","TOGAWABESI","6282"
"74652","TOGEMA","6257"
"74653","TOGOLA SANGER / SANGIR","6251"
"74654","TOGOLA WAYOLO / WAYOLI","6251"
"74655","TOGOLIUA","6303"
"74656","TOGOLOBE","6321"
"74657","TOGOREBA SUNGI (TUGUREBA SUNGI)","6266"
"74658","TOGOREBA TUA","6266"
"74659","TOGOWO","6266"
"74660","TOIN","6279"
"74661","TOKAKA","6292"
"74662","TOLABIT","6277"
"74663","TOLISAOR","6266"
"74664","TOLIWANG","6277"
"74665","TOLOA","6319"
"74666","TOLOFUO","6268"
"74667","TOLONG","6350"
"74668","TOLONUA SELATAN","6339"
"74669","TOLONUO","6339"
"74670","TOMA HALU","6325"
"74671","TOMAGOBA","6331"
"74672","TOMAJIKO","6321"
"74673","TOMALOU","6319"
"74674","TOMARA","6299"
"74675","TOMARES","6255"
"74676","TOMODO","6268"
"74677","TOMORI","6263"
"74678","TONGOWAI","6319"
"74679","TONGUTE GOIN","6251"
"74680","TONGUTE SUNGI","6251"
"74681","TONGUTE TERNATE SELATAN","6251"
"74682","TONGUTE TERNATE","6251"
"74683","TONIKU","6253"
"74684","TOPO TIGA","6331"
"74685","TOPO","6331"
"74686","TORAWA","6289"
"74687","TORAWAT","6277"
"74688","TOSA","6324"
"74689","TOSEHO","6283"
"74690","TOSOA","6243"
"74691","TOSOMOLO","6268"
"74692","TOTALA JAYA","6268"
"74693","TOTALA","6268"
"74694","TOTODOKU","6246"
"74695","TOWARA","6267"
"74696","TOWEKA","6289"
"74697","TUADA","6242"
"74698","TUAKARA","6315"
"74699","TUAKARA","6268"
"74700","TUBANG","6353"
"74701","TUBO","6258"
"74702","TUGUAER","6243"
"74703","TUGUIHA","6319"
"74704","TUGUIS","6266"
"74705","TUGUIS","6277"
"74706","TUGUIS","6268"
"74707","TUGURACI","6253"
"74708","TUKUOKU","6266"
"74709","TULUI TALAGAMORI","6283"
"74710","TUNUO","6305"
"74711","TUTUHA","6342"
"74712","TUTUHU (TUTHU)","6265"
"74713","TUTULING JAYA","6252"
"74714","TUTUMALOLEO","6296"
"74715","TUTUPA","6299"
"74716","TUWOKONA (TUAKONA)","6317"
"74717","UBO-UBO","6290"
"74718","UFUNG","6247"
"74719","ULO","6242"
"74720","UMALOYA","6327"
"74721","UMERA","6326"
"74722","UMIYAL","6326"
"74723","UPA","6344"
"74724","URIFOLA","6313"
"74725","USBAR PANTAI","6265"
"74726","WACI","6300"
"74727","WAI INA","6343"
"74728","WAI IPA","6327"
"74729","WAI TAMUA","6332"
"74730","WAI U","6313"
"74731","WAIBAU","6327"
"74732","WAIBOGA","6293"
"74733","WAIGAI","6332"
"74734","WAIGITANG  /  WAIGITAN","6316"
"74735","WAIGOIYOFA","6284"
"74736","WAIHAMA","6327"
"74737","WAIJOI","6255"
"74738","WAIKADAI SULA","6294"
"74739","WAIKADAI","6294"
"74740","WAIKAFIA","6270"
"74741","WAIKOKA","6294"
"74742","WAIKYON (KOTA)","6316"
"74743","WAILAB","6270"
"74744","WAILAU","6327"
"74745","WAILEGI","6281"
"74746","WAILIA","6284"
"74747","WAILOA","6316"
"74748","WAILOBA","6313"
"74749","WAILUKUM","6352"
"74750","WAIMAN","6293"
"74751","WAINIB","6332"
"74752","WAININ","6280"
"74753","WAIRORO INDAH","6250"
"74754","WAISAKAI","6346"
"74755","WAISEPA","6284"
"74756","WAISUBA","6291"
"74757","WAISUM","6346"
"74758","WAITAMELA","6345"
"74759","WAITINA","6345"
"74760","WAITULIA","6313"
"74761","WALEH","6323"
"74762","WALO","6316"
"74763","WAMA","6340"
"74764","WANGEOTEK (WANGEOTAK)","6286"
"74765","WANGONGIRA","6303"
"74766","WARI INO","6335"
"74767","WARI","6335"
"74768","WARINGI","6314"
"74769","WARINGIN LAMO","6298"
"74770","WARINGIN LELEWI","6298"
"74771","WARINGIN","6265"
"74772","WARUDU","6305"
"74773","WASILE","6255"
"74774","WASILEO","6322"
"74775","WATETO","6305"
"74776","WAWAMA","6246"
"74777","WAYA","6256"
"74778","WAYABULA","6265"
"74779","WAYAFLI (WAYAMLI)","6274"
"74780","WAYAKUBA","6351"
"74781","WAYALOAR","6307"
"74782","WAYAMIGA","6272"
"74783","WAYAMLI (WAYAMLY)","6273"
"74784","WAYASIPANG","6254"
"74785","WAYATIM","6299"
"74786","WAYAUA","6351"
"74787","WAYO","6308"
"74788","WEDA  /  WEDANA","6329"
"74789","WERE","6329"
"74790","WEWEMO","6312"
"74791","WIRING","6341"
"74792","WKO","6344"
"74793","WODA","6283"
"74794","WOEJERANA","6348"
"74795","WOEKOB","6348"
"74796","WOKA JAYA","6252"
"74797","WONOSARI","6277"
"74798","WOOI","6347"
"74799","WORAT WORAT","6285"
"74800","WORI MOI","6264"
"74801","WOSI (WOSIA)","6344"
"74802","WOSI","6261"
"74803","YABA","6336"
"74804","YAMLY","6271"
"74805","YANG","6326"
"74806","YAO","6295"
"74807","YARO","6337"
"74808","YAWAL","6255"
"74809","YAWANLI","6273"
"74810","YAYASAN","6246"
"74811","YEISOWO","6281"
"74812","YEKE","6323"
"74813","YOMEN","6338"
"74814","YONDELIU","6281"
"74815","YOYOK","6275"
"74816","ABAGIMA","6354"
"74817","ABAIMAIDA","6355"
"74818","ABAMU","6356"
"74819","ABAR (ATABAR)","6357"
"74820","ABATADI","6358"
"74821","ABAU","6359"
"74822","ABENA","6360"
"74823","ABENAHO","6354"
"74824","ABEPANTAI","6361"
"74825","ABEPUR","6362"
"74826","ABERIAMBUT","6363"
"74827","ABIMBAK","6364"
"74828","ABMISIBIL (APMISIBIL)","6365"
"74829","ABOGE","6366"
"74830","ABONERI","6367"
"74831","ABOUYAGA","6368"
"74832","ABOY","6369"
"74833","ABUA","6370"
"74834","ABUALAK","6371"
"74835","ABUKEROM","6372"
"74836","ABULUKMO","6373"
"74837","ABURAGE","6374"
"74838","ABUSA","6375"
"74839","ABUTPUK","6376"
"74840","ACENEP (OCENEP)","6377"
"74841","ADADINASNOSEN (ADAINASNOSEN)","6378"
"74842","ADAUWO","6379"
"74843","ADIWIPI","6380"
"74844","ADOKI","6381"
"74845","ADORBARI","6382"
"74846","AFEFBO","6382"
"74847","AFOGOMA","6383"
"74848","AGADUGUME","6384"
"74849","AGAIN","6385"
"74850","AGAMOA","6386"
"74851","AGANI","6387"
"74852","AGAPA","6388"
"74853","AGAPE","6389"
"74854","AGAPO","6358"
"74855","AGAPO","6390"
"74856","AGHAM (AGHAIN)","6391"
"74857","AGIMDEK","6392"
"74858","AGIN","6393"
"74859","AGISIGA","6394"
"74860","AGIYOME","6395"
"74861","AGOPAGA","6363"
"74862","AGUIT (AGUWIT)","6396"
"74863","AGULIMO","6397"
"74864","AIB","6398"
"74865","AIBOA","6399"
"74866","AIBONDENI","6400"
"74867","AIBORE","6401"
"74868","AIDUNA (AINDUA)","6402"
"74869","AIFO","6403"
"74870","AIKAI","6404"
"74871","AIKAWAPUKA","6405"
"74872","AIKIMA","6406"
"74873","AIKUT","6407"
"74874","AILPALIN (ALPALIN)","6408"
"74875","AINAMSATO","6377"
"74876","AIPAKMA","6409"
"74877","AIR GARAM","6410"
"74878","AIR GARAM","6411"
"74879","AIR GARAM","6412"
"74880","AIR MANDIDI","6413"
"74881","AIRORAN","6414"
"74882","AIS","6377"
"74883","AISAU","6415"
"74884","AITIRI","6416"
"74885","AIWARAGGANI","6380"
"74886","AIWAT","6417"
"74887","AJIN","6418"
"74888","AKAMAR","6419"
"74889","AKAN TAPAK","6377"
"74890","AKAR","6420"
"74891","AKAT (AYAM)","6421"
"74892","AKENGGEN","6422"
"74893","AKIAPUT","6406"
"74894","AKIMA","6423"
"74895","AKMAKOT","6424"
"74896","AKMER","6425"
"74897","AKOREK","6409"
"74898","AKOUBAIDA","6358"
"74899","AKSAL","6426"
"74900","AKUDIOMI (AKUIDIOMI)","6427"
"74901","AKWIBAGA","6428"
"74902","AKYAKO","6372"
"74903","ALAKU","6429"
"74904","ALAMA","6430"
"74905","ALATEP (ALATEPI)","6429"
"74906","ALDOM","6424"
"74907","ALEAK","6431"
"74908","ALELENG","6432"
"74909","ALEMSOM","6433"
"74910","ALGONIK","6367"
"74911","ALGURU","6434"
"74912","ALHAI","6435"
"74913","ALIDUDA","6436"
"74914","ALIGAPAGA","6437"
"74915","ALIMUHUK","6438"
"74916","ALIRJI","6439"
"74917","ALOBAGA","6440"
"74918","ALOLIK","6441"
"74919","ALONA","6376"
"74920","ALOPUR","6362"
"74921","ALUGI","6354"
"74922","ALUGI","6442"
"74923","ALUIS","6443"
"74924","ALULA","6441"
"74925","ALUTBAKON","6444"
"74926","AMAGAIS","6445"
"74927","AMAGATSU","6446"
"74928","AMAGO","6447"
"74929","AMAITA","6377"
"74930","AMAKOT","6448"
"74931","AMAMAPARE","6449"
"74932","AMAN","6450"
"74933","AMANAMKAI","6451"
"74934","AMAR","6452"
"74935","AMARU (AMORO)","6445"
"74936","AMASU (AMAZU)","6453"
"74937","AMBAI I","6380"
"74938","AMBAI II","6380"
"74939","AMBAIDIRU","6454"
"74940","AMBENA","6455"
"74941","AMBERPAREM (AMPEREM)","6456"
"74942","AMBILIKI","6457"
"74943","AMBIRIK","6458"
"74944","AMBISU","6451"
"74945","AMBIT-MBIT","6363"
"74946","AMBO","6459"
"74947","AMBOK","6460"
"74948","AMBORA","6461"
"74949","AMBORAN","6462"
"74950","AMDUA","6463"
"74951","AMENDA","6446"
"74952","AMFULMA","6464"
"74953","AMGOTRO","6465"
"74954","AMISANGI","6466"
"74955","AMK","6467"
"74956","AMKAI","6445"
"74957","AMKUN  /  AMKUM (ANKUM)","6445"
"74958","AMMOY","6450"
"74959","AMOR","6356"
"74960","AMPAS","6468"
"74961","AMPERA","6469"
"74962","AMPERA","6470"
"74963","AMPERA","6471"
"74964","AMPERA","6472"
"74965","AMPIMOI","6473"
"74966","AMPOLONGSILI","6457"
"74967","AMPONBUKOR","6474"
"74968","AMSIRA","6475"
"74969","AMUAN","6476"
"74970","AMUKI","6354"
"74971","AMULAME (AMULUME)","6422"
"74972","AMULOME","6477"
"74973","AMULUK","6457"
"74974","AMUMA","6478"
"74975","AMUNGKALPIA (AMUNGKALIPIA)","6395"
"74976","AMUNGUN","6479"
"74977","AMUNKAI (AMUN KAY)","6480"
"74978","AMURINGGIK","6459"
"74979","AMURO (OMURO)","6446"
"74980","AMYABENRAM","6381"
"74981","AMYAS","6481"
"74982","ANASI","6482"
"74983","ANATAUREI (ANATOREI)","6483"
"74984","ANAWI","6484"
"74985","ANDAITO","6485"
"74986","ANDEI SUP","6486"
"74987","ANDEI","6474"
"74988","ANDEI","6487"
"74989","ANDEI","6486"
"74990","ANDESARIA (ANDERSARIA)","6488"
"74991","ANDIRON","6363"
"74992","ANDOINA","6489"
"74993","ANDOMAK","6436"
"74994","ANDOPBIT","6490"
"74995","ANDUANG","6491"
"74996","ANDUGUME","6492"
"74997","ANEBALUI","6428"
"74998","ANEGARA (ANEGERA)","6373"
"74999","ANEYA","6493"
"75000","ANGGADUBER","6494"
"75001","ANGGAI","6495"
"75002","ANGGAMBURAN","6462"
"75003","ANGGER PARMEGI (PERMEGI)","6496"
"75004","ANGGOPI","6494"
"75005","ANGGRAIDI","6497"
"75006","ANGGRESO","6498"
"75007","ANGGULPA","6499"
"75008","ANGGULPA","6500"
"75009","ANGGUMBIT","6490"
"75010","ANGGUTARE","6477"
"75011","ANGGUTARI","6363"
"75012","ANGKASA DUA","6475"
"75013","ANGKASA","6501"
"75014","ANGKASAPURA","6502"
"75015","ANIBOI","6503"
"75016","ANIMAREM","6504"
"75017","ANIMI","6494"
"75018","ANITILA","6505"
"75019","ANJAREW","6378"
"75020","ANJELMA","6412"
"75021","ANJEREUW","6378"
"75022","ANOBO","6506"
"75023","ANSUDU (ANSUBI)","6507"
"75024","ANSUDU II (SREM)","6507"
"75025","ANSUS","6508"
"75026","ANTU ARU","6509"
"75027","ANUS","6510"
"75028","ANYUMKA","6511"
"75029","AOEP","6512"
"75030","AOU","6512"
"75031","APAINABO","6513"
"75032","APALAPSILI","6438"
"75033","APALO","6514"
"75034","APDAGMA (APDAKMA)","6515"
"75035","APELOME","6428"
"75036","APENAS","6516"
"75037","APIAM","6517"
"75038","APIRI (IPIRI)","6452"
"75039","APLIM","6518"
"75040","APNAE","6519"
"75041","APOGOMAKIDA (APOROMAKIDA)","6520"
"75042","APTAM","6521"
"75043","ARABODA","6522"
"75044","ARAMSOLKI","6479"
"75045","ARARE","6446"
"75046","ARARE","6472"
"75047","ARARENI","6473"
"75048","ARBAIS","6523"
"75049","ARDIPURA","6524"
"75050","AREA","6371"
"75051","AREBE / NINGGAME","6525"
"75052","ARELAM","6360"
"75053","ARGAPURA","6524"
"75054","ARGENERI (ARIGENERI / ARGINERI)","6526"
"75055","ARGOMULYO","6527"
"75056","ARIDUNDA","6484"
"75057","ARIEPI DUA","6454"
"75058","ARIEPI","6454"
"75059","ARIKBALEK","6354"
"75060","ARIKOBA","6528"
"75061","ARIMBET","6529"
"75062","ARIMBIT","6511"
"75063","ARIMI JAYA","6456"
"75064","ARINA","6530"
"75065","ARINGGAK","6363"
"75066","ARINGGON","6530"
"75067","ARINKOP","6531"
"75068","ARINTAP","6532"
"75069","ARMISE","6369"
"75070","ARMNU","6533"
"75071","ARMO","6534"
"75072","ARMOPA","6510"
"75073","AROA","6529"
"75074","AROMAREA","6454"
"75075","AROMBOK","6535"
"75076","ARSBOL","6536"
"75077","ARSO KOTA","6537"
"75078","ARSO SWAKARSA (ASIAMAN)","6537"
"75079","ARSOPURA","6538"
"75080","ARUGIA","6539"
"75081","ARUI","6540"
"75082","ARUKU","6541"
"75083","ARULO","6528"
"75084","ARUMAGI","6528"
"75085","ARURI","6542"
"75086","ARUSWAR","6523"
"75087","ARWANDOP (ARWANOP)","6543"
"75088","ARYOBU","6544"
"75089","AS","6512"
"75090","ASAI","6544"
"75091","ASAIBORI","6545"
"75092","ASANO","6361"
"75093","ASAREN (ASSAREN)","6366"
"75094","ASARKIR","6474"
"75095","ASARYENDI","6474"
"75096","ASARYENDI","6545"
"75097","ASEI BESAR","6546"
"75098","ASEI KECIL","6546"
"75099","ASGUN","6418"
"75100","ASIA","6547"
"75101","ASIKI","6495"
"75102","ASILIKMA","6438"
"75103","ASOJELIPELE","6516"
"75104","ASOK","6548"
"75105","ASOLOGAIMA","6549"
"75106","ASOLOKOBAL","6550"
"75107","ASOTAPO","6550"
"75108","ASOTAPO","6551"
"75109","ASOTIPO","6410"
"75110","ASSET","6552"
"75111","ASUA","6553"
"75112","ASUA","6460"
"75113","ASUR","6554"
"75114","ASUWETSY","6555"
"75115","ATAMBUTS","6556"
"75116","ATANG DOKI","6557"
"75117","ATAT","6512"
"75118","ATEMBABOL","6558"
"75119","ATENOR  /  ATENAR","6444"
"75120","ATER","6532"
"75121","ATI  /  ATTI","6559"
"75122","ATOLDOL (ATOLBOL)","6365"
"75123","ATOLI","6459"
"75124","ATOU (TUAMANI)","6379"
"75125","ATOUDA","6447"
"75126","ATSIPIM","6446"
"75127","ATSJ (ATSY)","6451"
"75128","ATUKA","6405"
"75129","AUBAN","6560"
"75130","AUKI","6561"
"75131","AUKUNI","6562"
"75132","AULAKMU","6389"
"75133","AULAME","6389"
"75134","AULANI","6563"
"75135","AULUKME","6363"
"75136","AURIMI","6414"
"75137","AURINA","6564"
"75138","AUSEM","6565"
"75139","AUTAKMA","6566"
"75140","AUTPAHIK","6567"
"75141","AUTRIOP","6568"
"75142","AWABUTU","6404"
"75143","AWADO","6400"
"75144","AWAKEN (NYUM)","6511"
"75145","AWAKI","6569"
"75146","AWASO","6399"
"75147","AWAYANKA","6476"
"75148","AWAYANKA","6490"
"75149","AWEBUTU","6570"
"75150","AWERA","6399"
"75151","AWERA","6571"
"75152","AWINBON","6572"
"75153","AWIYAM","6460"
"75154","AWIYO","6361"
"75155","AWOK","6573"
"75156","AWORERA","6574"
"75157","AWORERA","6392"
"75158","AWORKEY  /  AWORKET","6575"
"75159","AWUNAWAI","6576"
"75160","AYAFOFA","6577"
"75161","AYAK","6448"
"75162","AYAPO (ITAKIWA)","6546"
"75163","AYARI","6473"
"75164","AYATE (AYATEI)","6578"
"75165","AYEKI","6536"
"75166","AYIR","6356"
"75167","AYOBAIBUR (AYUBAIBUR)","6579"
"75168","AYOMA","6580"
"75169","AYUKA","6449"
"75170","BAAD","6581"
"75171","BABE","6582"
"75172","BABET","6583"
"75173","BABIJA","6498"
"75174","BABLIK","6438"
"75175","BABRINBO","6497"
"75176","BABRONGKO (IFAR BOBRONGKO)","6357"
"75177","BACINI (BAKCINI)","6396"
"75178","BADAWO","6404"
"75179","BADE","6584"
"75180","BAGAIR","6377"
"75181","BAGAISERWAR","6534"
"75182","BAGAISEWAR DUA  /  II","6585"
"75183","BAGAISEWAR II","6534"
"75184","BAGANAGAPUR","6586"
"75185","BAGARAM","6383"
"75186","BAGI","6587"
"75187","BAGIA (PIR 3)","6537"
"75188","BAGOU (BAGAU)","6588"
"75189","BAGUMOMA","6588"
"75190","BAGUNI","6589"
"75191","BAGUSA (BAGUS)","6590"
"75192","BAGUWO","6358"
"75193","BAHBOLMA","6591"
"75194","BAIDUB","6592"
"75195","BAINO JAYA","6593"
"75196","BAIREI","6380"
"75197","BAISORE","6380"
"75198","BAITANASA","6594"
"75199","BAITATE","6383"
"75200","BAKASEI","6451"
"75201","BAKATA","6595"
"75202","BAKLEMA","6596"
"75203","BAKO","6597"
"75204","BAKRIBO","6494"
"75205","BAKUSI","6459"
"75206","BAKWALIN YUB","6433"
"75207","BAKYOR","6377"
"75208","BALAMAI (BALAIMAI)","6394"
"75209","BALIBLABUK (BALIKLABUR)","6491"
"75210","BALIMA","6367"
"75211","BALIME (BALINGGA)","6505"
"75212","BALIME","6505"
"75213","BALIMINGGI","6362"
"75214","BALIMINGGI","6598"
"75215","BALIMNERI","6505"
"75216","BALINGGAMA","6599"
"75217","BALINGGUP","6600"
"75218","BALSEK","6597"
"75219","BALUK","6601"
"75220","BALUM ERANG","6478"
"75221","BAMBAR","6602"
"75222","BAMBI","6603"
"75223","BAMBISIK","6604"
"75224","BAMBU PEMALI","6605"
"75225","BAMOGO (MBAMOGO)","6394"
"75226","BAMOL DUA (II)","6606"
"75227","BAMOL SATU (I)","6606"
"75228","BANAMEPE","6584"
"75229","BANASRARES","6474"
"75230","BANAWA","6483"
"75231","BANDA","6468"
"75232","BANDUA","6607"
"75233","BANGA","6608"
"75234","BANGAI","6609"
"75235","BANGGABEAK","6434"
"75236","BANGGERI","6586"
"75237","BANGUN","6610"
"75238","BANIGOGOM","6543"
"75239","BANLI","6611"
"75240","BANUM","6448"
"75241","BAPE","6425"
"75242","BARAMA","6612"
"75243","BARAMIRYE","6613"
"75244","BARAPASI (BARADASI)","6614"
"75245","BARAWAI II","6415"
"75246","BARAWAI","6415"
"75247","BARAWAIKAP","6483"
"75248","BARENAME / LUANGGI","6615"
"75249","BARERAIPI (BARERAI / BARERAIF)","6473"
"75250","BARERI","6616"
"75251","BARI","6617"
"75252","BARICE","6613"
"75253","BARIWARO","6614"
"75254","BARKORI","6545"
"75255","BARU","6597"
"75256","BARUKI","6618"
"75257","BASAL","6463"
"75258","BASIM","6377"
"75259","BASIRINGE","6612"
"75260","BASMAN","6619"
"75261","BATANI","6595"
"75262","BATKUK","6463"
"75263","BATOM DUA","6372"
"75264","BATOM","6372"
"75265","BATU MERAH","6566"
"75266","BAUDI","6590"
"75267","BAUTME","6620"
"75268","BAWAI","6483"
"75269","BAWEI","6486"
"75270","BAWEI","6621"
"75271","BAWI","6385"
"75272","BAWI","6622"
"75273","BAWOR","6623"
"75274","BAWOS","6377"
"75275","BAYANGGOP","6624"
"75276","BAYIW PINAM","6421"
"75277","BAYUN","6575"
"75278","BEAM","6367"
"75279","BEBEKLE","6439"
"75280","BEBON JAYA","6510"
"75281","BECO","6421"
"75282","BEIM","6354"
"75283","BEKO","6625"
"75284","BELA","6395"
"75285","BELABAGA","6600"
"75286","BELANTARA","6363"
"75287","BELBELAND","6592"
"75288","BELEISE","6525"
"75289","BELELA","6626"
"75290","BELEME","6470"
"75291","BELEP","6627"
"75292","BELOMO","6372"
"75293","BEMHIMIKU","6557"
"75294","BENARI","6501"
"75295","BENAWA SATU","6469"
"75296","BENEIK","6628"
"75297","BENEMBIA","6599"
"75298","BENGGEM","6629"
"75299","BENGGO","6467"
"75300","BENGGUIN PROGO","6398"
"75301","BENSOR","6614"
"75302","BENYAM","6438"
"75303","BENYOM JAYA I","6630"
"75304","BENYOM JAYA II","6630"
"75305","BENYOM","6631"
"75306","BERA","6548"
"75307","BERAB","6630"
"75308","BERELEMA","6477"
"75309","BEREM","6389"
"75310","BEREMBANAK","6632"
"75311","BEREMO","6622"
"75312","BERENGGO (BERENGGA)","6627"
"75313","BERIME","6389"
"75314","BERIMONO","6418"
"75315","BERIP  /  BIRIP","6356"
"75316","BERSEHATI","6480"
"75317","BERUSAHA","6553"
"75318","BESIKA","6418"
"75319","BESUM","6633"
"75320","BETAF II (TAMNIR)","6507"
"75321","BETAF","6507"
"75322","BETBERE","6634"
"75323","BETEN DUA","6635"
"75324","BEYAM","6354"
"75325","BHAYANGKARA (BAYANGKARA)","6502"
"75326","BHINTUKA","6636"
"75327","BIAK","6600"
"75328","BIALA","6604"
"75329","BIANDOGA","6493"
"75330","BIAS","6637"
"75331","BIAS","6638"
"75332","BIATAPA","6493"
"75333","BIAWER","6450"
"75334","BIBIDA","6639"
"75335","BIBIKEM","6640"
"75336","BIDNEU (BIDNEW)","6359"
"75337","BIELEME","6484"
"75338","BIFO","6359"
"75339","BIGIPAGA","6370"
"75340","BIGIRAGE","6389"
"75341","BIHA","6641"
"75342","BILAI DUA (II)","6388"
"75343","BILAI SATU (I)","6388"
"75344","BILEDUMU","6634"
"75345","BILIP BAYO","6557"
"75346","BILOGAI","6642"
"75347","BILUBAGA","6360"
"75348","BIMBOGUL","6423"
"75349","BIME","6643"
"75350","BIME","6389"
"75351","BIMO","6644"
"75352","BIMU","6607"
"75353","BINA","6414"
"75354","BINA","6396"
"75355","BINALKOM","6433"
"75356","BINALKON","6645"
"75357","BINAM","6448"
"75358","BINAMSAIN","6560"
"75359","BINDUSI","6382"
"75360","BINE","6451"
"75361","BINELERUK","6646"
"75362","BINELUK","6647"
"75363","BINERBIS","6453"
"75364","BINGGELAKME","6389"
"75365","BINI","6501"
"75366","BINI","6648"
"75367","BINIBAGA","6649"
"75368","BINIKI","6569"
"75369","BINIME","6514"
"75370","BINIME","6650"
"75371","BINIME","6437"
"75372","BINYER","6585"
"75373","BINYERI","6381"
"75374","BIOPIS","6377"
"75375","BIPIN (BIPIM)","6451"
"75376","BIRAK AMBUT","6477"
"75377","BIRAK","6419"
"75378","BIRE","6651"
"75379","BIRI","6652"
"75380","BIRICARE","6459"
"75381","BIRIPEM","6371"
"75382","BIRUB","6381"
"75383","BIS AGATS","6555"
"75384","BISIFAK","6653"
"75385","BISIKIMU","6654"
"75386","BISMAN","6555"
"75387","BITILLABUR","6360"
"75388","BITIPDING","6635"
"75389","BITTI","6409"
"75390","BIU","6655"
"75391","BIUK","6656"
"75392","BIWAGE DUA","6657"
"75393","BIWAGE","6657"
"75394","BIWAR DARAT","6573"
"75395","BIWAR LAUT","6556"
"75396","BIYER","6585"
"75397","BLANDIN KAKAYO","6496"
"75398","BOB","6643"
"75399","BOBAI","6447"
"75400","BOBUBUTU","6658"
"75401","BODUDA","6659"
"75402","BOGIYATEUGI","6660"
"75403","BOGOBAIDA","6661"
"75404","BOGOKILA","6662"
"75405","BOGOME","6374"
"75406","BOGONUK","6436"
"75407","BOHA","6485"
"75408","BOKAIBUTU (BUKAIBUTO)","6659"
"75409","BOKIEM","6663"
"75410","BOKON","6664"
"75411","BOKONDINI","6517"
"75412","BOKONERI","6364"
"75413","BOLAKME","6607"
"75414","BOLDA","6665"
"75415","BOLLY","6364"
"75416","BOLOGOBAK (POLOGOBAK / POLOGOBALE)","6666"
"75417","BOLUBUR","6622"
"75418","BOMAKIA DUA (II)","6403"
"75419","BOMAKIA SATU (I)","6403"
"75420","BOMBAM","6667"
"75421","BOMDING","6567"
"75422","BOMEGI","6668"
"75423","BOMELA","6669"
"75424","BOMOMANI","6355"
"75425","BOMOPAI","6670"
"75426","BOMOU DUA (BOMAU II)","6447"
"75427","BOMOU III","6447"
"75428","BOMOU SATU (I)","6447"
"75429","BON YAKWOL","6671"
"75430","BONAHIK","6354"
"75431","BONALUK","6389"
"75432","BONANIP","6526"
"75433","BONDIK","6433"
"75434","BONE","6521"
"75435","BONGGI","6354"
"75436","BONGKOK","6645"
"75437","BONOGO","6388"
"75438","BONOI","6482"
"75439","BONOM","6672"
"75440","BOOR","6673"
"75441","BOPA (BOBE)","6501"
"75442","BOR","6448"
"75443","BORA BORA","6674"
"75444","BORA","6377"
"75445","BORAI","6416"
"75446","BORBAN","6558"
"75447","BORDAMBAN","6530"
"75448","BORME","6530"
"75449","BOROGES","6491"
"75450","BOROHABA","6467"
"75451","BOROT","6675"
"75452","BOSMA","6552"
"75453","BOSNABRAIDI","6554"
"75454","BOSNIK SUP","6382"
"75455","BOTAWA","6593"
"75456","BOTUMUMA (BOTUMOMA)","6660"
"75457","BOU","6555"
"75458","BOUWER","6676"
"75459","BOWOUBADO","6588"
"75460","BRAMBAKEN","6378"
"75461","BRAMBEL","6677"
"75462","BRASO","6678"
"75463","BRING","6678"
"75464","BRIS","6679"
"75465","BRITEN (BIRITEN / BERITEN)","6555"
"75466","BRUTNAI","6680"
"75467","BRUYADORI","6456"
"75468","BRUYUGU","6505"
"75469","BU","6387"
"75470","BUA (KOTU / IKOTU)","6681"
"75471","BUAHUN","6591"
"75472","BUANGLUDAH","6682"
"75473","BUBET","6666"
"75474","BUBIS","6448"
"75475","BUBISIGA (BUGUSIGA)","6388"
"75476","BUDLIEM","6663"
"75477","BUE","6683"
"75478","BUETKWAR (BETKUAR)","6421"
"75479","BUGALAGA","6493"
"75480","BUGI","6411"
"75481","BUGUM","6684"
"75482","BUKAM","6530"
"75483","BUKAPA (BUGAPA)","6685"
"75484","BUKIT","6529"
"75485","BUKURIK","6354"
"75486","BULANGKOP","6518"
"75487","BULBUL","6645"
"75488","BUMBU","6455"
"75489","BUMBUM","6354"
"75490","BUMI MULYA (BUMIMULIA)","6686"
"75491","BUMI RAYA","6687"
"75492","BUMI SAHAJA","6688"
"75493","BUMI WONOREJO","6689"
"75494","BUMI","6637"
"75495","BUMU","6448"
"75496","BUMUN","6676"
"75497","BUNAMDOL","6424"
"75498","BUNAUWO","6659"
"75499","BUNDE","6690"
"75500","BUNDRU","6688"
"75501","BUNGGAY","6676"
"75502","BUNGGON","6643"
"75503","BUNUME","6363"
"75504","BUNYIRYE","6612"
"75505","BUNYOM","6630"
"75506","BUPUL INDAH","6676"
"75507","BUPUL","6676"
"75508","BURBIS","6448"
"75509","BURGENA","6523"
"75510","BURIM","6354"
"75511","BURMESO","6498"
"75512","BUROKUB","6497"
"75513","BURUKUKU","6469"
"75514","BURUNGGOP","6624"
"75515","BURUPMAKOT","6691"
"75516","BUSDORI","6489"
"75517","BUSERYO","6692"
"75518","BUSIRI","6693"
"75519","BUSUPA","6694"
"75520","BUTIPTIRI","6495"
"75521","BUTUKATNAU","6560"
"75522","BUWOUDIMI","6447"
"75523","CALAB","6643"
"75524","CANGDAMBAN","6530"
"75525","CANGPALLY","6695"
"75526","CENDERAWASIH","6665"
"75527","CEWEWYAMEW","6451"
"75528","CHANANI (KHANAMI)","6366"
"75529","CILOME","6389"
"75530","COMORO","6696"
"75531","CUMNEW","6421"
"75532","DABE II","6472"
"75533","DABE","6472"
"75534","DABOLDING","6531"
"75535","DABRA","6697"
"75536","DADAT","6594"
"75537","DAFI","6456"
"75538","DAGAI 2","6459"
"75539","DAGAI","6459"
"75540","DAGARI","6651"
"75541","DAGI","6463"
"75542","DAGIMON","6698"
"75543","DAGOUTO","6404"
"75544","DAHONAIKMA","6354"
"75545","DAIKOT","6448"
"75546","DAIMBOA","6699"
"75547","DAIRI","6509"
"75548","DAKBRI","6371"
"75549","DAKEBO","6588"
"75550","DAL","6700"
"75551","DALUBAN","6701"
"75552","DAMABAGATA","6588"
"75553","DAMBET (DANGBET / KALEMOGOM)","6582"
"75554","DAMEN","6573"
"75555","DAMOI KATI","6678"
"75556","DANAMA","6702"
"75557","DANAU BIRA","6498"
"75558","DANGENPAGA","6477"
"75559","DANGENPEM","6634"
"75560","DANGGATADI","6493"
"75561","DANGGEMA","6646"
"75562","DANGGOMBA","6703"
"75563","DANGGULURIK","6470"
"75564","DANGKOA","6394"
"75565","DAPIAGA","6394"
"75566","DARAKMA","6704"
"75567","DARMOPIS","6378"
"75568","DASDO","6533"
"75569","DAUNG","6408"
"75570","DAUWAGU","6358"
"75571","DAWAI","6576"
"75572","DAWAIKUNU","6355"
"75573","DAWER","6419"
"75574","DEBASIGA DUA  /  II","6493"
"75575","DEBASIGA DUA PEMDA","6705"
"75576","DEBASIGA PEMDA","6705"
"75577","DEBASIGA","6493"
"75578","DEBITE","6459"
"75579","DEBULA","6601"
"75580","DEDIFU","6474"
"75581","DEGEI","6460"
"75582","DEGESIGA (DEGESISE)","6388"
"75583","DEGEYABU","6642"
"75584","DEGI","6389"
"75585","DEI","6404"
"75586","DEIDE","6459"
"75587","DEIYAPA (DEIYEPA)","6659"
"75588","DEKA","6611"
"75589","DEKAI","6706"
"75590","DEKAMOR  /  DEKAMER","6448"
"75591","DEKBOK","6683"
"75592","DELEGARI","6455"
"75593","DELEKAMA","6549"
"75594","DELELAK","6627"
"75595","DELEMO","6637"
"75596","DELIT","6707"
"75597","DELON","6708"
"75598","DELPEL","6667"
"75599","DELPEM","6553"
"75600","DELSA","6675"
"75601","DEMA","6709"
"75602","DEMAGO (DEEMAGO)","6578"
"75603","DEMBA","6503"
"75604","DEMETIN","6678"
"75605","DEMISA","6399"
"75606","DEMTA KOTA","6461"
"75607","DENANDER DUA / II","6674"
"75608","DENANDER","6674"
"75609","DENDAMBA","6704"
"75610","DENEMA","6690"
"75611","DENEMANI","6658"
"75612","DENGAT","6710"
"75613","DENGPA","6634"
"75614","DENIYODE (DENEIODE)","6520"
"75615","DENOM","6671"
"75616","DEREK","6627"
"75617","DERNAFI","6487"
"75618","DESEP","6556"
"75619","DETA","6358"
"75620","DETPAGADO","6354"
"75621","DEWENE","6411"
"75622","DIANO","6450"
"75623","DIBUNGGEN","6514"
"75624","DIDELONIK","6501"
"75625","DIDIABOLO","6569"
"75626","DIGI","6460"
"75627","DIGIBAGATA","6578"
"75628","DIGIKEBO","6660"
"75629","DIGILIMU","6654"
"75630","DIGILIMU","6539"
"75631","DIGITME","6710"
"75632","DIGULOME","6363"
"75633","DIIP","6553"
"75634","DIKDON","6711"
"75635","DIKIA (DIKIYA)","6712"
"75636","DIKIYOUWA / DIKIYOUMA (TOKAPO)","6685"
"75637","DIKOHOBARI","6457"
"75638","DILDAU","6463"
"75639","DILOA","6713"
"75640","DIM","6667"
"75641","DIMBA","6714"
"75642","DIMBARA","6440"
"75643","DIMBARA","6715"
"75644","DINDOK","6716"
"75645","DINGGILA","6690"
"75646","DINGGILIMO","6500"
"75647","DINMOT ARIM","6717"
"75648","DIPOL","6717"
"75649","DIRALUK","6389"
"75650","DIRIK","6645"
"75651","DIRINGGAMA","6634"
"75652","DIROU","6509"
"75653","DIRWEMNA","6426"
"75654","DISENDOBO","6675"
"75655","DIWA","6509"
"75656","DIYAI","6578"
"75657","DIYEUGI","6379"
"75658","DIYOUDIMI","6355"
"75659","DLINGGAMA","6580"
"75660","DLONGGOKI","6580"
"75661","DOBONSOLO","6718"
"75662","DOBOPEM","6707"
"75663","DODALIM","6719"
"75664","DOFYO WAFOR","6487"
"75665","DOGE","6501"
"75666","DOGIMANI (ABGOIGI)","6658"
"75667","DOGOBAK","6514"
"75668","DOGOMO (DOGOMA)","6720"
"75669","DOGONAME","6721"
"75670","DOHONG","6599"
"75671","DOKIB","6719"
"75672","DOKIS","6571"
"75673","DOKLE","6491"
"75674","DOKOME","6437"
"75675","DOKOPKU","6722"
"75676","DOLBOL","6548"
"75677","DOLIGOBAK","6477"
"75678","DOLINGGAME","6363"
"75679","DOLININGOKNGIN","6543"
"75680","DOLOGOBAK","6600"
"75681","DOLSEN","6426"
"75682","DOLUNGGUN","6562"
"75683","DOMANDE","6723"
"75684","DOMBOMI","6354"
"75685","DOMO","6610"
"75686","DOMUL","6591"
"75687","DONDAI (DONDAY)","6602"
"75688","DONDO","6437"
"75689","DONDOKLEMA","6707"
"75690","DONGGEM","6364"
"75691","DORAU","6380"
"75692","DOREIAMINI (DOREIANMINI)","6488"
"75693","DORERA","6525"
"75694","DOREY","6459"
"75695","DOROMENA","6724"
"75696","DOSAY (DOSAI)","6725"
"75697","DOSUMO","6354"
"75698","DOTORI","6525"
"75699","DOU","6697"
"75700","DOUBO","6726"
"75701","DOUFU / DOVO","6727"
"75702","DOUSI","6474"
"75703","DOUWBO (DOUBO)","6728"
"75704","DOW / BIJERE","6651"
"75705","DOYO BARU","6602"
"75706","DOYO LAMA","6602"
"75707","DUABALEK","6431"
"75708","DUAI","6456"
"75709","DUAI","6576"
"75710","DUBASIGA PEMDA","6705"
"75711","DUBER","6728"
"75712","DUBU","6465"
"75713","DUFMIRA (DUFMIRAF)","6429"
"75714","DUGI","6501"
"75715","DUGU - DUGU","6492"
"75716","DUGUME","6664"
"75717","DUGUMHAD","6729"
"75718","DUGUNAGEP","6644"
"75719","DUKUNASI","6469"
"75720","DUKWIA (ARSO 8)","6537"
"75721","DUMA","6360"
"75722","DUMA","6720"
"75723","DUMA","6730"
"75724","DUMANI","6400"
"75725","DUMAPAGA","6721"
"75726","DUMATEN","6418"
"75727","DUMDUM","6730"
"75728","DUMPASI","6558"
"75729","DUNDA","6648"
"75730","DUNDU","6644"
"75731","DUNDU","6563"
"75732","DUNDUMA","6517"
"75733","DUNTEK (DUMTEK)","6731"
"75734","DURA","6664"
"75735","DURAM","6710"
"75736","DURIMA","6364"
"75737","DUSTRA / YAMIRIKO","6525"
"75738","DUWONG","6443"
"75739","EAL","6438"
"75740","EBENHAISER","6470"
"75741","EBESKE","6732"
"75742","EBRAM","6585"
"75743","EBUNGFA","6357"
"75744","ECI","6366"
"75745","EDAGOTADI","6588"
"75746","EDAIYODAGI","6588"
"75747","EFKAB MAKMUR (METAAT MAKMUR)","6485"
"75748","EGAIMA (ENGAIMA)","6536"
"75749","EGEBUTU","6658"
"75750","EGIAM","6733"
"75751","EGIPA","6520"
"75752","EGONI","6589"
"75753","EHIPTEM (EHIPTEN / OHIPTEM)","6711"
"75754","EIPUMEK  /  ELPOMEK (ELPUNA)","6612"
"75755","EJUB","6548"
"75756","EKABA","6505"
"75757","EKANOM","6734"
"75758","EKAPAME","6577"
"75759","EKEMANIDA (EKEMENIDA)","6685"
"75760","EKI","6466"
"75761","EKILAPOK (EKILAPO)","6675"
"75762","EKIMANI (EKIWANI)","6731"
"75763","EKNEMBA  /  ENEMBA","6642"
"75764","EKNEMBA / ELENEMBA","6703"
"75765","EKONI","6626"
"75766","EKSA","6547"
"75767","ELABOGA (ELABOGE)","6519"
"75768","ELABUKAMA","6373"
"75769","ELAREK","6735"
"75770","ELELIM SATU","6443"
"75771","ELESIM","6354"
"75772","ELIEKMA","6354"
"75773","ELILEM","6443"
"75774","ELSADAI","6470"
"75775","EMBETPEM","6654"
"75776","EMBI","6465"
"75777","EMBUKLEM","6596"
"75778","EMENE (EUMENE)","6575"
"75779","EMETE","6698"
"75780","EMM","6665"
"75781","EMNAM","6448"
"75782","EMON","6443"
"75783","EMONDI (KEMONDI)","6642"
"75784","ENANAGI","6535"
"75785","ENAROTALI","6404"
"75786","ENDOKISI","6692"
"75787","ENDOMEN","6708"
"75788","ENDUMU","6730"
"75789","ENEM","6698"
"75790","ENGGAL JAYA","6676"
"75791","ENGGAMA","6536"
"75792","ENGGANEGA","6388"
"75793","ENGGAWOGO","6574"
"75794","ENGGELASUE","6736"
"75795","ENGGIN","6713"
"75796","ENGGOL JAYA (ELANGGOL JAYA)","6485"
"75797","ENGROS (ENGGROS)","6361"
"75798","ENTAGEKOKMA","6663"
"75799","ENTIYEBO","6724"
"75800","ENTROP","6524"
"75801","EPABUTU","6625"
"75802","EPEM","6359"
"75803","EPOMANI","6401"
"75804","EPOUTO","6737"
"75805","EPOUWA (EPOWA)","6712"
"75806","EPSEMBIT","6490"
"75807","ER","6387"
"75808","ERADUMAN","6433"
"75809","ERAGAMA (EREMA)","6375"
"75810","ERAGANI","6738"
"75811","ERAGANI","6622"
"75812","ERAGEAM (ERAGAEM)","6536"
"75813","ERAMBU","6739"
"75814","EREGENMANGGAL","6521"
"75815","EREGI","6443"
"75816","ERELMEKAWIA","6395"
"75817","EREMNAHOM","6547"
"75818","ERIM","6608"
"75819","ERIMBUR","6374"
"75820","ERMA","6387"
"75821","ERO SAMAN","6445"
"75822","EROKO","6512"
"75823","EROMA","6412"
"75824","EROMAGA (EROMOGA)","6666"
"75825","ERONG BERONG / BERANG","6408"
"75826","ERY (ERI)","6652"
"75827","ESAHAPUK","6740"
"75828","ESAIKMA","6683"
"75829","ESALEK","6690"
"75830","ESALIEN","6412"
"75831","ESEIB (ESAIB)","6623"
"75832","ESEMA HUSAGE","6741"
"75833","ESIAK","6742"
"75834","ESMAPAN","6512"
"75835","EVO","6459"
"75836","EWAN","6436"
"75837","EWENKATOP","6717"
"75838","EYAGITAIDA","6390"
"75839","EYUNI","6672"
"75840","FABE","6547"
"75841","FABULIK","6354"
"75842","FAFAI","6503"
"75843","FAISAU","6727"
"75844","FAKAFUKU","6479"
"75845","FAKAN","6421"
"75846","FAKNIKDI","6533"
"75847","FALUKWALILO","6438"
"75848","FAMBOAMAN (FAMBUAMAN)","6483"
"75849","FAMEK","6597"
"75850","FANAMO","6449"
"75851","FANDOI","6497"
"75852","FANINDI","6569"
"75853","FANJUR","6743"
"75854","FARI","6438"
"75855","FARIA","6697"
"75856","FARRIDE","6459"
"75857","FARUSI","6489"
"75858","FAWI","6459"
"75859","FEFERO (FEFEKO)","6744"
"75860","FEINGKAMA","6457"
"75861","FIALEM","6354"
"75862","FII","6459"
"75863","FIKFAK","6457"
"75864","FIKHA","6376"
"75865","FILIA","6431"
"75866","FILIYAHIK","6438"
"75867","FINAI","6423"
"75868","FIRIWAGE","6745"
"75869","FITO","6472"
"75870","FOKRI","6697"
"75871","FOLONGSILI","6457"
"75872","FOMU","6453"
"75873","FONA","6697"
"75874","FONA","6616"
"75875","FOS","6573"
"75876","FRIJI","6525"
"75877","FUAHE","6354"
"75878","FUAO","6697"
"75879","FUGISIGA (PUGISIGA)","6394"
"75880","FUMERIPIT","6512"
"75881","FUNUI","6457"
"75882","FURULUK","6653"
"75883","GABAIKUNU","6379"
"75884","GABUNAM","6626"
"75885","GABUNGGOBAK","6360"
"75886","GAGAMA","6396"
"75887","GAGULINERI","6662"
"75888","GAGUOP","6624"
"75889","GAIRIPIM","6446"
"75890","GAKOKEBO","6578"
"75891","GALALA","6517"
"75892","GALONEGAME","6363"
"75893","GALSIN","6708"
"75894","GALUBUP","6656"
"75895","GAMEI JAYA","6527"
"75896","GAMELIA","6577"
"75897","GANAGE","6528"
"75898","GAPOYA","6355"
"75899","GARUSA","6628"
"75900","GATINI","6746"
"75901","GAUDA","6698"
"75902","GEAREK","6668"
"75903","GEBEM","6668"
"75904","GEIBU","6404"
"75905","GEIDA","6390"
"75906","GEIKETAGO","6625"
"75907","GEKA","6715"
"75908","GEKO","6404"
"75909","GELALO","6360"
"75910","GELELAME","6649"
"75911","GELOK","6715"
"75912","GELORA","6514"
"75913","GEMAM","6747"
"75914","GEMBILEME","6748"
"75915","GEMEBS","6631"
"75916","GENAGE","6662"
"75917","GENANI","6392"
"75918","GENELUK","6622"
"75919","GENINGGA","6749"
"75920","GERBANG SADU","6687"
"75921","GERISER (GERISAR)","6676"
"75922","GESA BARU","6594"
"75923","GESELAMA","6713"
"75924","GESELMA (GESELEMA)","6750"
"75925","GETENTIRI","6495"
"75926","GETIEM","6648"
"75927","GETIYO","6732"
"75928","GETURKI","6584"
"75929","GEYA","6440"
"75930","GEYANERI","6586"
"75931","GHANU","6391"
"75932","GHOYUI","6513"
"75933","GIBAGA","6428"
"75934","GIBAGA","6437"
"75935","GIBUME","6389"
"75936","GIDOMEN","6708"
"75937","GIGILOBO","6519"
"75938","GIGOBAK (GOGOBAK)","6422"
"75939","GIGUME","6389"
"75940","GIKO","6458"
"75941","GIKUR","6370"
"75942","GILIBE","6600"
"75943","GILIKA","6469"
"75944","GILILOME","6600"
"75945","GILIME","6682"
"75946","GILINGGA","6668"
"75947","GILINI","6666"
"75948","GILO","6627"
"75949","GILOK","6501"
"75950","GILOME","6428"
"75951","GILOPAGA","6535"
"75952","GILPID","6603"
"75953","GIMANGGEN","6389"
"75954","GIMBIS","6491"
"75955","GIMI","6634"
"75956","GIMIGIP","6751"
"75957","GIMIKIA (GEMIKYA)","6584"
"75958","GIMO","6528"
"75959","GIN","6430"
"75960","GINDUGUNIK","6662"
"75961","GINERI","6484"
"75962","GINGGA","6574"
"75963","GINGGIMOP (GINGGIMOB)","6529"
"75964","GINID","6434"
"75965","GINIGIT","6751"
"75966","GINIGOM","6477"
"75967","GINILOME","6389"
"75968","GINILUME","6428"
"75969","GININGGADONAK","6470"
"75970","GINIPAGO","6389"
"75971","GIPURA","6370"
"75972","GIRIMIO","6366"
"75973","GIRIMNAK","6634"
"75974","GIRIMULYO","6689"
"75975","GIRMOR","6363"
"75976","GISAROK","6707"
"75977","GITAR","6682"
"75978","GIWAN","6664"
"75979","GO","6752"
"75980","GOAK","6710"
"75981","GOBALIMO","6367"
"75982","GOFA","6753"
"75983","GOLAPAGA","6600"
"75984","GOLENA","6754"
"75985","GOLIKME (GOLIME)","6664"
"75986","GOLO","6734"
"75987","GOLOMI","6734"
"75988","GOLOPURA","6734"
"75989","GOLOWEN","6478"
"75990","GOLPAREK","6752"
"75991","GOLU","6396"
"75992","GOME","6395"
"75993","GONDURA","6672"
"75994","GONI","6621"
"75995","GOYAGE","6501"
"75996","GOYAGE","6437"
"75997","GREJA LAMA","6389"
"75998","GRINBUN","6700"
"75999","GUA WISATA","6376"
"76000","GUALO","6423"
