"id","nama_desa","kecamatan_id"
"1","ABAH LUENG","1"
"2","ABAIL","2"
"3","ABEUK BUDI","3"
"4","ABEUK GEULANTEU","4"
"5","ABEUK JALOH","5"
"6","ABEUK LEUPON (LEUPEN)","6"
"7","ABEUK REULING","7"
"8","ABEUK TINGKEUM","8"
"9","ABEUK USONG","8"
"10","ABO TEUBENG","9"
"11","ADAN","10"
"12","ADAN","11"
"13","ADANG","12"
"14","AFDELING II BUKIT / BUKET","13"
"15","AGUSEN","14"
"16","AIH SELAH","15"
"17","AIR BERUDANG","16"
"18","AIR DINGIN","17"
"19","AIR MASIN","18"
"20","AIR PINANG","17"
"21","AIR PINANG","16"
"22","AIR SIALANG HILIR","19"
"23","AIR SIALANG HULU","19"
"24","AIR SIALANG TENGAH","19"
"25","AJEE CUT","20"
"26","AJEE PAGAR AIR","20"
"27","AJEE RAYEUK","20"
"28","AJUEN","21"
"29","AKANG SIWAH","22"
"30","AKHIH MAJILE","23"
"31","AKI NEUNGOH","1"
"32","AKUL","24"
"33","ALAI","25"
"34","ALAM JAYA","26"
"35","ALAS MEMANCAR","27"
"36","ALAS MESIKHAT","28"
"37","ALEN","29"
"38","ALEU RAMBONG","3"
"39","ALONG JAYA","30"
"40","ALUE (MEUNASAH ALUE)","31"
"41","ALUE ABEE","6"
"42","ALUE ABET","32"
"43","ALUE ADAN","33"
"44","ALUE AMBANG","34"
"45","ALUE ANOU BARAT","35"
"46","ALUE ANOU TIMU","35"
"47","ALUE AWE","36"
"48","ALUE AWE","37"
"49","ALUE BADEE","38"
"50","ALUE BAGOK","39"
"51","ALUE BAKONG","40"
"52","ALUE BARAT","41"
"53","ALUE BARO","42"
"54","ALUE BAROH","43"
"55","ALUE BATA","44"
"56","ALUE BATEE","39"
"57","ALUE BATEE","45"
"58","ALUE BATEE","46"
"59","ALUE BATEUNG BROK","47"
"60","ALUE BAYEU UTANG","5"
"61","ALUE BERAWE","48"
"62","ALUE BIE PUSONG","5"
"63","ALUE BIENG","49"
"64","ALUE BILI GEULUMPANG","35"
"65","ALUE BILI RAYEUK","35"
"66","ALUE BILI","50"
"67","ALUE BILIE","47"
"68","ALUE BILIE","51"
"69","ALUE BLANG","52"
"70","ALUE BU ALUE LHOK","53"
"71","ALUE BU ALUE NIREH","53"
"72","ALUE BU JALAN BAROH","54"
"73","ALUE BU JALAN","54"
"74","ALUE BU TUHA","54"
"75","ALUE BU TUNONG","54"
"76","ALUE BUGENG","53"
"77","ALUE BUKET","6"
"78","ALUE BULOH DUA","55"
"79","ALUE BULOH SATU","55"
"80","ALUE BULOH","56"
"81","ALUE BULOH / BALOH","13"
"82","ALUE BUMAN","57"
"83","ALUE BUNGKOH","58"
"84","ALUE BUYA PASI","5"
"85","ALUE BUYA","35"
"86","ALUE BUYA","5"
"87","ALUE CALONG","59"
"88","ALUE CAMPLI","43"
"89","ALUE CANANG","13"
"90","ALUE CANTEK","60"
"91","ALUE CEK DOI","61"
"92","ALUE DALAM","62"
"93","ALUE DAMA","35"
"94","ALUE DAMA","63"
"95","ALUE DEAH TEUNGOH (ALUE DEYAH TENGOH)","64"
"96","ALUE DODOK","56"
"97","ALUE DRIEN LS","65"
"98","ALUE DRIEN","13"
"99","ALUE DUA BAKARAN BATE","66"
"100","ALUE DUA MUKA O","67"
"101","ALUE DUA MUKA S","67"
"102","ALUE DUA PAYA GAJAH","68"
"103","ALUE DUA","69"
"104","ALUE DUA","66"
"105","ALUE DUA","70"
"106","ALUE DUA","46"
"107","ALUE EMPEUK","51"
"108","ALUE ENTOK","71"
"109","ALUE EUMPOK","6"
"110","ALUE GADENG DUA","13"
"111","ALUE GADENG SATU","13"
"112","ALUE GADENG","13"
"113","ALUE GADENG","62"
"114","ALUE GAJAH","72"
"115","ALUE GAJAH","73"
"116","ALUE GAJAH","44"
"117","ALUE GAMPONG","74"
"118","ALUE GANDAI","75"
"119","ALUE GEUDONG","35"
"120","ALUE GEUNTENG","46"
"121","ALUE GEUTAH","47"
"122","ALUE GINTONG","76"
"123","ALUE GLUMPANG BA","77"
"124","ALUE GLUMPANG SBL.K","78"
"125","ALUE GRO","79"
"126","ALUE GUNTO","80"
"127","ALUE GUREP","53"
"128","ALUE IE ITAM","81"
"129","ALUE IE ITAM","45"
"130","ALUE IE MAMEH","82"
"131","ALUE IE MIRAH","81"
"132","ALUE IE MIRAH","57"
"133","ALUE IE MIRAH","83"
"134","ALUE IE MIRAH","84"
"135","ALUE IE PUTEH","85"
"136","ALUE IE TAREK","35"
"137","ALUE IET","78"
"138","ALUE IGEUEH","86"
"139","ALUE ITAM BAROH","6"
"140","ALUE ITAM REUDEUP","6"
"141","ALUE ITAM","87"
"142","ALUE JAMBOK","35"
"143","ALUE JAMPAK","47"
"144","ALUE JANG","88"
"145","ALUE JANGAT","89"
"146","ALUE JEUREUJAK (JERJAK)","90"
"147","ALUE KAMBUK / KAMBUEK","73"
"148","ALUE KAUL / KAOL","91"
"149","ALUE KEUJRUEN","74"
"150","ALUE KEUMANG","92"
"151","ALUE KEUMIKI","93"
"152","ALUE KEUMUNENG","94"
"153","ALUE KEUPULA (KUPULA)","78"
"154","ALUE KEUREUNYAI","95"
"155","ALUE KEUTAPANG","35"
"156","ALUE KEUTAPANG","10"
"157","ALUE KEUTAPANG","75"
"158","ALUE KIRAN","43"
"159","ALUE KRAK KAYEE","69"
"160","ALUE KRUEB","78"
"161","ALUE KRUENG","88"
"162","ALUE KUMBA","91"
"163","ALUE KUMBANG A","96"
"164","ALUE KUMBANG M","96"
"165","ALUE KUTA","5"
"166","ALUE KUYUEN","51"
"167","ALUE KUYUN","47"
"168","ALUE LABUE","44"
"169","ALUE LADA","97"
"170","ALUE LAMSABA","98"
"171","ALUE LEUHOB","65"
"172","ALUE LEUHOB","99"
"173","ALUE LEUHOB","94"
"174","ALUE LHEE","100"
"175","ALUE LHOK","40"
"176","ALUE LHOK","96"
"177","ALUE LHOK","100"
"178","ALUE LIM","101"
"179","ALUE LIMENG","8"
"180","ALUE MAJRON","29"
"181","ALUE MANGGOTA (ALUM ANGGOTA)","102"
"182","ALUE MANGKI","103"
"183","ALUE ME","10"
"184","ALUE MERBAU","104"
"185","ALUE MEUDEM (MUDEM)","6"
"186","ALUE MEUGANDA","51"
"187","ALUE MEURAKSA  /  MEURASA","34"
"188","ALUE MEUTUAH","42"
"189","ALUE MIE","105"
"190","ALUE MULIENG","55"
"191","ALUE NAGA","106"
"192","ALUE NGOM","57"
"193","ALUE NIBONG","68"
"194","ALUE NYAMUK","13"
"195","ALUE ON","100"
"196","ALUE PADEE","107"
"197","ALUE PANAH","57"
"198","ALUE PANDE","32"
"199","ALUE PANGKAT","74"
"200","ALUE PANYANG","52"
"201","ALUE PAPEUN","84"
"202","ALUE PATONG","81"
"203","ALUE PERMAN","94"
"204","ALUE PEUDEUNG","100"
"205","ALUE PEUNAWA","90"
"206","ALUE PEUNO","77"
"207","ALUE PEUSAJA","73"
"208","ALUE PINEUNG TIMUE","104"
"209","ALUE PINEUNG","104"
"210","ALUE PISANG","107"
"211","ALUE PUNTI","88"
"212","ALUE PUNTI","91"
"213","ALUE RAMBE","108"
"214","ALUE RAMBONG","35"
"215","ALUE RAMBONG","68"
"216","ALUE RAMBOT","47"
"217","ALUE RAMBOT","109"
"218","ALUE RAMBOT","110"
"219","ALUE RANGAN","87"
"220","ALUE RAYA","47"
"221","ALUE RAYA","32"
"222","ALUE RAYA","111"
"223","ALUE RAYA","91"
"224","ALUE RAYA","112"
"225","ALUE RAYEUK","113"
"226","ALUE REUYEUENG (RIYEUNG)","111"
"227","ALUE RIMEI","58"
"228","ALUE RINDANG","76"
"229","ALUE SANE","10"
"230","ALUE SENTANG","13"
"231","ALUE SENTANG","85"
"232","ALUE SEPENG (SEUPEUNG)","44"
"233","ALUE SERDANG","35"
"234","ALUE SEULEUMAK","91"
"235","ALUE SEUMAMBU","65"
"236","ALUE SEURALEN","51"
"237","ALUE SEUTUI","98"
"238","ALUE SIJUEK","75"
"239","ALUE SIJUEK","74"
"240","ALUE SIKAYA","52"
"241","ALUE SIRON","44"
"242","ALUE SIWAH SERDANG","114"
"243","ALUE SIWAH","115"
"244","ALUE SUNDAK","39"
"245","ALUE SUNDAK","52"
"246","ALUE SUNGAI PINANG","109"
"247","ALUE TAMPAK","100"
"248","ALUE TEH","13"
"249","ALUE TEUNGOH","32"
"250","ALUE THO","116"
"251","ALUE THO","71"
"252","ALUE THO","53"
"253","ALUE THO","56"
"254","ALUE TUWI","91"
"255","ALUE UDEP","46"
"256","ALUE UDEUNG","77"
"257","ALUE UNOU / UNOE","3"
"258","ALUE WAKI","47"
"259","ALUE","1"
"260","ALUE","117"
"261","ALUE","9"
"262","ALUE","118"
"263","ALUKH BAKHU","28"
"264","ALUKH NANGKE","119"
"265","ALUR ALIM","18"
"266","ALUR BANING","28"
"267","ALUR BAUNG","120"
"268","ALUR BEMBAN","120"
"269","ALUR BUJOK","121"
"270","ALUR BULUH (KUTA BULUH)","122"
"271","ALUR CUCUR","123"
"272","ALUR DUA MAS","124"
"273","ALUR JAMBU","125"
"274","ALUR KEUJRUN","126"
"275","ALUR LANGSAT","119"
"276","ALUR LHOK","62"
"277","ALUR LHOK","120"
"278","ALUR LINCI","127"
"279","ALUR LUDIN I (SATU","62"
"280","ALUR LUDIN II (DUA)","62"
"281","ALUR MANIS","123"
"282","ALUR MAS","128"
"283","ALUR MERBO","62"
"284","ALUR NUNANG (MUNANG)","129"
"285","ALUR PINANG","19"
"286","ALUR SELALAS","120"
"287","ALUR SELEBU","130"
"288","ALUR SIMERAH","19"
"289","ALUR TANI I","131"
"290","ALUR TANI II","131"
"291","ALUS ALUS","132"
"292","AMABAAN","133"
"293","AMAITENG MULIA","17"
"294","AMALIAH","122"
"295","AMARABU","134"
"296","AMERIA BAHAGIA","17"
"297","AMOR","135"
"298","AMPA KOLAK","136"
"299","AMPERA","137"
"300","AMUT MESJID","138"
"301","ANA AO","132"
"302","ANAK REJE","22"
"303","ANEUK BATEE","139"
"304","ANEUK GALONG BARO","139"
"305","ANEUK GALONG TITI","139"
"306","ANEUK GLEE","140"
"307","ANEUK LAOT","141"
"308","ANGAN","142"
"309","ANGKEO","143"
"310","ANKIENG BARAT","41"
"311","ANOI ITAM","144"
"312","ANTARA","145"
"313","ANTONG","146"
"314","APHA","147"
"315","ARA (MEUNASAH ARA)","80"
"316","ARA AB (MEUNASAH ARA)","6"
"317","ARA BUNGKOK","148"
"318","ARA BUNGONG","75"
"319","ARA KUNDO","55"
"320","ARA LIPEH","70"
"321","ARA LKOKSUKON SELATAN","65"
"322","ARA TONTON MONCRANG","58"
"323","ARA","1"
"324","ARA","149"
"325","ARAFAH","19"
"326","ARAMIYAH","13"
"327","ARAS SEMBILAN","125"
"328","ARON ASAN KUMBANG","149"
"329","ARON BAROH","52"
"330","ARON BEUNOT","12"
"331","ARON GLUMPANG VII","71"
"332","ARON KUTA BARO","149"
"333","ARON PIRAK","71"
"334","ARON TUNONG","52"
"335","ARON","97"
"336","ARON","150"
"337","ARON / ARUN TUNGGAI","42"
"338","ARONGAN LISE","35"
"339","ARONGAN LT","6"
"340","ARONGAN","39"
"341","ARONGAN","72"
"342","ARONGAN","151"
"343","ARONGAN","99"
"344","ARUL BADAK","152"
"345","ARUL CINCIN","153"
"346","ARUL DURIN","154"
"347","ARUL GADING","155"
"348","ARUL GADING","153"
"349","ARUL GELE","156"
"350","ARUL ITEM","145"
"351","ARUL KUMER BARAT","156"
"352","ARUL KUMER SELATAN","156"
"353","ARUL KUMER TIMUR","156"
"354","ARUL KUMER","156"
"355","ARUL LATONG","157"
"356","ARUL PERTIK","158"
"357","ARUL PINANG","159"
"358","ARUL PUTIH","156"
"359","ARUL RELEM","156"
"360","ARUSAN","149"
"361","ASAM PEUTEK","160"
"362","ASAN BIDEUN","77"
"363","ASAN KAREUNG","101"
"364","ASAN KRUENG KREH","58"
"365","ASAN KUMBANG","10"
"366","ASAN NICAH","161"
"367","ASAN RAMPAK","45"
"368","ASAN SEULEUMAK","49"
"369","ASAN TANJONG","114"
"370","ASAN TUMPEUDENG","118"
"371","ASAN","149"
"372","ASANTOLA","162"
"373","ASIR-ASIR ASIA","163"
"374","ASIR-ASIR","163"
"375","ASOE NANGGROE (ASO NANGGRO)","109"
"376","ASOI NANGGRO","64"
"377","ATANG JUNGKET","157"
"378","ATEUK ANGGOK","20"
"379","ATEUK BLANG ASAN","164"
"380","ATEUK CUT","164"
"381","ATEUK DEAH TANOH","165"
"382","ATEUK JAWO","165"
"383","ATEUK LAM PUOT","164"
"384","ATEUK LAM URA","164"
"385","ATEUK LAMPHANG","164"
"386","ATEUK LUENG IE","20"
"387","ATEUK MON PANAH","164"
"388","ATEUK MUNJENG","165"
"389","ATEUK PAHLAWAN","165"
"390","ATEUK PAYA","166"
"391","ATEUK","76"
"392","ATONG","117"
"393","ATU GAJAH REJE GURU","167"
"394","ATU GOGOP","168"
"395","ATU KAPUR","15"
"396","ATU LINTANG","169"
"397","ATU PAYUNG","170"
"398","ATU SINGKIH","158"
"399","ATU TULU","167"
"400","AUNAN SEPAKAT","171"
"401","AUR PEULUMAT","172"
"402","AWE GEUTAH PAYA","78"
"403","AWE GEUTAH","78"
"404","AWE KECIL","143"
"405","AWE SEUBAL","143"
"406","AWEE","97"
"407","AWEE","173"
"408","AYON","76"
"409","AYU ARA","174"
"410","BABAH BULOH","7"
"411","BABAH CEUPAN","32"
"412","BABAH DUA","72"
"413","BABAH DUA","105"
"414","BABAH DUA","44"
"415","BABAH GEUDUBANG","6"
"416","BABAH IE","113"
"417","BABAH ISEUNG","92"
"418","BABAH JURONG","149"
"419","BABAH JURONG","150"
"420","BABAH JURONG","175"
"421","BABAH JURONG","148"
"422","BABAH KRUENG MANGGIE","146"
"423","BABAH KRUENG TEKLEP","92"
"424","BABAH KRUENG","10"
"425","BABAH KRUENG","176"
"426","BABAH KRUENG","113"
"427","BABAH KRUENG","53"
"428","BABAH KRUENG","7"
"429","BABAH LUENG","108"
"430","BABAH LUENG","92"
"431","BABAH LUENG","177"
"432","BABAH MEULABOH","100"
"433","BABAH NIPAH","79"
"434","BABAH ROT","44"
"435","BABAH SUAK","178"
"436","BABAH SUAK","175"
"437","BABO","125"
"438","BABUL MAKMUR","133"
"439","BABUSSALAM","35"
"440","BABUSSALAM","179"
"441","BABUSSALAM","180"
"442","BACANG","14"
"443","BADA BARAT","5"
"444","BADA TIMUR","5"
"445","BADA","20"
"446","BADAK","181"
"447","BADAR INDAH","182"
"448","BADAR","183"
"449","BADEGONG","132"
"450","BAET LAMPUOT","139"
"451","BAET MESJID","139"
"452","BAET MEUSUGO","139"
"453","BAET","184"
"454","BAGOK PANAH I","62"
"455","BAGOK PANAH II","62"
"456","BAGOK PANAH III","62"
"457","BAGOK PANAH IV","62"
"458","BAH","185"
"459","BAHAGIA","116"
"460","BAHAGIA","186"
"461","BAHARU","102"
"462","BAHARU","187"
"463","BAHGIE BENTONA","188"
"464","BAHGIE","167"
"465","BAK AGHU","76"
"466","BAK BULOH","150"
"467","BAK CIRIH","117"
"468","BAK DILIB","117"
"469","BAK PAOH","113"
"470","BAK SEUTUI","76"
"471","BAK SUKON","189"
"472","BAKAT","52"
"473","BAKAU HULU","147"
"474","BAKOY","20"
"475","BALAI","60"
"476","BALAI","19"
"477","BALE ATU","179"
"478","BALE ATU","163"
"479","BALE BUSU","190"
"480","BALE MUSARA","174"
"481","BALE NOSAR","170"
"482","BALE PURNAMA","174"
"483","BALE REDELONG","179"
"484","BALE UJONG RIMBA","33"
"485","BALE ULIM","93"
"486","BALE","29"
"487","BALEE BARO KEUMANGAN","190"
"488","BALEE BAROH BLUEK","191"
"489","BALEE BAROH GAPUI","191"
"490","BALEE BUYA","68"
"491","BALEE DAKA","192"
"492","BALEE GANTUNG","193"
"493","BALEE KUYUN","194"
"494","BALEE ME","175"
"495","BALEE PANAH","3"
"496","BALEE RESTONG","195"
"497","BALEE","1"
"498","BALEE","138"
"499","BALEE","196"
"500","BALEE","12"
"501","BALEE","195"
"502","BALEE","99"
"503","BALIK","168"
"504","BALING KARANG","197"
"505","BALOHAN","144"
"506","BALOY","101"
"507","BALUE KULU","198"
"508","BALUE TANOH","198"
"509","BAMBEL BARU","122"
"510","BAMBEL GABUNGAN","137"
"511","BAMBEL","137"
"512","BAMIL NOSAR","170"
"513","BANAI","120"
"514","BANDA MASEM","199"
"515","BANDAR BARO","81"
"516","BANDAR BARU","60"
"517","BANDAR BARU","200"
"518","BANDAR BARU","201"
"519","BANDAR KHALIFAH","60"
"520","BANDAR KHALIFAH","131"
"521","BANDAR LAMPAHAN","202"
"522","BANDAR MAHLIGAI","197"
"523","BANDAR SETIA","131"
"524","BANDASAFA","189"
"525","BANDRONG","68"
"526","BANDUNG JAYA","85"
"527","BANGKA JAYA","203"
"528","BANGKA RIMUNG","68"
"529","BANGKEH","204"
"530","BANGUN SARI","205"
"531","BANTAN","56"
"532","BANTAYAN BARAT","96"
"533","BANTAYAN TIMU","67"
"534","BANTAYAN","69"
"535","BANTAYAN","114"
"536","BANTAYAN","86"
"537","BANTAYAN","43"
"538","BANTAYAN","55"
"539","BANTEE LINTEUNG","164"
"540","BARAT DAYA","206"
"541","BARAT LANYAN","5"
"542","BARAT PAYA ITEK","207"
"543","BARAT","149"
"544","BARAT","187"
"545","BARE BLANG","207"
"546","BARIEH","33"
"547","BARIEH","198"
"548","BARIH LHOK","189"
"549","BARO BARAT YAMAN","190"
"550","BARO BLUEK","191"
"551","BARO GAPUI","191"
"552","BARO JRUEK","191"
"553","BARO KULAM GAJAH","29"
"554","BARO PAYA","146"
"555","BARO UJONG RIMBA","33"
"556","BARO YAMAN","190"
"557","BARO","71"
"558","BARO","12"
"559","BAROH BLANG MEE","208"
"560","BAROH BLANG RIMUENG","29"
"561","BAROH BUGENG","114"
"562","BAROH COT","1"
"563","BAROH GENTEUT","208"
"564","BAROH ILOT","148"
"565","BAROH KRUENG KALA","208"
"566","BAROH KUTA BATEE","207"
"567","BAROH LANCOK","1"
"568","BAROH LANGSA LAMA","160"
"569","BAROH MUSA","1"
"570","BAROH UJONG RIMBA","33"
"571","BAROH","209"
"572","BAROH","9"
"573","BARU","109"
"574","BARU","19"
"575","BARUEH","173"
"576","BATANG ARA","125"
"577","BATE PUTEH","160"
"578","BATEE DABAI","70"
"579","BATEE ILIEK","41"
"580","BATEE LHEE","76"
"581","BATEE MEUCANANG","210"
"582","BATEE MEUTUDONG","32"
"583","BATEE RAYA","3"
"584","BATEE SHOK","141"
"585","BATEE TIMOH","8"
"586","BATEE TUNGGAI","19"
"587","BATEE","211"
"588","BATEE","9"
"589","BATEE-ROO","34"
"590","BATIN BANDAR JAYA","212"
"591","BATIN WIH PONGAS","179"
"592","BATOH","213"
"593","BATU BEDULANG","125"
"594","BATU HAMPARAN","214"
"595","BATU ITAM","16"
"596","BATU JAYA","100"
"597","BATU MBERONG","182"
"598","BATU MBULAN ASLI","27"
"599","BATU MBULAN I","27"
"600","BATU MBULAN II","27"
"601","BATU MBULAN SEPAKAT","27"
"602","BATU PHAT BARAT","215"
"603","BATU PHAT TIMUR","215"
"604","BATU RAGI","133"
"605","BATU RAJA","44"
"606","BATU RALANG","132"
"607","BATU SUMBANG","216"
"608","BATU XII","65"
"609","BATU-BATU","2"
"610","BATUM BLN BARU","27"
"611","BAWAN","217"
"612","BAYEUN (GAMPONG BAYEUN)","91"
"613","BAYEUN","13"
"614","BAYI","74"
"615","BAYU TEUBENG","9"
"616","BAYU","218"
"617","BAYU","108"
"618","BAYU","77"
"619","BAYU","76"
"620","BEBESEN","167"
"621","BENER BARU","22"
"622","BENER KELIPAH SELATAN","212"
"623","BENER KELIPAH UTARA","212"
"624","BENER LUKUP II","212"
"625","BENER MEPAPAH","171"
"626","BENER MERIAH","153"
"627","BENER MULIE","201"
"628","BENER PEPANYI","174"
"629","BENER","219"
"630","BENGKELANG","125"
"631","BENTAYAN","149"
"632","BENTENG ANYER","85"
"633","BENTENG","13"
"634","BENTENG","220"
"635","BENUA RAJA","123"
"636","BERANANG","219"
"637","BERANDANG","221"
"638","BERANUN TELEDEN","188"
"639","BERAWANG BARO","152"
"640","BERAWANG DEWAL","222"
"641","BERAWANG GADING","155"
"642","BERDIKARI","92"
"643","BERGANG","185"
"644","BERHUT","223"
"645","BERIRING NARU","224"
"646","BESAR","129"
"647","BEUNG","173"
"648","BEUNGGA","59"
"649","BEUNOT (MEUNASAH BEUNOT)","50"
"650","BEUNOT (MEUNASAH BEUNOT)","29"
"651","BEURABUNG","142"
"652","BEURACAN RATA","58"
"653","BEURADEUN","21"
"654","BEURANCAN PIRAK","71"
"655","BEURANDANG ASAN","65"
"656","BEURANDANG DAYAH","65"
"657","BEURANDANG KRUENG","65"
"658","BEURANDANG","114"
"659","BEURANDANG","46"
"660","BEURANDANG","29"
"661","BEURANDEH","1"
"662","BEURANDEH","225"
"663","BEURANGONG","150"
"664","BEURASAN","10"
"665","BEURAWANG","40"
"666","BEURAWANG","8"
"667","BEURAWANG","226"
"668","BEURAWANG","144"
"669","BEURAWE","200"
"670","BEUREUDEUP","191"
"671","BEUREUEH II","33"
"672","BEUREUGANG","100"
"673","BEUREULEUNG","209"
"674","BEUREUNUT","76"
"675","BEURINGEN (BERINGIN)","227"
"676","BEURINGEN","207"
"677","BEURINGEN","228"
"678","BEURINGIN LB (MEUNASAH BEURINGEN)","6"
"679","BEURINGIN","71"
"680","BEURINGIN","54"
"681","BEUSA BAROH","54"
"682","BEUSA MEURANOE","68"
"683","BEUSA SEBERANG","54"
"684","BEUTONG PERLAK","198"
"685","BEUTONG POCUT","198"
"686","BEUTONG","124"
"687","BEUTONG","172"
"688","BEWANG","170"
"689","BHA ULEE TUTU","164"
"690","BHOM LAMA","46"
"691","BIAK MULI BAKHU","137"
"692","BIAK MULI PANTAI RAJA","137"
"693","BIAK MULI SEJAHTERA","137"
"694","BIAK MULI","137"
"695","BIARA BARAT","84"
"696","BIARA TIMUR","84"
"697","BIDOK","93"
"698","BIE","9"
"699","BIE","29"
"700","BIES BARU","157"
"701","BIES MULIE","157"
"702","BIES PENENTANAN","157"
"703","BILI BARO","58"
"704","BILI","138"
"705","BILUI / BILUY","229"
"706","BINANGA","183"
"707","BINEEH BLANG","20"
"708","BINEH KRUENG","11"
"709","BINJAI","18"
"710","BINJEE","50"
"711","BINTAH","4"
"712","BINTAH","88"
"713","BINTANG ALGA MUSARA","23"
"714","BINTANG BENER","171"
"715","BINTANG BENER","174"
"716","BINTANG BERANGUN","153"
"717","BINTANG HU","97"
"718","BINTANG HU","6"
"719","BINTANG KEKELIP","169"
"720","BINTANG MUSARA","212"
"721","BINTANG PEPARA","185"
"722","BINTANG PERMATA","174"
"723","BIRA COT","117"
"724","BIRA LHOK","117"
"725","BIRAM CUT","84"
"726","BIRAM RAYEUK","84"
"727","BIREK","208"
"728","BIREM PUNTONG","66"
"729","BIREM RAYEUK","13"
"730","BIREUN MEUNASAH BLANG","230"
"731","BIREUN MEUNASAH CAPA","230"
"732","BIREUN MEUNASAH DAYAH","230"
"733","BIREUN MEUNASAH REULEUT","230"
"734","BIREUN MEUNASAH TEUNGKU DIGADONG","230"
"735","BISKANG","231"
"736","BITAI","232"
"737","BITHAK","189"
"738","BIUS UTAMA","156"
"739","BLANG ADO","108"
"740","BLANG ANDAM","4"
"741","BLANG ARA GAMPONG","233"
"742","BLANG ARA KEUDE","233"
"743","BLANG ARA","179"
"744","BLANG ARA","153"
"745","BLANG ASAN","220"
"746","BLANG ASAN","77"
"747","BLANG AWE","4"
"748","BLANG AWE","226"
"749","BLANG AWE","29"
"750","BLANG BALEE","146"
"751","BLANG BALIK","168"
"752","BLANG BALOK","68"
"753","BLANG BARO PULO RAGA","176"
"754","BLANG BARO RAMBONG","176"
"755","BLANG BARO","1"
"756","BLANG BARO","47"
"757","BLANG BARO","82"
"758","BLANG BARO","56"
"759","BLANG BARO","34"
"760","BLANG BAROH","193"
"761","BLANG BAROM","46"
"762","BLANG BARU","210"
"763","BLANG BATEE","68"
"764","BLANG BATI","75"
"765","BLANG BAYU","233"
"766","BLANG BAYU","29"
"767","BLANG BEBANGKA","152"
"768","BLANG BERANDANG","234"
"769","BLANG BEUREUEH","190"
"770","BLANG BEURURU","75"
"771","BLANG BIDOK","74"
"772","BLANG BINTANG","82"
"773","BLANG BITRA","68"
"774","BLANG BLADEH","8"
"775","BLANG BLADEH","42"
"776","BLANG BUKET","62"
"777","BLANG BUKET","45"
"778","BLANG BULOH","101"
"779","BLANG BUNGONG","59"
"780","BLANG CARI","93"
"781","BLANG CIRIH","78"
"782","BLANG COT BAROH","8"
"783","BLANG COT MAMEH","94"
"784","BLANG COT RUBEK","94"
"785","BLANG COT TUNONG","8"
"786","BLANG COT / CUT","139"
"787","BLANG CROK","50"
"788","BLANG CRUM","37"
"789","BLANG CUT","101"
"790","BLANG CUT","149"
"791","BLANG CUT","213"
"792","BLANG CUT","227"
"793","BLANG CUT","207"
"794","BLANG CUT","148"
"795","BLANG CUT","235"
"796","BLANG CUT","77"
"797","BLANG CUT","7"
"798","BLANG DALAM BAROH","50"
"799","BLANG DALAM GEUNTENG","50"
"800","BLANG DALAM TUNONG","50"
"801","BLANG DALAM","90"
"802","BLANG DALAM","10"
"803","BLANG DALAM","176"
"804","BLANG DALAM","72"
"805","BLANG DALAM","8"
"806","BLANG DALAM","100"
"807","BLANG DALAM","70"
"808","BLANG DALAM","236"
"809","BLANG DALAM","49"
"810","BLANG DALAM","77"
"811","BLANG DALAM","187"
"812","BLANG DALAM","59"
"813","BLANG DALAM","51"
"814","BLANG DELEM","155"
"815","BLANG DHOT","59"
"816","BLANG DRANG","138"
"817","BLANG GANDAI","8"
"818","BLANG GAROT","191"
"819","BLANG GELE","167"
"820","BLANG GEUDONG","233"
"821","BLANG GEULANGGANG","77"
"822","BLANG GEULEUDIENG","12"
"823","BLANG GEULINGGANG (GELINGGANG)","237"
"824","BLANG GEULUMPANG","67"
"825","BLANG GEUNANG","100"
"826","BLANG GLEUM","61"
"827","BLANG GLONG","1"
"828","BLANG GLUMPANG","75"
"829","BLANG GUCI (SEGUCI)","96"
"830","BLANG GUCI","12"
"831","BLANG GUNCI","49"
"832","BLANG GURAH","108"
"833","BLANG GURON","103"
"834","BLANG IBOIH","1"
"835","BLANG JAMBEE","61"
"836","BLANG JERANGO","24"
"837","BLANG JEURAT","59"
"838","BLANG JRUEN","74"
"839","BLANG KABU","228"
"840","BLANG KALA","223"
"841","BLANG KANDIS","125"
"842","BLANG KARIENG","50"
"843","BLANG KEKUMUR","155"
"844","BLANG KEUDE","103"
"845","BLANG KEUMUHANG","61"
"846","BLANG KEUTUMBA (KETUMBA)","3"
"847","BLANG KIREE","229"
"848","BLANG KOLAK I","167"
"849","BLANG KOLAK II","167"
"850","BLANG KRUENG","184"
"851","BLANG KRUENG","1"
"852","BLANG KUALA","42"
"853","BLANG KUBU","103"
"854","BLANG KUBU","75"
"855","BLANG KUCAK","201"
"856","BLANG KUMOT BAROH","198"
"857","BLANG KUMOT TUNONG","198"
"858","BLANG KUNCIR","223"
"859","BLANG KUTA COH","99"
"860","BLANG KUTA DUA MEUNASAH","99"
"861","BLANG KUTA","10"
"862","BLANG KUTA","71"
"863","BLANG KUTA","45"
"864","BLANG KUTANG","70"
"865","BLANG LANCANG","98"
"866","BLANG LANGO","233"
"867","BLANG LEUEN","238"
"868","BLANG LEUMAK","176"
"869","BLANG LHOK KAJU","191"
"870","BLANG LILEUE","190"
"871","BLANG LUAH KB","51"
"872","BLANG LUAH","72"
"873","BLANG LUAH","47"
"874","BLANG LUAH","94"
"875","BLANG MAJRON","29"
"876","BLANG MAKMUR","107"
"877","BLANG MAKMUR","51"
"878","BLANG MALO","59"
"879","BLANG MANCUNG BAWAH","185"
"880","BLANG MANCUNG","185"
"881","BLANG MANE BARAT","99"
"882","BLANG MANE DUA MEUNASAH","99"
"883","BLANG MANE","70"
"884","BLANG MANE","49"
"885","BLANG MANE","235"
"886","BLANG MANGGENG","110"
"887","BLANG MANYAK","7"
"888","BLANG MATANG","75"
"889","BLANG MATANGKULI","71"
"890","BLANG ME","8"
"891","BLANG MEE BARAT","98"
"892","BLANG MEE TIMUR","98"
"893","BLANG MEE","175"
"894","BLANG MEE","52"
"895","BLANG MENARA","201"
"896","BLANG MESJID","176"
"897","BLANG MEURANDEH","178"
"898","BLANG MIDEUN","61"
"899","BLANG MINJEI","96"
"900","BLANG MIRO","164"
"901","BLANG MIROU","10"
"902","BLANG MONLUNG","79"
"903","BLANG MUKO","82"
"904","BLANG MULIENG","73"
"905","BLANG MURONG","56"
"906","BLANG NALEUNG MAMEH","215"
"907","BLANG NEUANG","176"
"908","BLANG NEUBOK","98"
"909","BLANG NIBONG","239"
"910","BLANG NIBONG","228"
"911","BLANG NIE / ME","55"
"912","BLANG NISAM","81"
"913","BLANG OI","64"
"914","BLANG PADANG","11"
"915","BLANG PAKU","49"
"916","BLANG PAKU","201"
"917","BLANG PALA","95"
"918","BLANG PALA","235"
"919","BLANG PANAS","179"
"920","BLANG PANJOE","175"
"921","BLANG PANJOE","77"
"922","BLANG PANJOU","114"
"923","BLANG PANTE","49"
"924","BLANG PANU","240"
"925","BLANG PANYANG","107"
"926","BLANG PANYANG","215"
"927","BLANG PANYANG","99"
"928","BLANG PASEH","220"
"929","BLANG PATEUK","56"
"930","BLANG PATRA","29"
"931","BLANG PAUH / PAOH DUA","61"
"932","BLANG PAUH / PAOH SATU","61"
"933","BLANG PENYANG","233"
"934","BLANG PERLAK","70"
"935","BLANG PEURIA","228"
"936","BLANG PHA","43"
"937","BLANG PIE","74"
"938","BLANG POHROH","37"
"939","BLANG POROH","98"
"940","BLANG POROH","210"
"941","BLANG PREH","233"
"942","BLANG PREH","164"
"943","BLANG PUEB","138"
"944","BLANG PULO","188"
"945","BLANG PULO","215"
"946","BLANG PUNTEUET","101"
"947","BLANG PUUK KULU","56"
"948","BLANG PUUK NIGAN","56"
"949","BLANG PUUK","178"
"950","BLANG RAKAL","153"
"951","BLANG RALEUE","38"
"952","BLANG RAMBONG","241"
"953","BLANG RAMBONG","77"
"954","BLANG RAME","34"
"955","BLANG RANGKULUH","75"
"956","BLANG RAPAI GAPUI","191"
"957","BLANG RAYA","211"
"958","BLANG RAYA","195"
"959","BLANG REUKUI","242"
"960","BLANG REULIENG (REULING)","230"
"961","BLANG REULING","7"
"962","BLANG RHEU","239"
"963","BLANG RHEUE","103"
"964","BLANG RHEUE","93"
"965","BLANG RHEUM","8"
"966","BLANG RIEK","108"
"967","BLANG RIEK","33"
"968","BLANG RONGKA","202"
"969","BLANG RUBEK","6"
"970","BLANG SAMA GADENG","86"
"971","BLANG SAPEK","73"
"972","BLANG SEBEL","132"
"973","BLANG SENTANG","179"
"974","BLANG SEUMOT","176"
"975","BLANG SEUNONG","239"
"976","BLANG SEUNONG","176"
"977","BLANG SEUNONG","8"
"978","BLANG SEUNONG","83"
"979","BLANG SEUPENG","8"
"980","BLANG SEUREUKUY  /  BLANG SERIKUY","29"
"981","BLANG SIALET","49"
"982","BLANG SIBEUTONG","40"
"983","BLANG SIMPO","68"
"984","BLANG SINIBONG / SEUNIBONG","48"
"985","BLANG SITUNGKOH","111"
"986","BLANG SUKON","1"
"987","BLANG SUPENG","71"
"988","BLANG TALON","108"
"989","BLANG TAMBUE","99"
"990","BLANG TAMPU","179"
"991","BLANG TEUE","101"
"992","BLANG TEUMULEK","99"
"993","BLANG TEUNGKU","233"
"994","BLANG TEUNGOH","82"
"995","BLANG TEUNGOH","42"
"996","BLANG TEUNGOH","146"
"997","BLANG TEURAKAN","7"
"998","BLANG THO","118"
"999","BLANG TIDIEK","190"
"1000","BLANG TINGKEUM","230"
"1001","BLANG TINGKEUM","76"
"1002","BLANG TUALANG","13"
"1003","BLANG TUE","43"
"1004","BLANG TUNONG","138"
"1005","BLANG UBIT","4"
"1006","BLANG UYOK","61"
"1007","BLANG WEU BAROH","101"
"1008","BLANG WEU PANJOU","101"
"1009","BLANG","74"
"1010","BLANG","31"
"1011","BLANGBENGKIK","22"
"1012","BLANGKULA","9"
"1013","BLANGONG BASAH","33"
"1014","BLANGTEMUNG","181"
"1015","BLOK 15","243"
"1016","BLOK 18","243"
"1017","BLOK 31","243"
"1018","BLOK BENGKEL","220"
"1019","BLOK SAWAH","220"
"1020","BLOK VI BARU","243"
"1021","BLUK ARAB","195"
"1022","BLUKA TEUBAI","203"
"1023","BLUKUR / BELUKUR MAKMUR","183"
"1024","BORENGAN","134"
"1025","BUAH PALA","221"
"1026","BUANGAN","227"
"1027","BUBUHAN","134"
"1028","BUCUE","198"
"1029","BUENG BAK JOK","150"
"1030","BUENG PAGEU","244"
"1031","BUENG SIDOM","244"
"1032","BUENG SIMEK","189"
"1033","BUGA","76"
"1034","BUGAK BLANG","5"
"1035","BUGAK KRUENG MATE","5"
"1036","BUGAK KRUENG","5"
"1037","BUGAK MESJID","5"
"1038","BUGE ARA","185"
"1039","BUGENG","5"
"1040","BUGHU","245"
"1041","BUJANG","179"
"1042","BUJANG","163"
"1043","BUKET ALUE PUTEH","84"
"1044","BUKET BATA","83"
"1045","BUKET BATEE BADAN","84"
"1046","BUKET DARA BARO","35"
"1047","BUKET DRIEN","241"
"1048","BUKET GLUMPANG","29"
"1049","BUKET GURU","49"
"1050","BUKET HAGU","6"
"1051","BUKET JEURAT MANYANG","84"
"1052","BUKET JOK","67"
"1053","BUKET JUARA","67"
"1054","BUKET KARENG","83"
"1055","BUKET KERANJI","120"
"1056","BUKET KEUMUNENG","88"
"1057","BUKET KRUENG","6"
"1058","BUKET KULAM","62"
"1059","BUKET KUTA","45"
"1060","BUKET LANGA","67"
"1061","BUKET LINTEUNG","69"
"1062","BUKET MEE LT","6"
"1063","BUKET MEUDANG ARA","104"
"1064","BUKET MEUGAJAH (BUKIT MEGAJAH)","51"
"1065","BUKET MEUH","42"
"1066","BUKET MEULINTEUNG","67"
"1067","BUKET MEURAK","114"
"1068","BUKET MEUTUAH","104"
"1069","BUKET MULIA","3"
"1070","BUKET PALA BSP","46"
"1071","BUKET PALA","67"
"1072","BUKET PALA","68"
"1073","BUKET PANJANG II","85"
"1074","BUKET PANJANG","120"
"1075","BUKET PANJOU","114"
"1076","BUKET PANYANG","61"
"1077","BUKET PANYANG","114"
"1078","BUKET PAYA","85"
"1079","BUKET PAYA","75"
"1080","BUKET PEULAWI","89"
"1081","BUKET PIDIE","49"
"1082","BUKET PULO","104"
"1083","BUKET PUUK","96"
"1084","BUKET RATA","104"
"1085","BUKET RAYA","62"
"1086","BUKET RUMIA / RUMIYA","62"
"1087","BUKET RUMIYA","96"
"1088","BUKET SELAMAT","70"
"1089","BUKET SENTANG","6"
"1090","BUKET SEULEUMAK","13"
"1091","BUKET SEURAJA (SERAJA)","61"
"1092","BUKET SUDAN","78"
"1093","BUKET TEUKUEH","230"
"1094","BUKET TEUKUH","96"
"1095","BUKET TEUMPEUN","115"
"1096","BUKET TEUNGOH","246"
"1097","BUKET TIGA","13"
"1098","BUKET TUALANG","62"
"1099","BUKET TUFAH","115"
"1100","BUKIT ALIM","205"
"1101","BUKIT BERSATU","179"
"1102","BUKIT BINTANG INDAH","23"
"1103","BUKIT DINDENG","61"
"1104","BUKIT DRIEN","87"
"1105","BUKIT GADING (BUKET GEDENG)","124"
"1106","BUKIT HARAPAN","243"
"1107","BUKIT IWIH TAMI DELEM","247"
"1108","BUKIT JAYA","196"
"1109","BUKIT KEMUNING","222"
"1110","BUKIT MAKARTI","74"
"1111","BUKIT MAKMUR","61"
"1112","BUKIT MBAKHU","171"
"1113","BUKIT MEKHIAH","23"
"1114","BUKIT MERDEKA","248"
"1115","BUKIT MEURIAM","53"
"1116","BUKIT MEUSARA","173"
"1117","BUKIT MULIE","202"
"1118","BUKIT PADANG","84"
"1119","BUKIT PANJANG I","85"
"1120","BUKIT PEPANYI","201"
"1121","BUKIT RATA","130"
"1122","BUKIT RATA","168"
"1123","BUKIT SAMA","247"
"1124","BUKIT SARI","222"
"1125","BUKIT SELAMAT","87"
"1126","BUKIT SEPAKAT","248"
"1127","BUKIT TEMPURUNG","249"
"1128","BUKIT TIGA","159"
"1129","BUKIT TUNYANG","202"
"1130","BUKIT WIH ILANG","188"
"1131","BUKIT","14"
"1132","BUKIT","247"
"1133","BUKIT / BUKET DALAM","175"
"1134","BUKLOH","139"
"1135","BUKUT","223"
"1136","BULOH BUNI","12"
"1137","BULOH","250"
"1138","BULOH","196"
"1139","BULOH","12"
"1140","BULOH","251"
"1141","BULU ARA","127"
"1142","BULU HADIK","180"
"1143","BULU SEMA","127"
"1144","BULUH DORI (BULUH BESI)","252"
"1145","BUMI AYU","202"
"1146","BUMI SARI","176"
"1147","BUNBUN ALAS","23"
"1148","BUNBUN INDAH WAR","23"
"1149","BUNG CEUKOK","20"
"1150","BUNG DAROH","117"
"1151","BUNG RAYA","117"
"1152","BUNG TUJUH","117"
"1153","BUNGA MELUR GABUNGAN","224"
"1154","BUNGA TANJUNG","217"
"1155","BUNGA","30"
"1156","BUNGO","250"
"1157","BUNGONG","193"
"1158","BUNGONG","58"
"1159","BUNGONG","29"
"1160","BUNI REULEUNG","12"
"1161","BUNIEN","238"
"1162","BUNIN","154"
"1163","BUNON","143"
"1164","BUNOT","226"
"1165","BUNTHA","116"
"1166","BUNTUL FITRI (PETERI)","174"
"1167","BUNTUL GAYO","135"
"1168","BUNTUL KENDAWI","253"
"1169","BUNTUL MUSARA","254"
"1170","BUNYOT (BEUNYOT)","3"
"1171","BUR BIAH","167"
"1172","BURLAH","185"
"1173","BURNI BIUS BARU","156"
"1174","BURNI BIUS","156"
"1175","BURNI PASE","174"
"1176","BURNI TELONG","179"
"1177","BUSTANUSSALAM","14"
"1178","BUSUNG INDAH","2"
"1179","BUTAR","255"
"1180","BUTER BALIK","168"
"1181","BUTER","185"
"1182","CACANG","147"
"1183","CADEK","184"
"1184","CALO BLANG GELE","167"
"1185","CALOK","75"
"1186","CALOK","99"
"1187","CALONG CUT","97"
"1188","CALONG","80"
"1189","CAMPLI USI","33"
"1190","CANE BARU","15"
"1191","CANE TOA","136"
"1192","CANE UKEN","136"
"1193","CANG DURI","185"
"1194","CANGGAI","92"
"1195","CANGGUEK (MEUNASAH CANGGUEK)","31"
"1196","CAPA","12"
"1197","CAPEUNG BAROH","76"
"1198","CAPEUNG DAYAH","76"
"1199","CEBREK","149"
"1200","CEBREK","238"
"1201","CEDING AYU","174"
"1202","CEK MBON","68"
"1203","CEKAL BARU","202"
"1204","CELALA","155"
"1205","CEMPA","14"
"1206","CEMPALA KUNENG","195"
"1207","CEMPARAN JAYA","135"
"1208","CEMPARAN LAMA","135"
"1209","CEMPARAN PAKAT JEROH","135"
"1210","CEMPEUDAK (CEUMPEUDAK)","108"
"1211","CEMPEUDAK (CEUMPEUDAK)","49"
"1212","CEMPEUDAK","115"
"1213","CEPU","256"
"1214","CEUBO","103"
"1215","CEUBREK (CIBREK)","74"
"1216","CEUBREK (MEUNASAH CEUBREK)","6"
"1217","CEUBREK","235"
"1218","CEUBREUK PIRAK","71"
"1219","CEUMEUCET","58"
"1220","CEUMPEUDAK","35"
"1221","CEUMPEUDAK","65"
"1222","CEUMPEUDAK","84"
"1223","CEUNAMPRONG","105"
"1224","CEURACEU","88"
"1225","CEUREUCOK","99"
"1226","CEURIH ALUE","250"
"1227","CEURIH BLANG MEE","250"
"1228","CEURIH COT","250"
"1229","CEURIH KEUPULA","250"
"1230","CEURIH","257"
"1231","CIBREK BAROH","80"
"1232","CIBREK TUNONG","80"
"1233","CIBREK","207"
"1234","CIBREK","29"
"1235","CIBRO","155"
"1236","CIBUBUKAN","258"
"1237","CIKE","219"
"1238","CINGKAM","243"
"1239","CINTA DAMAI","259"
"1240","CINTA DAMAI","137"
"1241","CINTA DAMAI","201"
"1242","CINTA MAJU","22"
"1243","CINTA MAKMUR","259"
"1244","CINTA MAKMUR","35"
"1245","CINTA RAJA","60"
"1246","CINTA RAJA","104"
"1247","CIPAR PARI / PARE TIMUR","217"
"1248","CIPAR PARI / PARE","217"
"1249","COT ABEUK","144"
"1250","COT ALUE","20"
"1251","COT AMUN","112"
"1252","COT ANEUK BATEE","78"
"1253","COT ARA","35"
"1254","COT ARA","175"
"1255","COT ARA","238"
"1256","COT ASAN","6"
"1257","COT ASAN","114"
"1258","COT BADA BARAT","77"
"1259","COT BADA BAROH","77"
"1260","COT BADA TUNONG","77"
"1261","COT BADA","20"
"1262","COT BADA","8"
"1263","COT BADA","69"
"1264","COT BAGIE","244"
"1265","COT BAK-U","260"
"1266","COT BARAT","74"
"1267","COT BAROH","138"
"1268","COT BAROH","175"
"1269","COT BATEE","194"
"1270","COT BAYU","189"
"1271","COT BAYU","261"
"1272","COT BA\U","144"
"1273","COT BEUT","150"
"1274","COT BIEK","84"
"1275","COT BUKET","77"
"1276","COT BULOH","39"
"1277","COT CANTEK","198"
"1278","COT CUT","150"
"1279","COT DAM / DAH","74"
"1280","COT DARAT","112"
"1281","COT DIRUI","233"
"1282","COT DULANG","113"
"1283","COT ENTUNG","50"
"1284","COT GADONG","8"
"1285","COT GAPU","230"
"1286","COT GEULUMPANG AB","6"
"1287","COT GEULUMPANG BAROH","98"
"1288","COT GEULUMPANG TUNONG","98"
"1289","COT GEULUMPANG","192"
"1290","COT GEULUMPANG","68"
"1291","COT GEULUMPANG","9"
"1292","COT GEUNDREUT","244"
"1293","COT GEUNDUEK","9"
"1294","COT GEURUFAI","10"
"1295","COT GEURUNDONG","8"
"1296","COT GIREK KANDANG","37"
"1297","COT GIREK","65"
"1298","COT GIREK","77"
"1299","COT GLUMPANG","194"
"1300","COT GOT","20"
"1301","COT GUD","233"
"1302","COT HO-HO","244"
"1303","COT IBOEH TIMU","8"
"1304","COT IBOH","8"
"1305","COT IJUE (IEJU)","77"
"1306","COT JABET","95"
"1307","COT JABET","103"
"1308","COT JAJA","238"
"1309","COT JAMBO","244"
"1310","COT JEURAT","102"
"1311","COT JRAT","230"
"1312","COT JURUMUDI","39"
"1313","COT KAFIRATON (KAPIRATON)","43"
"1314","COT KAREUNG","140"
"1315","COT KARIENG","244"
"1316","COT KEH","68"
"1317","COT KENG","10"
"1318","COT KEUMUDEE","77"
"1319","COT KEUMUDEE","52"
"1320","COT KEUMUNENG","40"
"1321","COT KEURANJI","77"
"1322","COT KEUTAPANG","8"
"1323","COT KEUTAPANG","12"
"1324","COT KEUTAPANG","75"
"1325","COT KREH","161"
"1326","COT KRUET","70"
"1327","COT KRUET","75"
"1328","COT KUMBANG","39"
"1329","COT KUMBANG","35"
"1330","COT KUMBANG","82"
"1331","COT KUMBANG","56"
"1332","COT KUMUNENG / KEUMUNING","7"
"1333","COT KUPOK","239"
"1334","COT KUTA","194"
"1335","COT KUTA","73"
"1336","COT KUTHANG","33"
"1337","COT LABA","239"
"1338","COT LADA","40"
"1339","COT LAGAN BB / CM","52"
"1340","COT LAGAN LM","94"
"1341","COT LAGASAWA","194"
"1342","COT LAMBIDENG","7"
"1343","COT LAMKUWEUEH","64"
"1344","COT LAMME","150"
"1345","COT LAMPISE","112"
"1346","COT LAMPOH SOH","117"
"1347","COT LANGSAT","79"
"1348","COT LAOT","75"
"1349","COT LELE (LHE LHE)","56"
"1350","COT LEU-OT","244"
"1351","COT LEUBENG","86"
"1352","COT LEUPEE","50"
"1353","COT LEUSONG","8"
"1354","COT LHEU RHENG","251"
"1355","COT LHOK","117"
"1356","COT MADHI / MADI","244"
"1357","COT MAKASO","251"
"1358","COT MALEM","244"
"1359","COT MAMBONG","50"
"1360","COT MANCANG","244"
"1361","COT MANCANG","150"
"1362","COT MANCANG","187"
"1363","COT MANE","35"
"1364","COT MANE","103"
"1365","COT MANE","109"
"1366","COT MANE","41"
"1367","COT MANGGIE","146"
"1368","COT MANYANG","35"
"1369","COT MANYANG","233"
"1370","COT MASAM","150"
"1371","COT ME","175"
"1372","COT ME","50"
"1373","COT MEE","44"
"1374","COT MERBO / MEUREUBO","108"
"1375","COT MESJID","213"
"1376","COT MESJID","112"
"1377","COT MEUGOE","8"
"1378","COT MEULANGEN","244"
"1379","COT MEULU","195"
"1380","COT MEUNYE CUT","108"
"1381","COT MEURAK BAROH","41"
"1382","COT MEURAK BLANG","41"
"1383","COT MON RAYA","244"
"1384","COT MONTIWAN","20"
"1385","COT MUDA ITAM","68"
"1386","COT MUE","44"
"1387","COT MURONG","239"
"1388","COT MURONG","52"
"1389","COT NAMBAK","244"
"1390","COT NGA","77"
"1391","COT NURAN","161"
"1392","COT PALEUE","238"
"1393","COT PANGE","72"
"1394","COT PANJOE","77"
"1395","COT PATISAH","43"
"1396","COT PAYA","184"
"1397","COT PAYA","239"
"1398","COT PERADI / PEURADI","73"
"1399","COT PEUTANO","150"
"1400","COT PEUTEK","230"
"1401","COT PLUH","112"
"1402","COT PREH","150"
"1403","COT PUKLAT","244"
"1404","COT PUNTI (EX UPT V PATEK)","79"
"1405","COT PUNTI","233"
"1406","COT PUNTI","51"
"1407","COT PUUK","103"
"1408","COT PUUK","77"
"1409","COT RABO BAROH","77"
"1410","COT RABO TUNONG","77"
"1411","COT RAMBAT","103"
"1412","COT RAMBONG (COT ME)","151"
"1413","COT RAMBONG","94"
"1414","COT RAYA","150"
"1415","COT RHENG","9"
"1416","COT RHEUE","108"
"1417","COT RUMPUN","244"
"1418","COT SALEUT","78"
"1419","COT SAYUN","244"
"1420","COT SEUKEE","191"
"1421","COT SEULAMAT","112"
"1422","COT SEUMEURENG","112"
"1423","COT SEUMINYONG (SUMIYONG)","108"
"1424","COT SEUNONG","117"
"1425","COT SEURANI","262"
"1426","COT SEUTUI","108"
"1427","COT SEUTUY","93"
"1428","COT SIREN","41"
"1429","COT SITUAH","52"
"1430","COT SUKON","198"
"1431","COT SURUY","20"
"1432","COT TAROM BAROH","8"
"1433","COT TAROM TUNONG","8"
"1434","COT TEUKU DEK","233"
"1435","COT TEUNGOH","9"
"1436","COT TRAP","34"
"1437","COT TRIENG","194"
"1438","COT TRIENG","215"
"1439","COT TRIENG","99"
"1440","COT TRUENG","262"
"1441","COT TRUENG","43"
"1442","COT TUBE / TEUBEE","103"
"1443","COT TUFAH","49"
"1444","COT TUFAH / TUPAH","103"
"1445","COT TUNONG","103"
"1446","COT TUNONG","138"
"1447","COT U SIBAK","194"
"1448","COT ULAYA","35"
"1449","COT ULIM","8"
"1450","COT UNOE","194"
"1451","COT USEN","239"
"1452","COT YANG","150"
"1453","COT","208"
"1454","COT","211"
"1455","CRAK MONG","79"
"1456","CRUENG","97"
"1457","CRUENG","12"
"1458","CRUNG / CRUENG KUMBANG","175"
"1459","CUCUM","173"
"1460","CUCUM","150"
"1461","CUMBOK LIE","198"
"1462","CUMBOK NIWA","198"
"1463","CUNDIN","208"
"1464","CURE BAROH","99"
"1465","CURE TUNONG","99"
"1466","CUREH","140"
"1467","CUREK","116"
"1468","CURUCOK BARAT","238"
"1469","CURUCOK SAGOE","238"
"1470","CURUCOK TIMUR","238"
"1471","CUT LANGIEN","1"
"1472","CUT MAMPLAM","37"
"1473","CUT NEUHEUN","29"
"1474","CUT","12"
"1475","CUT","118"
"1476","DABOH","250"
"1477","DABOIH","1"
"1478","DABOIH","193"
"1479","DAGANG SETIA","85"
"1480","DAH","183"
"1481","DAKA","209"
"1482","DAKUTA","262"
"1483","DALAM","120"
"1484","DALAM","147"
"1485","DALAM","19"
"1486","DALING","167"
"1487","DALUENG","9"
"1488","DAMA KAWAN","103"
"1489","DAMA POLO II","62"
"1490","DAMA PULO I","62"
"1491","DAMA PULO","67"
"1492","DAMA TUTONG","68"
"1493","DAMAR MULIA","169"
"1494","DAMAR SIPUT","91"
"1495","DAMARAN BARU","202"
"1496","DANAU BUNGARA","255"
"1497","DARAT","113"
"1498","DAROY KAMEU","218"
"1499","DARUL AMAN (GINASING)","205"
"1500","DARUL AMAN RAMU","174"
"1501","DARUL AMAN","36"
"1502","DARUL AMAN","98"
"1503","DARUL AMAN","248"
"1504","DARUL AMAN","235"
"1505","DARUL AMAN","43"
"1506","DARUL AMIN","214"
"1507","DARUL HUDA","52"
"1508","DARUL IKHSAN","263"
"1509","DARUL IMAMI","122"
"1510","DARUL MAKMUR","253"
"1511","DARUL MAKMUR","217"
"1512","DARUSSALAM","122"
"1513","DARUSSALAM","36"
"1514","DARUSSALAM","205"
"1515","DARUSSALAM","235"
"1516","DARUSSALAM","41"
"1517","DATA CUT","173"
"1518","DATA GASEU / GASEUE","76"
"1519","DATA MAKMUR","244"
"1520","DATAR LUAS","116"
"1521","DATOK PINING","171"
"1522","DATU BERU TUNYANG","202"
"1523","DAYAH ADAN","33"
"1524","DAYAH ANDEUE","148"
"1525","DAYAH ARON","80"
"1526","DAYAH BARO","250"
"1527","DAYAH BARO","98"
"1528","DAYAH BARO","116"
"1529","DAYAH BARO","71"
"1530","DAYAH BARO","29"
"1531","DAYAH BAROE","78"
"1532","DAYAH BAROH","97"
"1533","DAYAH BAROH","12"
"1534","DAYAH BAROH","242"
"1535","DAYAH BAROH","93"
"1536","DAYAH BEUAH","250"
"1537","DAYAH BEUREUEH","190"
"1538","DAYAH BIE","191"
"1539","DAYAH BLANG (DEAH BLANG)","149"
"1540","DAYAH BLANG CUT","238"
"1541","DAYAH BLANG RALEU","98"
"1542","DAYAH BLANG SEUREUKUY","29"
"1543","DAYAH BLANG","238"
"1544","DAYAH BUBUE","195"
"1545","DAYAH CALEUE","191"
"1546","DAYAH COT","242"
"1547","DAYAH DABOH","117"
"1548","DAYAH GAMPONG BARO","242"
"1549","DAYAH GAMPONG PISANG","138"
"1550","DAYAH HUSEN (USIEN)","227"
"1551","DAYAH JEULEUPE","9"
"1552","DAYAH KEUMALA","161"
"1553","DAYAH KEURAKO","191"
"1554","DAYAH KP PISANG","198"
"1555","DAYAH KRUET","227"
"1556","DAYAH KUMBA","33"
"1557","DAYAH LAMPOH AWE","238"
"1558","DAYAH LANGIEN","1"
"1559","DAYAH LB / LT","6"
"1560","DAYAH LEUBUE","93"
"1561","DAYAH MENARA","118"
"1562","DAYAH MESJID","175"
"1563","DAYAH MEURIYA / MEURIA","80"
"1564","DAYAH MON ARA (DEAH MONARA)","149"
"1565","DAYAH MON ARA","75"
"1566","DAYAH MUARA GAROT","191"
"1567","DAYAH MUARA","195"
"1568","DAYAH NIBONG","57"
"1569","DAYAH NYONG","1"
"1570","DAYAH PANGWA","251"
"1571","DAYAH PANJOE","175"
"1572","DAYAH REUBEE","250"
"1573","DAYAH SEUMIDEUN","195"
"1574","DAYAH SEUPENG","36"
"1575","DAYAH SINTHOP","148"
"1576","DAYAH SUKON","195"
"1577","DAYAH SYARIF","190"
"1578","DAYAH TANOH","138"
"1579","DAYAH TANOH","33"
"1580","DAYAH TANOH","12"
"1581","DAYAH TANOH","9"
"1582","DAYAH TEUBENG","9"
"1583","DAYAH TEUMANAH","251"
"1584","DAYAH TEUNGKU","80"
"1585","DAYAH TEUNGOH","9"
"1586","DAYAH TEUNGOH","242"
"1587","DAYAH TIDIEK","190"
"1588","DAYAH TIMU","226"
"1589","DAYAH TUA","97"
"1590","DAYAH TUHA","226"
"1591","DAYAH TUHA","198"
"1592","DAYAH TUHA","29"
"1593","DAYAH TUNGKU","195"
"1594","DAYAH TUTONG","9"
"1595","DAYAH UJONG BAROH","251"
"1596","DAYAH USI","33"
"1597","DAYAH","97"
"1598","DAYAH","211"
"1599","DE (GAMPONG DEE)","251"
"1600","DEAH MAMPLAM","264"
"1601","DEAH RAYA","106"
"1602","DEDAMAR","170"
"1603","DEDINGIN","168"
"1604","DELENG DAMAR","171"
"1605","DELENG KUKUSEN","214"
"1606","DELENG MEGAKHE","182"
"1607","DELUNG ASLI","179"
"1608","DELUNG SEKINEL","145"
"1609","DELUNG TUE","179"
"1610","DEPET INDAH","155"
"1611","DESKY JAYA","259"
"1612","DEUAH","112"
"1613","DEUDAP","111"
"1614","DEUNONG","218"
"1615","DEYAH BARO (DEAH BARO)","64"
"1616","DEYAH GELUMPANG (DEAH GLUMPANG)","64"
"1617","DEYAH","150"
"1618","DHAM CEUKOK","20"
"1619","DHAM PULO","20"
"1620","DIDOH","33"
"1621","DIHIT","265"
"1622","DILIB BUKTI","139"
"1623","DILIB LAMTEUNGOH","139"
"1624","DISPOT LINGE","145"
"1625","DOI / DOY","257"
"1626","DOLOK NAULI","28"
"1627","DRIEN BUNGONG","10"
"1628","DRIEN CALEE","100"
"1629","DRIEN DUA","65"
"1630","DRIEN JALO","42"
"1631","DRIEN JALO","11"
"1632","DRIEN KIPAH","11"
"1633","DRIEN PUNTONG","207"
"1634","DRIEN RAMPAK","39"
"1635","DRIEN RAMPAK","234"
"1636","DRIEN SIBAK","266"
"1637","DRIEN TUJOH","10"
"1638","DRIEN TUJOH","177"
"1639","DRIEN","191"
"1640","DRIN MANGKO","52"
"1641","DUA PAYA","195"
"1642","DURIAN JANGEK","187"
"1643","DURIAN KAWAN","25"
"1644","DURIAN RAMPAK","187"
"1645","DURIN","14"
"1646","DURUNG","225"
"1647","EKAN","267"
"1648","EMPAT LIMA","122"
"1649","EMPEE ARA","140"
"1650","EMPEE BATA","244"
"1651","EMPEE TUNONG","117"
"1652","EMPEH","33"
"1653","EMPEROM","232"
"1654","EMPETRING (EMPEE TRIENG)","229"
"1655","EMPU BALIK","168"
"1656","EMPUS TALU","167"
"1657","ENGKERAN","214"
"1658","ENMYA BATU DUA RATUS","248"
"1659","FAJAR HARAPAN","128"
"1660","FAJAR HARAPAN","202"
"1661","GABUNGAN PARSAORAN","248"
"1662","GADANG","19"
"1663","GADANG","187"
"1664","GAHARU","10"
"1665","GAJAH AYEE","9"
"1666","GAJAH MENTAH","87"
"1667","GAJAH PUTIH","26"
"1668","GAJAH","267"
"1669","GAMPA","234"
"1670","GAMPONG ACEH","67"
"1671","GAMPONG AIR TENANG","120"
"1672","GAMPONG ALUE DUA","268"
"1673","GAMPONG ALUE LEUKOT","49"
"1674","GAMPONG ALUE LHOK","49"
"1675","GAMPONG ALUE PAPEUN","268"
"1676","GAMPONG ALUE","74"
"1677","GAMPONG AMPEH","80"
"1678","GAMPONG AMPEH","74"
"1679","GAMPONG AWE","80"
"1680","GAMPONG BARAT","50"
"1681","GAMPONG BARAT","9"
"1682","GAMPONG BARO (KAMPUNG BARU)","263"
"1683","GAMPONG BARO )KAMPUNG BARO)","62"
"1684","GAMPONG BARO KB","51"
"1685","GAMPONG BARO L","72"
"1686","GAMPONG BARO P","72"
"1687","GAMPONG BARO WT","51"
"1688","GAMPONG BARO","67"
"1689","GAMPONG BARO","113"
"1690","GAMPONG BARO","61"
"1691","GAMPONG BARO","230"
"1692","GAMPONG BARO","160"
"1693","GAMPONG BARO","225"
"1694","GAMPONG BARO","64"
"1695","GAMPONG BARO","146"
"1696","GAMPONG BARO","21"
"1697","GAMPONG BARO","41"
"1698","GAMPONG BARO","228"
"1699","GAMPONG BARO","269"
"1700","GAMPONG BARO","55"
"1701","GAMPONG BARO","34"
"1702","GAMPONG BAROH","117"
"1703","GAMPONG BAROH","77"
"1704","GAMPONG BAROH","269"
"1705","GAMPONG BEUNOT (KAMPUNG BEUNOT)","62"
"1706","GAMPONG BLANG AMAN","6"
"1707","GAMPONG BLANG ARA","49"
"1708","GAMPONG BLANG JRAT","268"
"1709","GAMPONG BLANG POHROH","268"
"1710","GAMPONG BLANG TRIENG","74"
"1711","GAMPONG BLANG","142"
"1712","GAMPONG BLANG","48"
"1713","GAMPONG BLANG","227"
"1714","GAMPONG BLANG","64"
"1715","GAMPONG BLANG","86"
"1716","GAMPONG BLANG","55"
"1717","GAMPONG BLANG","80"
"1718","GAMPONG BUNDAR","120"
"1719","GAMPONG CIBREK (MEUNASAH CIBREK)","31"
"1720","GAMPONG COT ARA","6"
"1721","GAMPONG COT USI","33"
"1722","GAMPONG COT","142"
"1723","GAMPONG COT","246"
"1724","GAMPONG COT","112"
"1725","GAMPONG COT","56"
"1726","GAMPONG CUT (MEUNASAH CUT)","250"
"1727","GAMPONG CUT NYONG","1"
"1728","GAMPONG CUT","12"
"1729","GAMPONG DARUSSALAM","268"
"1730","GAMPONG DAULAT","48"
"1731","GAMPONG DENG","74"
"1732","GAMPONG DRIEN (KAMPUNG DRIEN)","263"
"1733","GAMPONG GLOK","80"
"1734","GAMPONG HARAPAN","32"
"1735","GAMPONG JADAN","190"
"1736","GAMPONG JALAN","67"
"1737","GAMPONG JALAN","114"
"1738","GAMPONG JAWA","67"
"1739","GAMPONG JAWA","270"
"1740","GAMPONG JAWA","48"
"1741","GAMPONG JEUMPA","138"
"1742","GAMPONG JOHAR","120"
"1743","GAMPONG JURONG","191"
"1744","GAMPONG KEUDE (KAMPUNG KEUDE)","62"
"1745","GAMPONG KEUDE BAGOK DUA","114"
"1746","GAMPONG KEUMUNENG (KEUMUNING)","96"
"1747","GAMPONG KEUTAPANG","50"
"1748","GAMPONG KULAM","80"
"1749","GAMPONG LADA","33"
"1750","GAMPONG LADANG","112"
"1751","GAMPONG LHEE","114"
"1752","GAMPONG LHOK","151"
"1753","GAMPONG MAMPREE","49"
"1754","GAMPONG MATANG PUPANJI AB","6"
"1755","GAMPONG ME MERBO","31"
"1756","GAMPONG MESJID","114"
"1757","GAMPONG MESJID","228"
"1758","GAMPONG MEULINTEUNG","5"
"1759","GAMPONG MEULUM","41"
"1760","GAMPONG MEUNASAH BARO (BARO NYONG)","1"
"1761","GAMPONG MEUNASAH RANTO","6"
"1762","GAMPONG MEUNASAH RAYEUK","50"
"1763","GAMPONG MUTIA","48"
"1764","GAMPONG NGA LT","6"
"1765","GAMPONG NGA","49"
"1766","GAMPONG NYONG","1"
"1767","GAMPONG PALOH","31"
"1768","GAMPONG PANDE","270"
"1769","GAMPONG PANDE","31"
"1770","GAMPONG PANJOU (GANTUNG)","149"
"1771","GAMPONG PAYA","74"
"1772","GAMPONG PEUNAYAN","50"
"1773","GAMPONG PEURADA","106"
"1774","GAMPONG PIE","64"
"1775","GAMPONG PIE","228"
"1776","GAMPONG PUKAT","9"
"1777","GAMPONG PUTOH","77"
"1778","GAMPONG PUTOH","41"
"1779","GAMPONG RAYA DAGANG","77"
"1780","GAMPONG RAYA TAMBO","77"
"1781","GAMPONG SAWANG","7"
"1782","GAMPONG SERBA JAMAN","74"
"1783","GAMPONG SEUMIRAH","268"
"1784","GAMPONG SEUNEUBOK ACEH","49"
"1785","GAMPONG SUKAJADI","120"
"1786","GAMPONG TANJONG AWE","228"
"1787","GAMPONG TANJONG","67"
"1788","GAMPONG TANJUNG BAROH","228"
"1789","GAMPONG TEUNGOH (KAMPONG TEUNGOH)","261"
"1790","GAMPONG TEUNGOH B","74"
"1791","GAMPONG TEUNGOH","48"
"1792","GAMPONG TEUNGOH","207"
"1793","GAMPONG TEUNGOH","50"
"1794","GAMPONG TEUNGOH","112"
"1795","GAMPONG TEUNGOH","228"
"1796","GAMPONG TEUNGOH","7"
"1797","GAMPONG TEUNGOH","73"
"1798","GAMPONG TEUPIN ME","74"
"1799","GAMPONG TEUPIN PANAH","96"
"1800","GAMPONG TUPAH","120"
"1801","GAMPONG U (MEUNASAH U)","80"
"1802","GAMPONG ULEE GLEE","10"
"1803","GAMPONG WAIDO","195"
"1804","GAMPONG","9"
"1805","GAMPONG / KAMPUNG KEUDE","45"
"1806","GAMPONG / KAMPUNG KUALA","45"
"1807","GANANG PUSAKO","30"
"1808","GANI","20"
"1809","GANTING","17"
"1810","GANTUNG GELUNI","22"
"1811","GAPA GARU","44"
"1812","GAPUY","208"
"1813","GARAB","192"
"1814","GAROT CUT","191"
"1815","GAROT GEUCEU","218"
"1816","GAROT","86"
"1817","GAROT","75"
"1818","GAROT","29"
"1819","GARUT","223"
"1820","GASEH SAYANG","62"
"1821","GASEU","266"
"1822","GAWAR BELANGI","223"
"1823","GAYA JAYA","248"
"1824","GAYE SENDAH","23"
"1825","GAYO MURNI","169"
"1826","GAYO SETIE","26"
"1827","GEDUBANG ACEH","66"
"1828","GEDUNG BIARA","18"
"1829","GEGARANG","170"
"1830","GEGARANG","24"
"1831","GEGARANG","222"
"1832","GEGERUNG","201"
"1833","GEGUR SEPAKAT","202"
"1834","GELAH MUSARA","248"
"1835","GELAMPANG GADING","145"
"1836","GELAMPANG WIH TENANG UKEN","174"
"1837","GELANGGANG GAJAH","47"
"1838","GELANGGANG GAJAH","107"
"1839","GELANGGANG MERAK","85"
"1840","GELE LAH","167"
"1841","GELE LUNGI","152"
"1842","GELE PULO","170"
"1843","GELE SEMAYANG","188"
"1844","GELE","14"
"1845","GELUMBUK","206"
"1846","GELUMPANG / GLUMPANG PAYUNG","185"
"1847","GELUNG","18"
"1848","GEMASIH","153"
"1849","GEMBOYAH","145"
"1850","GEMPA RAYA","52"
"1851","GENTING BULEN","185"
"1852","GENTING GERBANG","156"
"1853","GENUREN","170"
"1854","GERENGGAM","130"
"1855","GERPA","240"
"1856","GERUGUH","183"
"1857","GERUTI JAYA","240"
"1858","GEUCEU INIEM","271"
"1859","GEUCEU KAYEE JATO","271"
"1860","GEUCEU KOMPLEK","271"
"1861","GEUCEU MEUNARA","232"
"1862","GEUDHAM","85"
"1863","GEUDONG ALUE","230"
"1864","GEUDONG GEUDONG","230"
"1865","GEUDONG TAMPU","8"
"1866","GEUDONG","250"
"1867","GEUDONG","266"
"1868","GEUDUBANG JAWA","66"
"1869","GEUDUMBAK","69"
"1870","GEULANGGANG BARO","230"
"1871","GEULANGGANG BARO","272"
"1872","GEULANGGANG BATEE","260"
"1873","GEULANGGANG GAMPONG","230"
"1874","GEULANGGANG KULAM","230"
"1875","GEULANGGANG LABU","235"
"1876","GEULANGGANG MERAK","53"
"1877","GEULANGGANG MEUNJEE","175"
"1878","GEULANGGANG PANAH","175"
"1879","GEULANGGANG RAYEUK","175"
"1880","GEULANGGANG TEUNGOH","230"
"1881","GEULANGGANG","93"
"1882","GEULIDAH","226"
"1883","GEULUMPANG BUNGKOK","35"
"1884","GEULUMPANG LHEE","97"
"1885","GEULUMPANG MEU JIMJIM","3"
"1886","GEULUMPANG PAYONG","102"
"1887","GEULUMPANG PAYONG","8"
"1888","GEULUMPANG PAYONG","87"
"1889","GEULUMPANG SULU BARAT","203"
"1890","GEULUMPANG SULU TIMUR","203"
"1891","GEULUMPANG UMPUNG UNOU","84"
"1892","GEULUMPANG","6"
"1893","GEULUMPANG","207"
"1894","GEULUMPANG","12"
"1895","GEULUMPANG / GLUMPANG BUNGKOK","41"
"1896","GEULUMPANG / GLUMPANG PAYONG","41"
"1897","GEUMATA (MEUNASAH GEUMATA)","6"
"1898","GEUNDOT","5"
"1899","GEUNDRIENG","218"
"1900","GEUNTENG BARAT","97"
"1901","GEUNTENG TIMUR","97"
"1902","GEUNTENG","193"
"1903","GEUNTENG","227"
"1904","GEUREUGHEK","49"
"1905","GEURUGOK","103"
"1906","GEWAT","145"
"1907","GEWAT","223"
"1908","GINTONG","209"
"1909","GLA DEYAH","273"
"1910","GLA MEUNASAH BARO","273"
"1911","GLE CUT","211"
"1912","GLE JONG","113"
"1913","GLE MEUNDONG","99"
"1914","GLE PUTOH","113"
"1915","GLE PUTOH","175"
"1916","GLE SUBAK","269"
"1917","GLE","12"
"1918","GLEE BRUEK","208"
"1919","GLEE DAGANG","7"
"1920","GLEE GAPUI","191"
"1921","GLEE JAI","189"
"1922","GLEE SIBLAH","52"
"1923","GLEE","250"
"1924","GLEPUTOH","32"
"1925","GLEUNG","266"
"1926","GLONG (MEUNASAH GLONG)","29"
"1927","GLUMPANG (GEULUMPANG)","149"
"1928","GLUMPANG (GEULUMPANG)","58"
"1929","GLUMPANG BAROH","194"
"1930","GLUMPANG BUNGKOK","193"
"1931","GLUMPANG PAYONG","35"
"1932","GLUMPANG SAMLAKOE","35"
"1933","GLUMPANG TUTONG","226"
"1934","GLUMPANG VII","71"
"1935","GLUMPANG / GEULUMPANG PIRAK","49"
"1936","GODANG","179"
"1937","GONENG","240"
"1938","GOSONG TELAGA BARAT","274"
"1939","GOSONG TELAGA SELATAN","274"
"1940","GOSONG TELAGA TIMUR","274"
"1941","GOSONG TELAGA UTARA","274"
"1942","GRONG GRONG CAPA","93"
"1943","GRONG GRONG","209"
"1944","GRONG GRONG","6"
"1945","GRONG GRONG","226"
"1946","GRONG GRONG","12"
"1947","GRONG GRONG","83"
"1948","GRONG-GRONG","62"
"1949","GROT MEUNASAH BARO","140"
"1950","GROT MEUNASAH BLANG","140"
"1951","GROT MEUNASAH MANYANG","140"
"1952","GUBANG GAJAH","151"
"1953","GUCI","191"
"1954","GUDANG","102"
"1955","GUE GAJAH","218"
"1956","GUE","150"
"1957","GUGOB","111"
"1958","GUHA ULEUE","108"
"1959","GUHA","258"
"1960","GUHANG","102"
"1961","GULO","253"
"1962","GUMPANG JAYA","27"
"1963","GUMPANG LEMPUH","275"
"1964","GUMPANG","122"
"1965","GUMPANG","275"
"1966","GUNCI","7"
"1967","GUNONG BULOH","32"
"1968","GUNONG BULOH","266"
"1969","GUNONG CUT","47"
"1970","GUNONG GULUNGO (GEULUGO)","44"
"1971","GUNONG KAPO / KAPHO","261"
"1972","GUNONG KLENG","196"
"1973","GUNONG KUPOK","44"
"1974","GUNONG MANTOK","32"
"1975","GUNONG MEULINTEUNG","32"
"1976","GUNONG MEUNASAH","269"
"1977","GUNONG PANAH","40"
"1978","GUNONG PANYANG","51"
"1979","GUNONG PULO","39"
"1980","GUNONG PULO","128"
"1981","GUNONG PUNGKIE","44"
"1982","GUNONG PUTOH","89"
"1983","GUNONG REUBO","82"
"1984","GUNONG SAPEK","44"
"1985","GUNONG TAROK","92"
"1986","GUNONG / GUNUNG RAMBONG","52"
"1987","GUNUNG ANTARA","188"
"1988","GUNUNG BAHGIE","247"
"1989","GUNUNG BAKTI","217"
"1990","GUNUNG BALOHEN","247"
"1991","GUNUNG BUKIT","247"
"1992","GUNUNG CUT","72"
"1993","GUNUNG CUT","19"
"1994","GUNUNG CUT","11"
"1995","GUNUNG HAMPA","52"
"1996","GUNUNG KERAMBIL","16"
"1997","GUNUNG KETEK","19"
"1998","GUNUNG LAGAN","243"
"1999","GUNUNG MATA IE","146"
"2000","GUNUNG MUSARA","212"
