"id","nama_desa","kecamatan_id"
"4001","MEUNASAH PULO","75"
"4002","MEUNASAH PULO","7"
"4003","MEUNASAH PUPU","93"
"4004","MEUNASAH PUUK","41"
"4005","MEUNASAH PU\UK","67"
"4006","MEUNASAH RABO","75"
"4007","MEUNASAH RAMBOT","100"
"4008","MEUNASAH RAYA PAYA","238"
"4009","MEUNASAH RAYA","227"
"4010","MEUNASAH RAYA","195"
"4011","MEUNASAH RAYA","198"
"4012","MEUNASAH RAYEUK LB","6"
"4013","MEUNASAH RAYEUK","105"
"4014","MEUNASAH RAYEUK","100"
"4015","MEUNASAH REUDEUP","86"
"4016","MEUNASAH SAGOU / SAGOE","43"
"4017","MEUNASAH SERBA","113"
"4018","MEUNASAH SUKON","260"
"4019","MEUNASAH SUKON","195"
"4020","MEUNASAH TAMBO","98"
"4021","MEUNASAH TAMBO","75"
"4022","MEUNASAH TEUNGOH  /  TENGAH","260"
"4023","MEUNASAH TEUNGOH LB","6"
"4024","MEUNASAH TEUNGOH LT","6"
"4025","MEUNASAH TEUNGOH","176"
"4026","MEUNASAH TEUNGOH","105"
"4027","MEUNASAH TEUNGOH","149"
"4028","MEUNASAH TEUNGOH","227"
"4029","MEUNASAH TEUNGOH","114"
"4030","MEUNASAH TEUNGOH","86"
"4031","MEUNASAH TEUNGOH","83"
"4032","MEUNASAH TEUNGOH","75"
"4033","MEUNASAH TEUNGOH","38"
"4034","MEUNASAH TEUTONG","20"
"4035","MEUNASAH TINGKEUM","4"
"4036","MEUNASAH TUHA","6"
"4037","MEUNASAH TUHA","21"
"4038","MEUNASAH TUHA","139"
"4039","MEUNASAH TUNONG LUENG","98"
"4040","MEUNASAH TUNONG","83"
"4041","MEUNASAH TUNONG","75"
"4042","MEUNASAH TUNONG","76"
"4043","MEUNASAH TUTONG","105"
"4044","MEUNASAH TUTONG","6"
"4045","MEUNASAH TUTONG","117"
"4046","MEUNASAH UKE","198"
"4047","MEUNASAH WEH","113"
"4048","MEUNASAH","149"
"4049","MEUNASAH","187"
"4050","MEUNJEE","138"
"4051","MEUNYE PAYONG","207"
"4052","MEUNYE PEUT","207"
"4053","MEUNYE SEULEUMAK","49"
"4054","MEUNYECUT BAHAGIA","108"
"4055","MEURAH","41"
"4056","MEURAH","76"
"4057","MEURAKSA","149"
"4058","MEURAKSA","226"
"4059","MEURANDEH ACEH","160"
"4060","MEURANDEH ALUE","10"
"4061","MEURANDEH DAYAH","160"
"4062","MEURANDEH RAYA","239"
"4063","MEURANDEH SUAK","233"
"4064","MEURANDEH TEUNGOH","160"
"4065","MEURANDEH","160"
"4066","MEURANDEH","260"
"4067","MEURANDEH","85"
"4068","MEURANDEH / MERANDEH PAYA","158"
"4069","MEUREBO","65"
"4070","MEUREUBO","70"
"4071","MEUREUBO","196"
"4072","MEUREUBO","73"
"4073","MEUREUBO / MEUREBO PUNTONG","43"
"4074","MEURIA (MEURIYA)","108"
"4075","MEURIA BLUEK","207"
"4076","MEURIA PALOH","215"
"4077","MEURIA SEULEUMAK","49"
"4078","MEURINYA","12"
"4079","MEURIYA MATANGKULI","71"
"4080","MEURIYA / MEURIA ARON","80"
"4081","MEUSALEE LHOK","140"
"4082","MEUSE","175"
"4083","MEUTARA","113"
"4084","MEUTULANG","146"
"4085","MEUYE / MUNYE MATANG UBI","6"
"4086","MEUYUB LALA","148"
"4087","MIBO","271"
"4088","MIDEUN GEUDONG","41"
"4089","MIDEUN JOK","41"
"4090","MIRUEK TAMAN","142"
"4091","MIRUK LAM REUDEUP","184"
"4092","MIRUK","273"
"4093","MITEUM","133"
"4094","MNSH ALUE I PUTEH","35"
"4095","MNSH MESJID LAM PUUK","166"
"4096","MON ALUE","140"
"4097","MON ARA","70"
"4098","MON ARA","117"
"4099","MON ARA","33"
"4100","MON BATEUNG","233"
"4101","MON CRANG","80"
"4102","MON DUA","177"
"4103","MON GEUDONG","199"
"4104","MON GEUDONG","54"
"4105","MON IKEUN","166"
"4106","MON JAMBEE","103"
"4107","MON JAMBEE","8"
"4108","MON JEUREUJAK","103"
"4109","MON KEULAYU","103"
"4110","MON MANE","8"
"4111","MON MATA","116"
"4112","MON MATA","208"
"4113","MON PASONG","94"
"4114","MON SUKON","35"
"4115","MONGAL","167"
"4116","MPG RAYA BLANG SIALET","239"
"4117","MS KULAM BEURACAN","226"
"4118","MUARA AMAN","180"
"4119","MUARA BARU","214"
"4120","MUARA BATU-BATU","183"
"4121","MUARA LAWE BULAN","27"
"4122","MUARA PEA","255"
"4123","MUARA SETIA","259"
"4124","MUARA SITULEN","259"
"4125","MUDE BENARA","202"
"4126","MUDE NOSAR","170"
"4127","MUGO CUT","146"
"4128","MUGO RAYEUK","146"
"4129","MUHAJIRIN","224"
"4130","MUKA BLANG","107"
"4131","MUKA BLANG","276"
"4132","MUKA SEI KURUK","18"
"4133","MUKEE","12"
"4134","MUKHAN","105"
"4135","MUKO BULOH","10"
"4136","MUKO JURONG","246"
"4137","MUKO","100"
"4138","MUKO","12"
"4139","MUKTI JAYA (MUKTI HARAPAN)","285"
"4140","MUKTI LINCIR","255"
"4141","MUKTI MAKMUR","252"
"4142","MULIA","200"
"4143","MULIA","75"
"4144","MULIE DAMAI","248"
"4145","MULIE JADI","156"
"4146","MULIENG / MULING MANYANG","108"
"4147","MULIENG / MULING MEUCAT","108"
"4148","MUNGKUR","145"
"4149","MUNYE PIRAK","71"
"4150","MUNYE TUJUH (MEUNYE TUJOH)","58"
"4151","MUPAKAT JADI","179"
"4152","MUREU BARO","140"
"4153","MUREU BUENG-UE","140"
"4154","MUREU LAM GLUMPANG","140"
"4155","MUREU ULEE TITI","140"
"4156","MURONG COT","198"
"4157","MURONG LHOK","198"
"4158","MURONG","228"
"4159","MUSABA","153"
"4160","MUSARA PAKAT","153"
"4161","MUTIARA BARU","179"
"4162","MUTIARA DAMAI","28"
"4163","MUTIARA","188"
"4164","MUTIARA","30"
"4165","MUTIARA","237"
"4166","MUYANG KUTE MANGKU","188"
"4167","NACA","261"
"4168","NAGA TIMBUL","23"
"4169","NAGA UMBANG","166"
"4170","NAIBOS","143"
"4171","NALEUNG","61"
"4172","NALON","154"
"4173","NAMO BUAYO","217"
"4174","NAMPLOH BARO","41"
"4175","NAMPLOH BLANG GARANG","41"
"4176","NAMPLOH KRUENG","41"
"4177","NAMPLOH MANYANG","41"
"4178","NAMPLOH PAPEUEN","41"
"4179","NANCALA","143"
"4180","NANCAWA","2"
"4181","NANGGROE TIMUR","93"
"4182","NANGRHOU BARAT","93"
"4183","NAPA GALUH","231"
"4184","NAPAI","94"
"4185","NASE BARAT","86"
"4186","NASE ME","86"
"4187","NASREUHE","30"
"4188","NATAM BARU","182"
"4189","NATAM","182"
"4190","NDAUH NITENGGO","248"
"4191","NEGERI ANTARA","153"
"4192","NEUBOK NALEUNG","75"
"4193","NEUBOK YEE PK","177"
"4194","NEUBOK YEE PP","177"
"4195","NEUHEUEN","77"
"4196","NEUHEUN","97"
"4197","NEUHEUN","225"
"4198","NEULOP II","191"
"4199","NEULOP","250"
"4200","NEUROK","138"
"4201","NEUSOK","229"
"4202","NEUSU ACEH","165"
"4203","NEUSU JAYA","165"
"4204","NGA LHOKSUKON TENGAH","6"
"4205","NGA MATANG UBI","6"
"4206","NGA","207"
"4207","NGKERAN ALUR BULUH","280"
"4208","NGKERAN","214"
"4209","NIBONG BAROH","57"
"4210","NIBONG","207"
"4211","NIBONG","33"
"4212","NIBONG","29"
"4213","NICAH AWE","55"
"4214","NICAH MEUANEUK","209"
"4215","NICAH","77"
"4216","NIEN","238"
"4217","NIGAN","56"
"4218","NIRON","139"
"4219","NOSAR BARU","212"
"4220","NOSAR TAWAR JAYA","212"
"4221","NUBOK BADEUK","59"
"4222","NUNANG ANTARA","167"
"4223","NUSA","113"
"4224","NUSA","166"
"4225","NYA","164"
"4226","OBOH","183"
"4227","OWAQ","145"
"4228","PADANG BAK JEUMPA  /  JUMPA","11"
"4229","PADANG BAKAU","147"
"4230","PADANG BARU","147"
"4231","PADANG BARU","187"
"4232","PADANG BERAHAN","263"
"4233","PADANG DATAR","116"
"4234","PADANG GEULUMPANG","109"
"4235","PADANG HARAPAN","277"
"4236","PADANG HILIR","187"
"4237","PADANG JAKLOK (BAKJOK)","11"
"4238","PADANG JAWA","52"
"4239","PADANG KASAB","192"
"4240","PADANG KASAH","96"
"4241","PADANG KAWA","11"
"4242","PADANG KEULELE / KELELE","260"
"4243","PADANG KLENG","34"
"4244","PADANG LANGGIS","18"
"4245","PADANG MANCANG","100"
"4246","PADANG MEURIA","69"
"4247","PADANG PANJANG","187"
"4248","PADANG PANYANG","151"
"4249","PADANG PASIR","136"
"4250","PADANG PEULUMAT","172"
"4251","PADANG RUBEEK","151"
"4252","PADANG SAKTI","215"
"4253","PADANG SEURAHET","234"
"4254","PADANG SIKABU","100"
"4255","PADANG SIKABU","107"
"4256","PADANG UNOI","30"
"4257","PADANG","110"
"4258","PADANG","269"
"4259","PADANG","56"
"4260","PADANG","238"
"4261","PADANG","16"
"4262","PADANG","223"
"4263","PAHLAWAN","120"
"4264","PAHLAWAN","85"
"4265","PAJAR","72"
"4266","PAKAT JEROH","188"
"4267","PAKIRAMAN","258"
"4268","PAKU","161"
"4269","PAKU","99"
"4270","PAKUK","189"
"4271","PALAK HILIR","187"
"4272","PALAK HULU","187"
"4273","PALEUH BLANG","20"
"4274","PALEUH PULO","20"
"4275","PALIMBUNGAN","100"
"4276","PALOH AWE","262"
"4277","PALOH BATEE","37"
"4278","PALOH DAMA","175"
"4279","PALOH GADENG","203"
"4280","PALOH IGEUH","203"
"4281","PALOH JEURAT","12"
"4282","PALOH JEUREULA","198"
"4283","PALOH KAMBUEH","190"
"4284","PALOH KAYEE KUNYET","103"
"4285","PALOH KAYEE KUNYET","50"
"4286","PALOH LADA","203"
"4287","PALOH LHOK USI","33"
"4288","PALOH MAMBU","50"
"4289","PALOH MAMPREE","78"
"4290","PALOH MAMPREI / MAMPREE","50"
"4291","PALOH ME","103"
"4292","PALOH NALEUENG","118"
"4293","PALOH PANYANG","8"
"4294","PALOH PEURADI","175"
"4295","PALOH PUNTI","215"
"4296","PALOH PUPU","192"
"4297","PALOH RAYA","175"
"4298","PALOH RAYA","262"
"4299","PALOH RAYA","33"
"4300","PALOH SEULIMENG","8"
"4301","PALOH TEUNGOH","161"
"4302","PALOH TINGGI","33"
"4303","PALOH TOK DHUE","238"
"4304","PALOH","77"
"4305","PALOH","9"
"4306","PALOH","111"
"4307","PALOH","41"
"4308","PALOK","14"
"4309","PALONG","193"
"4310","PANAH","242"
"4311","PANANGAN MATA","152"
"4312","PANCA KUBU","287"
"4313","PANCA","287"
"4314","PANCAKH IMAN","137"
"4315","PANCAR JELOBOK","153"
"4316","PANDAK","70"
"4317","PANDAN SARI","243"
"4318","PANDAN SARI","85"
"4319","PANDAN SARI","258"
"4320","PANDRAH JANENG","86"
"4321","PANDRAH KANDEH","86"
"4322","PANGE","112"
"4323","PANGGE / PILOK","209"
"4324","PANGGOI","37"
"4325","PANGGONG","234"
"4326","PANGGONG","116"
"4327","PANGI","258"
"4328","PANGKALAN SULAMPI","127"
"4329","PANGKALAN","130"
"4330","PANGLIMA SAMAN","183"
"4331","PANGLIMA / PANGLIME LINTING","181"
"4332","PANGO DEAH","257"
"4333","PANGO RAYA","257"
"4334","PANGOE","250"
"4335","PANGUR","181"
"4336","PANIGAH","262"
"4337","PANJANG BARU","187"
"4338","PANJI MULIA I","179"
"4339","PANJI MULIA II","179"
"4340","PANJI","205"
"4341","PANJOU","138"
"4342","PANJUPIAN","16"
"4343","PANTAI BALAI","18"
"4344","PANTAI CEMPA","125"
"4345","PANTAI PERAK","187"
"4346","PANTAI PERLAK","197"
"4347","PANTAI TINJAU","197"
"4348","PANTAN BENER","158"
"4349","PANTAN DAMAR","169"
"4350","PANTAN JERIK","168"
"4351","PANTAN KELA","254"
"4352","PANTAN KEMUNING","202"
"4353","PANTAN KULI","135"
"4354","PANTAN LAH","153"
"4355","PANTAN LUES","26"
"4356","PANTAN LUES","223"
"4357","PANTAN MUSARA","152"
"4358","PANTAN NANGKA","145"
"4359","PANTAN PEDIANGEN","202"
"4360","PANTAN PENYO","185"
"4361","PANTAN REDUK","185"
"4362","PANTAN REDUK","145"
"4363","PANTAN SILE","168"
"4364","PANTAN SINAKU","153"
"4365","PANTAN TENGAH JAYA","174"
"4366","PANTAN TENGAH","158"
"4367","PANTANG COT BALOI","93"
"4368","PANTE ARA","176"
"4369","PANTE ARA","77"
"4370","PANTE AREE","250"
"4371","PANTE B","74"
"4372","PANTE BARO BUKIT PANYANG","78"
"4373","PANTE BARO GLEE SIBLAH","78"
"4374","PANTE BARO KUMBANG","78"
"4375","PANTE BARO","3"
"4376","PANTE BAYAM","4"
"4377","PANTE BEUREUEH","190"
"4378","PANTE BEUREUNE","227"
"4379","PANTE BREUH","70"
"4380","PANTE CERMEN","12"
"4381","PANTE CERMIN (CEUREUMEN)","56"
"4382","PANTE CERMIN","113"
"4383","PANTE CEUREUMEN (PANTE CERMIN)","92"
"4384","PANTE CUT","77"
"4385","PANTE GAJAH","77"
"4386","PANTE GAKI BALE","69"
"4387","PANTE GAROT","191"
"4388","PANTE GEULIMA","210"
"4389","PANTE GEULUMPANG","11"
"4390","PANTE GURAH","262"
"4391","PANTE JALOH","7"
"4392","PANTE KARYA","26"
"4393","PANTE KARYA","78"
"4394","PANTE KERA","216"
"4395","PANTE KEUTAPANG","113"
"4396","PANTE KRUENG","198"
"4397","PANTE KULU","118"
"4398","PANTE KUYUN","269"
"4399","PANTE LABU","83"
"4400","PANTE LHOK KAJU","191"
"4401","PANTE LHONG","77"
"4402","PANTE MERBO (MEUREUBO)","4"
"4403","PANTE MEUTIA","39"
"4404","PANTE PAKU","5"
"4405","PANTE PANAH","83"
"4406","PANTE PEUSANGAN","5"
"4407","PANTE PEUSANGAN","3"
"4408","PANTE PIRAK","110"
"4409","PANTE PISANG","77"
"4410","PANTE PIYEU","77"
"4411","PANTE RAJA","110"
"4412","PANTE RAJA","278"
"4413","PANTE RAMBONG","83"
"4414","PANTE RANUB","5"
"4415","PANTE RAYA","201"
"4416","PANTE RHEENG / RHENG","41"
"4417","PANTE SEULEUMAK","49"
"4418","PANTE SIKEUMBONG (SIKUMBONG)","103"
"4419","PANTE SIREN","118"
"4420","PANTE SUKON","5"
"4421","PANTE TEUNGOH","220"
"4422","PANTE","6"
"4423","PANTE","238"
"4424","PANTE","80"
"4425","PANTEE CERMIN","90"
"4426","PANTEE PIRAK","71"
"4427","PANTEE RAKYAT","90"
"4428","PANTEE","20"
"4429","PANTERAWA","139"
"4430","PANTERIEK","213"
"4431","PANTO CUT","107"
"4432","PANTOM MAKMUR","110"
"4433","PANTON BAHAGIA","39"
"4434","PANTON BAYAM","176"
"4435","PANTON BAYU","47"
"4436","PANTON BEUNOT","242"
"4437","PANTON BILI","86"
"4438","PANTON BILI","278"
"4439","PANTON BILIE","277"
"4440","PANTON GEULIMA","77"
"4441","PANTON KABU","32"
"4442","PANTON KRUENG","72"
"4443","PANTON KRUENG","32"
"4444","PANTON LAWE","30"
"4445","PANTON LUAS","237"
"4446","PANTON LUAS","16"
"4447","PANTON MAKMUR","39"
"4448","PANTON MAKMUR","113"
"4449","PANTON MAKMUR","116"
"4450","PANTON MERBO (MEUREUBO)","89"
"4451","PANTON MESJID","70"
"4452","PANTON PANGE","177"
"4453","PANTON PAWOH","210"
"4454","PANTON RAYA","102"
"4455","PANTON RAYA","251"
"4456","PANTON RAYEUK A","241"
"4457","PANTON RAYEUK B","241"
"4458","PANTON RAYEUK I","108"
"4459","PANTON RAYEUK II","108"
"4460","PANTON RAYEUK M","241"
"4461","PANTON RAYEUK T","241"
"4462","PANTON RUBEK","210"
"4463","PANTON","50"
"4464","PANTON","86"
"4465","PANTON","34"
"4466","PANTON","52"
"4467","PAPEUEN NICAH","161"
"4468","PAPEUN","211"
"4469","PARANG SIKUREUNG","175"
"4470","PARANG SIKUREUNG","71"
"4471","PARDAMEAN","259"
"4472","PARDOMUAN I","259"
"4473","PARDOMUAN II","259"
"4474","PAROM","56"
"4475","PAROY","208"
"4476","PARU COT","1"
"4477","PARU KEUDE","1"
"4478","PASAR ACEH","234"
"4479","PASAR BLANG PIDIE","102"
"4480","PASAR INDRAPURI","140"
"4481","PASAR KOTA BAKTI","198"
"4482","PASAR KUTA BAHAGIA","107"
"4483","PASAR LAMA","147"
"4484","PASAR LAMNO","113"
"4485","PASAR LAMPAKUK","189"
"4486","PASAR PANJANG","252"
"4487","PASAR PUNTUNG+P2723","280"
"4488","PASAR RUNDENG","183"
"4489","PASAR SEULIMEUM","76"
"4490","PASAR SIMPANG TIGA","179"
"4491","PASAR SINGKIL","283"
"4492","PASAR","12"
"4493","PASAR","16"
"4494","PASE SENTOSA / SENTAUSA","38"
"4495","PASEH","3"
"4496","PASHEU BEUTONG","218"
"4497","PASI ACEH BAROH","196"
"4498","PASI ACEH TUNONG","196"
"4499","PASI ACEH","52"
"4500","PASI ARA KB","52"
"4501","PASI ARA WT","51"
"4502","PASI ARA","100"
"4503","PASI BIRAH","52"
"4504","PASI GEULIMA","34"
"4505","PASI IE LEUBEUE","149"
"4506","PASI JAMBU","100"
"4507","PASI JANENG","111"
"4508","PASI JANENG","51"
"4509","PASI JEUMPA","100"
"4510","PASI JEUT","94"
"4511","PASI KUALA ASAHAN","128"
"4512","PASI KUALA BAU","128"
"4513","PASI KUMBANG","100"
"4514","PASI LEMBANG","206"
"4515","PASI LHOK","149"
"4516","PASI LUAH","44"
"4517","PASI LUNAK","52"
"4518","PASI MALEE","94"
"4519","PASI MALI","94"
"4520","PASI MERAPAT","206"
"4521","PASI MESJID","196"
"4522","PASI MEUGAT","100"
"4523","PASI PANDAN","52"
"4524","PASI PANYANG","94"
"4525","PASI PAWANG","34"
"4526","PASI PEUKAN BARO","220"
"4527","PASI PINANG","196"
"4528","PASI RAWA","220"
"4529","PASI TEUBEE","88"
"4530","PASI TEUNGOH","100"
"4531","PASI TIMON","34"
"4532","PASI TULAK BALA","34"
"4533","PASI / PASIE RASIAN","278"
"4534","PASIE KEUBE DOM","177"
"4535","PASIE LG","20"
"4536","PASIE LUBOK","20"
"4537","PASIE","208"
"4538","PASIKH NUNANG","214"
"4539","PASIKH PEKHMATE","214"
"4540","PASIR BANGUN","214"
"4541","PASIR BELO","217"
"4542","PASIR GALA","186"
"4543","PASIR NUNGGUL","214"
"4544","PASIR PENJENGAKAN","186"
"4545","PASIR PUTIH","68"
"4546","PASIR PUTIH","267"
"4547","PASIR PUTIH","46"
"4548","PASIR PUTIH","240"
"4549","PASIR TINGGI","132"
"4550","PASIR","254"
"4551","PATEK","72"
"4552","PAWOD","211"
"4553","PAWOH","147"
"4554","PAWOH","187"
"4555","PAYA ABOE","77"
"4556","PAYA ATEUK (PAYATEUK)","278"
"4557","PAYA AWE  /  AWEE","96"
"4558","PAYA AWE","120"
"4559","PAYA BAKONG","61"
"4560","PAYA BANING","188"
"4561","PAYA BARAT","75"
"4562","PAYA BARO MEUKO","146"
"4563","PAYA BARO RP.","196"
"4564","PAYA BARO","103"
"4565","PAYA BARO","34"
"4566","PAYA BARO","51"
"4567","PAYA BAROH","10"
"4568","PAYA BARU","85"
"4569","PAYA BATEUNG","239"
"4570","PAYA BEDI","123"
"4571","PAYA BEKE","156"
"4572","PAYA BEUNYOT","95"
"4573","PAYA BEURANDANG","74"
"4574","PAYA BIEK","54"
"4575","PAYA BIENG","5"
"4576","PAYA BILI DUA","45"
"4577","PAYA BILI I (SATU)","13"
"4578","PAYA BILI I","45"
"4579","PAYA BILI II (DUA)","13"
"4580","PAYA BILI","98"
"4581","PAYA BILI","207"
"4582","PAYA BILI","37"
"4583","PAYA BUJOK BEURAMO (BEURAMOE)","284"
"4584","PAYA BUJOK BLANG PASE","48"
"4585","PAYA BUJOK TEUNGOH","284"
"4586","PAYA BUJUK SEULEUMAK","66"
"4587","PAYA BUJUK TUNONG","66"
"4588","PAYA BUMBUNG","283"
"4589","PAYA BUNOT","75"
"4590","PAYA CROT","235"
"4591","PAYA CUT","3"
"4592","PAYA CUT","77"
"4593","PAYA DAPUR","25"
"4594","PAYA DEDEP","222"
"4595","PAYA DEMAM / DEUMAM DUA","83"
"4596","PAYA DEMAM / DEUMAM LHEE","83"
"4597","PAYA DEMAM / DEUMAM SATU","83"
"4598","PAYA DEUMAM / DEMAM PEUT","4"
"4599","PAYA DUA UJONG","43"
"4600","PAYA DUA URAM","43"
"4601","PAYA DUA","95"
"4602","PAYA DUA","70"
"4603","PAYA DUA","45"
"4604","PAYA DUA","52"
"4605","PAYA ENJEE","114"
"4606","PAYA GABOH","96"
"4607","PAYA GABOH","7"
"4608","PAYA GAJAH","179"
"4609","PAYA GAJAH","54"
"4610","PAYA GUCI","59"
"4611","PAYA JEGET","152"
"4612","PAYA KALUI","68"
"4613","PAYA KAMBUK","207"
"4614","PAYA KAMENG","225"
"4615","PAYA KAREUNG","103"
"4616","PAYA KETENGGAR","85"
"4617","PAYA KEUREULEH","287"
"4618","PAYA KEUTAPANG","87"
"4619","PAYA KHAMBUNG","122"
"4620","PAYA KOLAK","155"
"4621","PAYA KRUEP","115"
"4622","PAYA KULBI","120"
"4623","PAYA KUMER","254"
"4624","PAYA LABA","25"
"4625","PAYA LAMAN","241"
"4626","PAYA LAUT","269"
"4627","PAYA LEUPAH","38"
"4628","PAYA LINTEUNG","9"
"4629","PAYA LIPAH","68"
"4630","PAYA LIPAH","77"
"4631","PAYA LUAH","52"
"4632","PAYA LUENG JALO","58"
"4633","PAYA LUMPAT","112"
"4634","PAYA MEUDRU","49"
"4635","PAYA MEUGEUNDRANG","51"
"4636","PAYA MEULIGOU","68"
"4637","PAYA MEUNENG","77"
"4638","PAYA NADEN","4"
"4639","PAYA PALAS","46"
"4640","PAYA PASI","61"
"4641","PAYA PELU","156"
"4642","PAYA PEULAWI","13"
"4643","PAYA PEULUMAT","172"
"4644","PAYA PEUNAGA","196"
"4645","PAYA PISANG KLAT","10"
"4646","PAYA PUNTEUT (PUNTEUET)","37"
"4647","PAYA RABO LHOK","7"
"4648","PAYA RABO TIMUR","7"
"4649","PAYA RAHAT","129"
"4650","PAYA RAMBONG","13"
"4651","PAYA RANGKULUH","175"
"4652","PAYA REJE TAMIDELEM","247"
"4653","PAYA REUHAT","77"
"4654","PAYA RINGKEL","188"
"4655","PAYA SANTEUT","72"
"4656","PAYA SEUNARA","141"
"4657","PAYA SEUNGAT","54"
"4658","PAYA SEUPAT","103"
"4659","PAYA SUTRA","207"
"4660","PAYA TAMPAH","13"
"4661","PAYA TAMPAH","120"
"4662","PAYA TAMPU / TUMPU","158"
"4663","PAYA TERBANG TEUREUBANG)","57"
"4664","PAYA TERBANG","228"
"4665","PAYA TEUNGOH","38"
"4666","PAYA TIBA","190"
"4667","PAYA TIENG","21"
"4668","PAYA TIMUR","75"
"4669","PAYA TUKAI","69"
"4670","PAYA TUMPI BARU","247"
"4671","PAYA TUMPI I","247"
"4672","PAYA TUMPI","247"
"4673","PAYA TUNGEL / TUNGGAL","222"
"4674","PAYA TUNONG","10"
"4675","PAYA UDANG","18"
"4676","PAYA UDEUNG","56"
"4677","PAYA UE (PAYA U)","244"
"4678","PAYA ULEUE","95"
"4679","PAYA UNDAN","56"
"4680","PAYA UNOU","46"
"4681","PAYA","209"
"4682","PAYA","110"
"4683","PAYA","75"
"4684","PAYA","9"
"4685","PAYA","233"
"4686","PAYA","144"
"4687","PAYA","251"
"4688","PAYAMETA","120"
"4689","PAYAROH","218"
"4690","PAYE MUNJE","214"
"4691","PAYONAN GADANG","19"
"4692","PAYUNG","240"
"4693","PEA JAMBU","285"
"4694","PEDEKOK","152"
"4695","PEDEMUN ONE-ONE","163"
"4696","PEDESI","137"
"4697","PEGASING","152"
"4698","PEGAYO","252"
"4699","PEJUANG","122"
"4700","PEKHAPAT TIMUR","186"
"4701","PELITA SAGOP JAYA","81"
"4702","PEMANGGO","174"
"4703","PEMATANG DURIAN","197"
"4704","PEMUKA","283"
"4705","PENAMPAAN TOA","14"
"4706","PENAMPAAN UKEN","14"
"4707","PENAMPAAN","224"
"4708","PENANGGALAN","256"
"4709","PENARUN","145"
"4710","PENDERE SARIL","167"
"4711","PENGGALANGAN","14"
"4712","PENGIDAM","125"
"4713","PENGUHAPAN","28"
"4714","PENJAHITAN","243"
"4715","PENOMON JAYA","136"
"4716","PENOSAN JAYA","174"
"4717","PENOSAN SEPAKAT","24"
"4718","PENOSAN","24"
"4719","PENOSAN","221"
"4720","PENUNGKUNEN","171"
"4721","PENUNTUNGAN","256"
"4722","PENYEBERANGAN CINGKAM","171"
"4723","PEPALANG","152"
"4724","PEPARIK DEKAT","24"
"4725","PEPARIK GAIB","24"
"4726","PEPAYUNGEN ANGKUP","156"
"4727","PEPELAH","267"
"4728","PERANGINAN","182"
"4729","PERANGUSAN","243"
"4730","PERAPAT BATU NUNGGUL","214"
"4731","PERAPAT HILIR","27"
"4732","PERAPAT HULU","27"
"4733","PERAPAT SEPAKAT","27"
"4734","PERAPAT TITI PANJANG","27"
"4735","PERDAMAIAN","249"
"4736","PERDAMAIAN","153"
"4737","PERDAMEAN","28"
"4738","PERKEBUNAN ALUR JAMBU","125"
"4739","PERKEBUNAN GEDUNG BIARA","18"
"4740","PERKEBUNAN JULOK RAYEUK SELATAN","81"
"4741","PERKEBUNAN JULOK RAYEUK UTARA","81"
"4742","PERKEBUNAN PULAU TIGA","131"
"4743","PERKEBUNAN SERUWAY","18"
"4744","PERKEBUNAN SUNGAI IYU","60"
"4745","PERKEBUNAN UPAH","60"
"4746","PERLAK ASAN","198"
"4747","PERLAK BAROH","198"
"4748","PERLAK","12"
"4749","PERLAK","254"
"4750","PERMATA MUSARA","23"
"4751","PERSADA TONGRA","223"
"4752","PERTABAS","258"
"4753","PERTAMINA","46"
"4754","PERTAMPAKAN","243"
"4755","PERTIK","267"
"4756","PERUMPAKEN BENJADI","135"
"4757","PERUPUK","125"
"4758","PESISIR MON MAMEH","63"
"4759","PESULUK PESIMBE","224"
"4760","PETUKEL / PETUKAL BLANG JURONG","188"
"4761","PEUDARI","36"
"4762","PEUKAN BARO","9"
"4763","PEUKAN IDI CUT (KEUDE IDI CUT)","62"
"4764","PEUKAN LANGSA","48"
"4765","PEUKAN SEURUWAY","18"
"4766","PEUKAN SOT","238"
"4767","PEUKAN TUHA","238"
"4768","PEULAKAN CEBREK","10"
"4769","PEULAKAN TAMBO","10"
"4770","PEULAKAN TUNONG","10"
"4771","PEULALU","55"
"4772","PEULANDOK TEUNGOH","251"
"4773","PEULANDOK TUNONG","251"
"4774","PEULANGGAHAN","270"
"4775","PEULANTEU LB","39"
"4776","PEULANTEU SP","40"
"4777","PEULAWI","114"
"4778","PEULEUKUNG","233"
"4779","PEULOKAN","210"
"4780","PEULUEKUNG","94"
"4781","PEUNADOK","242"
"4782","PEUNAGA CUT UJONG","196"
"4783","PEUNAGA PASI","196"
"4784","PEUNAGA RAYEUK","196"
"4785","PEUNALON I","59"
"4786","PEUNALON II","59"
"4787","PEUNARON BARU","159"
"4788","PEUNARON LAMA","159"
"4789","PEUNAYONG","200"
"4790","PEUNAYONG","195"
"4791","PEUNEULET BAROH","99"
"4792","PEUNEULET TUNONG","99"
"4793","PEUNEULOP (PEUNALOP)","172"
"4794","PEUNIA","100"
"4795","PEUNITI","165"
"4796","PEUNYEURAT","271"
"4797","PEURADEU","276"
"4798","PEUREULAK BUSU","190"
"4799","PEUREULAK","56"
"4800","PEUREUPOK","49"
"4801","PEUREUPOK","80"
"4802","PEURIBU","39"
"4803","PEURUMPING","117"
"4804","PEUTOU","191"
"4805","PEUTOW","13"
"4806","PEYEUNG DATU","117"
"4807","PIALA KUNYET","12"
"4808","PILAR JAYA","179"
"4809","PILAR JAYA","158"
"4810","PILAR WIH KIRI","158"
"4811","PILAR","158"
"4812","PINANG RUGUB","136"
"4813","PINANG","187"
"4814","PINANGAN","247"
"4815","PINDING","137"
"4816","PINEM","112"
"4817","PINEUNG SIRI BEE","41"
"4818","PINEUNG","106"
"4819","PINGGAN MBELANG","28"
"4820","PINING (PINDING)","267"
"4821","PINTO KHOP","76"
"4822","PINTO MAKMUR","262"
"4823","PINTO RIMBA","75"
"4824","PINTO RIMBA","121"
"4825","PINTU ALAS","259"
"4826","PINTU KHIMBE","214"
"4827","PINTU RIME","267"
"4828","PISANG","147"
"4829","PISANG","63"
"4830","PIYENG KUWEU","117"
"4831","PIYEUNG LHANG","117"
"4832","PIYEUNG MANEE","117"
"4833","PLU PAKAM","74"
"4834","POHROH","10"
"4835","POHROH","226"
"4836","PONDOK BALIK","185"
"4837","PONDOK BARU","188"
"4838","PONDOK GAJAH","188"
"4839","PONDOK KELAPA","66"
"4840","PONDOK KEUMUNING","160"
"4841","PONDOK PABRIK","160"
"4842","PONDOK ULUNG","188"
"4843","PORANG AYU","22"
"4844","PORANG","14"
"4845","PRI KEUTAPANG","207"
"4846","PRIE (MEUNASAH PREY)","31"
"4847","PUCOK ALUE BARAT","55"
"4848","PUCOK ALUE BUKET","239"
"4849","PUCOK ALUE DUA","55"
"4850","PUCOK ALUE PIRAK","58"
"4851","PUCOK ALUE SATU","55"
"4852","PUCOK ALUE SEULEUMAK","49"
"4853","PUCOK ALUE","35"
"4854","PUCOK ALUE","65"
"4855","PUCOK ALUE","84"
"4856","PUCOK LUENG","112"
"4857","PUCOK PUNGKIE","100"
"4858","PUCOK REUDEUP","196"
"4859","PUCOK","204"
"4860","PUCUK DEKU","157"
"4861","PUCUK LEMBANG","25"
"4862","PUCUK / PUCOK KRUENG","278"
"4863","PUDENG","208"
"4864","PUEB LUENG NIBONG","1"
"4865","PUJA MULIA","188"
"4866","PULAU BAGUK","288"
"4867","PULAU BALAI","288"
"4868","PULAU BELEN (PULO BELLEN)","217"
"4869","PULAU BENGKALAK","132"
"4870","PULAU KAYU","187"
"4871","PULAU KEDEP (PULO KEDEP)","217"
"4872","PULAU SIUMAT","17"
"4873","PULAU TEUPAH","143"
"4874","PULI","9"
"4875","PULO AIR","126"
"4876","PULO ARA GEUDONG TEUNGOH","230"
"4877","PULO ARA","75"
"4878","PULO AWE","175"
"4879","PULO BARAT","108"
"4880","PULO BARO","161"
"4881","PULO BARO","59"
"4882","PULO BAROH","250"
"4883","PULO BAROH","41"
"4884","PULO BATEE","138"
"4885","PULO BLANG MANGAT","29"
"4886","PULO BLANG TRIENG","29"
"4887","PULO BLANG","89"
"4888","PULO BLANG","5"
"4889","PULO BLANG","175"
"4890","PULO BLANG","207"
"4891","PULO BLANG","46"
"4892","PULO BLANG","238"
"4893","PULO BLANG","74"
"4894","PULO BLUEK","207"
"4895","PULO BUBEE","9"
"4896","PULO BUNGONG","97"
"4897","PULO BUNTA","21"
"4898","PULO CAHI (PECAHI)","161"
"4899","PULO DAPONG","99"
"4900","PULO DAYAH / PULO LON","138"
"4901","PULO DRIEN BEUKAH","207"
"4902","PULO DRIEN","33"
"4903","PULO DRIEN","99"
"4904","PULO DULANG (MEUNASAH PULO DOLANG)","6"
"4905","PULO GADUNG","253"
"4906","PULO GADUNG","214"
"4907","PULO GAJAH MATE","138"
"4908","PULO GAJAH MATE","238"
"4909","PULO GAMPONG U","191"
"4910","PULO GAPU","10"
"4911","PULO GELIME","254"
"4912","PULO GISA","103"
"4913","PULO GLUMPANG","242"
"4914","PULO HAGU","12"
"4915","PULO HARAPAN","235"
"4916","PULO IBOH / IBOEH","5"
"4917","PULO IBOH / IBOIH","108"
"4918","PULO IBOIH","193"
"4919","PULO IE I","128"
"4920","PULO IE II","278"
"4921","PULO IE","47"
"4922","PULO IE","206"
"4923","PULO IE","82"
"4924","PULO IE","210"
"4925","PULO IE","52"
"4926","PULO INTAN","153"
"4927","PULO JEUMPA","198"
"4928","PULO KAMBING","128"
"4929","PULO KAWA","59"
"4930","PULO KEDONDONG","137"
"4931","PULO KERUMBOK","198"
"4932","PULO KEUNARI","242"
"4933","PULO KITON","230"
"4934","PULO KITON","207"
"4935","PULO KRUET","47"
"4936","PULO LATONG","27"
"4937","PULO LAWANG","8"
"4938","PULO LAWANG","75"
"4939","PULO LHOK","59"
"4940","PULO LHOK","93"
"4941","PULO LOH / LOIH","118"
"4942","PULO LOIH / LHOH","204"
"4943","PULO LUENG TEUGA","138"
"4944","PULO MESJID I","59"
"4945","PULO MESJID II","59"
"4946","PULO MESJID","242"
"4947","PULO MEURIA","36"
"4948","PULO NALEUNG","77"
"4949","PULO NDADAP","214"
"4950","PULO NGA","175"
"4951","PULO PANDE","97"
"4952","PULO PANJOE","193"
"4953","PULO PANTE","161"
"4954","PULO PANYANG","235"
"4955","PULO PAYA","261"
"4956","PULO PEDING","27"
"4957","PULO PERENGGE","137"
"4958","PULO PIKU","253"
"4959","PULO PINEUNG MEUNASAH II","5"
"4960","PULO PISANG","77"
"4961","PULO PISANG","9"
"4962","PULO PUEB","1"
"4963","PULO RANGKILEH","98"
"4964","PULO RAYA","79"
"4965","PULO RAYA","238"
"4966","PULO RAYA","118"
"4967","PULO RAYEUK / RAYEK","108"
"4968","PULO REUDEUP","5"
"4969","PULO REUDEUP","175"
"4970","PULO RHENG","1"
"4971","PULO RUNGKOM","203"
"4972","PULO SANGGAKH","27"
"4973","PULO SAROK","283"
"4974","PULO SEJAHTERA","59"
"4975","PULO SEPANG","214"
"4976","PULO SEUKE","35"
"4977","PULO SEUNA","5"
"4978","PULO SEUNONG","59"
"4979","PULO SEUPENG","161"
"4980","PULO SIBLAH","242"
"4981","PULO SIRON / SIREN","175"
"4982","PULO TAMBO","242"
"4983","PULO TANJONG","148"
"4984","PULO TEUNGOH MANYENG","92"
"4985","PULO TEUNGOH RANTO","196"
"4986","PULO TEUNGOH","47"
"4987","PULO TEUNGOH","70"
"4988","PULO TEUNGOH","233"
"4989","PULO TINGGI","88"
"4990","PULO TU","238"
"4991","PULO TUKOK","97"
"4992","PULO TUNONG","250"
"4993","PULO U","5"
"4994","PULO U","226"
"4995","PULO U","114"
"4996","PULO U","74"
"4997","PULO UE BAROE","77"
"4998","PULO ULIM","93"
"4999","PULO","10"
"5000","PULO","151"
"5001","PULO","228"
"5002","PULO","76"
"5003","PULO","80"
"5004","PULONAS BARU","186"
"5005","PULONAS","27"
"5006","PULOT","264"
"5007","PUNCE NALI","23"
"5008","PUNGE BLANG CUT","232"
"5009","PUNGE JURONG","64"
"5010","PUNGE UJONG","64"
"5011","PUNGKIE","100"
"5012","PUNGKIE","266"
"5013","PUNIE","218"
"5014","PUNJOT","5"
"5015","PUNTEUET (PUNTEUT)","7"
"5016","PUNTI GLUMPANG VII","71"
"5017","PUNTI MATANG KULI","71"
"5018","PUNTI MATANGKULI","71"
"5019","PUNTI PA.","74"
"5020","PUNTI PAYONG","46"
"5021","PUNTI SB.","74"
"5022","PUNTI","68"
"5023","PUNTI","29"
"5024","PURWODADI","182"
"5025","PURWODADI","130"
"5026","PURWODADI","151"
"5027","PURWOREJO","82"
"5028","PURWOSARI","188"
"5029","PURWOSARI","151"
"5030","PUSONG BARU","199"
"5031","PUSONG LAMA","199"
"5032","PUSONG","149"
"5033","PUSONG","228"
"5034","PUSU INGIN RAYA","110"
"5035","PUTIM","100"
"5036","PUTOH DUA","83"
"5037","PUTOH SATU","83"
"5038","PUTRA JAYA","265"
"5039","PUTRI BETUNG","275"
"5040","PUTUE","113"
"5041","PUUEK (PU UK)","192"
"5042","PUUK","250"
"5043","PUUK","100"
"5044","PUUK","149"
"5045","PUUK","150"
"5046","PUUK","195"
"5047","PUUK","9"
"5048","PUUK","228"
"5049","RABEU","150"
"5050","RABO","111"
"5051","RABO","76"
"5052","RABO","242"
"5053","RAJA TUHA","85"
"5054","RAJA","60"
"5055","RAK LINTANG","22"
"5056","RAKET","277"
"5057","RAKLUNUNG","14"
"5058","RAMBAH SAYANG","119"
"5059","RAMBAYAN KUPULA","195"
"5060","RAMBAYAN LUENG","195"
"5061","RAMBONG CUT","56"
"5062","RAMBONG DALAM","35"
"5063","RAMBONG LOP","4"
"5064","RAMBONG PAYONG","192"
"5065","RAMBONG PAYONG","78"
"5066","RAMBONG PAYONG","7"
"5067","RAMBONG PAYONG","34"
"5068","RAMBONG PINTO","51"
"5069","RAMBONG RAYEUK","56"
"5070","RAMBONG","40"
"5071","RAMBONG","124"
"5072","RAMBONG","226"
"5073","RAMBONG","33"
"5074","RAMBONG","63"
"5075","RAMBONG","51"
"5076","RAMBOT ADAN","33"
"5077","RAMBOT","6"
"5078","RAMBUNG JAYA","253"
"5079","RAMBUNG TELDAK","253"
"5080","RAMITIE","266"
"5081","RAMPAH","154"
"5082","RAMUNG ARA","155"
"5083","RAMUNG JAYA","174"
"5084","RAMUNG MUSARA","275"
"5085","RANCONG","175"
"5086","RANGKAYA","74"
"5087","RANGKILEH","207"
"5088","RANGKILEH","112"
"5089","RANTAU BINTANG","125"
"5090","RANTAU BINUANG","206"
"5091","RANTAU GEDANG","283"
"5092","RANTAU PAKAM","60"
"5093","RANTAU PANJANG","120"
"5094","RANTAU PANJANG","205"
"5095","RANTAU PANJANG","91"
"5096","RANTAU PANJANG","216"
"5097","RANTAU PANYANG","84"
"5098","RANTAU PANYANG","59"
"5099","RANTAU PAUH","123"
"5100","RANTAU SELAMAT","44"
"5101","RANTO DIOR / DIUR","224"
"5102","RANTO PANYANG BARAT","196"
"5103","RANTO PANYANG TIMUR","196"
"5104","RANTO PANYANG","3"
"5105","RANTO PANYANG","116"
"5106","RANTO PANYANG","52"
"5107","RANTO SABON","79"
"5108","RANTO","207"
"5109","RANTO","57"
"5110","RANUB DONG","196"
"5111","RAPANA","190"
"5112","RATA ARA","153"
"5113","RATA MULIE","240"
"5114","RATAWALI","168"
"5115","RAWA (MEUNASAH RAWA)","6"
"5116","RAWA TUNGKOP","191"
"5117","RAWA","9"
"5118","RAWA","74"
"5119","RAWANG ITIK","84"
"5120","RAWASARI","251"
"5121","RAWE","163"
"5122","RAYA LHOK KAJU","191"
"5123","RAYA PALEUE","238"
"5124","RAYA SANGGEUE","9"
"5125","RAYA UTUE","9"
"5126","RAYA","250"
"5127","RAYA","12"
"5128","RAYA","251"
"5129","RAYEUK JAWA","36"
"5130","RAYEUK KAREUNG","101"
"5131","RAYEUK KUTA","74"
"5132","RAYEUK MATANG","207"
"5133","RAYEUK MATANGKULI","71"
"5134","RAYEUK MEUNYE","74"
"5135","RAYEUK NALEUNG","74"
"5136","RAYEUK PANGE","58"
"5137","RAYEUK PAYA ITEK","207"
"5138","RAYEUK PIRAK","71"
"5139","REBE GEDUNG","156"
"5140","REJE GURU","179"
"5141","REJE PAYUNG","145"
"5142","REJE PUDUNG","223"
"5143","REJEWALI","185"
"5144","REMA BARU","219"
"5145","REMA","122"
"5146","REMA","219"
"5147","REMANG KETIKE JAYA","188"
"5148","REMBELE","179"
"5149","REMBUNE","202"
"5150","REMESEN","156"
"5151","REMPELAM","136"
"5152","REMPELAN PINANG","223"
"5153","REMUKUT","15"
"5154","REREBE","181"
"5155","REREBE","254"
"5156","REREMAL","156"
"5157","RERONGGA (RERONGA)","26"
"5158","REUBA WAIDO","195"
"5159","REUBA","250"
"5160","REUBAT","33"
"5161","REUDEUP MELAYU","10"
"5162","REUDEUP MEULAYU","138"
"5163","REUDEUP","117"
"5164","REUDEUP","207"
"5165","REUDEUP","196"
"5166","REUDEUP","276"
"5167","REUHAT TUHA","139"
"5168","REUKIH DAYAH","140"
"5169","REUKIH KEUPULA","140"
"5170","REULEUNG GEULUMPANG","245"
"5171","REULEUNG KARIENG","245"
"5172","REULEUT BARAT","262"
"5173","REULEUT TIMUR","262"
"5174","REULEUT","93"
"5175","REULOH","20"
"5176","REULUI BUSU","190"
"5177","REULUI MANGAT","246"
"5178","REUNG REUNG","149"
"5179","REUNGKAM (RENGKAM)","58"
"5180","REUNTANG","72"
"5181","REUSAK","112"
"5182","REUSEB","251"
"5183","REUSEP","250"
"5184","RHENG BLUEK","207"
"5185","RHENG","161"
"5186","RHENG","29"
"5187","RHEUM BARAT","99"
"5188","RHEUM BAROUH / BAROH","99"
"5189","RHEUM TIMUR","99"
"5190","RHING BLANG","226"
"5191","RHING KRUENG","226"
"5192","RHING MANCANG","226"
"5193","RIBEUN BUSU","190"
"5194","RIH MBELANG (MEBELANG)","214"
"5195","RIKIT BUR II","122"
"5196","RIKIT BUR","122"
"5197","RIKIT DEKAT","219"
"5198","RIKIT MUSARA","174"
"5199","RIKIT","137"
"5200","RIMA JEUNEU","21"
"5201","RIMA KEUNEUROM","21"
"5202","RIMBA LANGGEH","39"
"5203","RIMBA RAYA","153"
"5204","RIMBA SAWANG","289"
"5205","RIME JAYA","223"
"5206","RIMO","243"
"5207","RINON","111"
"5208","RINTI","33"
"5209","RISEH BAROH","7"
"5210","RISEH TEUNGOH","7"
"5211","RISEH TUNONG","7"
"5212","RITING","140"
"5213","RIWEUK","198"
"5214","RONGOH","131"
"5215","ROT TEUNGOH","42"
"5216","RUBEK MEUPAYONG","187"
"5217","RUKOH","106"
"5218","RUMAH BUNDAR","171"
"5219","RUMAH DUA LAPIS","187"
"5220","RUMAH KAMPUNG","214"
"5221","RUMAH LUAR","119"
"5222","RUMAH PANJANG","187"
"5223","RUMIA","191"
"5224","RUMOH RAYEUK","69"
"5225","RUMPET","113"
"5226","RUMPET","273"
"5227","RUMPI","223"
"5228","RUMPUEN","226"
"5229","RUNDENG","234"
"5230","RUNGKOM","97"
"5231","RUNGKOM","226"
"5232","RUNTOH","250"
"5233","RUSEB ARA","5"
"5234","RUSEB DAYAH","5"
"5235","RUSIP","158"
"5236","RUSIP","240"
"5237","RUTIH","156"
"5238","RUYUNG","225"
"5239","SABET","113"
"5240","SADE ATE","23"
"5241","SADONG JURU MUDI","167"
"5242","SAGOE TEUMPEUN","33"
"5243","SAGOE","1"
"5244","SAGOE","250"
"5245","SAGOE","193"
"5246","SAGOE","161"
"5247","SAGOE","211"
"5248","SAGOE","77"
"5249","SAGOE","238"
"5250","SAGOU","251"
"5251","SAKUY","266"
"5252","SALAH SIRONG JAYA","8"
"5253","SALANG ALAS","182"
"5254","SALANG BARU","224"
"5255","SALANG MUARA","224"
"5256","SALANG SIGOTOM","224"
"5257","SALIM PINIM II","119"
"5258","SALIM PINIM","119"
"5259","SALIM PIPIT","28"
"5260","SALUR LASENGALU","143"
"5261","SALUR LATUN","143"
"5262","SALUR","143"
"5263","SAMA DUA","45"
"5264","SAMAKUROK","84"
"5265","SAMAR DUA","255"
"5266","SAMBAY","180"
"5267","SAMBONGAN BARO","93"
"5268","SAMPAIMAH","85"
"5269","SAMPO AJAD (SAMPOI AJAT)","98"
"5270","SAMPOIMAH","67"
"5271","SAMUTI AMAN","103"
"5272","SAMUTI KRUENG","103"
"5273","SAMUTI MAKMUR","103"
"5274","SAMUTI RAYEUK","103"
"5275","SANEHEN","156"
"5276","SANEY","208"
"5277","SANGGABERU SILULUSAN","243"
"5278","SANGGET (SANGET)","193"
"5279","SANGGIRAN","133"
"5280","SANGIR","181"
"5281","SANGKELAN","95"
"5282","SANGO","113"
"5283","SANGSO","41"
"5284","SANTAN","20"
"5285","SAPEK","113"
"5286","SAPEK","269"
"5287","SAPEK","56"
"5288","SAPENG","233"
"5289","SAPIK","25"
"5290","SAPTA MARGA","85"
"5291","SARAH KAYEE","91"
"5292","SARAH MANTOK","44"
"5293","SARAH PANYANG","1"
"5294","SARAH PERLAK","266"
"5295","SARAH RAYA","88"
"5296","SARAH TEUBEE","91"
"5297","SARAHMANE","227"
"5298","SARAMABA","207"
"5299","SAREE ACEH","287"
"5300","SAWAH TINGKEUM","279"
"5301","SAWANG BAU","237"
"5302","SAWANG I","237"
"5303","SAWANG II","237"
"5304","SAWANG INDAH","172"
"5305","SAWANG MANE","233"
"5306","SAWANG RAMBOT","92"
"5307","SAWANG TEUBEE","100"
"5308","SAWANG","1"
"5309","SAWANG","75"
"5310","SAWANG","228"
"5311","SAWANG","269"
"5312","SAWEUK","108"
"5313","SAWIET","195"
"5314","SAYEUNG","72"
"5315","SEBATANG","243"
"5316","SEBBE","265"
"5317","SEBUDI JAYA","122"
"5318","SEBUNGKE","248"
"5319","SEFOYAN","17"
"5320","SEGENE BALIK","168"
"5321","SEI KURUK I","18"
"5322","SEI KURUK II","18"
"5323","SEI KURUK III","18"
"5324","SEJAHTERA BARU","259"
"5325","SEJAHTERA","259"
"5326","SEJAHTERA","110"
"5327","SEKELONDANG (SIKELONDANG_","252"
"5328","SEKERAK KANAN","197"
"5329","SEKERAK KIRI","197"
"5330","SEKEUMBROK","12"
"5331","SEKUALAN","154"
"5332","SEKUELEN","24"
"5333","SEKUMUR","197"
"5334","SELAMAT INDAH","280"
"5335","SELAMAT REJO","188"
"5336","SELAMAT","289"
"5337","SELISIH MARA","188"
"5338","SELOK ACEH","283"
"5339","SELON","185"
"5340","SEMADAM ASAL","280"
"5341","SEMADAM AWAL","280"
"5342","SEMBILAN","133"
"5343","SEMBUANG","154"
"5344","SEMELIT MUTIARA","156"
"5345","SENEREN","15"
"5346","SENEUBOK ALUR BULAH / BULOH","124"
"5347","SENGKO MEULAT","208"
"5348","SENI ANTARA","174"
"5349","SENTOSA","209"
"5350","SENTOSA","116"
"5351","SENTOSA","190"
"5352","SEOT / SEUOT BAROH","140"
"5353","SEOT / SEUOT TUNONG","140"
"5354","SEPADAN","183"
"5355","SEPAKAT SEGENEP","280"
"5356","SEPAKAT","155"
"5357","SEPAKAT","224"
"5358","SEPAKAT","23"
"5359","SEPANG","14"
"5360","SEPANG","205"
"5361","SEPEKHINDING","28"
"5362","SEPING BARU","243"
"5363","SERAFON","286"
"5364","SERAMBI INDAH","284"
"5365","SERASAH","258"
"5366","SERBA GUNA","47"
"5367","SERBA JADI","47"
"5368","SERBA JAMAN BAROH","74"
"5369","SERBA JAMAN TUNONG","74"
"5370","SERBA","125"
"5371","SERDANG","58"
"5372","SEREMPAH","185"
"5373","SERIMUDA","253"
"5374","SERULE KAYU","179"
"5375","SERULE","170"
"5376","SETIA BARU","221"
"5377","SETIE","202"
"5378","SETUL","254"
"5379","SEUBADEH","279"
"5380","SEUBAN COT","117"
"5381","SEUBAN LHOK","117"
"5382","SEUBUN AYON","166"
"5383","SEUBUN KEUTAPANG","166"
"5384","SEUK CUKOK","238"
"5385","SEUKE","9"
"5386","SEUKEE","193"
"5387","SEUKEE","238"
"5388","SEUKEUM","250"
"5389","SEUKEUMBROK","9"
"5390","SEULALAH BARU","160"
"5391","SEULALAH","160"
"5392","SEULANGAI","140"
"5393","SEULATAN","97"
"5394","SEULEKAT (SEULEUKAT)","279"
"5395","SEULEMAK MUDA","46"
"5396","SEULEU","142"
"5397","SEULEUMAK MUDA","114"
"5398","SEULEUMAK","154"
"5399","SEULEUMBAH","8"
"5400","SEULEUNGGIENG","12"
"5401","SEULIMEUM","76"
"5402","SEULUNYOK","57"
"5403","SEUMADAM","130"
"5404","SEUMALI (SEUMALY)","46"
"5405","SEUMAMBEK","73"
"5406","SEUMANTOK","92"
"5407","SEUMANTOK","79"
"5408","SEUMANTOK","52"
"5409","SEUMARA","92"
"5410","SEUMATANG ARON","114"
"5411","SEUMATANG KEUDE","53"
"5412","SEUMATANG MUDA ITAM","68"
"5413","SEUMATANG","61"
"5414","SEUMEUREUNG","139"
"5415","SEUMEUT","117"
"5416","SEUMIRA","34"
"5417","SEUMULENG","40"
"5418","SEUNABOK JAYA","277"
"5419","SEUNADEU","12"
"5420","SEUNALOH","102"
"5421","SEUNEBOK (SI NEUBOK)","278"
"5422","SEUNEBOK BARO","29"
"5423","SEUNEBOK KERANJI","124"
"5424","SEUNEBOK PUNTI","38"
"5425","SEUNEUBOK ACEH BARO","89"
"5426","SEUNEUBOK ACEH","60"
"5427","SEUNEUBOK ACEH","62"
"5428","SEUNEUBOK ACEH","192"
"5429","SEUNEUBOK ACEH","68"
"5430","SEUNEUBOK ACEH","77"
"5431","SEUNEUBOK ACEH","87"
"5432","SEUNEUBOK ANTARA","104"
"5433","SEUNEUBOK BACEE","67"
"5434","SEUNEUBOK BARAT","282"
"5435","SEUNEUBOK BARO","65"
"5436","SEUNEUBOK BARO","96"
"5437","SEUNEUBOK BARO","61"
"5438","SEUNEUBOK BARO","70"
"5439","SEUNEUBOK BARO","86"
"5440","SEUNEUBOK BARO","46"
"5441","SEUNEUBOK BAROH","62"
"5442","SEUNEUBOK BARU","85"
"5443","SEUNEUBOK BAYU","241"
"5444","SEUNEUBOK BAYU","81"
"5445","SEUNEUBOK BENTENG","241"
"5446","SEUNEUBOK BULOH","62"
"5447","SEUNEUBOK BULOH","96"
"5448","SEUNEUBOK BUYA","96"
"5449","SEUNEUBOK CANTEK","85"
"5450","SEUNEUBOK CINA","81"
"5451","SEUNEUBOK DALAM MESJID","60"
"5452","SEUNEUBOK DALAM UPAH","60"
"5453","SEUNEUBOK DALAM","282"
"5454","SEUNEUBOK DALAM","96"
"5455","SEUNEUBOK DALAM","3"
"5456","SEUNEUBOK DALAM","6"
"5457","SEUNEUBOK DALAM","114"
"5458","SEUNEUBOK DALAM","53"
"5459","SEUNEUBOK DALAM","91"
"5460","SEUNEUBOK DALAM","46"
"5461","SEUNEUBOK DALAM","51"
"5462","SEUNEUBOK DHOU","84"
"5463","SEUNEUBOK DRIEN","96"
"5464","SEUNEUBOK DRIEN","108"
"5465","SEUNEUBOK GUNCI","3"
"5466","SEUNEUBOK JALAN","96"
"5467","SEUNEUBOK JALAN","53"
"5468","SEUNEUBOK JAYA","46"
"5469","SEUNEUBOK JOHAN","46"
"5470","SEUNEUBOK KANDANG","241"
"5471","SEUNEUBOK KULAM","89"
"5472","SEUNEUBOK KUYUN","282"
"5473","SEUNEUBOK LAPANG","89"
"5474","SEUNEUBOK LAPANG","53"
"5475","SEUNEUBOK LHONG","8"
"5476","SEUNEUBOK LUENG","39"
"5477","SEUNEUBOK MEUREUDU (MEURUDU)","96"
"5478","SEUNEUBOK NALAN","192"
"5479","SEUNEUBOK PADANG","34"
"5480","SEUNEUBOK PANGOU","241"
"5481","SEUNEUBOK PANTON","115"
"5482","SEUNEUBOK PASE","87"
"5483","SEUNEUBOK PAYA","75"
"5484","SEUNEUBOK PAYA","53"
"5485","SEUNEUBOK PEUNTEUT","45"
"5486","SEUNEUBOK PEURADEN","3"
"5487","SEUNEUBOK PEUSANGAN","68"
"5488","SEUNEUBOK PIDIE","4"
"5489","SEUNEUBOK PIDIE","85"
"5490","SEUNEUBOK PIDIE","68"
"5491","SEUNEUBOK PIDIE","84"
"5492","SEUNEUBOK PLIMBANG","192"
"5493","SEUNEUBOK PUNTHO","121"
"5494","SEUNEUBOK PUNTI","96"
"5495","SEUNEUBOK PUNTI","85"
"5496","SEUNEUBOK PUNTI","192"
"5497","SEUNEUBOK PUNTI","53"
"5498","SEUNEUBOK PUSAKA","121"
"5499","SEUNEUBOK RAMBONG","67"
"5500","SEUNEUBOK RAMBONG","61"
"5501","SEUNEUBOK RAMBONG","114"
"5502","SEUNEUBOK RAWA","77"
"5503","SEUNEUBOK RAWANG","53"
"5504","SEUNEUBOK SABOH","83"
"5505","SEUNEUBOK SEUMAWE","192"
"5506","SEUNEUBOK SIMPANG","241"
"5507","SEUNEUBOK SIMPANG","62"
"5508","SEUNEUBOK TEUNGOH PEUDAWA PUNTONG","67"
"5509","SEUNEUBOK TEUNGOH","39"
"5510","SEUNEUBOK TEUNGOH","62"
"5511","SEUNEUBOK TEUNGOH","89"
"5512","SEUNEUBOK TEUNGOH","282"
"5513","SEUNEUBOK TEUNGOH","45"
"5514","SEUNEUBOK TEUNGOH","192"
"5515","SEUNEUBOK TEUNGOH","53"
"5516","SEUNEUBOK TEUPIN PANAH","96"
"5517","SEUNEUBOK TEUPIN","53"
"5518","SEUNEUBOK TIMUR","282"
"5519","SEUNEUBOK TRAP","40"
"5520","SEUNEUBOK TUHA I","62"
"5521","SEUNEUBOK TUHA II","62"
"5522","SEUNEUBOK TUHA","67"
"5523","SEUNEUBOK TUHA","83"
"5524","SEUNEUBOK TUTONG","67"
"5525","SEUNEUBOK","101"
"5526","SEUNEUBOK","234"
"5527","SEUNEUBOK","50"
"5528","SEUNEUBOK","76"
"5529","SEUNEUBOK","132"
"5530","SEUNEULOP","110"
"5531","SEUNONG","10"
"5532","SEUNONG","227"
"5533","SEUPENG","65"
"5534","SEUPEU","150"
"5535","SEUPEUNG","250"
"5536","SEURADEUK","51"
"5537","SEURAPONG","111"
"5538","SEUREUKE","69"
"5539","SEUREUKUI CEBREK","193"
"5540","SEUREUMO","140"
"5541","SEURI WEUK","9"
"5542","SEURIGET","284"
"5543","SEURIWEUK","71"
"5544","SEUTUI","165"
"5545","SIALANG","206"
"5546","SIALET-ALET","195"
"5547","SIANJO ANJO MERAH","243"
"5548","SIATAS","258"
"5549","SIBINTANG","146"
"5550","SIBLAH COH","93"
"5551","SIBREH KEUMUDEE","139"
"5552","SIBUASAN","183"
"5553","SIBULUH","134"
"5554","SIBULUSSALAM","259"
"5555","SIBUNGKE","183"
"5556","SIDIE JADI","179"
"5557","SIDO JADI","47"
"5558","SIDO MULYO","108"
"5559","SIDODADI","188"
"5560","SIDODADI","130"
"5561","SIDODADI","160"
"5562","SIDODADI","18"
"5563","SIDOREJO","243"
"5564","SIDOREJO","160"
"5565","SIEM","142"
"5566","SIGAI INDAH","28"
"5567","SIGAPANG","189"
"5568","SIGERUN (SIGRUN)","217"
"5569","SIGLENG (SINGLENG)","277"
"5570","SIGULAI","133"
"5571","SIHOM COT","140"
"5572","SIHOM LHOK","140"
"5573","SIKELANG","256"
"5574","SIKERABANG","205"
"5575","SIKORAN","231"
"5576","SIKULAT","237"
"5577","SIKUNDO","92"
"5578","SILATONG","258"
"5579","SILENGAS","143"
"5580","SILOLO","278"
"5581","SIMBEE (BLANG SIMBEE)","33"
"5582","SIMPANG ABAIL","2"
"5583","SIMPANG ANEUH","91"
"5584","SIMPANG ANTARA","201"
"5585","SIMPANG BOLEK","201"
"5586","SIMPANG DUA","47"
"5587","SIMPANG DUA","126"
"5588","SIMPANG EMPAT TANJUNG","253"
"5589","SIMPANG EMPAT","199"
"5590","SIMPANG EMPAT","167"
"5591","SIMPANG EMPAT","120"
"5592","SIMPANG EMPAT","128"
"5593","SIMPANG EMPAT","186"
"5594","SIMPANG III JONGAR","171"
"5595","SIMPANG III UNING","145"
"5596","SIMPANG JAYA","3"
"5597","SIMPANG JAYA","44"
"5598","SIMPANG JERNIH","216"
"5599","SIMPANG JULI","185"
"5600","SIMPANG KANAN","130"
"5601","SIMPANG KELAPING","152"
"5602","SIMPANG KEMILI","156"
"5603","SIMPANG KIRI","289"
"5604","SIMPANG LANCANG","153"
"5605","SIMPANG LAYANG","202"
"5606","SIMPANG LHEE","61"
"5607","SIMPANG LHEE","128"
"5608","SIMPANG LHEE","284"
"5609","SIMPANG LHEE","85"
"5610","SIMPANG LUKUB BADAK","157"
"5611","SIMPANG PEUT","39"
"5612","SIMPANG PEUT","82"
"5613","SIMPANG PEUT","91"
"5614","SIMPANG PEUT","43"
"5615","SIMPANG RAHMAT","26"
"5616","SIMPANG RENGGALI","135"
"5617","SIMPANG SEMADAM","280"
"5618","SIMPANG TERIRIT","201"
"5619","SIMPANG TEUMAROM","94"
"5620","SIMPANG TIGA","126"
"5621","SIMPANG TIGA","69"
"5622","SIMPANG TIGA","237"
"5623","SIMPANG UNING NIKEN","157"
"5624","SIMPANG UTAMA","188"
"5625","SIMPANG WIE","104"
"5626","SIMPANG","279"
"5627","SIMPANG","138"
"5628","SIMPANG","100"
"5629","SIMPANG","49"
"5630","SIMPUR JAYA","171"
"5631","SIMPUR","135"
"5632","SINABANG","17"
"5633","SINAR BAHAGIA","133"
"5634","SINGAH MULO","153"
"5635","SINGAH MULO","275"
"5636","SINGGAH MATA","239"
"5637","SINGGERSING","217"
"5638","SINGKOHOR","285"
"5639","SINTEP","170"
"5640","SINYEU","140"
"5641","SIOMPIN","127"
"5642","SIPERKAS","183"
"5643","SIPOT","266"
"5644","SIREN TUJOH","29"
"5645","SIREN","1"
"5646","SIREN","71"
"5647","SIRIMO MUNGKUR","127"
"5648","SIRON BLANG","189"
"5649","SIRON KRUENG","189"
"5650","SIRON TANJONG","12"
"5651","SIRON","20"
"5652","SIRON","12"
"5653","SIRONG","9"
"5654","SITAL","143"
"5655","SITI AMBIA","283"
"5656","SITUBAN MAKMUR","231"
"5657","SITUBUH-TUBUH","231"
"5658","SITUBUK","2"
"5659","SITUFA JAYA","265"
"5660","SIURAI-URAI","126"
"5661","SODODADI","258"
"5662","SOSIAL","135"
"5663","SOYO","223"
"5664","SP. DELI KAMPONG","47"
"5665","SP. DELI KILANG","47"
"5666","SRI KAYU","285"
"5667","SRIMULYA","159"
"5668","SRIWIJAYA","249"
"5669","STAMBUL JAYA","119"
"5670","SUA-SUA","2"
"5671","SUAK BARU","265"
"5672","SUAK BIDOK","39"
"5673","SUAK BILIE","73"
"5674","SUAK BULUH","17"
"5675","SUAK GEUDUBANG","112"
"5676","SUAK IE BEUSOU","39"
"5677","SUAK KEUMUDEE","39"
"5678","SUAK LABU","11"
"5679","SUAK LAMATAN","132"
"5680","SUAK LOKAN","210"
"5681","SUAK MANANG","30"
"5682","SUAK NIBONG","11"
"5683","SUAK NIE","234"
"5684","SUAK PALEMBANG","47"
"5685","SUAK PANDAN","112"
"5686","SUAK PANGKAT","40"
"5687","SUAK PANTE BREUH","112"
"5688","SUAK PEUREUBONG","233"
"5689","SUAK PUNTONG","151"
"5690","SUAK RAYA","234"
"5691","SUAK RIBEE","234"
"5692","SUAK SEUKEE","112"
"5693","SUAK SEUMASEH","112"
"5694","SUAK SIGADENG","234"
"5695","SUAK TIMAH","112"
"5696","SUAK TRING","52"
"5697","SUAQ BAKONG","206"
"5698","SUAQ GEURINGGENG (GERINGGENG)","128"
"5699","SUAQ HULU","19"
"5700","SUAQ / SUAK JAMPAK","183"
"5701","SUBARANG","19"
"5702","SUBULUSSALAM BARAT","252"
"5703","SUBULUSSALAM SELATAN","252"
"5704","SUBULUSSALAM UTARA","252"
"5705","SUBULUSSALAM","252"
"5706","SUKA DAMAI","129"
"5707","SUKA DAMAI","248"
"5708","SUKA DAMAI","260"
"5709","SUKA DAMAI","23"
"5710","SUKA DAMAI","83"
"5711","SUKA DAMAI","152"
"5712","SUKA DAMAI","283"
"5713","SUKA DAMAI","202"
"5714","SUKA JADI MAKMUR","66"
"5715","SUKA JADI","47"
"5716","SUKA JADI","201"
"5717","SUKA JAYA","281"
"5718","SUKA JAYA","248"
"5719","SUKA JAYA","211"
"5720","SUKA JAYA","17"
"5721","SUKA JD KBN IRENG","160"
"5722","SUKA KARYA","17"
"5723","SUKA MAJU","248"
"5724","SUKA MAJU","17"
"5725","SUKA MAJU","217"
"5726","SUKA MAKMUR TIMUR","201"
"5727","SUKA MAKMUR","243"
"5728","SUKA MAKMUR","81"
"5729","SUKA MAKMUR","130"
"5730","SUKA MAKMUR","162"
"5731","SUKA MAKMUR","197"
"5732","SUKA MAKMUR","280"
"5733","SUKA MAKMUR","252"
"5734","SUKA MAKMUR","283"
"5735","SUKA MAKMUR","201"
"5736","SUKA MULIA BENDAHARA","60"
"5737","SUKA MULIA","47"
"5738","SUKA MULIA","123"
"5739","SUKA MULIA / MULYA (UPAH HULU)","129"
"5740","SUKA MULYA (SUKAMULIA)","287"
"5741","SUKA RAHMAT","123"
"5742","SUKA RAJA","47"
"5743","SUKA RAKYAT","123"
"5744","SUKA RAMAI","47"
"5745","SUKA RAMI ATAS","201"
"5746","SUKA RAMI BAWAH","201"
"5747","SUKA RIMBUN","171"
"5748","SUKA TANI","3"
"5749","SUKA TANI","173"
"5750","SUKADAMAI","36"
"5751","SUKADAMAI","287"
"5752","SUKADAMAI","213"
"5753","SUKAJADI PAYA BUJUK","120"
"5754","SUKAJADI","129"
"5755","SUKAJADI","123"
"5756","SUKARAMAI I","18"
"5757","SUKARAMAI II","18"
"5758","SUKARAMAI","165"
"5759","SUKARAME","70"
"5760","SUKAREJO","104"
"5761","SUKAREJO","258"
"5762","SUKON BAROH","138"
"5763","SUKON LHONG","250"
"5764","SUKON MESJID","138"
"5765","SUKON PAKU","193"
"5766","SUKON TUNGKOP","191"
"5767","SUKON ULEE GAMPONG","191"
"5768","SUKON","209"
"5769","SUKON","149"
"5770","SUKON","12"
"5771","SUKON","238"
"5772","SUKU BENER","212"
"5773","SUKU SARA TANGKE","174"
"5774","SUKU WIH ILANG","188"
"5775","SULUM","197"
"5776","SUMBER BATU","196"
"5777","SUMBER DAYA","44"
"5778","SUMBER JAYA","202"
"5779","SUMBER MAKMUR","47"
"5780","SUMBER MUKTI","255"
"5781","SUMBOE BUGA","195"
"5782","SUMBOK RAYEUK","57"
"5783","SUMUKH ALAS","28"
"5784","SUNGAI LIPUT","130"
"5785","SUNGAI LUENG","104"
"5786","SUNGAI PAUH","284"
"5787","SUNGAI PAUS FIRDAUS","284"
"5788","SUNGAI PAUS PUSAKA","284"
"5789","SUNGAI PAUS TANJONG","284"
"5790","SUNGAI SIMPANG","87"
"5791","SUNTI","154"
"5792","SUNTING","125"
"5793","SURI MUSARA","15"
"5794","SURIEN","64"
"5795","SURO BARU","127"
"5796","SUWAK AWE","92"
"5797","SUWAK INDRAPURI","234"
"5798","SUWAK","235"
"5799","SUYO","12"
"5800","SYURA JADI","201"
"5801","T. BLANG BEUNGOH","59"
"5802","TADING NIULIHI","224"
"5803","TAKAL PASIR","283"
"5804","TAKENGON BARAT","163"
"5805","TAKENGON TIMUR","163"
"5806","TAMAN FIRDAUS","153"
"5807","TAMBOI TANJONG","3"
"5808","TAMBON BAROH","203"
"5809","TAMBON TUNONG","203"
"5810","TAMBUE BARAT","99"
"5811","TAMENG","30"
"5812","TAMON","30"
"5813","TAMPAK","46"
"5814","TAMPANG","19"
"5815","TAMPENG MUSARA","219"
"5816","TAMPENG","219"
"5817","TAMPIENG BAROH","191"
"5818","TAMPING","146"
"5819","TAMPING / TAMPIENG TUNONG","191"
"5820","TAMPOK BLANG","139"
"5821","TAMPOK JEURAT RAYA","139"
"5822","TAMPOR / TAMPUR BOOR","216"
"5823","TAMPOR / TAMPUR PALOH","216"
"5824","TAMPUI","251"
"5825","TAN SARIL","167"
"5826","TANAH BARA","243"
"5827","TANAH BARU","248"
"5828","TANAH KHEKHINE","23"
"5829","TANAH MERAH","182"
"5830","TANAH MERAH","243"
"5831","TANAH TERBAN","120"
"5832","TANAH TUMBUH","183"
"5833","TANG KUENG","198"
"5834","TANGAH","187"
"5835","TANGAN TANGAN CUT","63"
"5836","TANGGA BESI","252"
"5837","TANGKEH","51"
"5838","TANGSI LAMA","18"
"5839","TANJONG BABAH KRUENG","71"
"5840","TANJONG BARO","41"
"5841","TANJONG BEURIDI","235"
"5842","TANJONG BEURUNYONG","49"
"5843","TANJONG BINJEI","60"
"5844","TANJONG BUNGA","100"
"5845","TANJONG BUNGONG","103"
"5846","TANJONG BUNGONG","98"
"5847","TANJONG CEUNGAI","84"
"5848","TANJONG DALAM SELATAN","69"
"5849","TANJONG DALAM UTARA","84"
"5850","TANJONG DAMA","43"
"5851","TANJONG DRIEN","49"
"5852","TANJONG GLUMPANG","35"
"5853","TANJONG HAGU","195"
"5854","TANJONG HAJI MUDA","71"
"5855","TANJONG JAWA","69"
"5856","TANJONG KAPAI","67"
"5857","TANJONG KEUMALA","7"
"5858","TANJONG KLENG","228"
"5859","TANJONG KRUENG PASE","80"
"5860","TANJONG KRUENG","149"
"5861","TANJONG KRUENG","220"
"5862","TANJONG LIPAT I","60"
"5863","TANJONG LIPAT II","60"
"5864","TANJONG MENUANG","84"
"5865","TANJONG MESJID","103"
"5866","TANJONG MESJID","77"
"5867","TANJONG MESJID","74"
"5868","TANJONG MEULABOH","100"
"5869","TANJONG MEUNYE","84"
"5870","TANJONG MULIA","60"
"5871","TANJONG MULIA","70"
"5872","TANJONG MULIENG","80"
"5873","TANJONG NIE","77"
"5874","TANJONG PARIT","60"
"5875","TANJONG PAYA","77"
"5876","TANJONG PINEUNG","43"
"5877","TANJONG PUTOH","57"
"5878","TANJONG RAYA","103"
"5879","TANJONG RENGKAM","228"
"5880","TANJONG SEULAMAT","142"
"5881","TANJONG SEULAMAT","75"
"5882","TANJONG SEURIKUI","58"
"5883","TANJONG SIRON","175"
"5884","TANJONG TEUNGKU ALI","71"
"5885","TANJONG TOK BLANG","61"
"5886","TANJONG ULIM","93"
"5887","TANJONG","60"
"5888","TANJONG","250"
"5889","TANJONG","20"
"5890","TANJONG","149"
"5891","TANJONG","166"
"5892","TANJONG","207"
"5893","TANJONGAN IDEM","41"
"5894","TANJONGAN","5"
"5895","TANJUNG AMAN","253"
"5896","TANJUNG ARA","4"
"5897","TANJUNG ARA","84"
"5898","TANJUNG BETIK","243"
"5899","TANJUNG DEYAH","142"
"5900","TANJUNG GELUMPANG","197"
"5901","TANJUNG GENTENG","130"
"5902","TANJUNG HARAPAN","42"
"5903","TANJUNG KARANG","120"
"5904","TANJUNG KERAMAT","129"
"5905","TANJUNG LAMA","253"
"5906","TANJUNG LEUSER","253"
"5907","TANJUNG MANCANG","130"
"5908","TANJUNG MAS","258"
"5909","TANJUNG MBAKHU","253"
"5910","TANJUNG MINJEI","4"
"5911","TANJUNG MUDA","253"
"5912","TANJUNG NERACA","85"
"5913","TANJUNG PUNTI","84"
"5914","TANJUNG PURA","188"
"5915","TANJUNG RAYA","180"
"5916","TANJUNG SARI","23"
"5917","TANJUNG SEUMANTOH","120"
"5918","TANJUNG TUALANG","54"
"5919","TANJUNG","158"
"5920","TANJUNG / TANJONG DAMA","272"
"5921","TANJUNG / TANJONG HAGU","228"
"5922","TANJUNG / TANJONG MESJID","228"
"5923","TANOH ABU","169"
"5924","TANOH ALAS","259"
"5925","TANOH ANOE","67"
"5926","TANOH ANOE","5"
"5927","TANOH ANOE / ANOUE","262"
"5928","TANOH ANOU  /  ANOE","34"
"5929","TANOH DEPET","155"
"5930","TANOH KHUKAHEN","224"
"5931","TANOH MANYANG","34"
"5932","TANOH MEGAKHE","182"
"5933","TANOH MIRAH","1"
"5934","TANOH MIRAH","77"
"5935","TANOH MIRAH","266"
"5936","TANOH RATA","68"
"5937","TANOH SUBUKH","28"
"5938","TANSARAN BIDIN","188"
"5939","TANTUHA","164"
"5940","TAPAK MOGE TIMUR","168"
"5941","TAPAK MOGE","168"
"5942","TAWAR BENGI","174"
"5943","TAWAR MIKO","168"
"5944","TAWAR SEDENGE","188"
"5945","TAWARDI","168"
"5946","TEBES LUES","157"
"5947","TEBING TINGGI","289"
"5948","TEBUK","152"
"5949","TEGAL SARI","92"
"5950","TEGER MIKO","221"
"5951","TELADAN BARU","183"
"5952","TELAGA MEKAR","186"
"5953","TELAGA MEUKU DUA (MUKU II)","129"
"5954","TELAGA MEUKU SATU (MUKU I)","129"
"5955","TELAGA SAKTI","274"
"5956","TELAGA TUJUH","284"
"5957","TELEGE ATU","247"
"5958","TELEGE JERNIH","223"
"5959","TELEGE SARI","222"
"5960","TELUK AMBUN","283"
"5961","TELUK HALBAN","60"
"5962","TELUK KEMIRI","60"
"5963","TELUK KEPAYANG","60"
"5964","TELUK NIBUNG","288"
"5965","TELUK ONE-ONE","163"
"5966","TELUK RUMBIA","283"
"5967","TEMAS MUMANANG","174"
"5968","TEMBILAKH BAKHU","137"
"5969","TEMBOLON","240"
"5970","TEMPEN BARU","240"
"5971","TENEBUK KAMPUNG BARU","156"
"5972","TENEMBAK ALAS","119"
"5973","TENEMBAK BINTANG","122"
"5974","TENEMBAK JUHAR","186"
"5975","TENEMBAK / TENEBAK LANG-LANG","224"
"5976","TENGAH BARU","147"
"5977","TENGAH LBOH / IBOH","210"
"5978","TENGAH PEULUMAT","172"
"5979","TENGAH PISANG","147"
"5980","TENGAH","19"
"5981","TENGGULUN","289"
"5982","TENGKU MBELIN","221"
"5983","TENGKU TINGGI","60"
"5984","TENSAREN","167"
"5985","TEPI AIR","16"
"5986","TEPIN / TEUPIN TINGGI","277"
"5987","TERANG ENGON","156"
"5988","TERANG ULEN","152"
"5989","TERANGON","223"
"5990","TERLIS","223"
"5991","TERUJAK","154"
"5992","TERUTUNG KUTE","253"
"5993","TERUTUNG MBELANG","224"
"5994","TERUTUNG MEGAKHE BAKHU","221"
"5995","TERUTUNG MEGARA ASLI","137"
"5996","TERUTUNG MEGARA LAWE PASARAN","221"
"5997","TERUTUNG PAYUNG GABUNGAN","137"
"5998","TERUTUNG PAYUNG HILIR","137"
"5999","TERUTUNG PAYUNG HULU","137"
"6000","TERUTUNG PEDI","27"
