"id","nama_desa","kecamatan_id"
"80001","HARARO","6915"
"80002","HASIK JAYA","6915"
"80003","HASWEH","6939"
"80004","HAWIOH","6951"
"80005","HEATIE BOUW (HAKTIEBOU)","6866"
"80006","HIA","6824"
"80007","HINGK","6926"
"80008","HIYOU","6870"
"80009","HOBARD","6887"
"80010","HOMOR KOKMA","6890"
"80011","HOPMARE","6899"
"80012","HORA IEK","6875"
"80013","HORETA","6880"
"80014","HORNA (HOMA)","6920"
"80015","HOSYO ATA","6939"
"80016","HOWAIT","6885"
"80017","HUBERITA","6937"
"80018","HUFIOH","6902"
"80019","HUGAMOD (HUGOMOT)","6925"
"80020","HUMEYSI (HUMEISI)","6866"
"80021","HUNGKU","6884"
"80022","HUSS","6920"
"80023","IBA","6871"
"80024","IBASUF","6830"
"80025","IBORI","6935"
"80026","IBUWAU","6926"
"80027","IDEMAI","6836"
"80028","IGMBAI (IGEMBAI / IMBEISBA)","6884"
"80029","IGOMU","6952"
"80030","IGOR","6876"
"80031","IGURIJI","6865"
"80032","IHORE","6830"
"80033","IJIGREK (IJIGREG)","6836"
"80034","IKANA","6905"
"80035","IKIMABOW (IKIMABOU)","6866"
"80036","IKUF UTARA","6936"
"80037","IKUF","6936"
"80038","IMANDRIGO","6836"
"80039","IMBAI","6884"
"80040","IMBEISABA","6953"
"80041","IMBEISIKA","6886"
"80042","IMBENTI","6828"
"80043","IMBOISIKA","6886"
"80044","IMBOISRATI (IBOISRATI)","6926"
"80045","IMBOITI","6886"
"80046","IMBONGGUN","6828"
"80047","IMBREKTI","6828"
"80048","IMHASUMA","6886"
"80049","IMSUN","6875"
"80050","INAM","6845"
"80051","INAMBUARI","6845"
"80052","INARI","6933"
"80053","INDABRI","6828"
"80054","INDAY","6954"
"80055","INDIBO","6886"
"80056","INDISEY","6926"
"80057","INDIWI","6914"
"80058","INDO OUFA","6872"
"80059","INDONBEY (INDOBEY / INDONDEY)","6828"
"80060","INGGOF","6897"
"80061","INGGRAHIM (INGGRAMHIM)","6828"
"80062","INGGRAMUI","6848"
"80063","INGUISI (INGKWOISI)","6839"
"80064","INJAI","6845"
"80065","INJUAR","6828"
"80066","INOFINA","6955"
"80067","INSAS","6937"
"80068","INTA","6877"
"80069","INTA","6878"
"80070","INYA","6872"
"80071","INYAUB","6857"
"80072","INYEBOW (INYEBOUW)","6953"
"80073","INYEI","6876"
"80074","INYORA","6956"
"80075","INYUARA","6925"
"80076","IOF","6895"
"80077","IPINGOISI (IPINGOSI)","6828"
"80078","IRAIWERI","6884"
"80079","IRANMEBA","6918"
"80080","IRARUTU III","6852"
"80081","IRATA","6885"
"80082","IRBOS","6880"
"80083","IRIATI","6928"
"80084","IRODUAS","6872"
"80085","IROH SOHSER","6879"
"80086","IROHMRAR","6830"
"80087","ISENEBUAI (SENEBUAY / SENEBUAI)","6957"
"80088","ISEREN (ISREN)","6957"
"80089","ISEY (ISEI)","6958"
"80090","ISIM","6925"
"80091","ISIR","6936"
"80092","ISMAYU","6937"
"80093","ISME","6902"
"80094","ISNUM","6868"
"80095","ISOGO","6959"
"80096","ISTIWKEM (ISTIKEM)","6960"
"80097","ISUSU","6938"
"80098","ISUY (ISSUI)","6961"
"80099","ITIGAH","6879"
"80100","ITKAU","6962"
"80101","JAGIRO","6897"
"80102","JAHABRA","6935"
"80103","JANDURAU","6845"
"80104","JARATI","6919"
"80105","JAWERA","6933"
"80106","JEFLIO (YEFLIO / YEFILIO)","6860"
"80107","JEFMAN BARAT","6963"
"80108","JEFMAN TIMUR","6963"
"80109","JIGJA (JIJGA)","6871"
"80110","JIM","6836"
"80111","JITMAU TIMUR","6936"
"80112","JITMAU","6936"
"80113","JOKTE","6909"
"80114","JOSHIRO","6915"
"80115","JOWEN","6876"
"80116","KAAS","6889"
"80117","KABARE","6855"
"80118","KABILOL","6869"
"80119","KABOUW (KABUOW)","6961"
"80120","KABURBUR","6890"
"80121","KABUY (KABUI)","6862"
"80122","KADURIA (RADURIA)","6843"
"80123","KAIBI","6961"
"80124","KAIBUS","6833"
"80125","KAIMANA KOTA","6919"
"80126","KAIRONI","6964"
"80127","KAIS","6905"
"80128","KAITANA","6875"
"80129","KAKAS","6949"
"80130","KALAMANUK","6965"
"80131","KALI AMIN","6839"
"80132","KALI MERAH","6876"
"80133","KALIAM","6966"
"80134","KALIBIRU","6967"
"80135","KALISADE","6855"
"80136","KALITAMA I (KALITAMI I)","6907"
"80137","KALITAMA II (KALITAMI II)","6907"
"80138","KALITOKO","6968"
"80139","KALOBO","6969"
"80140","KALWAL","6966"
"80141","KAMAKA","6919"
"80142","KAMARO","6949"
"80143","KAMAT","6835"
"80144","KAMBALA","6824"
"80145","KAMBUAYA","6937"
"80146","KAMBUFATEM UTARA","6939"
"80147","KAMBUFATEM","6939"
"80148","KAMBUIFA","6938"
"80149","KAMBUSABO","6936"
"80150","KAMBUSKATO UTARA","6938"
"80151","KAMBUSKATO","6938"
"80152","KAMISABE","6915"
"80153","KAMPUNG BARU","6854"
"80154","KAMPUNG BARU","6970"
"80155","KAMRO SELATAN","6830"
"80156","KAMRO","6830"
"80157","KAMUNDAN DUA","6826"
"80158","KAMUNDAN SATU","6826"
"80159","KANANTARE","6843"
"80160","KANGGILO","6901"
"80161","KANISABAR","6951"
"80162","KAPADIRI","6929"
"80163","KAPARTUTIN","6930"
"80164","KAPATCOL","6908"
"80165","KAPATLAP","6963"
"80166","KAPISAWAR","6862"
"80167","KAPRUS","6971"
"80168","KAPRUS","6972"
"80169","KARFA","6942"
"80170","KARIRIF","6826"
"80171","KARSU","6830"
"80172","KARTAPURA","6902"
"80173","KARUAN","6849"
"80174","KASI (KASSI)","6964"
"80175","KASIM","6973"
"80176","KASIMLE","6973"
"80177","KASIRA","6852"
"80178","KASUWERI","6861"
"80179","KATEBU","6823"
"80180","KATEMBA","6843"
"80181","KATINIM","6974"
"80182","KATLOL (KLOTLOF / KATLOF)","6931"
"80183","KAUNGWAM","6836"
"80184","KAYABO","6913"
"80185","KAYU MERAH","6843"
"80186","KAYUBIRO","6826"
"80187","KAYUNI","6890"
"80188","KECAP","6859"
"80189","KELADUM","6946"
"80190","KENARA","6907"
"80191","KENAYA","6913"
"80192","KENSI (KASIRA)","6832"
"80193","KETAWAS","6922"
"80194","KEYEN","6833"
"80195","KEYUM","6937"
"80196","KIABA","6856"
"80197","KIAT","6975"
"80198","KIBAUW (KIPOUW)","6828"
"80199","KINAM","6854"
"80200","KIRIA BISA (AIR BISA)","6965"
"80201","KISAP","6866"
"80202","KISOR","6875"
"80203","KLABALA","6976"
"80204","KLABEN","6977"
"80205","KLABINAIN","6838"
"80206","KLABLIM","6948"
"80207","KLABOT","6914"
"80208","KLABRA","6889"
"80209","KLADEMAK","6970"
"80210","KLAFDALIM","6978"
"80211","KLAFORO","6978"
"80212","KLAGETE","6979"
"80213","KLAGULU","6946"
"80214","KLAIGIT","6838"
"80215","KLAIS","6914"
"80216","KLAKUBLIK","6970"
"80217","KLALIGI","6980"
"80218","KLALIN (KLAIN)","6860"
"80219","KLALOMON","6946"
"80220","KLAMALU","6977"
"80221","KLAMANA","6948"
"80222","KLAMANO","6946"
"80223","KLAMASEN","6977"
"80224","KLAMIT","6847"
"80225","KLAMNE","6887"
"80226","KLAMUGUN","6946"
"80227","KLAMUGUN","6981"
"80228","KLAOGIN","6949"
"80229","KLAOS","6922"
"80230","KLARION","6889"
"80231","KLASABI","6980"
"80232","KLASAMAN","6948"
"80233","KLASARIN","6978"
"80234","KLASIGON (KLASEGUN)","6947"
"80235","KLASMAN","6946"
"80236","KLASMELEK","6860"
"80237","KLASOF","6978"
"80238","KLASOWOH","6982"
"80239","KLASUAT","6948"
"80240","KLASUKUK","6977"
"80241","KLASUUR","6970"
"80242","KLATIM","6922"
"80243","KLATIN (KLATIM)","6900"
"80244","KLAWALU","6948"
"80245","KLAWANA","6946"
"80246","KLAWASI","6976"
"80247","KLAWOTON","6978"
"80248","KLAWULUH","6982"
"80249","KLAWUYUK","6948"
"80250","KLAYALI","6982"
"80251","KLAYAS","6973"
"80252","KOBREY","6822"
"80253","KOBREY","6857"
"80254","KOCUAS UTARA","6841"
"80255","KOCUWER SELATAN","6841"
"80256","KOCUWER","6841"
"80257","KOFAIT","6868"
"80258","KOFALIT","6847"
"80259","KOHOIN","6833"
"80260","KOKAS KOTA","6854"
"80261","KOKAS","6841"
"80262","KOKOROBA","6832"
"80263","KOMA KOMA","6951"
"80264","KOMANGGARET","6913"
"80265","KOMBIF","6892"
"80266","KONA","6942"
"80267","KONDA","6896"
"80268","KONEY","6953"
"80269","KONJA BARAT","6885"
"80270","KONJA","6885"
"80271","KONJA","6841"
"80272","KOOY","6891"
"80273","KOPO","6857"
"80274","KORANO JAYA","6881"
"80275","KOREWATARA","6861"
"80276","KOROM","6830"
"80277","KOSAH","6942"
"80278","KOSTERA","6857"
"80279","KOTAM","6965"
"80280","KOYANI (KOYAMI)","6876"
"80281","KRAMONGMONGGA","6890"
"80282","KRANFOTSU","6899"
"80283","KRENU (KERENU / KRENUI)","6839"
"80284","KRIAWASWAS","6854"
"80285","KRISNOS","6899"
"80286","KROBUT (KIWOT)","6962"
"80287","KROOY","6919"
"80288","KRUS","6875"
"80289","KUADAS (KWADAS)","6873"
"80290","KUAGAS","6890"
"80291","KUCIR","6983"
"80292","KUFURIYAI","6933"
"80293","KUMURKEK BARAT","6841"
"80294","KUMURKEK","6841"
"80295","KUREI","6984"
"80296","KURKAPA","6862"
"80297","KUSMENAU","6918"
"80298","KWAIYEHEP","6866"
"80299","KWAKEIK","6982"
"80300","KWAMA","6965"
"80301","KWAMKWAMUR","6890"
"80302","KWAU","6828"
"80303","KWESEFO (KOSEFA)","6899"
"80304","KWOK I","6866"
"80305","KWOK II (KWOKWISNGUNG)","6866"
"80306","KWOOR","6899"
"80307","KWOWOK","6913"
"80308","LAUDOHO","6935"
"80309","LEBAU","6872"
"80310","LEIHEAK (LIEHAK)","6866"
"80311","LEMAUK KLIT","6951"
"80312","LENMALAS","6940"
"80313","LILINTA","6908"
"80314","LIMALAS BARAT","6882"
"80315","LIMALAS TIMUR","6882"
"80316","LISMAUNGU (LISMANGGU)","6839"
"80317","LOBO","6919"
"80318","LOPINTOL","6968"
"80319","LUMIRA","6919"
"80320","LUSI PERI","6930"
"80321","LUWELALA (SUWELALA)","6900"
"80322","LUWELALA","6922"
"80323","MACOK","6960"
"80324","MACUAN","6876"
"80325","MADRAT","6926"
"80326","MAESTOFU (MESTOFU)","6967"
"80327","MAGEY","6908"
"80328","MAGIS","6833"
"80329","MAHOS","6892"
"80330","MAI MAI","6919"
"80331","MAIBO","6838"
"80332","MAIMARE (MAIMARI)","6928"
"80333","MAINDA","6828"
"80334","MAJARAN","6974"
"80335","MAJEMAU","6947"
"80336","MAJENER","6974"
"80337","MAKARORO","6905"
"80338","MAKBALIM","6860"
"80339","MAKBON","6873"
"80340","MAKBUSUN (MAKBUSUM)","6860"
"80341","MAKIRI","6985"
"80342","MAKOTYAMSA","6860"
"80343","MAKWAN","6876"
"80344","MALABAM (MALABAN)","6973"
"80345","MALABUTOR","6980"
"80346","MALADOFOK","6900"
"80347","MALAINGKEDI","6979"
"80348","MALAJAPA","6946"
"80349","MALAKOBUTU","6982"
"80350","MALAKULI (TANJUNG PURKADI)","6856"
"80351","MALALILIS","6982"
"80352","MALANU","6979"
"80353","MALASIGIT","6946"
"80354","MALASOM","6838"
"80355","MALAUMKARTA","6873"
"80356","MALAUS","6974"
"80357","MALAWARSAI (MALAWORSAI)","6923"
"80358","MALAWEI","6980"
"80359","MALAWELE","6838"
"80360","MALAWILI","6838"
"80361","MAMBREMA","6822"
"80362","MAMBUNIBUNI","6854"
"80363","MAMISI","6984"
"80364","MAMUR","6890"
"80365","MAMURANU","6986"
"80366","MAN","6885"
"80367","MANANMUR","6890"
"80368","MANDONI","6854"
"80369","MANDOPI","6872"
"80370","MANDOPMA","6843"
"80371","MANELEK","6896"
"80372","MANGGANEK (ARUPI)","6910"
"80373","MANGGERA","6933"
"80374","MANGGESUK","6836"
"80375","MANGGROHOLO","6913"
"80376","MANGGUPI","6964"
"80377","MANIWAK","6928"
"80378","MANO","6938"
"80379","MANOKET","6931"
"80380","MANOKWARI BARAT","6848"
"80381","MANOKWARI TIMUR","6848"
"80382","MANOPI","6961"
"80383","MANSABURI (SMARYAM)","6876"
"80384","MANSINAM","6842"
"80385","MANTEDI","6876"
"80386","MANUNGGAL KARYA / JAYA","6859"
"80387","MANYAIFUN","6945"
"80388","MAPURA","6942"
"80389","MARALOL","6931"
"80390","MARGOMULYO","6846"
"80391","MARGORUKUN","6846"
"80392","MARIAT GUNUNG","6838"
"80393","MARIAT PANTAI","6838"
"80394","MARIYAI","6977"
"80395","MARSI","6919"
"80396","MARTAIM","6841"
"80397","MARUNI","6823"
"80398","MAS (MAAS)","6856"
"80399","MASABUI DUA (II)","6846"
"80400","MASABUI SATU (I)","6846"
"80401","MASIEPI (MASYEPI)","6823"
"80402","MASINA","6865"
"80403","MASKUR","6832"
"80404","MASNI","6876"
"80405","MASOS","6922"
"80406","MASYETA","6967"
"80407","MATALAMAGI (MATALAMANGI)","6979"
"80408","MATAWOLOT","6974"
"80409","MATE","6959"
"80410","MATERABU JAYA","6941"
"80411","MAWAR","6827"
"80412","MAWOR","6874"
"80413","MBAHAMDANDRA","6854"
"80414","MBATMA","6886"
"80415","MBEGAU","6866"
"80416","MBIGMA (MBINGMA)","6828"
"80417","MBIMAJAYA","6916"
"80418","MBRANDE","6866"
"80419","MEBIJI  /  MEBJI","6839"
"80420","MEBJI","6872"
"80421","MEFKAJIM II","6829"
"80422","MEFNANYAM (METNAYAM)","6894"
"80423","MEGA","6923"
"80424","MEIDOGDA","6871"
"80425","MEIFEKENI","6871"
"80426","MEIFORGA","6876"
"80427","MEIFOWOSKA","6871"
"80428","MEIMERSA","6871"
"80429","MEIS","6834"
"80430","MEJNIC (MAJNIC / MAJNIK)","6960"
"80431","MEKARSARI","6916"
"80432","MEKIESEFEB","6853"
"80433","MEKSI","6871"
"80434","MEMANKER (MEMANGKER)","6828"
"80435","MEMBEY","6953"
"80436","MEMBOWI","6876"
"80437","MEMTI","6953"
"80438","MEN","6902"
"80439","MENA","6954"
"80440","MENARBU","6954"
"80441","MENCI","6920"
"80442","MENESRIJ","6857"
"80443","MENGEHENA (MEIGEHENAWU)","6871"
"80444","MENGGERBA","6853"
"80445","MENIY (MENY)","6926"
"80446","MENJUGIJI (MEJUGIJI)","6871"
"80447","MENTUBEI (MENTUBEY)","6884"
"80448","MENYAMBOUW (MINYAMBOUW)","6828"
"80449","MENYEMBRUI (MENYEMBRU)","6935"
"80450","MENYUMFOKU","6886"
"80451","MEOSBEKWAN","6821"
"80452","MEOSBEKWAN","6927"
"80453","MEOSMANGGARA","6945"
"80454","MERDEY","6853"
"80455","MEREJEMEG (MEREJNEG)","6876"
"80456","MERESTIM (MARISTIM)","6955"
"80457","MERIAMBEKE (MERIAMBEKER)","6864"
"80458","MERYEB","6853"
"80459","MERYEDI (MARYEDI)","6944"
"80460","MESNA","6952"
"80461","MESOMDA","6967"
"80462","MESYAM","6840"
"80463","METBELUM","6894"
"80464","METBESA","6894"
"80465","MEYADO (MAYADO / MEYABO)","6898"
"80466","MEYENDA","6897"
"80467","MEYERGA (MAYERGA)","6960"
"80468","MEYERUK","6876"
"80469","MEYES","6872"
"80470","MEYETGA","6853"
"80471","MEYOF I","6964"
"80472","MEYOF II","6876"
"80473","MEYOM","6853"
"80474","MEYORGA","6935"
"80475","MEYUNFOKA","6872"
"80476","MICADIWOR","6828"
"80477","MICONTI (MICOMTI)","6828"
"80478","MIEICOMTI (MIEY COMTY / MIEYCOMTI)","6836"
"80479","MIGORI","6861"
"80480","MIGRITO","6861"
"80481","MIHIJ","6836"
"80482","MIKIRAN","6883"
"80483","MIMPE","6914"
"80484","MINDERMES","6925"
"80485","MINGGOT (MANGGOT)","6866"
"80486","MINGGRE (MINGRE)","6828"
"80487","MINHOU (MIHOU)","6836"
"80488","MINMO","6836"
"80489","MINYEIMEMUT (MINYEIMEMUD)","6866"
"80490","MIRAFAN","6877"
"80491","MIRAFAN","6878"
"80492","MIRI /  IBIAH","6834"
"80493","MIRONI","6886"
"80494","MISABUGOID","6886"
"80495","MISADWER","6828"
"80496","MISAPMEYSI","6823"
"80497","MISAPNGOISI (MISANGOISI)","6828"
"80498","MISEDA","6918"
"80499","MISKUM","6981"
"80500","MITIEDE","6828"
"80501","MITIMBER","6854"
"80502","MLABOLO","6847"
"80503","MLAIS","6946"
"80504","MLAKHAN","6914"
"80505","MLASWAT","6913"
"80506","MLAT","6914"
"80507","MLAWEN","6887"
"80508","MLAWES","6914"
"80509","MNIER","6911"
"80510","MNOUBEI (MINOGBEI / MINOGBEY / MINBEY)","6828"
"80511","MOFOUKEDA","6871"
"80512","MOGIBI","6959"
"80513","MOGOI BARU","6858"
"80514","MOGOTEMIN (MOGATEMIN)","6905"
"80515","MOGOTIRA (MOGMESA)","6987"
"80516","MOGROMUS","6853"
"80517","MOKWAM","6828"
"80518","MONUT","6866"
"80519","MOPI","6901"
"80520","MOROMBUY","6853"
"80521","MORU (GAYABARU)","6928"
"80522","MORUMFEYI","6871"
"80523","MOSUM","6955"
"80524","MOSUN TIMUR","6885"
"80525","MOSUN UTARA","6885"
"80526","MOSUN","6885"
"80527","MOSWAREN","6915"
"80528","MOWBJA (MOUBJA / MOBJA)","6876"
"80529","MOWES","6885"
"80530","MOWITKA","6935"
"80531","MOYANA","6832"
"80532","MOYEBA","6955"
"80533","MUARA PRAFI","6876"
"80534","MUARA WARIORI","6876"
"80535","MUARI","6846"
"80536","MUBRAIDIBA","6872"
"80537","MUBRI","6872"
"80538","MUGIM","6903"
"80539","MUKAMAT","6905"
"80540","MUMES","6968"
"80541","MUMPI","6889"
"80542","MUPAS","6835"
"80543","MUPI","6823"
"80544","MURANO","6919"
"80545","MUTUS","6906"
"80546","NAFASI","6892"
"80547","NAGNA","6896"
"80548","NAGURA","6933"
"80549","NAMATOTA","6919"
"80550","NAMBRO","6833"
"80551","NANIMORI","6850"
"80552","NARAMASA","6988"
"80553","NARIKI","6893"
"80554","NAYAKORE","6861"
"80555","NDABOUW","6836"
"80556","NEGERI BESAR","6861"
"80557","NEKORI","6845"
"80558","NEMBUKTEB","6890"
"80559","NEMIWIKARYA (NEMEWI KARYA)","6843"
"80560","NENEI (NENEY)","6870"
"80561","NENY PANTAI (NENEI PANTAI / NIJ)","6924"
"80562","NESET","6885"
"80563","NGGATUM","6958"
"80564","NGIMOUBRE (NGIMOUBRI)","6866"
"80565","NGISROW (INGISROW)","6962"
"80566","NGUNGGUEN","6926"
"80567","NGUNIBOUW (NGINIBOUW / NGINYBOU)","6823"
"80568","NIAB","6954"
"80569","NIMBAY","6926"
"80570","NIMBIAU","6828"
"80571","NIMBIAUW (NIMBAUW)","6823"
"80572","NINGDIP","6886"
"80573","NINJEMUR","6978"
"80574","NINSIMOI","6828"
"80575","NJUAR","6828"
"80576","NONOMI","6901"
"80577","NORDIWAR","6849"
"80578","NTAP","6866"
"80579","NUHUWAI (NUHUEI / NUHUWEI)","6822"
"80580","NUNGKIMOR","6866"
"80581","NUSA","6903"
"80582","NUSAULAN JAYA","6824"
"80583","NUSEI","6852"
"80584","NUSPAIRO","6971"
"80585","OBO","6988"
"80586","ODEARE","6959"
"80587","OFIE","6827"
"80588","OMBA PAMUKU","6950"
"80589","ONIMSARI","6916"
"80590","ONIMSEFA","6905"
"80591","ORAIN","6825"
"80592","ORANSBARI","6846"
"80593","ORAY","6919"
"80594","ORSU","6825"
"80595","OTOWERI","6916"
"80596","OYA (OYAA)","6956"
"80597","PADARNI","6848"
"80598","PAM","6945"
"80599","PAMAHA","6884"
"80600","PAMI","6872"
"80601","PASAMAI","6881"
"80602","PASIR PUTIH","6843"
"80603","PASIR PUTIH","6904"
"80604","PASIR PUTIH","6842"
"80605","PATIMBURAK","6854"
"80606","PATIPI PASIR","6827"
"80607","PATIPI PULAU (NUSA)","6827"
"80608","PATTUKAR","6890"
"80609","PENIBUT","6866"
"80610","PIGO","6832"
"80611","PIKPIK","6890"
"80612","PINANG AGUNG","6916"
"80613","PIRMA","6843"
"80614","PITOR","6835"
"80615","PIYAUSI (PINYAUSI)","6828"
"80616","PRAFI BARAT","6876"
"80617","PRAFI MULIA / MULYA","6839"
"80618","PUAR","6827"
"80619","PULAU TIKUS","6989"
"80620","PUNGGUNG (PUNGUG)","6866"
"80621","PUPER","6990"
"80622","PURAGI","6903"
"80623","PURWASAK","6975"
"80624","RAAM","6932"
"80625","RADO","6928"
"80626","RAHA","6885"
"80627","RAMIKI","6928"
"80628","RANGKENDAK","6890"
"80629","RANSIKI KOTA","6822"
"80630","RASIEY (RASIEI)","6958"
"80631","RAUKI","6929"
"80632","RAUNA","6891"
"80633","RAWA SUGI","6974"
"80634","RAWARA","6897"
"80635","RAWAS","6825"
"80636","REFIDESO","6988"
"80637","REMBUY","6886"
"80638","REMU SELATAN","6980"
"80639","REMU UTARA","6970"
"80640","RENI","6821"
"80641","RENI","6927"
"80642","REVEWES (RUVEWES)","6834"
"80643","REYOB (RAYOB)","6971"
"80644","REYOB","6972"
"80645","RIENDO","6944"
"80646","RINDU","6902"
"80647","RIRINFOS","6876"
"80648","ROMA","6875"
"80649","RUF","6834"
"80650","RUFASES","6892"
"80651","RUFEI","6976"
"80652","RUMBATI","6827"
"80653","RURUMO","6893"
"80654","RUTUM","6821"
"80655","RUTUM","6927"
"80656","RUWARA","6933"
"80657","SABAH","6875"
"80658","SABAH","6837"
"80659","SABRI","6822"
"80660","SABUBAR","6849"
"80661","SABUN","6879"
"80662","SAENGGA","6941"
"80663","SAENGKEDUK","6981"
"80664","SAGA","6903"
"80665","SAGRIM","6951"
"80666","SAHAREI","6965"
"80667","SAILALA","6900"
"80668","SAILOLOF","6931"
"80669","SAKABU","6969"
"80670","SAKAPUL","6931"
"80671","SAKARTEMIN","6843"
"80672","SAKUMI (SAKUNI / SAKURAI)","6962"
"80673","SALAKITI","6827"
"80674","SALEO","6906"
"80675","SALEWOK (SELEWOK)","6923"
"80676","SALUK","6900"
"80677","SAMATE","6963"
"80678","SAME RAKATOR","6875"
"80679","SAMPIKA","6841"
"80680","SANDEY","6991"
"80681","SANEM","6837"
"80682","SANGGENG","6848"
"80683","SANGGRAM","6965"
"80684","SANGGUAR","6867"
"80685","SAOKA","6976"
"80686","SAONEK","6943"
"80687","SAPORDANCO","6912"
"80688","SAPORKREN","6943"
"80689","SARA","6919"
"80690","SARA","6992"
"80691","SARAFAMBAI","6901"
"80692","SARARTI","6956"
"80693","SARAY","6964"
"80694","SARBE","6988"
"80695","SARIA","6919"
"80696","SARIAY","6954"
"80697","SARIMO","6936"
"80698","SAS","6887"
"80699","SASIOR NAFE","6840"
"80700","SASIREY (SASIREI)","6958"
"80701","SASNEK","6847"
"80702","SASUY (SASUI)","6910"
"80703","SATUKORANO (SATO KURANA)","6940"
"80704","SATUKURANO","6989"
"80705","SAUBEBA","6993"
"80706","SAUBEBA","6872"
"80707","SAUD","6835"
"80708","SAUF","6951"
"80709","SAUGEMEBA","6857"
"80710","SAUKABU","6945"
"80711","SAUPAPIR","6945"
"80712","SAUSAPOR","6909"
"80713","SAWAGUMU","6979"
"80714","SAWANDAREK","6862"
"80715","SAWARA JAYA","6901"
"80716","SAWATEWERA (SAWATAWERA)","6832"
"80717","SAWATUK","6873"
"80718","SAWI (SAWIA)","6832"
"80719","SAWIAT","6847"
"80720","SAWIN","6837"
"80721","SAWINGGRAI","6862"
"80722","SAWO","6892"
"80723","SAYAL","6913"
"80724","SAYRO","6872"
"80725","SBIR","6949"
"80726","SEBYAR REJOSASI / REJOSARI","6934"
"80727","SEFAYIT","6937"
"80728","SEGET","6973"
"80729","SEGIOR","6825"
"80730","SEGUN","6947"
"80731","SEHU","6917"
"80732","SEIMEBA","6972"
"80733","SEKAR","6854"
"80734","SEKBAN","6930"
"80735","SEKRU","6930"
"80736","SELEKEBU (SELEKOPI)","6923"
"80737","SELEKOBO","6981"
"80738","SELPELE","6906"
"80739","SEMBAB","6876"
"80740","SEMBARO","6951"
"80741","SEMI (SOMI)","6839"
"80742","SEMU","6902"
"80743","SENDERAWOY  /  SENDERAWOI (SINDRAWOI)","6958"
"80744","SENEH","6951"
"80745","SENGKEDUK (SAENGKEDUK)","6923"
"80746","SENOPI","6831"
"80747","SERARAN","6933"
"80748","SERAYO","6910"
"80749","SERKOS","6959"
"80750","SERMUKU (UBIA SERMUKU)","6891"
"80751","SESOR","6888"
"80752","SESUM","6870"
"80753","SEYA","6892"
"80754","SEYOLO","6833"
"80755","SFACKO","6917"
"80756","SFAKRAKA","6917"
"80757","SFAKYO","6847"
"80758","SFARARE","6951"
"80759","SIAKWA","6834"
"80760","SIAWATAN","6893"
"80761","SIBAE","6959"
"80762","SIBENA PERMAI (II)","6983"
"80763","SIBENA RAYA (I)","6983"
"80764","SIBIOGUD","6962"
"80765","SIBJO","6925"
"80766","SIBORU","6975"
"80767","SIBUNI","6876"
"80768","SIDEY BARU","6964"
"80769","SIDEY JAYA","6964"
"80770","SIDEY MAKMUR","6964"
"80771","SIDEY","6964"
"80772","SIDO MAKMUR","6867"
"80773","SIDOMULYO","6846"
"80774","SIEN","6917"
"80775","SIGIM","6828"
"80776","SIKOF","6841"
"80777","SIKOR","6874"
"80778","SIMEI (SIMIEI)","6850"
"80779","SIMERBEI","6828"
"80780","SIMIYAH","6951"
"80781","SINAITOUSI (SINAYTOISI / SINITOUSI)","6828"
"80782","SINDANG JAYA (SIDANG JAYA)","6846"
"80783","SINGGIMEBA","6872"
"80784","SIPAT","6938"
"80785","SIPATNANAM","6975"
"80786","SIR","6920"
"80787","SIRA AYA","6830"
"80788","SIRA TEE","6879"
"80789","SIRA","6879"
"80790","SIRA","6913"
"80791","SIRANGGO","6905"
"80792","SIRESI","6971"
"80793","SIRGEMEIH (SERGEMEH)","6918"
"80794","SIRI-SIRI","6959"
"80795","SIRIBAU","6833"
"80796","SISIR","6919"
"80797","SISIR","6854"
"80798","SISIR","6913"
"80799","SISKEDOUW (SISKEDOWO)","6880"
"80800","SISRANG (SESERAN)","6953"
"80801","SIWATORI","6861"
"80802","SIWI","6924"
"80803","SIWIS","6981"
"80804","SIWIS","6923"
"80805","SIYAU (SYOU)","6828"
"80806","SIYO","6939"
"80807","SLOMIOU","6836"
"80808","SMAINGGI (SMAINGEI / SMANGGEI)","6828"
"80809","SMUSUWIOH","6829"
"80810","SNAIMBOY","6926"
"80811","SNERANER (SNEREMER)","6918"
"80812","SOAN","6825"
"80813","SOBEI (SOBEY)","6844"
"80814","SOBEY INDAH","6844"
"80815","SOBIAR","6850"
"80816","SODROFOYO","6847"
"80817","SOLOL","6966"
"80818","SOLTA BARU","6959"
"80819","SOMBOKORO","6991"
"80820","SOON","6895"
"80821","SOOP","6932"
"80822","SOPNYAI","6866"
"80823","SORIBO","6848"
"80824","SOROWAN","6917"
"80825","SORRY","6875"
"80826","SOSIAN","6825"
"80827","SOTEA","6926"
"80828","SOUDIN","6836"
"80829","SOUKOREM (SAUKOREM)","6910"
"80830","SOWAI SAU","6830"
"80831","SOWI","6823"
"80832","SPIYOUGUP","6884"
"80833","SRAYNDABEY (SRAINDABEY)","6926"
"80834","SRER","6949"
"80835","SRIRTABAM","6936"
"80836","SRIS","6830"
"80837","SRUBEY","6884"
"80838","SRUMATE","6985"
"80839","SUBIN","6830"
"80840","SUBRIT","6877"
"80841","SUBRIT","6878"
"80842","SUBSAY","6926"
"80843","SUFU","6868"
"80844","SUGA","6992"
"80845","SUGEMAH (SUGEMEH)","6836"
"80846","SULUH","6922"
"80847","SUM","6827"
"80848","SUMANIS","6830"
"80849","SUMANO","6905"
"80850","SUMBEKAS","6894"
"80851","SUMBER BOGA","6876"
"80852","SUMUN","6933"
"80853","SUMUY (SUMUI)","6952"
"80854","SUNEI","6841"
"80855","SUNGEDES (SUNGUDES)","6857"
"80856","SUNGGUER","6888"
"80857","SURUREY (SURURAI)","6857"
"80858","SUSAI","6885"
"80859","SUSI","6884"
"80860","SUSMOROF","6822"
"80861","SUSUMUK","6841"
"80862","SUSWA","6892"
"80863","SUSWENI","6842"
"80864","SUTEIBEI (SUTEIBEY)","6884"
"80865","SUWIAM","6942"
"80866","SWER","6822"
"80867","SYABES","6954"
"80868","SYARWOM","6894"
"80869","SYEIWAR","6994"
"80870","SYUAU","6899"
"80871","SYUBUN","6874"
"80872","SYUJAK (SUJAK)","6895"
"80873","SYUKWES","6899"
"80874","SYUMBAB","6899"
"80875","TABAMSERE","6834"
"80876","TAHAHITE","6841"
"80877","TAHOSTA (TOHOSTA)","6925"
"80878","TAHSIMARA","6875"
"80879","TAIGA (TAIGE)","6880"
"80880","TAIRI","6824"
"80881","TAMBANI","6861"
"80882","TAMOGE","6984"
"80883","TANAH MERAH","6941"
"80884","TANAH MERAH","6926"
"80885","TANAH RUBU","6872"
"80886","TANAMA","6930"
"80887","TANDIA","6958"
"80888","TANEHAMUR","6827"
"80889","TANGGAROMI","6919"
"80890","TANISAPATA (TANISAPATU)","6827"
"80891","TANJUNG KASUARI","6976"
"80892","TANUSAN","6933"
"80893","TAPAS","6861"
"80894","TAPIRI","6833"
"80895","TAPURI","6905"
"80896","TARAK","6856"
"80897","TAROF","6861"
"80898","TAROY (TORAY / TAROI)","6934"
"80899","TARSA","6887"
"80900","TAWANGGIRE","6903"
"80901","TAWAR","6827"
"80902","TBO","6917"
"80903","TEGIROLO","6833"
"80904","TEHAK BESAR","6877"
"80905","TEHAK BESAR","6878"
"80906","TEHAK KECIL","6830"
"80907","TEHAK TEE","6877"
"80908","TEHAK TEE","6878"
"80909","TELUK DORE","6873"
"80910","TELUK MUBRI","6872"
"80911","TELUK PATIPI","6827"
"80912","TEMBUNI","6858"
"80913","TEMEL","6825"
"80914","TESHA","6916"
"80915","TESTEGA PAMAHA","6884"
"80916","TESTEGA","6871"
"80917","TETAR","6827"
"80918","TIAM","6835"
"80919","TIBATIBANANAM","6827"
"80920","TIEFROMEN","6840"
"80921","TIGAU COMTI","6866"
"80922","TIMTOU (TIMTOUW)","6836"
"80923","TINGKWOIKIO (TINGWOIKIOU)","6866"
"80924","TISAIDA","6983"
"80925","TIWARA","6832"
"80926","TOBOO (TOBOUW / TOBOU)","6822"
"80927","TOFOI","6941"
"80928","TOFOT","6949"
"80929","TOHMRI","6879"
"80930","TOKASS","6915"
"80931","TOLABI (TOLOBI)","6883"
"80932","TOLAK","6875"
"80933","TOMAGE","6916"
"80934","TOMASE","6942"
"80935","TOMBROK","6962"
"80936","TOMOLOL","6940"
"80937","TOMOLOL","6882"
"80938","TOMSIR","6918"
"80939","TOMSTERA","6857"
"80940","TOMU","6934"
"80941","TOPDAN","6861"
"80942","TOREA","6930"
"80943","TOREY","6958"
"80944","TOTJIN","6887"
"80945","TOTONA","6861"
"80946","TRIDAGA","6880"
"80947","TRIKORA","6919"
"80948","TUANAIKIN","6987"
"80949","TUASAI","6865"
"80950","TUBERWASAK","6856"
"80951","TUBES","6925"
"80952","TUBYAM (TUABYAM)","6962"
"80953","TUGARAMA (TUGERAMA)","6992"
"80954","TUGUWARA","6832"
"80955","TUHIBA","6983"
"80956","TUHUBEA (DUHUBEYA)","6857"
"80957","TUIMAR","6827"
"80958","TUMBEIBEHEI","6866"
"80959","TUNAS GAIN","6965"
"80960","TURGANI (TUGARNI)","6832"
"80961","TUSO","6829"
"80962","TUT","6902"
"80963","TWER","6829"
"80964","UBADARI","6890"
"80965","UBEISA","6880"
"80966","UDAGAGA","6826"
"80967","UDAPI HILIR (UDAP HILIR)","6839"
"80968","UDOPI","6848"
"80969","UGAR","6854"
"80970","UGDOHOP","6920"
"80971","UGJEHEK (UJEHEG)","6828"
"80972","UHYEHEKBRIG (OGYEHEK / OYEHEK BRIG)","6839"
"80973","UIGWEM","6909"
"80974","UKEMBOISI","6886"
"80975","UKIARA","6933"
"80976","UKOPTI","6886"
"80977","ULONG (ULLONG)","6884"
"80978","UMBUI (UMBUY)","6839"
"80979","UMCEN (UMCEM)","6926"
"80980","UMCEP","6866"
"80981","UMNUM","6886"
"80982","UMPUG","6828"
"80983","UMUHOUSI (UMOUSI)","6925"
"80984","UNDI","6876"
"80985","UNDURARA","6956"
"80986","UNGGA","6828"
"80987","UNGI (UNGGI)","6888"
"80988","UNTI","6836"
"80989","UPER","6884"
"80990","URAI","6929"
"80991","URAT","6965"
"80992","URBINASOPEN","6990"
"80993","URE (MURY / URAY)","6950"
"80994","UREY","6876"
"80995","URI","6901"
"80996","URISA","6933"
"80997","URUBIKA","6950"
"80998","URWAMBEI","6886"
"80999","URWONG","6866"
"81000","URYEMI (URIYEM / URIEMI)","6958"
"81001","US","6827"
"81002","USAHA JAYA","6921"
"81003","USAHA JAYA","6882"
"81004","USTI","6953"
"81005","VASCO DAMNEEN (VESCO DAMNEM / STEN)","6898"
"81006","WABAM","6892"
"81007","WABUNG","6854"
"81008","WADOI","6959"
"81009","WAGAP","6854"
"81010","WAGOHA (WAGIOHA)","6950"
"81011","WAGOM SELATAN","6930"
"81012","WAGON UTARA","6930"
"81013","WAGURA","6988"
"81014","WAHO","6891"
"81015","WAIBEM (WAIBEN)","6993"
"81016","WAIBON","6966"
"81017","WAIBU","6969"
"81018","WAIDIM","6963"
"81019","WAIFOI","6869"
"81020","WAIGO","6888"
"81021","WAIJAN","6969"
"81022","WAILABU","6969"
"81023","WAILEBET","6851"
"81024","WAILEN","6969"
"81025","WAIMAN","6851"
"81026","WAIMECI","6969"
"81027","WAIMON","6947"
"81028","WAINAGA","6832"
"81029","WAINLABAT","6947"
"81030","WAISAI","6912"
"81031","WAISILIP","6906"
"81032","WAJIN","6973"
"81033","WAKOM","6837"
"81034","WALAL","6974"
"81035","WALIAM","6931"
"81036","WAMA","6870"
"81037","WAMARGEGE","6896"
"81038","WAMBAR (WAMBRAR)","6965"
"81039","WAMCEI","6822"
"81040","WAMEGA","6963"
"81041","WAMESA I - IDOOR","6986"
"81042","WAMESA II - YAKATI","6986"
"81043","WAMESA TENGAH","6991"
"81044","WAMESA","6891"
"81045","WAMFOURA (WAM BOLA)","6876"
"81046","WAMIGTI","6846"
"81047","WAMINDA (WAMMINDA)","6828"
"81048","WAMNOWI (WOMNOWI)","6964"
"81049","WANDOKI","6846"
"81050","WANDUM","6904"
"81051","WANGGITA","6832"
"81052","WANGGONOMA","6839"
"81053","WANOMA","6933"
"81054","WANURIAN","6889"
"81055","WAPRAK","6994"
"81056","WARAITAMA","6881"
"81057","WARAMI","6886"
"81058","WARAMUI (WARAMOI)","6964"
"81059","WARBA","6985"
"81060","WARBEFOR","6872"
"81061","WARBIADI","6846"
"81062","WARBO","6825"
"81063","WARBO","6922"
"81064","WARDIK","6888"
"81065","WAREMU","6854"
"81066","WAREN I","6901"
"81067","WAREN II","6901"
"81068","WAREN","6924"
"81069","WARGA NUSA II","6992"
"81070","WARGANUSA I (WARBANUSA I)","6992"
"81071","WARGEP","6890"
"81072","WARIARI","6886"
"81073","WARIAYAU","6946"
"81074","WARIKI","6964"
"81075","WARIMAK","6869"
"81076","WARIORI INDAH","6876"
"81077","WARIORI","6876"
"81078","WARISA MULYA","6916"
"81079","WARKAPI","6886"
"81080","WARKOMI","6823"
"81081","WARKORI","6911"
"81082","WARKWANDI","6846"
"81083","WARMANAI","6911"
"81084","WARMANDI","6993"
"81085","WARMARE","6926"
"81086","WARMASEN","6912"
"81087","WARMAWAI","6886"
"81088","WARMON","6838"
"81089","WARMUMI (WARMOMI)","6823"
"81090","WARNYETI","6886"
"81091","WAROMI","6933"
"81092","WAROSER","6846"
"81093","WARSAMDIN","6968"
"81094","WARSUAMI (WASWAMI)","6823"
"81095","WARTUTIN","6975"
"81096","WARU","6864"
"81097","WARUA","6832"
"81098","WARURI (WELURI)","6823"
"81099","WARWASI","6832"
"81100","WASARAK","6910"
"81101","WASAY (WASAI)","6823"
"81102","WASEGI POP (WASEKI)","6839"
"81103","WASEGI / WASEKI INDAH","6839"
"81104","WASERAT","6965"
"81105","WASINGSAN","6973"
"81106","WASIOR I","6928"
"81107","WASIOR II","6928"
"81108","WASNEBRI (WARSNEMBRI / WASNEMBRI)","6864"
"81109","WATARIRI","6846"
"81110","WAU","6993"
"81111","WAUSIN (ASITI)","6831"
"81112","WAWIYAI","6943"
"81113","WAWOSAN","6916"
"81114","WAY U","6879"
"81115","WAYANE","6885"
"81116","WAYATI BARAT (FAUKIA)","6965"
"81117","WAYATI TIMUR","6965"
"81118","WAYATI","6965"
"81119","WAYBOMATAH","6939"
"81120","WAYENKEDE","6973"
"81121","WAYER","6888"
"81122","WAYO","6874"
"81123","WEBI","6958"
"81124","WEDONI","6886"
"81125","WEEN","6847"
"81126","WEFIANI","6910"
"81127","WEHALI","6833"
"81128","WEJIM BARAT","6989"
"81129","WEJIM TIMUR","6989"
"81130","WEJIM","6940"
"81131","WELEK","6904"
"81132","WEN","6860"
"81133","WENDI","6847"
"81134","WENSI","6889"
"81135","WENSLOLO","6847"
"81136","WENSOUGH","6847"
"81137","WERABUAN","6975"
"81138","WERABUR","6984"
"81139","WERAFUTA","6891"
"81140","WERBA","6975"
"81141","WERFA (WERFRA)","6827"
"81142","WERI","6965"
"81143","WERIAGAR BARU","6987"
"81144","WERIAGAR UTARA","6987"
"81145","WERIAGAR","6987"
"81146","WERIANGGI","6984"
"81147","WERJAYA","6841"
"81148","WERMENU","6933"
"81149","WERMIT","6833"
"81150","WERNAS","6833"
"81151","WERPIGAN","6975"
"81152","WERSAR","6833"
"81153","WERTAM","6909"
"81154","WERUA","6919"
"81155","WERUR BESAR","6909"
"81156","WERUR","6909"
"81157","WERWAF","6909"
"81158","WESIRI","6865"
"81159","WESWASA","6832"
"81160","WETITINDAU","6957"
"81161","WEYAF","6993"
"81162","WIHO","6830"
"81163","WILTY","6887"
"81164","WIMBRO (NELAYAN WIMBRO)","6867"
"81165","WINDESI","6991"
"81166","WINUNI","6985"
"81167","WISBIAK","6889"
"81168","WOLOIN","6949"
"81169","WOMAN","6825"
"81170","WOMBA","6985"
"81171","WONDAMAWI","6928"
"81172","WONDIBOI (WONDIBOY)","6961"
"81173","WONODADI MULYA","6916"
"81174","WONOSARI","6946"
"81175","WONOSOBO","6978"
"81176","WORMU","6985"
"81177","WOS","6854"
"81178","WOSI","6848"
"81179","WOSIMI (WOSIMO)","6956"
"81180","WOSOKUNO","6950"
"81181","WRAIT U","6879"
"81182","WRIKAPAL","6930"
"81183","WURKENDIK","6975"
"81184","YABORE","6956"
"81185","YABUOW (JABOUW)","6834"
"81186","YAHADIAN","6905"
"81187","YAKSORO","6879"
"81188","YAMBOY (YAMBOI)","6822"
"81189","YANSEI (YANSEY / ENSEI / YENSEI)","6986"
"81190","YARAT TIMUR","6885"
"81191","YARAT","6885"
"81192","YARIARI","6957"
"81193","YARMATUM (YERMATUM)","6971"
"81194","YARONA","6824"
"81195","YARPATE","6849"
"81196","YARU","6867"
"81197","YEEK","6875"
"81198","YEKWANDI","6924"
"81199","YELLU","6921"
"81200","YEMBEKAKI","6990"
"81201","YEMBEKIRI II","6957"
"81202","YEMBEKWAN","6862"
"81203","YENANAS","6851"
"81204","YENBESER","6943"
"81205","YENBUBA","6862"
"81206","YENDE","6954"
"81207","YENKAWIR","6927"
"81208","YENSAWAI BARAT","6863"
"81209","YENSAWAI TIMUR","6863"
"81210","YENSENER (YESNER)","6990"
"81211","YENSUM","6876"
"81212","YENWAUPNOOR (YENWAUPNOR)","6862"
"81213","YERENUSI","6850"
"81214","YERMATUM","6972"
"81215","YOHWER","6902"
"81216","YOMAKAN","6957"
"81217","YOMBEKIRI I (YEMBE KIRI)","6957"
"81218","YOMBER","6994"
"81219","YONGGAM","6872"
"81220","YONSORIBO (YEN SORIBO)","6876"
"81221","YOOM I","6872"
"81222","YOOM II","6872"
"81223","YOPANGGAR (YOPENGAR)","6844"
"81224","YOPMIOS","6991"
"81225","YUMAME","6936"
