"id","nama_desa","kecamatan_id"
"34001","KALIWENANG","2969"
"34002","KALIWINASUH","3127"
"34003","KALIWIRO","2899"
"34004","KALIWIRU","3020"
"34005","KALIWLINGI","2770"
"34006","KALIWULUH","2592"
"34007","KALIWULUH","2904"
"34008","KALIWUNGU KIDUL","2624"
"34009","KALIWUNGU LOR","2624"
"34010","KALIWUNGU","2678"
"34011","KALIWUNGU","2939"
"34012","KALIWUNGU","2669"
"34013","KALIWUNGU","3123"
"34014","KALIWUNGU","2762"
"34015","KALIWUNGU","2893"
"34016","KALIWUNGU","2796"
"34017","KALIYOSO","3084"
"34018","KALONGAN","3026"
"34019","KALONGAN","2883"
"34020","KALORAN","2973"
"34021","KALORAN","3080"
"34022","KAMAL","2991"
"34023","KAMAL","3128"
"34024","KAMBANGAN (KEMBANGAN)","2864"
"34025","KAMBANGAN","2939"
"34026","KAMBANGAN","2679"
"34027","KAMBANGSARI","2958"
"34028","KAMIJORO","2903"
"34029","KAMOLAN","2606"
"34030","KAMONGAN","2812"
"34031","KAMPIL","2906"
"34032","KAMPUNG BARU","2701"
"34033","KAMULYAN","2803"
"34034","KAMULYAN","2774"
"34035","KAMULYAN","3012"
"34036","KANCILAN","2696"
"34037","KANDANG GAMPANG","2717"
"34038","KANDANG SAPI","2830"
"34039","KANDANG","2598"
"34040","KANDANGAN","2622"
"34041","KANDANGAN","2683"
"34042","KANDANGAN","3026"
"34043","KANDANGMAS","3036"
"34044","KANDANGPANJANG","2725"
"34045","KANDANGREJO","3120"
"34046","KANDANGSERANG","2947"
"34047","KANDANGWANGI","3110"
"34048","KANDEMAN","2666"
"34049","KANDING","3129"
"34050","KANDRI","3038"
"34051","KANGKUNG","3084"
"34052","KANGKUNG","2744"
"34053","KANIGORO","2745"
"34054","KANOMAN","2813"
"34055","KAPENCAR","2767"
"34056","KAPITERAN","2871"
"34057","KAPONAN","2828"
"34058","KAPUAN","2699"
"34059","KAPUHAN","2826"
"34060","KAPULOGO","2904"
"34061","KAPUNDUTAN","2800"
"34062","KAPUNG","2969"
"34063","KAPUNGAN","2963"
"34064","KARABAN","2641"
"34065","KARAKAN","2591"
"34066","KARANG ANOM","2685"
"34067","KARANG ANYAR","2621"
"34068","KARANG ANYAR","2623"
"34069","KARANG ANYAR","3074"
"34070","KARANG ANYAR","3027"
"34071","KARANG ANYAR","2921"
"34072","KARANG AYU","2956"
"34073","KARANG GONDANG","2778"
"34074","KARANG KENDAL","3048"
"34075","KARANG KLESEM","2912"
"34076","KARANG MALANG","3061"
"34077","KARANG NANGKA","2926"
"34078","KARANG NONGKO","2813"
"34079","KARANG PANDAN","2760"
"34080","KARANG PELEM","2900"
"34081","KARANG PUCUNG","2912"
"34082","KARANG REJO","2889"
"34083","KARANG SARI","2903"
"34084","KARANG SARI","2695"
"34085","KARANG TALUN","2962"
"34086","KARANG TENGAH","2567"
"34087","KARANG TENGAH","3130"
"34088","KARANG","2951"
"34089","KARANG","2707"
"34090","KARANG","2586"
"34091","KARANG","2760"
"34092","KARANG","3003"
"34093","KARANGAJI","2986"
"34094","KARANGAMPEL","2669"
"34095","KARANGAN","2887"
"34096","KARANGANOM","2605"
"34097","KARANGANOM","2666"
"34098","KARANGANOM","2887"
"34099","KARANGANOM","2837"
"34100","KARANGANOM","3009"
"34101","KARANGANYAR GUNUNG","3020"
"34102","KARANGANYAR","2574"
"34103","KARANGANYAR","2787"
"34104","KARANGANYAR","3040"
"34105","KARANGANYAR","2951"
"34106","KARANGANYAR","2923"
"34107","KARANGANYAR","2723"
"34108","KARANGANYAR","3002"
"34109","KARANGANYAR","2580"
"34110","KARANGANYAR","2743"
"34111","KARANGANYAR","2875"
"34112","KARANGANYAR","3021"
"34113","KARANGANYAR","2780"
"34114","KARANGANYAR","3033"
"34115","KARANGANYAR","2697"
"34116","KARANGANYAR","2805"
"34117","KARANGANYAR","3048"
"34118","KARANGANYAR","3118"
"34119","KARANGANYAR","3131"
"34120","KARANGANYAR","2935"
"34121","KARANGANYAR","2897"
"34122","KARANGANYAR","3026"
"34123","KARANGANYAR","2793"
"34124","KARANGANYAR","3055"
"34125","KARANGANYAR","2572"
"34126","KARANGANYAR","2712"
"34127","KARANGANYAR","3082"
"34128","KARANGANYAR","3050"
"34129","KARANGANYAR","2870"
"34130","KARANGANYAR","3121"
"34131","KARANGANYAR","3024"
"34132","KARANGANYAR","2975"
"34133","KARANGANYAR","2591"
"34134","KARANGAREN","3022"
"34135","KARANGASEM SELATAN","3040"
"34136","KARANGASEM UTARA","3040"
"34137","KARANGASEM","2990"
"34138","KARANGASEM","2991"
"34139","KARANGASEM","2676"
"34140","KARANGASEM","2567"
"34141","KARANGASEM","3006"
"34142","KARANGASEM","2992"
"34143","KARANGASEM","2974"
"34144","KARANGASEM","2794"
"34145","KARANGASEM","2952"
"34146","KARANGASEM","2795"
"34147","KARANGASEM","2962"
"34148","KARANGASEM","3059"
"34149","KARANGAWADER","2959"
"34150","KARANGAWEN","2972"
"34151","KARANGAWEN","2610"
"34152","KARANGAYU","2966"
"34153","KARANGBALE","3128"
"34154","KARANGBANDUNG","2840"
"34155","KARANGBANGUN","2664"
"34156","KARANGBANGUN","3060"
"34157","KARANGBANJAR","2768"
"34158","KARANGBAWANG","2587"
"34159","KARANGBAWANG","2801"
"34160","KARANGBENDA","2574"
"34161","KARANGBENER","2645"
"34162","KARANGBOLONG","2582"
"34163","KARANGBOYO","2699"
"34164","KARANGBRAI","2632"
"34165","KARANGCEGAK","3022"
"34166","KARANGCEGAK","2786"
"34167","KARANGCENGIS","2661"
"34168","KARANGDADAP","3126"
"34169","KARANGDADAP","3124"
"34170","KARANGDAWA","3054"
"34171","KARANGDAWA","3044"
"34172","KARANGDEMPEL","2638"
"34173","KARANGDOWO","2628"
"34174","KARANGDOWO","2597"
"34175","KARANGDOWO","3009"
"34176","KARANGDUKUH","2674"
"34177","KARANGDUREN","2789"
"34178","KARANGDUREN","2846"
"34179","KARANGDUREN","2898"
"34180","KARANGDUREN","2773"
"34181","KARANGDUREN","2843"
"34182","KARANGDUWUR","2615"
"34183","KARANGDUWUR","2968"
"34184","KARANGDUWUR","2603"
"34185","KARANGENDEP","3131"
"34186","KARANGGADUNG","2603"
"34187","KARANGGAMBAS","2954"
"34188","KARANGGATAK","2648"
"34189","KARANGGAYAM","2925"
"34190","KARANGGAYAM","2920"
"34191","KARANGGEDANG","2939"
"34192","KARANGGEDANG","2661"
"34193","KARANGGEDANG","2780"
"34194","KARANGGEDANG","3111"
"34195","KARANGGEDANG","3049"
"34196","KARANGGEDANG","2784"
"34197","KARANGGEDE","3132"
"34198","KARANGGEDONG","2792"
"34199","KARANGGENENG","2706"
"34200","KARANGGENENG","2608"
"34201","KARANGGENENG","2666"
"34202","KARANGGENENG","2662"
"34203","KARANGGETAS","2935"
"34204","KARANGGINTUNG","3002"
"34205","KARANGGINTUNG","2590"
"34206","KARANGGINTUNG","2786"
"34207","KARANGGLONGGONG","2893"
"34208","KARANGGONDANG","2947"
"34209","KARANGGONDANG","2593"
"34210","KARANGGONDANG","3114"
"34211","KARANGGONDANG","2874"
"34212","KARANGGUDE KULON","2634"
"34213","KARANGHARJO","2697"
"34214","KARANGHARJO","3113"
"34215","KARANGHARJO","2950"
"34216","KARANGJAMBE","2954"
"34217","KARANGJAMBE","3110"
"34218","KARANGJAMBU","2678"
"34219","KARANGJAMBU","3056"
"34220","KARANGJAMBU","3049"
"34221","KARANGJATI","2910"
"34222","KARANGJATI","2606"
"34223","KARANGJATI","2710"
"34224","KARANGJATI","2590"
"34225","KARANGJATI","2974"
"34226","KARANGJATI","2915"
"34227","KARANGJATI","2978"
"34228","KARANGJATI","2906"
"34229","KARANGJATI","2737"
"34230","KARANGJENGKOL","2997"
"34231","KARANGJENGKOL","3022"
"34232","KARANGJOHO","2628"
"34233","KARANGJOHO","2868"
"34234","KARANGJOMPO","3050"
"34235","KARANGJONG","2746"
"34236","KARANGJONGKENG","3078"
"34237","KARANGJUNTI","2638"
"34238","KARANGKAJEN","3025"
"34239","KARANGKANDRI","2997"
"34240","KARANGKEBAGUSAN","2724"
"34241","KARANGKEDAWUNG","2773"
"34242","KARANGKEMBANG","2958"
"34243","KARANGKEMIRI","2977"
"34244","KARANGKEMIRI","3021"
"34245","KARANGKEMIRI","2634"
"34246","KARANGKEMIRI","2673"
"34247","KARANGKEMIRI","3100"
"34248","KARANGKEMIRI","2771"
"34249","KARANGKEMIRI","3110"
"34250","KARANGKEMOJING","3045"
"34251","KARANGKEPOH","2753"
"34252","KARANGKIDUL","2761"
"34253","KARANGKLESEM","3022"
"34254","KARANGKLESEM","2771"
"34255","KARANGKOBAR","2593"
"34256","KARANGKONANG","2942"
"34257","KARANGLANGU","3067"
"34258","KARANGLEGI","2620"
"34259","KARANGLEWAS KIDUL","2634"
"34260","KARANGLEWAS LOR","2804"
"34261","KARANGLEWAS","2580"
"34262","KARANGLEWAS","3022"
"34263","KARANGLINCAK","2697"
"34264","KARANGLO","2850"
"34265","KARANGLO","2955"
"34266","KARANGLO","3057"
"34267","KARANGLO","2963"
"34268","KARANGLO","2720"
"34269","KARANGLOR","2913"
"34270","KARANGLUAS","2871"
"34271","KARANGLUHUR","2767"
"34272","KARANGMAJA","2747"
"34273","KARANGMALANG WETAN","3084"
"34274","KARANGMALANG","2789"
"34275","KARANGMALANG","2919"
"34276","KARANGMALANG","3074"
"34277","KARANGMALANG","2840"
"34278","KARANGMALANG","2984"
"34279","KARANGMALANG","2841"
"34280","KARANGMANGGIS","2776"
"34281","KARANGMANGU","3133"
"34282","KARANGMANGU","2625"
"34283","KARANGMANGU","3095"
"34284","KARANGMANGU","2639"
"34285","KARANGMANGU","2729"
"34286","KARANGMANGU","2978"
"34287","KARANGMANYAR","2633"
"34288","KARANGMLATI","2754"
"34289","KARANGMOJO","2925"
"34290","KARANGMOJO","2648"
"34291","KARANGMOJO","3015"
"34292","KARANGMOJO","2591"
"34293","KARANGMONCOL","2772"
"34294","KARANGMULYA","2957"
"34295","KARANGMULYO","2852"
"34296","KARANGMULYO","3062"
"34297","KARANGMULYO","2793"
"34298","KARANGMULYO","2610"
"34299","KARANGNANAS","2773"
"34300","KARANGNANGKA","2588"
"34301","KARANGNANGKA","2661"
"34302","KARANGNANGKA","2845"
"34303","KARANGNANGKA","2616"
"34304","KARANGNONGKO","2970"
"34305","KARANGNONGKO","2847"
"34306","KARANGPAING","2959"
"34307","KARANGPAKEL","2914"
"34308","KARANGPAKIS","2775"
"34309","KARANGPARI","2750"
"34310","KARANGPASAR","3029"
"34311","KARANGPETIR","2633"
"34312","KARANGPETIR","3012"
"34313","KARANGPOH","2581"
"34314","KARANGPUCUNG","2635"
"34315","KARANGPUCUNG","2567"
"34316","KARANGPUCUNG","3012"
"34317","KARANGPULE","2954"
"34318","KARANGPULE","3049"
"34319","KARANGPUTAT","2775"
"34320","KARANGRANDU","3091"
"34321","KARANGRAU","2924"
"34322","KARANGRAU","2773"
"34323","KARANGREJA","2802"
"34324","KARANGREJA","3031"
"34325","KARANGREJA","3103"
"34326","KARANGREJA","3022"
"34327","KARANGREJA","3100"
"34328","KARANGREJA","3134"
"34329","KARANGREJO LOR","3011"
"34330","KARANGREJO","2922"
"34331","KARANGREJO","2923"
"34332","KARANGREJO","2690"
"34333","KARANGREJO","2777"
"34334","KARANGREJO","3098"
"34335","KARANGREJO","2586"
"34336","KARANGREJO","2925"
"34337","KARANGREJO","2965"
"34338","KARANGREJO","2981"
"34339","KARANGREJO","2732"
"34340","KARANGREJO","2816"
"34341","KARANGREJO","2603"
"34342","KARANGREJO","2949"
"34343","KARANGREJO","2583"
"34344","KARANGREJO","2967"
"34345","KARANGRENA","3100"
"34346","KARANGROTO","2751"
"34347","KARANGROWO","3011"
"34348","KARANGROWO","2916"
"34349","KARANGROWO","2967"
"34350","KARANGSALAM KIDUL","2845"
"34351","KARANGSALAM LOR","3133"
"34352","KARANGSALAM","2590"
"34353","KARANGSALAM","2915"
"34354","KARANGSAMBUNG","3065"
"34355","KARANGSAMBUNG","2765"
"34356","KARANGSAMBUNG","2638"
"34357","KARANGSARI","2574"
"34358","KARANGSARI","2640"
"34359","KARANGSARI","3115"
"34360","KARANGSARI","2582"
"34361","KARANGSARI","2759"
"34362","KARANGSARI","2802"
"34363","KARANGSARI","2934"
"34364","KARANGSARI","2917"
"34365","KARANGSARI","2633"
"34366","KARANGSARI","2849"
"34367","KARANGSARI","2778"
"34368","KARANGSARI","2688"
"34369","KARANGSARI","2579"
"34370","KARANGSARI","2568"
"34371","KARANGSARI","2806"
"34372","KARANGSARI","2630"
"34373","KARANGSARI","2880"
"34374","KARANGSARI","2860"
"34375","KARANGSARI","2647"
"34376","KARANGSARI","2793"
"34377","KARANGSARI","2989"
"34378","KARANGSARI","2822"
"34379","KARANGSARI","3049"
"34380","KARANGSARI","2950"
"34381","KARANGSEKAR","2627"
"34382","KARANGSEMBUNG","2775"
"34383","KARANGSEMBUNG","3035"
"34384","KARANGSENENG","2708"
"34385","KARANGSENTUL","2954"
"34386","KARANGSOKA","2806"
"34387","KARANGSONO","3033"
"34388","KARANGSONO","2744"
"34389","KARANGSUMBER","2942"
"34390","KARANGSUNO","2966"
"34391","KARANGTALOK","2601"
"34392","KARANGTALUN KIDUL","3095"
"34393","KARANGTALUN LOR","3095"
"34394","KARANGTALUN","2643"
"34395","KARANGTALUN","2789"
"34396","KARANGTALUN","3109"
"34397","KARANGTALUN","2628"
"34398","KARANGTALUN","2937"
"34399","KARANGTALUN","2624"
"34400","KARANGTANJUNG","2958"
"34401","KARANGTAWANG","2775"
"34402","KARANGTEJO","2836"
"34403","KARANGTEJO","2740"
"34404","KARANGTEMPEL","2985"
"34405","KARANGTENGAH","2601"
"34406","KARANGTENGAH","2602"
"34407","KARANGTENGAH","2663"
"34408","KARANGTENGAH","3133"
"34409","KARANGTENGAH","2850"
"34410","KARANGTENGAH","3135"
"34411","KARANGTENGAH","2925"
"34412","KARANGTENGAH","3119"
"34413","KARANGTENGAH","2673"
"34414","KARANGTENGAH","2806"
"34415","KARANGTENGAH","2746"
"34416","KARANGTENGAH","2933"
"34417","KARANGTENGAH","2974"
"34418","KARANGTENGAH","2573"
"34419","KARANGTENGAH","3024"
"34420","KARANGTENGAH","2700"
"34421","KARANGTENGAH","2591"
"34422","KARANGTOWO","2849"
"34423","KARANGTURI","2856"
"34424","KARANGTURI","3000"
"34425","KARANGTURI","2625"
"34426","KARANGTURI","2631"
"34427","KARANGTURI","2926"
"34428","KARANGTURI","2985"
"34429","KARANGTURI","2786"
"34430","KARANGUDI","2734"
"34431","KARANGWAGE","2620"
"34432","KARANGWANGKAL","2718"
"34433","KARANGWARU","3027"
"34434","KARANGWONO","2610"
"34435","KARANGWOTAN","2949"
"34436","KARANGWULUH","2732"
"34437","KARANGWULUH","2957"
"34438","KARANGWUNGU","2628"
"34439","KARANGWUNI","2667"
"34440","KARANGWUNI","3107"
"34441","KARANGWUNI","2591"
"34442","KARAS","2952"
"34443","KARASGEDE","2631"
"34444","KARASKEPOH","2832"
"34445","KAREKAN","2616"
"34446","KARIMUNJAWA","3136"
"34447","KARTASURA","3106"
"34448","KARTIKAJAYA","2763"
"34449","KARTOHARJO","2681"
"34450","KARUNGAN","3027"
"34451","KARYOMUKTI","2981"
"34452","KASALIB","3110"
"34453","KASEGERAN","2850"
"34454","KASEPUHAN","3040"
"34455","KASIH","2567"
"34456","KASIHAN","3086"
"34457","KASIMPAR","3051"
"34458","KASIMPAR","2700"
"34459","KASINOMAN","2623"
"34460","KASIYAN","2680"
"34461","KASMARAN","2616"
"34462","KASREMAN","3085"
"34463","KATAAN","2792"
"34464","KATEGUHAN","2898"
"34465","KATEKAN","3115"
"34466","KATEKAN","2856"
"34467","KATEKAN","2792"
"34468","KATELAN","3066"
"34469","KATERBAN","2732"
"34470","KATONG","2742"
"34471","KATONSARI","2754"
"34472","KAUMAN KIDUL","2945"
"34473","KAUMAN LOR","2874"
"34474","KAUMAN","3040"
"34475","KAUMAN","2606"
"34476","KAUMAN","2598"
"34477","KAUMAN","2724"
"34478","KAUMAN","2586"
"34479","KAUMAN","2899"
"34480","KAUMAN","2866"
"34481","KAUMAN","2839"
"34482","KAUMAN","2701"
"34483","KAUMAN","2841"
"34484","KAUMAN","2963"
"34485","KAUMAN","2761"
"34486","KAUMAN","2906"
"34487","KAWAK","2996"
"34488","KAWEDUSAN","2568"
"34489","KAWENGAN","2644"
"34490","KAWENGEN","2883"
"34491","KAWUNGANTEN LOR","2636"
"34492","KAWUNGANTEN","2636"
"34493","KAWUNGCARANG","2786"
"34494","KAYEN","3042"
"34495","KAYEN","2885"
"34496","KAYUARES","2616"
"34497","KAYUGERITAN","2778"
"34498","KAYUGIYANG","3081"
"34499","KAYULOKO","3117"
"34500","KAYUMAS","2739"
"34501","KAYUPURING","3051"
"34502","KEBADONGAN","2893"
"34503","KEBAGORAN","2581"
"34504","KEBAGUSAN","2601"
"34505","KEBAK","2944"
"34506","KEBAK","2592"
"34507","KEBAKALAN","2925"
"34508","KEBAKALAN","2796"
"34509","KEBANARAN","2796"
"34510","KEBANDARAN","2632"
"34511","KEBANDINGAN","3074"
"34512","KEBANDUNGAN","2750"
"34513","KEBANDUNGAN","2632"
"34514","KEBANGGAN","2821"
"34515","KEBANGGAN","2786"
"34516","KEBAPANGAN","2933"
"34517","KEBARONGAN","2590"
"34518","KEBASEN","2579"
"34519","KEBASEN","2908"
"34520","KEBATURAN","2863"
"34521","KEBEN","2610"
"34522","KEBLORAN","2697"
"34523","KEBLUKAN","3080"
"34524","KEBOCORAN","2845"
"34525","KEBOGADUNG","2955"
"34526","KEBOJONGAN","2598"
"34527","KEBOKURA","2784"
"34528","KEBOLAMPANG","2942"
"34529","KEBOLEDAN","3075"
"34530","KEBON ADEM","2943"
"34531","KEBON AGUNG","2979"
"34532","KEBON DALEM KIDUL","2971"
"34533","KEBON DALEM LOR","2971"
"34534","KEBON GEDE","2787"
"34535","KEBON","2825"
"34536","KEBONAGUNG","2730"
"34537","KEBONAGUNG","2955"
"34538","KEBONAGUNG","2626"
"34539","KEBONAGUNG","2831"
"34540","KEBONAGUNG","2658"
"34541","KEBONAGUNG","2985"
"34542","KEBONAGUNG","3117"
"34543","KEBONAGUNG","2950"
"34544","KEBONAGUNG","3005"
"34545","KEBONAGUNG","2827"
"34546","KEBONAGUNG","3029"
"34547","KEBONALAS","2842"
"34548","KEBONAN","2753"
"34549","KEBONBATUR","2744"
"34550","KEBONBIMO","2706"
"34551","KEBONDALEM","2727"
"34552","KEBONDALEM","2788"
"34553","KEBONDALEM","3108"
"34554","KEBONDALEM","2872"
"34555","KEBONDALEM","2695"
"34556","KEBONDALEM","2732"
"34557","KEBONDALEM","2782"
"34558","KEBONDOWO","2817"
"34559","KEBONGEMBONG","2764"
"34560","KEBONGULO","3048"
"34561","KEBONGUNUNG","2816"
"34562","KEBONHARJO","2763"
"34563","KEBONHARJO","2963"
"34564","KEBONLEGI","2576"
"34565","KEBONMANIS","3109"
"34566","KEBONREJO","2643"
"34567","KEBONREJO","2848"
"34568","KEBONREJO","2779"
"34569","KEBONROMO","2734"
"34570","KEBONROWO PUCANG","3124"
"34571","KEBONSARI","2923"
"34572","KEBONSARI","2690"
"34573","KEBONSARI","3124"
"34574","KEBONSARI","2603"
"34575","KEBONSARI","2793"
"34576","KEBONSARI","2989"
"34577","KEBONSARI","2833"
"34578","KEBONSARI","3034"
"34579","KEBONSAWAHAN","2586"
"34580","KEBONTURI","2618"
"34581","KEBORANGAN","2573"
"34582","KEBOROMO","2894"
"34583","KEBOWAN","2876"
"34584","KEBOWAN","2942"
"34585","KEBRENGAN","2607"
"34586","KEBULEN","2890"
"34587","KEBULUSAN","2581"
"34588","KEBUMEN","2817"
"34589","KEBUMEN","3133"
"34590","KEBUMEN","2568"
"34591","KEBUMEN","3107"
"34592","KEBUMEN","2573"
"34593","KEBUMEN","2980"
"34594","KEBUMEN","2807"
"34595","KEBURUHAN","2624"
"34596","KEBURUSAN","2935"
"34597","KEBUTUH","2661"
"34598","KEBUTUHDUWUR","3076"
"34599","KEBUTUHJURANG","3076"
"34600","KECANDRAN","3073"
"34601","KECAPI","3064"
"34602","KECEMEN","2842"
"34603","KECEPAK","3040"
"34604","KECEPIT","2647"
"34605","KECEPIT","2772"
"34606","KECEPIT","2658"
"34607","KECIK","2962"
"34608","KECILA","2590"
"34609","KECIPIR","2638"
"34610","KECIS","2583"
"34611","KECITRAN","3127"
"34612","KEDALEMANKULON","2617"
"34613","KEDALEMANWETAN","2617"
"34614","KEDALINGAN","2610"
"34615","KEDALON","2858"
"34616","KEDALON","2968"
"34617","KEDARPAN","2728"
"34618","KEDAWUNG","2705"
"34619","KEDAWUNG","2852"
"34620","KEDAWUNG","2664"
"34621","KEDAWUNG","2683"
"34622","KEDAWUNG","2900"
"34623","KEDAWUNG","2625"
"34624","KEDAWUNG","3088"
"34625","KEDAWUNG","2581"
"34626","KEDAWUNG","2915"
"34627","KEDAWUNG","3134"
"34628","KEDEN","2710"
"34629","KEDEN","2879"
"34630","KEDIREN","2888"
"34631","KEDIRI","2634"
"34632","KEDITAN","2745"
"34633","KEDITEN","2897"
"34634","KEDOKAN SAYANG","2978"
"34635","KEDONDONG","2754"
"34636","KEDONDONG","2790"
"34637","KEDONDONG","2624"
"34638","KEDONDONG","2773"
"34639","KEDU","2740"
"34640","KEDUMULYO","2680"
"34641","KEDUNG BANTENG","3074"
"34642","KEDUNG BATUR","2935"
"34643","KEDUNG BUNGKUS","2978"
"34644","KEDUNG JENAR","2606"
"34645","KEDUNG KAMAL","2585"
"34646","KEDUNG KEBO","3124"
"34647","KEDUNG LENGKONG","2901"
"34648","KEDUNG LOTENG","2903"
"34649","KEDUNG LUMBU","2701"
"34650","KEDUNG MALANG","2786"
"34651","KEDUNG MENJANGAN","2717"
"34652","KEDUNG PATANGEWU","2597"
"34653","KEDUNG POMAHAN KULON","2871"
"34654","KEDUNG POMAHAN WETAN","2871"
"34655","KEDUNG PUCANG","2903"
"34656","KEDUNG SARI","2682"
"34657","KEDUNG WADUK","3112"
"34658","KEDUNG","2832"
"34659","KEDUNGAGUNG","2605"
"34660","KEDUNGAMPEL","2676"
"34661","KEDUNGAN","2879"
"34662","KEDUNGASEM","2953"
"34663","KEDUNGASRI","3030"
"34664","KEDUNGBACIN","2870"
"34665","KEDUNGBANG","2894"
"34666","KEDUNGBANJAR","2619"
"34667","KEDUNGBANTENG","2845"
"34668","KEDUNGBENDA","2673"
"34669","KEDUNGBENDA","2775"
"34670","KEDUNGBOKOR","3128"
"34671","KEDUNGBOTO","3104"
"34672","KEDUNGBULUS","2653"
"34673","KEDUNGBULUS","2656"
"34674","KEDUNGCINO","2724"
"34675","KEDUNGDOWO","2604"
"34676","KEDUNGDOWO","2669"
"34677","KEDUNGDOWO","2933"
"34678","KEDUNGGADING","3030"
"34679","KEDUNGGEDE","2924"
"34680","KEDUNGGEDE","2920"
"34681","KEDUNGGONG","3028"
"34682","KEDUNGGUBAH","3071"
"34683","KEDUNGGUPIT","3117"
"34684","KEDUNGJAMBAL","3053"
"34685","KEDUNGJARAN","2988"
"34686","KEDUNGJATI","2661"
"34687","KEDUNGJATI","3067"
"34688","KEDUNGJATI","2884"
"34689","KEDUNGJATI","2766"
"34690","KEDUNGJERUK","3013"
"34691","KEDUNGKARANG","2642"
"34692","KEDUNGKELOR","2766"
"34693","KEDUNGLEGOK","2673"
"34694","KEDUNGLEPER","2758"
"34695","KEDUNGLO","2871"
"34696","KEDUNGMALANG","2986"
"34697","KEDUNGMALANG","2976"
"34698","KEDUNGMULYO","2605"
"34699","KEDUNGMULYO","3011"
"34700","KEDUNGMULYO","2866"
"34701","KEDUNGMUNDU","3001"
"34702","KEDUNGMUTIH","2642"
"34703","KEDUNGNENG","2638"
"34704","KEDUNGOLENG","3047"
"34705","KEDUNGOMBO","2686"
"34706","KEDUNGORI","2690"
"34707","KEDUNGPANCING","2586"
"34708","KEDUNGPANI","2984"
"34709","KEDUNGPILANG","2737"
"34710","KEDUNGPOH","2816"
"34711","KEDUNGPRING","2590"
"34712","KEDUNGPUJI","2791"
"34713","KEDUNGRANDU","3131"
"34714","KEDUNGREJA","2762"
"34715","KEDUNGREJO","2866"
"34716","KEDUNGREJO","2877"
"34717","KEDUNGREJO","3026"
"34718","KEDUNGREJO","3085"
"34719","KEDUNGREJO","2577"
"34720","KEDUNGRINGIN","2952"
"34721","KEDUNGRINGIN","2876"
"34722","KEDUNGRINGIN","2577"
"34723","KEDUNGSARI","2730"
"34724","KEDUNGSARI","2605"
"34725","KEDUNGSARI","2919"
"34726","KEDUNGSARI","2893"
"34727","KEDUNGSARI","3137"
"34728","KEDUNGSARI","2823"
"34729","KEDUNGSARI","2894"
"34730","KEDUNGSARIMULYO","2975"
"34731","KEDUNGSATRIYAN","2746"
"34732","KEDUNGSEGOG","2881"
"34733","KEDUNGSONO","2991"
"34734","KEDUNGSRI","2605"
"34735","KEDUNGSUGIH","3118"
"34736","KEDUNGSUKUN","2584"
"34737","KEDUNGSUREN","3068"
"34738","KEDUNGTUBAN","2660"
"34739","KEDUNGTUKANG","2955"
"34740","KEDUNGTULUP","2953"
"34741","KEDUNGUMPUL","2683"
"34742","KEDUNGUPIT","3130"
"34743","KEDUNGURANG","3045"
"34744","KEDUNGUTER","2924"
"34745","KEDUNGUTER","2770"
"34746","KEDUNGUTER","2849"
"34747","KEDUNGWADAS","2803"
"34748","KEDUNGWARU KIDUL","2743"
"34749","KEDUNGWARU LOR","2743"
"34750","KEDUNGWARU","2765"
"34751","KEDUNGWARU","2662"
"34752","KEDUNGWARU","2656"
"34753","KEDUNGWERU","2615"
"34754","KEDUNGWINANGUN","2893"
"34755","KEDUNGWINONG","2835"
"34756","KEDUNGWINONG","2680"
"34757","KEDUNGWRINGIN","2580"
"34758","KEDUNGWRINGIN","3131"
"34759","KEDUNGWRINGIN","2884"
"34760","KEDUNGWULUH KIDUL","3131"
"34761","KEDUNGWULUH LOR","3131"
"34762","KEDUNGWULUH","2633"
"34763","KEDUNGWULUH","2804"
"34764","KEDUNGWUNGU","2614"
"34765","KEDUNGWUNGU","3029"
"34766","KEDUNGWUNGU","2870"
"34767","KEDUNGWUNI BARAT","2597"
"34768","KEDUNGWUNI TIMUR","2597"
"34769","KEDUREN","2793"
"34770","KEJAJAR","3014"
"34771","KEJAMBON","2619"
"34772","KEJAMBON","3138"
"34773","KEJAWAN","3029"
"34774","KEJAWANG","3049"
"34775","KEJAWAR","2924"
"34776","KEJENE","2772"
"34777","KEJI","2570"
"34778","KEJI","2722"
"34779","KEJIWAN","2961"
"34780","KEJOBONG","2728"
"34781","KELANGDEPOK","2632"
"34782","KELENG","2997"
"34783","KELET","3010"
"34784","KELING","3010"
"34785","KELORAN","3089"
"34786","KELURAHAN","2872"
"34787","KEMADU LOR","2732"
"34788","KEMADU","2950"
"34789","KEMADUHBATUR","3101"
"34790","KEMALANG","2689"
"34791","KEMAMBANG","2817"
"34792","KEMANDUNGAN","3063"
"34793","KEMANGGUHAN","2958"
"34794","KEMANGGUNGAN","2978"
"34795","KEMANGKON","2673"
"34796","KEMANTRAN","2637"
"34797","KEMANTREN","2660"
"34798","KEMANUKAN","2652"
"34799","KEMASAN","2640"
"34800","KEMASAN","2667"
"34801","KEMASAN","2898"
"34802","KEMAWI","3129"
"34803","KEMAWI","3005"
"34804","KEMBANG KUNING","2672"
"34805","KEMBANG","2814"
"34806","KEMBANG","2643"
"34807","KEMBANG","2589"
"34808","KEMBANG","2687"
"34809","KEMBANG","2870"
"34810","KEMBANGAN","2922"
"34811","KEMBANGAN","2661"
"34812","KEMBANGARUM","2744"
"34813","KEMBANGARUM","2956"
"34814","KEMBANGKUNING","2624"
"34815","KEMBANGKUNING","2935"
"34816","KEMBANGKUNING","2693"
"34817","KEMBANGLANGIT","2864"
"34818","KEMBANGLIMUS","2923"
"34819","KEMBANGSARI","2683"
"34820","KEMBANGSARI","3048"
"34821","KEMBANGSARI","2761"
"34822","KEMBANGSAWIT","2594"
"34823","KEMBARAN KULON","2717"
"34824","KEMBARAN WETAN","2613"
"34825","KEMBARAN","2848"
"34826","KEMBARAN","2968"
"34827","KEMBARAN","2568"
"34828","KEMBARAN","2806"
"34829","KEMEJING","2816"
"34830","KEMETUL","2651"
"34831","KEMIJEN","2985"
"34832","KEMIREN","2812"
"34833","KEMIRI BARAT","2573"
"34834","KEMIRI KIDUL","2871"
"34835","KEMIRI LOR","2871"
"34836","KEMIRI TIMUR","2573"
"34837","KEMIRI","2896"
"34838","KEMIRI","2854"
"34839","KEMIRI","2644"
"34840","KEMIRI","3080"
"34841","KEMIRI","2592"
"34842","KEMIRI","2662"
"34843","KEMIRI","2970"
"34844","KEMIRI","2729"
"34845","KEMIRI","2784"
"34846","KEMIRI","2882"
"34847","KEMIRIAMBA","2955"
"34848","KEMIRIOMBO","2708"
"34849","KEMIRIOMBO","2899"
"34850","KEMIRIREJO","3018"
"34851","KEMITIR","3005"
"34852","KEMLAYAN","3058"
"34853","KEMLIGI","2976"
"34854","KEMLOKO","2608"
"34855","KEMLOKO","2650"
"34856","KEMLOKO","2713"
"34857","KEMOJAN (KEMUJAN)","3136"
"34858","KEMOJING","2588"
"34859","KEMPLONG","2906"
"34860","KEMRANGGEN","2939"
"34861","KEMRANGGON","2915"
"34862","KEMUDO","2971"
"34863","KEMUJAN","2569"
"34864","KEMUKTEN","3043"
"34865","KEMUKUS","2791"
"34866","KEMUNING","2601"
"34867","KEMUNING","2788"
"34868","KEMUNING","2637"
"34869","KEMUNING","2911"
"34870","KEMURANG KULON","3134"
"34871","KEMURANG WETAN","3134"
"34872","KEMUSU","2866"
"34873","KEMUTUG KIDUL","3133"
"34874","KEMUTUG LOR","3133"
"34875","KEMUTUK","2865"
"34876","KENAIBAN","2960"
"34877","KENALAN","2923"
"34878","KENALAN","2828"
"34879","KENANTI","2589"
"34880","KENAYAJAYAN","2594"
"34881","KENCONOREJO","2881"
"34882","KENDAGA","2781"
"34883","KENDALAGUNG","2697"
"34884","KENDALASEM","2642"
"34885","KENDALDOYONG","2992"
"34886","KENDALDOYONG","2967"
"34887","KENDALREJO","2992"
"34888","KENDALREJO","2935"
"34889","KENDALSARI","2689"
"34890","KENDALSARI","2992"
"34891","KENDALSERUT","2677"
"34892","KENDAWA","2955"
"34893","KENDAYAAN","2746"
"34894","KENDAYAKAN","2766"
"34895","KENDEL","2866"
"34896","KENDENGSIDIALIT","2975"
"34897","KENDUREN","2642"
"34898","KENEP","2798"
"34899","KENER","3123"
"34900","KENINGAR","2818"
"34901","KENITEN","2845"
"34902","KENITEN","2735"
"34903","KENOKOREJO","2667"
"34904","KENONGO","2952"
"34905","KENTENG","2738"
"34906","KENTENG","2805"
"34907","KENTENG","2891"
"34908","KENTENG","2668"
"34909","KENTENG","2884"
"34910","KENTENG","2651"
"34911","KENTENG","2742"
"34912","KENTENGREJO","2793"
"34913","KENTENGSARI","2809"
"34914","KENTENGSARI","3067"
"34915","KENTENGSARI","2693"
"34916","KENTONG","2699"
"34917","KEPAKISAN","2663"
"34918","KEPANDEAN","2723"
"34919","KEPANJEN","2707"
"34920","KEPATIHAN KULON","3079"
"34921","KEPATIHAN WETAN","3079"
"34922","KEPATIHAN","3089"
"34923","KEPATIHAN","2906"
"34924","KEPIL","2904"
"34925","KEPOH","2752"
"34926","KEPOH","2629"
"34927","KEPOH","2757"
"34928","KEPOHAGUNG","2702"
"34929","KEPOHKENCONO","2949"
"34930","KEPONGGOK","2793"
"34931","KEPOSONG","3048"
"34932","KEPRABON","2815"
"34933","KEPRABON","2963"
"34934","KEPUDANG","2588"
"34935","KEPUH","2732"
"34936","KEPUH","2600"
"34937","KEPUH","2835"
"34938","KEPUHSARI","2913"
"34939","KEPUK","2758"
"34940","KEPUNDUHAN","2637"
"34941","KEPUNDUNG","2572"
"34942","KEPURUN","2842"
"34943","KEPUTON","2864"
"34944","KEPUTRAN","2689"
"34945","KEPUTRAN","2841"
"34946","KEPYAR","2668"
"34947","KERANGKULON","2967"
"34948","KEREP","2871"
"34949","KEREP","2950"
"34950","KERGON","2890"
"34951","KERJASAN","2839"
"34952","KERJOKIDUL","3086"
"34953","KERJOLOR","3086"
"34954","KEROKAN","2691"
"34955","KERSANA","3043"
"34956","KERSO","2986"
"34957","KERTABESUKI","3075"
"34958","KERTAHARJA","2637"
"34959","KERTAHARJA","3118"
"34960","KERTAJAYA","3002"
"34961","KERTANEGARA","2567"
"34962","KERTASARI","2747"
"34963","KERTASARI","2623"
"34964","KERTASARI","2957"
"34965","KERTASINDUYASA","2955"
"34966","KERTAYASA","2637"
"34967","KERTAYASA","2796"
"34968","KERTEK","2767"
"34969","KERTEN","2856"
"34970","KERTEN","3006"
"34971","KERTIJAYAN","2936"
"34972","KERTODESO","3132"
"34973","KERTOHARJO","2824"
"34974","KERTOJAYAN","2585"
"34975","KERTOMULYO","2943"
"34976","KERTOMULYO","2994"
"34977","KERTOMULYO","2620"
"34978","KERTONATAN","3106"
"34979","KERTOSARI","2836"
"34980","KERTOSARI","2823"
"34981","KERTOSARI","2833"
"34982","KERTOSARI","2599"
"34983","KERTOSONO","2659"
"34984","KESADIKAN","2978"
"34985","KESAMBI","3102"
"34986","KESAMIRAN","2978"
"34987","KESAWEN","2935"
"34988","KESE","2585"
"34989","KESENENG","2607"
"34990","KESENENG","2682"
"34991","KESENENG","3005"
"34992","KESENET","2781"
"34993","KESER","2577"
"34994","KESESI","2981"
"34995","KESESIREJO","2632"
"34996","KESIDAN","2624"
"34997","KESONGO","3024"
"34998","KESTALAN","2815"
"34999","KESUBEN","2679"
"35000","KESUGIHAN KIDUL","2997"
"35001","KESUGIHAN","2997"
"35002","KESUGIHAN","2793"
"35003","KETANDA","2784"
"35004","KETANDAN","2837"
"35005","KETANEN","2620"
"35006","KETANGGAN","2653"
"35007","KETANGGAN","3108"
"35008","KETANGGI","3085"
"35009","KETANGGI","2876"
"35010","KETANGGUNG","2974"
"35011","KETANGGUNGAN","2723"
"35012","KETANGGUNGAN","2840"
"35013","KETANGI","2576"
"35014","KETANGI","2702"
"35015","KETANGI","2793"
"35016","KETANGIREJO","2608"
"35017","KETANJUNG","2743"
"35018","KETANON AGENG","2988"
"35019","KETAON","2749"
"35020","KETAPANG","2695"
"35021","KETAPANG","2651"
"35022","KETAPANG","2599"
"35023","KETAWANG","2681"
"35024","KETAWANGREJO","2585"
"35025","KETEGUHAN","3053"
"35026","KETELAN","2815"
"35027","KETELENG","2864"
"35028","KETENGER","3133"
"35029","KETEP","2826"
"35030","KETILENG","2637"
"35031","KETILENG","2870"
"35032","KETILENGSINGOLELO","2975"
"35033","KETIP","2586"
"35034","KETITANG KIDUL","2640"
"35035","KETITANG","2608"
"35036","KETITANG","2836"
"35037","KETITANG","2960"
"35038","KETITANG","2891"
"35039","KETITANGLOR","2640"
"35040","KETITANGWETAN","2858"
"35041","KETIWIJAYAN","2731"
"35042","KETOS","3092"
"35043","KETOSARI","2903"
"35044","KETOYAN","2737"
"35045","KETRINGAN","2755"
"35046","KETRO","3033"
"35047","KETRO","2962"
"35048","KETUG","2605"
"35049","KETUNDAN","2828"
"35050","KETUNGGENG","2818"
"35051","KETUREN","2736"
"35052","KETUWAN","2660"
"35053","KEYONGAN","2777"
"35054","KEYONGAN","2891"
"35055","KINCANG","2575"
"35056","KINGKANG","2907"
"35057","KIRIG","3102"
"35058","KIRINGAN","2706"
"35059","KIRINGAN","2882"
"35060","KISMANTORO","2987"
"35061","KISMOYOSO (KESMOYOSO)","3069"
"35062","KIYANGKONGREJO","2732"
"35063","KLACES","3139"
"35064","KLAGEN","2660"
"35065","KLAHANG","2773"
"35066","KLAKAH KASIAN","2653"
"35067","KLAKAH","3122"
"35068","KLALING","2995"
"35069","KLAMBU","3120"
"35070","KLAMPIS","2955"
"35071","KLAMPOK LOR","2626"
"35072","KLAMPOK","2608"
"35073","KLAMPOK","3127"
"35074","KLAMPOK","3075"
"35075","KLANDARAN","2624"
"35076","KLANDUNGAN","2734"
"35077","KLAPA","2647"
"35078","KLAPAGADA","3100"
"35079","KLAPAGADING KULON","2808"
"35080","KLAPAGADING","2808"
"35081","KLAPASAWIT","2633"
"35082","KLAPASAWIT","3095"
"35083","KLAREYAN","2992"
"35084","KLARI","2753"
"35085","KLASEMAN","2940"
"35086","KLATEN","2838"
"35087","KLAYUSIWALAN","2858"
"35088","KLECOREGONANG","2942"
"35089","KLEDUNG KARANGDALEM","2659"
"35090","KLEDUNG KRADENAN","2659"
"35091","KLEDUNG","2859"
"35092","KLEGEN","2598"
"35093","KLEGEN","2681"
"35094","KLEGENREJO","2893"
"35095","KLEGENWONOSARI","2893"
"35096","KLEGO","2648"
"35097","KLEGO","2841"
"35098","KLEPU","2605"
"35099","KLEPU","3037"
"35100","KLEPU","3010"
"35101","KLEPU","2650"
"35102","KLEPU","3023"
"35103","KLEPU","3107"
"35104","KLEPUSANGGAR","3049"
"35105","KLERO","2843"
"35106","KLESEM","2947"
"35107","KLETEK","2949"
"35108","KLETERAN","2681"
"35109","KLEWOR","2866"
"35110","KLIDANG LOR","3040"
"35111","KLIDANG WETAN","3040"
"35112","KLIKIRAN","2955"
"35113","KLINTING","3129"
"35114","KLIRIS","2776"
"35115","KLIRONG","2893"
"35116","KLITIH","2849"
"35117","KLITIKAN","3067"
"35118","KLIWONAN","2659"
"35119","KLIWONAN","3061"
"35120","KLODRAN","2855"
"35121","KLOKAH","2662"
"35122","KLOPO","2827"
"35123","KLOPODUWUR","2643"
"35124","KLOPOGODO","2791"
"35125","KLOPOSAWIT","2595"
"35126","KLUMPIT","2919"
"35127","KLUMPIT","2753"
"35128","KLUMPIT","3016"
"35129","KLUMPRIT","2886"
"35130","KLUMPRIT","2775"
"35131","KLUNGGEN","3003"
"35132","KLUNJUKAN","2988"
"35133","KLUWAN","2959"
"35134","KLUWIH","2719"
"35135","KLUWUT","2759"
"35136","KOBER","2804"
"35137","KODOKAN","2662"
"35138","KOKOSAN","2971"
"35139","KOPEK","2608"
"35140","KOPEN","2687"
"35141","KOPEN","2756"
"35142","KOPENG","2853"
"35143","KORIPAN","3060"
"35144","KORIPAN","2651"
"35145","KORIPANDRIYO","2641"
"35146","KOROWELANG ANYAR","2966"
"35147","KOROWELANG KULON","2966"
"35148","KOROWELANG","2630"
"35149","KOROWELANG","2950"
"35150","KORYOKALANGAN","2641"
"35151","KOSEKAN","2641"
"35152","KOTAKAN","2743"
"35153","KOTAYASA","2786"
"35154","KOTESAN","2971"
"35155","KOWANGAN","2833"
"35156","KRACAK","2587"
"35157","KRADENAN","2594"
"35158","KRADENAN","3123"
"35159","KRADENAN","3043"
"35160","KRADENAN","2654"
"35161","KRADENAN","2926"
"35162","KRADENAN","2824"
"35163","KRADENAN","2812"
"35164","KRADENAN","2784"
"35165","KRADENAN","2914"
"35166","KRAGAN","3000"
"35167","KRAGAN","2697"
"35168","KRAGILAN","2856"
"35169","KRAGILAN","2896"
"35170","KRAGILAN","2973"
"35171","KRAGILAN","2886"
"35172","KRAGILAN","2970"
"35173","KRAGILAN","2828"
"35174","KRAGUMAN","2674"
"35175","KRAJAN","2940"
"35176","KRAJAN","2739"
"35177","KRAJAN","3090"
"35178","KRAJAN","2771"
"35179","KRAJAN","2713"
"35180","KRAJAN","2591"
"35181","KRAJANBOGO","2922"
"35182","KRAJANKULON","3135"
"35183","KRAKAHAN","3134"
"35184","KRAKAL","2958"
"35185","KRAKITAN","2825"
"35186","KRAMAS","3001"
"35187","KRAMAT SELATAN","3137"
"35188","KRAMAT UTARA","3137"
"35189","KRAMAT","2690"
"35190","KRAMAT","2955"
"35191","KRAMAT","2688"
"35192","KRAMAT","2806"
"35193","KRAMAT","2637"
"35194","KRAMAT","2650"
"35195","KRAMAT","2839"
"35196","KRAMAT","2782"
"35197","KRAMAT","2959"
"35198","KRAMATAN","2961"
"35199","KRAMATSAMPANG","3043"
"35200","KRAMATSARI","2890"
"35201","KRANDAN","2620"
"35202","KRANDEGAN","2602"
"35203","KRANDEGAN","2731"
"35204","KRANDEGAN","2993"
"35205","KRANDEGAN","2869"
"35206","KRANDEGAN","2617"
"35207","KRANDON LOR","2876"
"35208","KRANDON","2670"
"35209","KRANDON","2981"
"35210","KRANDON","2839"
"35211","KRANDON","3017"
"35212","KRANGEAN","2567"
"35213","KRANGGAN","2834"
"35214","KRANGGAN","2650"
"35215","KRANGGAN","2842"
"35216","KRANGGAN","2771"
"35217","KRANGGAN","2963"
"35218","KRANGGAN","2761"
"35219","KRANGGAN","2807"
"35220","KRANGGANHARJO","2742"
"35221","KRANJI","2612"
"35222","KRAPYAK KIDUL","2725"
"35223","KRAPYAK LOR","2725"
"35224","KRAPYAK","2956"
"35225","KRAPYAK","3064"
"35226","KRASAK","2770"
"35227","KRASAK","2607"
"35228","KRASAK","3091"
"35229","KRASAK","2779"
"35230","KRASAK","2583"
"35231","KRASAK","2756"
"35232","KRASAKAGENG","2988"
"35233","KRATON KIDUL","2890"
"35234","KRATON LOR","2725"
"35235","KRATON","3063"
"35236","KRATONAN","3058"
"35237","KRAWITAN","2809"
"35238","KREBET","3061"
"35239","KRECEK","2707"
"35240","KREMAN","2766"
"35241","KREMPONG","2708"
"35242","KRENCENG","2728"
"35243","KRENDETAN","2652"
"35244","KRENDOWAHONO","3000"
"35245","KRENGSENG","3108"
"35246","KREO","3014"
"35247","KRETEK","3047"
"35248","KRETEK","3007"
"35249","KREYO","2772"
"35250","KREYO","2976"
"35251","KRIKIL","2764"
"35252","KRIKILAN","2825"
"35253","KRIKILAN","2710"
"35254","KRIKILAN","3061"
"35255","KRIKILAN","2953"
"35256","KRINCING","3025"
"35257","KRINJING","2818"
"35258","KRINJING","2704"
"35259","KRINJING","2819"
"35260","KRITIG","2603"
"35261","KRIWEN","2798"
"35262","KRIYAN","2665"
"35263","KROBOKAN","3042"
"35264","KROBOKAN","2956"
"35265","KROCOK","2873"
"35266","KROGOWANAN","2826"
"35267","KROMPAAN","3041"
"35268","KROMPENG","2795"
"35269","KRONGGEN","3115"
"35270","KROPAK","2942"
"35271","KROPAK","3059"
"35272","KROYA","2625"
"35273","KROYO KULON","2871"
"35274","KROYO LOR","2871"
"35275","KROYO","2896"
"35276","KROYO","3112"
"35277","KRUBUNGAN","3132"
"35278","KRUMPAKAN","2704"
"35279","KRUWISAN","2859"
"35280","KUANGSAN","2627"
"35281","KUANYAR","2733"
"35282","KUBANG","2700"
"35283","KUBANGJATI","2840"
"35284","KUBANGJERO","2747"
"35285","KUBANGKANGKUNG","2636"
"35286","KUBANGPARI","3043"
"35287","KUBANGPUTAT","3134"
"35288","KUBANGSARI","2840"
"35289","KUBANGWUNGU","2840"
"35290","KUDAILE","3072"
"35291","KUDI","2862"
"35292","KUDU","2671"
"35293","KUDU","2751"
"35294","KUDUKERAS","2586"
"35295","KUDUR","2942"
"35296","KUJON","3037"
"35297","KULU","2778"
"35298","KULUREJO","2877"
"35299","KULUTAN","2829"
"35300","KUMBO","2952"
"35301","KUMEJING","2573"
"35302","KUMEJING","2921"
"35303","KUMENDUNG","3085"
"35304","KUMESU (KEMESU)","2572"
"35305","KUMPULREJO","3032"
"35306","KUMPULREJO","2585"
"35307","KUMPULREJO","3135"
"35308","KUMPULREJO","2763"
"35309","KUMPULSARI","2624"
"35310","KUNCEN","3037"
"35311","KUNCI","3111"
"35312","KUNCIR","2967"
"35313","KUNDEN","2606"
"35314","KUNDEN","2991"
"35315","KUNDEN","2887"
"35316","KUNDEN","3059"
"35317","KUNDISARI","2740"
"35318","KUNDURAN","2662"
"35319","KUNINGAN","2721"
"35320","KUNIR","2605"
"35321","KUNIR","2690"
"35322","KUNIR","3010"
"35323","KUNIR","2950"
"35324","KUNIRAN","2858"
"35325","KUNIREJO KULON","2605"
"35326","KUNIREJO WETAN","2605"
"35327","KUNJENG","2854"
"35328","KUNTI","2604"
"35329","KUNTILI","2784"
"35330","KUPANG","2834"
"35331","KUPANG","2628"
"35332","KUPANGAN","3082"
"35333","KUPEN","3107"
"35334","KUPU","2723"
"35335","KUPU","3075"
"35336","KURIPAN KIDUL","2997"
"35337","KURIPAN KIDUL","2824"
"35338","KURIPAN LOR","2824"
"35339","KURIPAN","3081"
"35340","KURIPAN","2972"
"35341","KURIPAN","2997"
"35342","KURIPAN","3026"
"35343","KURIPAN","2573"
"35344","KURIPAN","2819"
"35345","KURUNG","3037"
"35346","KUTA BANJARNEGARA","2602"
"35347","KUTA","2787"
"35348","KUTA","2646"
"35349","KUTAAGUNG","2927"
"35350","KUTABAWA","3103"
"35351","KUTABIMA","2802"
"35352","KUTALIMAN","2845"
"35353","KUTAMENDALA","3078"
"35354","KUTASARI","3133"
"35355","KUTASARI","3031"
"35356","KUTASARI","3022"
"35357","KUTAWARU","3070"
"35358","KUTAWIS","2661"
"35359","KUTAWULUH","3055"
"35360","KUTAYASA","2727"
"35361","KUTAYASA","2805"
"35362","KUTAYU","3078"
"35363","KUTO","2965"
"35364","KUTOANYAR","2740"
"35365","KUTOARJO","2732"
"35366","KUTOHARJO","3135"
"35367","KUTOHARJO","2932"
"35368","KUTOHARJO","3085"
"35369","KUTOREJO","2979"
"35370","KUTOREMBET","2800"
"35371","KUTOROJO","2979"
"35372","KUTOSARI","2938"
"35373","KUTOSARI","3108"
"35374","KUTOSARI","2778"
"35375","KUTOSARI","2568"
"35376","KUTOWINANGUN","2630"
"35377","KUTOWINANGUN","3093"
"35378","KUTUK","2916"
"35379","KUTUKAN","2888"
"35380","KUWANGUNAN","2603"
"35381","KUWARASAN","2872"
"35382","KUWARASAN","2774"
"35383","KUWARISAN","2630"
"35384","KUWARON","2854"
"35385","KUWARU","2774"
"35386","KUWASEN","2724"
"35387","KUWAWUR","2680"
"35388","KUWAYUHAN","2581"
"35389","KUWIRAN","2749"
"35390","KUWU","2690"
"35391","KUWU","2654"
"35392","KUWUKAN","3036"
"35393","KUWUKAN","2624"
"35394","KUWUREJO","2732"
"35395","KWADERAN","2704"
"35396","KWADUNGAN GUNUNG","2859"
"35397","KWADUNGAN JURANG","2859"
"35398","KWADUNGAN","2968"
"35399","KWADUNGAN","2965"
"35400","KWAGEAN","3077"
"35401","KWANGEN","2973"
"35402","KWANGSAN","2664"
"35403","KWARAKAN","3080"
"35404","KWARASAN","2709"
"35405","KWARASAN","2960"
"35406","KWAREN","3019"
"35407","KWASEN","2632"
"35408","KWASEN","2981"
"35409","KWAYANGAN","2597"
"35410","KWIGARAN","2981"
"35411","LABAN","3084"
"35412","LABAN","2886"
"35413","LABAN","2624"
"35414","LABUHAN KIDUL","2892"
"35415","LAHAR","3016"
"35416","LAJER","2594"
"35417","LAJER","2959"
"35418","LALUNG","2875"
"35419","LAMBANGAN KULON","2990"
"35420","LAMBANGAN WETAN","2990"
"35421","LAMBANGAN","2916"
"35422","LAMBANGGELUN","2869"
"35423","LAMBUR","2947"
"35424","LAMBUR","2926"
"35425","LAMONGAN","2613"
"35426","LAMPAR","3048"
"35427","LAMPER KIDUL","2844"
"35428","LAMPER LOR","2844"
"35429","LAMPER TENGAH","2844"
"35430","LAMUK","2968"
"35431","LAMUK","2899"
"35432","LAMUK","2728"
"35433","LANCAR","2921"
"35434","LANDOH","2950"
"35435","LANDUNGSARI","2841"
"35436","LANGENHARJO","2709"
"35437","LANGENHARJO","2586"
"35438","LANGENHARJO","2695"
"35439","LANGENHARJO","2649"
"35440","LANGENREJO","2605"
"35441","LANGENSARI","2981"
"35442","LANGENSARI","2722"
"35443","LANGGAR","2728"
"35444","LANGGAR","2892"
"35445","LANGGARDALEM","2839"
"35446","LANGGEN","2908"
"35447","LANGGENG","2691"
"35448","LANGGENHARJO","2994"
"35449","LANGGONGSARI","2850"
"35450","LANGKAP","2578"
"35451","LANGKAP","2597"
"35452","LANGKAP","2567"
"35453","LANGKIR","2832"
"35454","LANGON","3064"
"35455","LANGSE","2765"
"35456","LANGSE","2649"
"35457","LANJAN","3005"
"35458","LANJARAN","3048"
"35459","LANJI","2763"
"35460","LARANGAN KULON","2607"
"35461","LARANGAN LOR","3081"
"35462","LARANGAN LUWOK","2788"
"35463","LARANGAN","3128"
"35464","LARANGAN","2616"
"35465","LARANGAN","2868"
"35466","LARANGAN","2610"
"35467","LAREN","2578"
"35468","LARIKAN","2938"
"35469","LARIKREJO","2916"
"35470","LATAK","2608"
"35471","LAU","3036"
"35472","LAWANGAJI","2666"
"35473","LAWANGREJO","2782"
"35474","LAWATAN","2723"
"35475","LAWEN","2878"
"35476","LAWEYAN","3006"
"35477","LAWU","2835"
"35478","LAYANSARI","3002"
"35479","LEBAK GOAH","2679"
"35480","LEBAK","2726"
"35481","LEBAK","2681"
"35482","LEBAK","3098"
"35483","LEBAK","2899"
"35484","LEBAK","2996"
"35485","LEBAK","2711"
"35486","LEBAKBARANG","2800"
"35487","LEBAKSIU KIDUL","2679"
"35488","LEBAKSIU LOR","2679"
"35489","LEBAKWANGI","2614"
"35490","LEBAKWANGI","3076"
"35491","LEBAN","2776"
"35492","LEBENG","2784"
"35493","LEBENGJUMUK","3098"
"35494","LEBETENG","2978"
"35495","LEBO","3108"
"35496","LEBO","2797"
"35497","LEBOSARI","3084"
"35498","LEBUAWU","3091"
"35499","LEDOK","3032"
"35500","LEDOK","2929"
"35501","LEDOK","2870"
"35502","LEDOKDAWAN","2621"
"35503","LEDUG","2806"
"35504","LEGETAN","2903"
"35505","LEGOK CLILE","2640"
"35506","LEGOK GUNUNG","3077"
"35507","LEGOK KALONG","2778"
"35508","LEGOK","2750"
"35509","LEGOKSARI","2691"
"35510","LEGOKSAYEM","2700"
"35511","LEKSANA","2593"
"35512","LEKSONO","2918"
"35513","LEMAH ABANG","2938"
"35514","LEMAH ABANG","3134"
"35515","LEMAHBANG","2664"
"35516","LEMAHBANG","2987"
"35517","LEMAHDUWUR","2584"
"35518","LEMAHDUWUR","2774"
"35519","LEMAHIRENG","2622"
"35520","LEMAHIRENG","2866"
"35521","LEMAHIRENG","2879"
"35522","LEMAHJAYA","3110"
"35523","LEMAHPUTIH","3115"
"35524","LEMAHPUTIH","2952"
"35525","LEMBAHSARI","2614"
"35526","LEMBARAWA","2770"
"35527","LEMBERANG","2773"
"35528","LEMBU","2714"
"35529","LEMBUPURWO","3132"
"35530","LEMPONG","2609"
"35531","LEMPONGSARI","2889"
"35532","LEMPUYANG","2809"
"35533","LEMPUYANG","2967"
"35534","LENCOH","3122"
"35535","LENGGERONG","2787"
"35536","LENGKING","2991"
"35537","LENGKONG","2858"
"35538","LENGKONG","2852"
"35539","LENGKONG","3081"
"35540","LENGKONG","2575"
"35541","LENGKONG","3075"
"35542","LERAN","2892"
"35543","LEREP","2722"
"35544","LEREPKEBUMEN","2933"
"35545","LESANPURO","2704"
"35546","LESES","2842"
"35547","LESMANA","2587"
"35548","LETEH","3085"
"35549","LEYANGAN","2959"
"35550","LEYANGAN","2883"
"35551","LIMBANGAN KULON","2770"
"35552","LIMBANGAN WETAN","2770"
"35553","LIMBANGAN","2903"
"35554","LIMBANGAN","2778"
"35555","LIMBANGAN","3043"
"35556","LIMBANGAN","3022"
"35557","LIMBANGAN","3104"
"35558","LIMBANGAN","2638"
"35559","LIMBANGAN","2805"
"35560","LIMBANGAN","2599"
"35561","LIMBANGAN","2571"
"35562","LIMBANGAN","2819"
"35563","LIMBASARI","2789"
"35564","LIMPAKUWUS","2786"
"35565","LIMPUNG","2600"
"35566","LINGGAPURA","3078"
"35567","LINGGASARI","2806"
"35568","LINGGASARI","3110"
"35569","LINGGOASRI","2979"
"35570","LIPURSARI","2918"
"35571","LOANO","2816"
"35572","LOBANG","2807"
"35573","LODAN KULON","2639"
"35574","LODAN WETAN","2639"
"35575","LODAYA","2772"
"35576","LODOYONG","2834"
"35577","LOGANDENG","3124"
"35578","LOGANDU","2925"
"35579","LOGEDE","2813"
"35580","LOGEDE","2581"
"35581","LOGEDE","2953"
"35582","LOGUNG","2953"
"35583","LOIRENG","2794"
"35584","LOLONG","2778"
"35585","LOMANIS","3070"
"35586","LOMENENG","2869"
"35587","LONGKEYANG","2632"
"35588","LONING","2871"
"35589","LONING","2992"
"35590","LOPAIT","3024"
"35591","LORAM KULON","3096"
"35592","LORAM WETAN","3096"
"35593","LOROG","3053"
"35594","LOSARI KIDUL","2638"
"35595","LOSARI LOR","2638"
"35596","LOSARI","2601"
"35597","LOSARI","2681"
"35598","LOSARI","2828"
"35599","LOSARI","2785"
"35600","LOSARI","2801"
"35601","LOSARI","3005"
"35602","LOSARI","2691"
"35603","LOWA","2598"
"35604","LOWUNGU","2788"
"35605","LUBANG DUKUH","2605"
"35606","LUBANG INDANGAN","2605"
"35607","LUBANG KIDUL","2605"
"35608","LUBANG LOR","2605"
"35609","LUBANG SAMPANG","2605"
"35610","LUGOSOBO","2896"
"35611","LUGU","2605"
"35612","LUGUREJO","2605"
"35613","LUMAJANG","2819"
"35614","LUMANSARI","3041"
"35615","LUMBIR","2920"
"35616","LUMBU","2630"
"35617","LUMBUNG KEREP","2907"
"35618","LUMBUNGMAS","2949"
"35619","LUMINGSER","2584"
"35620","LUMPANG","2780"
"35621","LUNDO","2618"
"35622","LUNDONG","2630"
"35623","LUNGGE","2833"
"35624","LURAGUNG","2947"
"35625","LUWANG","2940"
"35626","LUWANG","2894"
"35627","LUWENG KIDUL","2935"
"35628","LUWENG LOR","2935"
"35629","LUWIJAWA","2614"
"35630","LUWUNG GEDE","3134"
"35631","LUWUNG","2705"
"35632","LUWUNG","2575"
"35633","LUWUNGBATA","3134"
"35634","LUWUNGGEDE","3128"
"35635","LUWUNGRAGI","2759"
"35636","MACANAN","2592"
"35637","MADE","3003"
"35638","MADEGONDO","2709"
"35639","MADIOCONDRO","3025"
"35640","MADU","2970"
"35641","MADUGONDO","2704"
"35642","MADUGOWONGJATI","2807"
"35643","MADUKARA","2805"
"35644","MADUKORO","2704"
"35645","MADURA","2571"
"35646","MADUREJO","2617"
"35647","MADURESO","2774"
"35648","MADURESO","2833"
"35649","MADURETNO","2595"
"35650","MADURETNO","2576"
"35651","MADURETNO","2968"
"35652","MADUSARI","3025"
"35653","MADUSARI","2571"
"35654","MADYOGONDO","2745"
"35655","MAGELANG","3018"
"35656","MAGELUNG","3068"
"35657","MAGERSARI","3125"
"35658","MAGERSARI","2745"
"35659","MAGERSARI","2763"
"35660","MAGERSARI","3085"
"35661","MAGUAN","2627"
"35662","MAITAN","2610"
"35663","MAJAKERTA","2948"
"35664","MAJAKSINGI","2923"
"35665","MAJALANGU","2948"
"35666","MAJALENGKA","2727"
"35667","MAJAPURA","2789"
"35668","MAJASARI","2661"
"35669","MAJASARI","2616"
"35670","MAJASEM","2673"
"35671","MAJASTO","3053"
"35672","MAJATENGAH","2781"
"35673","MAJATENGAH","2623"
"35674","MAJATENGAH","2673"
"35675","MAJEGAN","2882"
"35676","MAJENANG","2685"
"35677","MAJINGKLAK","2571"
"35678","MAJIR","2732"
"35679","MAKAM","2801"
"35680","MAKAMHAJI","3106"
"35681","MALABAR","2571"
"35682","MALAHAYU","2747"
"35683","MALANG","2624"
"35684","MALANGAN","2991"
"35685","MALANGAN","2882"
"35686","MALANGGATEN","2592"
"35687","MALANGJIWAN","2855"
"35688","MALANGJIWAN","2846"
"35689","MALANGREJO","2659"
"35690","MALANGSARI","2799"
"35691","MALEBO","2683"
"35692","MAMBAK","2996"
"35693","MANAHAN","2815"
"35694","MANANG","2709"
"35695","MANCASAN","2671"
"35696","MANDALA","2802"
"35697","MANDAN","2798"
"35698","MANDING","2833"
"35699","MANDIRAJA KULON","2796"
"35700","MANDIRAJA WETAN","2796"
"35701","MANDIRAJA","2821"
"35702","MANDIRANCAN","2579"
"35703","MANDISARI","2657"
"35704","MANDONG","2914"
"35705","MANDUNG","2642"
"35706","MANDURAGA","2633"
"35707","MANGGAR","2892"
"35708","MANGGARMAS","2608"
"35709","MANGGARWETAN","2608"
"35710","MANGGIHAN","2853"
"35711","MANGGIS","2719"
"35712","MANGGIS","2918"
"35713","MANGGIS","2970"
"35714","MANGGIS","2861"
"35715","MANGGONG","2792"
"35716","MANGGUNG","3069"
"35717","MANGGUNGMANGU","2897"
"35718","MANGGUNGSARI","3009"
"35719","MANGIN","3033"
"35720","MANGKANG KULON","3121"
"35721","MANGKANG WETAN","3121"
"35722","MANGKUBUMEN","2815"
"35723","MANGKUKUSUMAN","3138"
"35724","MANGLI","2576"
"35725","MANGLI","2774"
"35726","MANGLI","2772"
"35727","MANGUNAN LOR","2626"
"35728","MANGUNAN","3064"
"35729","MANGUNEGARA","2926"
"35730","MANGUNHARJO","2569"
"35731","MANGUNHARJO","2687"
"35732","MANGUNHARJO","2573"
"35733","MANGUNHARJO","3001"
"35734","MANGUNHARJO","3121"
"35735","MANGUNJAYAN","2605"
"35736","MANGUNJIWAN","2754"
"35737","MANGUNLEGI","2858"
"35738","MANGUNRANAN","3132"
"35739","MANGUNREJO","2704"
"35740","MANGUNREJO","2968"
"35741","MANGUNREJO","2626"
"35742","MANGUNREJO","3113"
"35743","MANGUNREJO","2827"
"35744","MANGUNREKSO","2610"
"35745","MANGUNSAREN","2978"
"35746","MANGUNSARI","3038"
"35747","MANGUNSARI","2792"
"35748","MANGUNSARI","2826"
"35749","MANGUNSARI","3073"
"35750","MANGUNSARI","3029"
"35751","MANGUNSARI","2693"
"35752","MANGUNSOKO","2818"
"35753","MANGUNWENI","2615"
"35754","MANISHARJO","2895"
"35755","MANJANG","2618"
"35756","MANJUNG","3019"
"35757","MANJUNG","2898"
"35758","MANJUNG","3004"
"35759","MANJUNGAN","3019"
"35760","MANTINGAN TENGAH","3011"
"35761","MANTINGAN","2990"
"35762","MANTINGAN","2618"
"35763","MANTINGAN","2857"
"35764","MANTINGAN","3064"
"35765","MANTRIANOM","2727"
"35766","MANYARAN","2753"
"35767","MANYARAN","2956"
"35768","MANYAREJO","3027"
"35769","MANYARGADING","2665"
"35770","MAOS KIDUL","3100"
"35771","MAOS LOR","3100"
"35772","MARGA AYU","3054"
"35773","MARGADANA","3017"
"35774","MARGAMULYA","3074"
"35775","MARGAPADANG","2978"
"35776","MARGASANA (MERGASANA)","2567"
"35777","MARGASANA","2580"
"35778","MARGASARI","3054"
"35779","MARGASARI","3111"
"35780","MARGOHAYU","2972"
"35781","MARGOLELO","2683"
"35782","MARGOLINDUK","2922"
"35783","MARGOMULYO","2586"
"35784","MARGOMULYO","3062"
"35785","MARGOMULYO","2894"
"35786","MARGOREJO","2966"
"35787","MARGOREJO","3036"
"35788","MARGOREJO","2649"
"35789","MARGOREJO","2757"
"35790","MARGOSARI","3104"
"35791","MARGOSARI","2763"
"35792","MARGOSONO","2807"
"35793","MARGOTUHU KIDUL","2994"
"35794","MARGOYOSO","2665"
"35795","MARGOYOSO","2994"
"35796","MARGOYOSO","2779"
"35797","MARIBAYA","2780"
"35798","MARIBAYA","2637"
"35799","MARON","3081"
"35800","MARON","2816"
"35801","MARONGSARI","2822"
"35802","MASARAN","2727"
"35803","MASARAN","3061"
"35804","MASIN","2797"
"35805","MATENGGENG","2927"
"35806","MATESIH","3060"
"35807","MAYAHAN","3101"
"35808","MAYANG","2940"
"35809","MAYANGAN","2906"
"35810","MAYONG KIDUL","2733"
"35811","MAYONG LOR","2733"
"35812","MAYUNG SARI","2903"
"35813","MAYUNGAN","3019"
"35814","MEDALEM","3097"
"35815","MEDANI","2934"
"35816","MEDANI","3029"
"35817","MEDARI","2792"
"35818","MEDAYU","2876"
"35819","MEDAYU","3110"
"35820","MEDAYU","2948"
"35821","MEDINI","2790"
"35822","MEDINI","2916"
"35823","MEDONO","2903"
"35824","MEDONO","2776"
"35825","MEDONO","2899"
"35826","MEDONO","2890"
"35827","MEGAL","2702"
"35828","MEGAWON","3096"
"35829","MEGER","3037"
"35830","MEGERI","3097"
"35831","MEGONTEN","2626"
"35832","MEGULUNG KIDUL","2935"
"35833","MEGULUNG LOR","2935"
"35834","MEGULUNG","2953"
"35835","MEJAGONG","2772"
"35836","MEJASEM BARAT","2637"
"35837","MEJASEM TIMUR","2637"
"35838","MEJASEM","2930"
"35839","MEJING","2848"
"35840","MEJOBO","3102"
"35841","MEKARSARI","3031"
"35842","MEKARSARI","2630"
"35843","MELES","2569"
"35844","MELIKAN","2928"
"35845","MELUNG","2845"
"35846","MENAWAN","2919"
"35847","MENAWAN","3120"
"35848","MENAYU","2570"
"35849","MENCON","2949"
"35850","MENDAK","2707"
"35851","MENDALA","2977"
"35852","MENDALA","2861"
"35853","MENDELEM","2646"
"35854","MENDEN","2846"
"35855","MENDENREJO","3097"
"35856","MENDIRO","2624"
"35857","MENDOLO","2800"
"35858","MENDONGAN","3005"
"35859","MENDURAN","3115"
"35860","MENDUT","2596"
"35861","MENGANTI","2986"
"35862","MENGANTI","2997"
"35863","MENGANTI","2785"
"35864","MENGANTI","3049"
"35865","MENGGORO","2713"
"35866","MENGKOWO","2568"
"35867","MENGORI","2782"
"35868","MENGUNENG","2797"
"35869","MENJANGAN","2640"
"35870","MENJANGAN","2573"
"35871","MENJER","3081"
"35872","MENJING","2609"
"35873","MENOREH","2779"
"35874","MENORO","2952"
"35875","MENTASAN","2636"
"35876","MENTO","2809"
"35877","MENTOSARI","3108"
"35878","MENUR","2744"
"35879","MENURAN","2671"
"35880","MERAK","2690"
"35881","MERBUH","2823"
"35882","MERBUNG","3057"
"35883","MERDEN","2694"
"35884","MERDEN","3055"
"35885","MERENG","3044"
"35886","MERGAWATI","2625"
"35887","MERGOLANGU","3065"
"35888","MERGOSARI","3082"
"35889","MERGOSONO","2582"
"35890","MERGOWATI","2740"
"35891","MERI","3022"
"35892","MERNEK","3100"
"35893","MERNUNG","2699"
"35894","MERSI","2612"
"35895","MERTAN","2895"
"35896","MERTASARI","3055"
"35897","MERTASINGA","3109"
"35898","MERTOYUDAN","2783"
"35899","MESOYI","2795"
"35900","METARAMAN","2649"
"35901","METAWANA","2616"
"35902","METENGGENG","2768"
"35903","METESEH","2627"
"35904","METESEH","3001"
"35905","METESIH","2776"
"35906","METUK","2970"
"35907","MEWEK","2633"
"35908","MIJEN","2669"
"35909","MIJEN","2626"
"35910","MIJEN","2675"
"35911","MIJEN","2984"
"35912","MINDAHAN KIDUL","2810"
"35913","MINDAHAN","2810"
"35914","MINDAKA","2978"
"35915","MINGGARHARJO","2684"
"35916","MINTARAGEN","3138"
"35917","MINTOBASUKI","2641"
"35918","MINTOMULYO","2586"
"35919","MINTORAHAYU","2942"
"35920","MIPIRAN","2954"
"35921","MIRENG","2914"
"35922","MIRI","2987"
"35923","MIRICINDE","2668"
"35924","MIRIT","3132"
"35925","MIRITPETIKUSAN","3132"
"35926","MIROTO","2761"
"35927","MLAGEN","2702"
"35928","MLALE","2830"
"35929","MLANDI","3081"
"35930","MLANGSEN","2606"
"35931","MLARAN","2896"
"35932","MLATEN","2675"
"35933","MLATI KIDUL","2839"
"35934","MLATI LOR","2839"
"35935","MLATI NOROWITO","2839"
"35936","MLATIBARU","2985"
"35937","MLATIHARJO","2790"
"35938","MLATIHARJO","3052"
"35939","MLATIHARJO","2985"
"35940","MLATIREJO","2990"
"35941","MLAWAT","2702"
"35942","MLAYA","2647"
"35943","MLAYANG","2861"
"35944","MLEKANG","2790"
"35945","MLESE","2676"
"35946","MLESE","3037"
"35947","MLESE","2856"
"35948","MLILIR","2738"
"35949","MLILIR","2854"
"35950","MLIPAK","2961"
"35951","MLIWIS","2672"
"35952","MLOKOMANISKULON","3086"
"35953","MLOKOMANISWETAN","3086"
"35954","MLOPOHARJO","3094"
"35955","MLOWOKARANGTALUN","3113"
"35956","MLUWEH","2883"
"35957","MOGA","2821"
"35958","MOJAYAN","2838"
"35959","MOJO","2604"
"35960","MOJO","2934"
"35961","MOJO","3030"
"35962","MOJO","2599"
"35963","MOJOAGUNG","3033"
"35964","MOJOAGUNG","2897"
"35965","MOJOAGUNG","2949"
"35966","MOJOAGUNG","2620"
"35967","MOJODEMAK","2967"
"35968","MOJODOYONG","2900"
"35969","MOJOGEDANG","3013"
"35970","MOJOKERTO","2900"
"35971","MOJOKERTO","2697"
"35972","MOJOLAMPIR","2618"
"35973","MOJOLAWARAN","2641"
"35974","MOJOLEGI","2756"
"35975","MOJOLUHUR","2618"
"35976","MOJOMULYO","2610"
"35977","MOJOPURA","2964"
"35978","MOJOPURA","3094"
"35979","MOJOPURO","3039"
"35980","MOJOREBO","3059"
"35981","MOJOREJO","2895"
"35982","MOJOREJO","3112"
"35983","MOJOREMBUN","2627"
"35984","MOJOREMBUN","3097"
"35985","MOJORENO","3117"
"35986","MOJOROTO","3013"
"35987","MOJOSARI","2692"
"35988","MOJOSARI","2753"
"35989","MOJOSARI","2607"
"35990","MOJOSARI","2952"
"35991","MOJOSIMO","2790"
"35992","MOJOSONGO","3079"
"35993","MOJOSONGO","2970"
"35994","MOJOTENGAH","2740"
"35995","MOJOTENGAH","2572"
"35996","MOJOWARNO","2627"
"35997","MOJOWETAN","2643"
"35998","MOKAHA","2614"
"35999","MONDORETNO","2799"
"36000","MONDOTEKO","3085"
