"id","nama_desa","kecamatan_id"
"18001","LUBUK DENDAN","1246"
"18002","LUBUK DURIAN","1300"
"18003","LUBUK EMPELAS","1242"
"18004","LUBUK GELANGGANG","1273"
"18005","LUBUK HARA","1294"
"18006","LUBUK HARJO","1331"
"18007","LUBUK HARJO","1303"
"18008","LUBUK KARET","1354"
"18009","LUBUK KELIAT","1352"
"18010","LUBUK KELUMPANG","1420"
"18011","LUBUK KEMANG","1423"
"18012","LUBUK KEMILING","1340"
"18013","LUBUK KEPAYANG","1400"
"18014","LUBUK KETEPENG","1232"
"18015","LUBUK KUMBANG / KUMBUNG","1356"
"18016","LUBUK KUPANG","1234"
"18017","LUBUK KUTA","1279"
"18018","LUBUK LANCANG","1249"
"18019","LUBUK LAYANG ILIR","1279"
"18020","LUBUK LAYANG ULU","1279"
"18021","LUBUK LAYANG","1290"
"18022","LUBUK LEBAN","1296"
"18023","LUBUK LIKU","1367"
"18024","LUBUK LINGGAU ILIR","1299"
"18025","LUBUK LINGGAU ULU","1299"
"18026","LUBUK LUNGKANG","1317"
"18027","LUBUK MABAR","1329"
"18028","LUBUK MAKMUR","1425"
"18029","LUBUK MAS","1423"
"18030","LUBUK MUDA","1341"
"18031","LUBUK MUMPO","1310"
"18032","LUBUK NAMBULAN","1279"
"18033","LUBUK NGIN BARU","1325"
"18034","LUBUK NGIN","1325"
"18035","LUBUK NIPIS","1332"
"18036","LUBUK PANDAN","1261"
"18037","LUBUK PAUH","1306"
"18038","LUBUK PEDARO / PEDARU","1398"
"18039","LUBUK PUDING BARU","1236"
"18040","LUBUK PUDING LAMA","1236"
"18041","LUBUK RAMAN","1227"
"18042","LUBUK RENGAS","1422"
"18043","LUBUK RUKAM","1413"
"18044","LUBUK RUKAM","1340"
"18045","LUBUK RUMBAI BARU","1323"
"18046","LUBUK RUMBAI","1323"
"18047","LUBUK RUMBAI","1225"
"18048","LUBUK SAKTI","1404"
"18049","LUBUK SAUNG","1396"
"18050","LUBUK SAUNG / SAWUNG","1271"
"18051","LUBUK SEBERUK","1425"
"18052","LUBUK SEGONANG","1413"
"18053","LUBUK SEKETI","1278"
"18054","LUBUK SELO","1427"
"18055","LUBUK SEPANG","1290"
"18056","LUBUK SEPANG","1409"
"18057","LUBUK TABUN","1345"
"18058","LUBUK TAMPANG","1279"
"18059","LUBUK TAMPUI","1416"
"18060","LUBUK TANJUNG","1300"
"18061","LUBUK TANJUNG","1324"
"18062","LUBUK TAPANG","1282"
"18063","LUBUK TUA","1341"
"18064","LUBUK TUBA","1329"
"18065","LUBUK TUNGGAL","1346"
"18066","LUBUK TUPAK","1348"
"18067","LUBUK ULAK","1324"
"18068","LUMPATAN DUA (2)","1285"
"18069","LUMPATAN","1285"
"18070","LUNAS JAYA","1366"
"18071","LUNGGAIAN","1251"
"18072","MACANG MANIS","1380"
"18073","MACANG SAKTI","1221"
"18074","MADANG / MEDANG","1406"
"18075","MADU GONDO","1264"
"18076","MADURA","1367"
"18077","MADYA MULYA","1218"
"18078","MAINAN","1424"
"18079","MAJAPAHIT","1239"
"18080","MAJAR","1313"
"18081","MAJASARI","1428"
"18082","MAJATRA","1316"
"18083","MAJU JAYA","1372"
"18084","MAJURIA","1408"
"18085","MAKARTI JAYA","1390"
"18086","MAKARTI JAYA","1340"
"18087","MAKARTI MULYA","1410"
"18088","MAKARTI TAMA","1340"
"18089","MAKARTITAMA","1289"
"18090","MAMBANG","1341"
"18091","MANA RESMI","1240"
"18092","MANDALA SARI","1218"
"18093","MANDI ANGIN","1319"
"18094","MANDI ANGIN","1226"
"18095","MANDI AUR","1341"
"18096","MANDIANGIN","1268"
"18097","MANGAN JAYA","1341"
"18098","MANGGA BESAR","1257"
"18099","MANGGAR RAYA","1312"
"18100","MANGGARIS (MENGGERIS)","1304"
"18101","MANGGILANG","1290"
"18102","MANGGUL","1289"
"18103","MANGKUNEGARA","1231"
"18104","MANGSANG","1331"
"18105","MANGUN HARJO","1311"
"18106","MANGUN JAYA","1280"
"18107","MANGUN JAYA","1260"
"18108","MANGUN JAYA","1276"
"18109","MANGUN SARI","1271"
"18110","MANUNGGAL JAYA","1227"
"18111","MANUNGGAL MAKMUR","1227"
"18112","MARDIHARJO","1311"
"18113","MAREGA RUKUN (MARGO / MARGA RUKUN)","1265"
"18114","MARGA BAKTI (MARGO BHAKTI)","1410"
"18115","MARGA BAKTI","1336"
"18116","MARGA BAKTI","1418"
"18117","MARGA BARU","1261"
"18118","MARGA CINTA","1303"
"18119","MARGA MULIA","1279"
"18120","MARGA MULIA","1237"
"18121","MARGA MULYA","1393"
"18122","MARGA MULYA","1418"
"18123","MARGA PUSPITA","1378"
"18124","MARGA RAHAYU","1393"
"18125","MARGA RAHAYU","1429"
"18126","MARGA RAHAYU","1344"
"18127","MARGA REJO (MARGOREJO)","1336"
"18128","MARGA SAKTI","1341"
"18129","MARGA SUGIHAN","1230"
"18130","MARGA SUNGSANG","1408"
"18131","MARGA TANI","1292"
"18132","MARGATANI","1364"
"18133","MARGATUNGGAL","1364"
"18134","MARGO KOYO","1264"
"18135","MARGO MULYO 16","1265"
"18136","MARGO MULYO","1308"
"18137","MARGO MULYO","1314"
"18138","MARGO TANI","1288"
"18139","MARGODADI","1373"
"18140","MARGOMULYO 20","1230"
"18141","MARGOREJO","1373"
"18142","MARGOTANI II","1288"
"18143","MARGOYOSO","1364"
"18144","MARI BAYA","1395"
"18145","MARIANA ILIR","1383"
"18146","MARIANA","1383"
"18147","MARKISA","1251"
"18148","MARTA JAYA","1320"
"18149","MARTA PURA","1291"
"18150","MASAM BULAN","1345"
"18151","MASPURA","1318"
"18152","MATARAM JAYA","1287"
"18153","MATARAM","1392"
"18154","MATAS","1332"
"18155","MAUR BARU","1323"
"18156","MAUR LAMA","1323"
"18157","MAYAPATI","1372"
"18158","MEGANG SAKTI I","1378"
"18159","MEGANG SAKTI II","1378"
"18160","MEGANG SAKTI III","1378"
"18161","MEGANG SAKTI IV","1378"
"18162","MEGANG SAKTI V","1378"
"18163","MEGANG","1328"
"18164","MEHANGGIN","1322"
"18165","MEKAR JADI","1349"
"18166","MEKAR JAYA","1306"
"18167","MEKAR JAYA","1331"
"18168","MEKAR JAYA","1303"
"18169","MEKAR JAYA","1235"
"18170","MEKAR JAYA","1384"
"18171","MEKAR JAYA","1278"
"18172","MEKAR JAYA","1360"
"18173","MEKAR JAYA","1274"
"18174","MEKAR JAYA","1265"
"18175","MEKAR JAYA","1296"
"18176","MEKAR JAYA","1273"
"18177","MEKAR MUKTI","1429"
"18178","MEKAR SARI","1218"
"18179","MEKAR SARI","1341"
"18180","MEKAR SARI","1429"
"18181","MEKAR SARI","1316"
"18182","MEKAR SARI","1421"
"18183","MEKAR SARI","1296"
"18184","MEKAR WANGI","1410"
"18185","MEKARJAYA","1275"
"18186","MEKARJAYA","1302"
"18187","MEKARSARI","1408"
"18188","MEKARSARI","1384"
"18189","MEKARSARI","1378"
"18190","MEKARSARI","1334"
"18191","MEKARTI JAYA","1273"
"18192","MELATI AGUNG","1370"
"18193","MELATI JAYA","1370"
"18194","MELILIAN / MILILIAN","1355"
"18195","MELUAI INDAH","1377"
"18196","MENANG RAYA","1371"
"18197","MENANGA BESAR","1216"
"18198","MENANGA SARI","1216"
"18199","MENANGA TENGAH","1216"
"18200","MENANTI SELATAN","1394"
"18201","MENANTI","1394"
"18202","MENDAH","1368"
"18203","MENDALA","1340"
"18204","MENDAYUN","1217"
"18205","MENDINGIN","1338"
"18206","MENDIS JAYA","1331"
"18207","MENDIS","1331"
"18208","MENGKENANG","1246"
"18209","MENGULAK","1217"
"18210","MENTEN","1391"
"18211","MERAH MATA","1383"
"18212","MERANJAT I","1268"
"18213","MERANJAT II","1268"
"18214","MERANJAT III","1268"
"18215","MERANJAT ILIR","1268"
"18216","MERANTI","1249"
"18217","MERAPI","1400"
"18218","MERBAU","1251"
"18219","MERINDU","1241"
"18220","MERPANG","1223"
"18221","MESAT JAYA","1382"
"18222","MESAT SENI","1382"
"18223","MESUJI JAYA","1347"
"18224","METRO REJO","1305"
"18225","MIDAR","1355"
"18226","MIJI","1413"
"18227","MITRA KENCANA","1340"
"18228","MODONG","1388"
"18229","MODONG","1366"
"18230","MONENG SEPATI","1393"
"18231","MUARA ABAB","1422"
"18232","MUARA AMAN","1243"
"18233","MUARA BAHAR","1331"
"18234","MUARA BARU","1260"
"18235","MUARA BARU","1275"
"18236","MUARA BATANG EMPU","1356"
"18237","MUARA BATUN","1232"
"18238","MUARA BELITI BARU","1240"
"18239","MUARA BETUNG","1236"
"18240","MUARA BURNAI I","1425"
"18241","MUARA BURNAI II","1425"
"18242","MUARA CAWANG","1329"
"18243","MUARA CAWANG","1409"
"18244","MUARA CAWANG","1326"
"18245","MUARA DAMAI","1424"
"18246","MUARA DANAU","1279"
"18247","MUARA DANAU","1282"
"18248","MUARA DANAU","1283"
"18249","MUARA DANAU","1228"
"18250","MUARA DUA KISAM","1254"
"18251","MUARA DUA","1241"
"18252","MUARA DUA","1275"
"18253","MUARA DUA","1401"
"18254","MUARA DUA","1283"
"18255","MUARA EMBURUNG","1227"
"18256","MUARA EMIL","1332"
"18257","MUARA EMPAYANG","1279"
"18258","MUARA ENIM","1300"
"18259","MUARA ENIM","1242"
"18260","MUARA GELUMPAI","1298"
"18261","MUARA GULA BARU","1399"
"18262","MUARA GULA LAMA","1399"
"18263","MUARA GULA","1301"
"18264","MUARA HARAPAN","1242"
"18265","MUARA IKAN","1416"
"18266","MUARA JAUH","1298"
"18267","MUARA KALANGAN","1236"
"18268","MUARA KARANG","1290"
"18269","MUARA KATI BARU I","1321"
"18270","MUARA KATI BARU II","1321"
"18271","MUARA KATI LAMA","1321"
"18272","MUARA KELINGI","1341"
"18273","MUARA KUANG","1412"
"18274","MUARA KUIS","1407"
"18275","MUARA KULAM","1407"
"18276","MUARA KUMBANG","1413"
"18277","MUARA LAKITAN","1261"
"18278","MUARA LAWAI","1262"
"18279","MUARA LAWAI","1242"
"18280","MUARA LEMATANG","1388"
"18281","MUARA LINGSING","1318"
"18282","MUARA LINTANG BARU","1233"
"18283","MUARA LINTANG LAMA","1233"
"18284","MUARA MAUNG","1400"
"18285","MUARA MEDAK","1331"
"18286","MUARA MEGANG I","1378"
"18287","MUARA MEGANG","1378"
"18288","MUARA MEO","1332"
"18289","MUARA MERANG","1331"
"18290","MUARA NILAU","1325"
"18291","MUARA NIRU","1227"
"18292","MUARA PADANG","1230"
"18293","MUARA PAYANG","1220"
"18294","MUARA PAYANG","1298"
"18295","MUARA PENIMBUNG ILIR","1404"
"18296","MUARA PENIMBUNG ULU","1404"
"18297","MUARA PINANG BARU","1324"
"18298","MUARA PINANG LAMA","1324"
"18299","MUARA PUNJUNG","1280"
"18300","MUARA RENGAS","1261"
"18301","MUARA RUNGGA","1243"
"18302","MUARA RUPIT","1323"
"18303","MUARA SAEH","1348"
"18304","MUARA SALING","1420"
"18305","MUARA SEMAH","1324"
"18306","MUARA SIBAN","1219"
"18307","MUARA SIBAN","1409"
"18308","MUARA SINDANG ILIR","1430"
"18309","MUARA SINDANG TENGAH","1430"
"18310","MUARA SINDANG","1376"
"18311","MUARA SINDANG","1243"
"18312","MUARA SUGIH","1312"
"18313","MUARA SUNGAI","1374"
"18314","MUARA SUNGAI","1366"
"18315","MUARA SUNGSANG","1408"
"18316","MUARA TANDI","1319"
"18317","MUARA TELADAN","1285"
"18318","MUARA TELANG MARGA / MARGO","1414"
"18319","MUARA TELANG","1414"
"18320","MUARA TELANG","1343"
"18321","MUARA TEMIANG","1400"
"18322","MUARA TENANG","1327"
"18323","MUARA TIGA","1246"
"18324","MUARA TIKU","1356"
"18325","MUARA TIMBUK","1324"
"18326","MUARABARU","1238"
"18327","MUARABARU","1390"
"18328","MUARATAWI","1271"
"18329","MUDA SENTOSA","1256"
"18330","MUJO RAHAYU","1373"
"18331","MUKTI JAYA","1292"
"18332","MUKTI JAYA","1429"
"18333","MUKTI KARYA","1347"
"18334","MUKTI KARYA","1261"
"18335","MUKTI SARI","1425"
"18336","MUKUT","1316"
"18337","MULIA ABADI","1270"
"18338","MULIA JAYA","1370"
"18339","MULYA AGUNG","1396"
"18340","MULYA AGUNG","1218"
"18341","MULYA GUNA","1343"
"18342","MULYA JAYA","1218"
"18343","MULYA JAYA","1287"
"18344","MULYA JAYA","1362"
"18345","MULYA SARI","1431"
"18346","MULYA SARI","1312"
"18347","MULYO AGUNG","1256"
"18348","MULYO ASIH","1384"
"18349","MULYO HARJO","1306"
"18350","MULYO SARI","1378"
"18351","MULYOREJO (MULYA ASIH)","1349"
"18352","MUNCAK KABAU","1259"
"18353","MUNGGU","1412"
"18354","MUNTANG TAPUS","1402"
"18355","MUNTAR ALAM BARU","1301"
"18356","MUNTAR ALAM LAMA","1301"
"18357","NAGAR AGUNG","1333"
"18358","NAGASARI","1412"
"18359","NAIKAN TEMBAKANG","1372"
"18360","NANJUNGAN","1317"
"18361","NANJUNGAN","1262"
"18362","NANJUNGAN","1243"
"18363","NANJUNGAN","1290"
"18364","NANTAL","1289"
"18365","NANTIGIRI","1271"
"18366","NAPAL LICIN","1407"
"18367","NAPAL MELINTANG","1325"
"18368","NAPAL","1361"
"18369","NAWANGSARI","1392"
"18370","NEGERI AGUNG JAYA","1293"
"18371","NEGERI AGUNG","1293"
"18372","NEGERI AGUNG","1367"
"18373","NEGERI AGUNG","1294"
"18374","NEGERI AGUNG","1400"
"18375","NEGERI AGUNG","1237"
"18376","NEGERI BATIN BARU","1333"
"18377","NEGERI BATIN","1367"
"18378","NEGERI CAHYA","1367"
"18379","NEGERI KAYA","1345"
"18380","NEGERI PAKUAN","1293"
"18381","NEGERI RATU BARU","1330"
"18382","NEGERI RATU","1330"
"18383","NEGERI RATU","1294"
"18384","NEGERI SAKTI","1292"
"18385","NEGERI SAKTI","1377"
"18386","NEGERI SINDANG","1296"
"18387","NENDAGUNG","1350"
"18388","NGADIREJO","1392"
"18389","NGALAM BARU","1319"
"18390","NGANTI","1221"
"18391","NGESTIBOGA I","1364"
"18392","NGESTIBOGA II","1364"
"18393","NGULAK I","1221"
"18394","NGULAK II","1221"
"18395","NGULAK III","1221"
"18396","NGULAK","1221"
"18397","NGUNANG","1221"
"18398","NIBONG (NIBUNG)","1282"
"18399","NIKAN JAYA","1239"
"18400","NIKAN","1297"
"18401","NIRWANA","1370"
"18402","NIUR","1324"
"18403","NOMAN BARU","1323"
"18404","NOMAN","1323"
"18405","NUNGGAL SARI","1316"
"18406","NUSA AGUNG","1386"
"18407","NUSA BAKTI","1386"
"18408","NUSA BALI","1386"
"18409","NUSA JAYA","1386"
"18410","NUSA MAJU","1386"
"18411","NUSA MAKMUR","1238"
"18412","NUSA SERASAN","1349"
"18413","NUSA TENGGARA","1386"
"18414","NUSA TUNGGAL","1386"
"18415","NUSAKERTA","1292"
"18416","NUSANTARA","1292"
"18417","NUSARAYA","1386"
"18418","NYIUR SAYAK","1315"
"18419","OGAN BARU","1417"
"18420","PADANG BINDU","1353"
"18421","PADANG BINDU","1333"
"18422","PADANG BINDU","1317"
"18423","PADANG BINDU","1220"
"18424","PADANG BINDU","1246"
"18425","PADANG BINDU","1243"
"18426","PADANG BINDU","1233"
"18427","PADANG BINDU","1315"
"18428","PADANG BINDU","1332"
"18429","PADANG BURNAI","1324"
"18430","PADANG GELAI","1243"
"18431","PADANG GUMAY","1427"
"18432","PADANG LAY","1220"
"18433","PADANG LENGKUAS","1289"
"18434","PADANG MASAD / MASAT","1246"
"18435","PADANG PAGUN","1241"
"18436","PADANG PERIGI","1228"
"18437","PADANG RATU","1397"
"18438","PADANG REJO","1238"
"18439","PADANG SARI","1333"
"18440","PADANG TEMU","1379"
"18441","PADANG TEPONG","1236"
"18442","PADANG TITIRAN","1380"
"18443","PADANG","1398"
"18444","PADURAKSA","1279"
"18445","PADURAKSA","1291"
"18446","PADURAKSA","1281"
"18447","PADURAKSA","1332"
"18448","PAGAR AGUNG","1289"
"18449","PAGAR AGUNG","1329"
"18450","PAGAR AGUNG","1258"
"18451","PAGAR AGUNG","1237"
"18452","PAGAR AGUNG","1283"
"18453","PAGAR AGUNG","1345"
"18454","PAGAR ALAM","1255"
"18455","PAGAR ALAM","1241"
"18456","PAGAR ALAM","1290"
"18457","PAGAR AYU","1378"
"18458","PAGAR BATU","1409"
"18459","PAGAR BULAN","1422"
"18460","PAGAR DESA","1331"
"18461","PAGAR DEWA","1353"
"18462","PAGAR DEWA","1271"
"18463","PAGAR DEWA","1294"
"18464","PAGAR DEWA","1274"
"18465","PAGAR DEWA","1410"
"18466","PAGAR DEWA","1254"
"18467","PAGAR DEWA","1332"
"18468","PAGAR DEWA","1334"
"18469","PAGAR GUNUNG (PAGAR AGUNG)","1241"
"18470","PAGAR GUNUNG","1274"
"18471","PAGAR JATI","1353"
"18472","PAGAR JATI","1317"
"18473","PAGAR JATI","1282"
"18474","PAGAR JATI","1243"
"18475","PAGAR JATI","1332"
"18476","PAGAR JATI","1345"
"18477","PAGAR KAYA","1403"
"18478","PAGAR KAYA","1302"
"18479","PAGAR NEGARA","1289"
"18480","PAGAR RUYUNG","1301"
"18481","PAGAR SARI","1289"
"18482","PAGAR WANGI","1219"
"18483","PAGARDIN","1317"
"18484","PAGARSARI","1311"
"18485","PAHANG ASRI","1293"
"18486","PAHLAWAN","1211"
"18487","PAJAR BULAN","1220"
"18488","PAJAR BULAN","1294"
"18489","PAJAR BULAN","1246"
"18490","PAJAR BULAN","1215"
"18491","PAJAR BULAN","1263"
"18492","PAJAR BULAN","1345"
"18493","PAJAR MENANG","1324"
"18494","PAJAR TINGGI","1215"
"18495","PAJAR / FAJAR BULAN","1307"
"18496","PAKHDA SUKA","1397"
"18497","PAKU SENGKUNYIT","1359"
"18498","PAKU","1260"
"18499","PALAK TANAH","1327"
"18500","PALEM RAYA","1286"
"18501","PALU","1275"
"18502","PAMAH SALAK","1271"
"18503","PAMPANGAN","1304"
"18504","PANAI MAKMUR","1315"
"18505","PANAI","1221"
"18506","PANANG JAYA","1310"
"18507","PANCA DESA","1238"
"18508","PANCA MUKTI","1429"
"18509","PANCA MULYA","1238"
"18510","PANCA TUNGGAL BENAWA","1343"
"18511","PANCA TUNGGAL","1264"
"18512","PANCA TUNGGAL","1349"
"18513","PANCAMULYA","1344"
"18514","PANCAWARNA","1395"
"18515","PANCUR PUNGAH","1322"
"18516","PANCURMAS (UNIT JAYA)","1273"
"18517","PANDAN AGUNG","1288"
"18518","PANDAN ARANG ILIR","1228"
"18519","PANDAN ARANG ULU","1301"
"18520","PANDAN ARANG","1413"
"18521","PANDAN ARANG","1317"
"18522","PANDAN DULANG","1361"
"18523","PANDAN DULANG","1315"
"18524","PANDAN DULANG","1332"
"18525","PANDAN ENIM","1332"
"18526","PANDAN JAYA","1288"
"18527","PANDAN SARI I","1303"
"18528","PANDAN SARI III","1259"
"18529","PANDAN SARI","1314"
"18530","PANDAN","1366"
"18531","PANGANDONAN","1376"
"18532","PANGGAL PANGGAL","1315"
"18533","PANGKALAN BABAT","1227"
"18534","PANGKALAN BALAI","1396"
"18535","PANGKALAN BAYAT","1331"
"18536","PANGKALAN BENTENG","1224"
"18537","PANGKALAN BULIAN","1357"
"18538","PANGKALAN DAMAI","1292"
"18539","PANGKALAN GELEBAK","1391"
"18540","PANGKALAN LAMPAM","1245"
"18541","PANGKALAN PANJI","1396"
"18542","PANGKALAN SAKTI","1292"
"18543","PANGKALAN TARUM LAMA","1306"
"18544","PANGKALAN TUNGKAL","1314"
"18545","PANGKALAN","1423"
"18546","PANGKUL","1374"
"18547","PANTA DEWA","1342"
"18548","PANTAI","1323"
"18549","PANTAI","1276"
"18550","PANTI JAYA","1340"
"18551","PARIT","1286"
"18552","PARIT","1391"
"18553","PASAR BARU","1244"
"18554","PASAR BARU","1289"
"18555","PASAR BAWAH","1289"
"18556","PASAR I","1242"
"18557","PASAR II","1242"
"18558","PASAR III","1242"
"18559","PASAR LAMA","1244"
"18560","PASAR LAMA","1289"
"18561","PASAR MARTAPURA","1359"
"18562","PASAR MUARA BELITI","1240"
"18563","PASAR MUARADUA","1322"
"18564","PASAR PERMIRI","1299"
"18565","PASAR PRABUMULIH II","1257"
"18566","PASAR PRABUMULIH","1257"
"18567","PASAR SATLIT","1328"
"18568","PASAR SURULANGUN","1423"
"18569","PASAR TANJUNG ENIM","1389"
"18570","PASAR TANJUNG PADANG","1380"
"18571","PASAR TEBING TINGGI","1273"
"18572","PASENAN","1281"
"18573","PATIH GALUNG","1402"
"18574","PATRA TANI","1270"
"18575","PAUH I","1226"
"18576","PAUH","1226"
"18577","PAYA ANGUS","1388"
"18578","PAYA BESAR","1426"
"18579","PAYABAKAL","1355"
"18580","PAYAKABUNG","1286"
"18581","PAYALINGKUNG","1352"
"18582","PAYARAMAN BARAT","1426"
"18583","PAYARAMAN TIMUR","1426"
"18584","PAYO","1400"
"18585","PAYU PUTAT","1402"
"18586","PECAH PINGGAN","1385"
"18587","PEDAMARAN I","1371"
"18588","PEDAMARAN II","1371"
"18589","PEDAMARAN III","1371"
"18590","PEDAMARAN IV","1371"
"18591","PEDAMARAN V","1371"
"18592","PEDAMARAN VI","1371"
"18593","PEDANG (DUSUN PEDANG)","1240"
"18594","PEDATARAN","1355"
"18595","PEDATARAN","1338"
"18596","PEDU","1232"
"18597","PEGAYUT","1275"
"18598","PEKUOLAN","1313"
"18599","PELABUHAN DALAM","1275"
"18600","PELAJARAN","1271"
"18601","PELAJAU ILIR","1396"
"18602","PELAJAU","1396"
"18603","PELAJU","1391"
"18604","PELANG KENIDAI","1379"
"18605","PELANGKI","1322"
"18606","PELAWE","1306"
"18607","PELAWI","1313"
"18608","PELDAS","1422"
"18609","PELEMPANG","1394"
"18610","PELIMBANGAN","1381"
"18611","PELITA JAYA","1303"
"18612","PELITA JAYA","1300"
"18613","PELITA JAYA","1261"
"18614","PEMATANG BANGSAL","1372"
"18615","PEMATANG BINA TANI","1347"
"18616","PEMATANG BULURAN","1276"
"18617","PEMATANG BUNGUR","1372"
"18618","PEMATANG DANAU","1430"
"18619","PEMATANG JAYA","1347"
"18620","PEMATANG KIJANG","1232"
"18621","PEMATANG OBAR","1258"
"18622","PEMATANG PALAS","1383"
"18623","PEMATANG PANGGANG","1410"
"18624","PEMATANG SARI","1347"
"18625","PEMATANG SUKARAMAH","1347"
"18626","PEMATANG SUKATANI","1347"
"18627","PEMETUNG BASUKI","1293"
"18628","PEMULUTAN ILIR","1275"
"18629","PEMULUTAN ULU","1275"
"18630","PENANDINGAN","1246"
"18631","PENANDINGAN","1329"
"18632","PENANDINGAN","1422"
"18633","PENANDINGAN","1388"
"18634","PENANDINGAN","1345"
"18635","PENANGGIRAN","1310"
"18636","PENANGGOAN DUREN","1375"
"18637","PENANGGUNGAN","1223"
"18638","PENANTIAN","1248"
"18639","PENANTIAN","1271"
"18640","PENANTIAN","1278"
"18641","PENANTIAN","1254"
"18642","PENANTIAN","1241"
"18643","PENANTIAN","1243"
"18644","PENANTIAN","1296"
"18645","PENDAGAN","1322"
"18646","PENDINGAN","1261"
"18647","PENDOPO","1290"
"18648","PENDOWO HARJO","1390"
"18649","PENGABUAN TIMUR","1351"
"18650","PENGABUAN","1351"
"18651","PENGANDONAN","1305"
"18652","PENGANDONAN","1337"
"18653","PENGARAIAN","1365"
"18654","PENGARINGAN","1315"
"18655","PENGATURAN","1357"
"18656","PENGENTAAN","1246"
"18657","PENGESTU","1390"
"18658","PENGGAGE","1221"
"18659","PENILIKAN / MITRA OGAN","1340"
"18660","PENINDAIAN","1246"
"18661","PENINDAIAN","1283"
"18662","PENINGGALAN","1314"
"18663","PENINGGIRAN","1415"
"18664","PENINJAUAN","1333"
"18665","PENINJAUAN","1340"
"18666","PENJALANG","1272"
"18667","PENUGUAN","1316"
"18668","PENYANDINGAN","1404"
"18669","PENYANDINGAN","1254"
"18670","PENYANDINGAN","1283"
"18671","PENYANDINGAN","1276"
"18672","PENYANDINGAN","1296"
"18673","PENYANDINGAN","1432"
"18674","PENYANDINGAN","1332"
"18675","PENYANDINGAN","1343"
"18676","PENYANDINGAN","1375"
"18677","PERACAK JAYA","1368"
"18678","PERACAK","1330"
"18679","PERAJEN JAYA","1408"
"18680","PERAJEN","1383"
"18681","PERAMBAHAN BARU","1383"
"18682","PERAMBAHAN","1383"
"18683","PERAMBATAN","1351"
"18684","PERANGAI","1398"
"18685","PERAPAU","1283"
"18686","PERE\AN","1222"
"18687","PERIGI","1260"
"18688","PERIGI","1245"
"18689","PERIGI","1409"
"18690","PERJAYA","1359"
"18691","PERJITO","1310"
"18692","PERMATA BARU","1286"
"18693","PERUMNAS RAHMAH","1234"
"18694","PERUMPUNG RAYA","1218"
"18695","PERUPUS BLAMBANGAN","1333"
"18696","PETALING","1396"
"18697","PETALING","1387"
"18698","PETALING","1375"
"18699","PETANANG ILIR","1336"
"18700","PETANANG ULU","1336"
"18701","PETANANG","1252"
"18702","PETANGGAN","1431"
"18703","PETAR DALAM","1388"
"18704","PETIKAL BARU","1279"
"18705","PETIKAL LAMA","1279"
"18706","PETRANS JAYA","1341"
"18707","PETUNANG","1225"
"18708","PIAN JAYA","1261"
"18709","PILLA","1334"
"18710","PINANG BANJAR","1355"
"18711","PINANG BANJAR","1349"
"18712","PINANG BELARIK","1399"
"18713","PINANG INDAH","1363"
"18714","PINANG JAYA","1432"
"18715","PINANG MAS","1432"
"18716","PINGGAP","1357"
"18717","PIPA PUTIH","1275"
"18718","PIPA REJA","1211"
"18719","PISANG JAYA","1256"
"18720","PIUS","1376"
"18721","PLAJU DARAT","1284"
"18722","PLAJU ILIR","1284"
"18723","PLAJU ULU","1284"
"18724","PONOROGO","1328"
"18725","PRABU JAYA","1401"
"18726","PRABU MENANG","1274"
"18727","PRABU MENANG","1262"
"18728","PRABU / PERABU MENANG","1325"
"18729","PRABUMENANG","1416"
"18730","PRABUMULIH I","1261"
"18731","PRABUMULIH II","1261"
"18732","PRABUMULIH","1402"
"18733","PRAHU DIPO","1272"
"18734","PSR.BAYANGKARA","1342"
"18735","PUJORAHAYU","1335"
"18736","PULAI GADING","1331"
"18737","PULAU BERINGIN UTARA","1258"
"18738","PULAU BERINGIN","1317"
"18739","PULAU BERINGIN","1258"
"18740","PULAU BERUANG","1375"
"18741","PULAU BETUNG","1304"
"18742","PULAU BORANG","1383"
"18743","PULAU DUKU","1222"
"18744","PULAU GEMANTUNG","1365"
"18745","PULAU GERONGGANG","1395"
"18746","PULAU HARAPAN","1424"
"18747","PULAU KABAI","1286"
"18748","PULAU KEMANG","1236"
"18749","PULAU KEMILING","1376"
"18750","PULAU KEMUNING","1385"
"18751","PULAU KIDAK","1407"
"18752","PULAU LAYANG","1304"
"18753","PULAU LEBAR","1423"
"18754","PULAU MUNING","1424"
"18755","PULAU NEGARA","1293"
"18756","PULAU NEGARA","1269"
"18757","PULAU PANAS","1345"
"18758","PULAU PANGGUNG","1220"
"18759","PULAU PANGGUNG","1341"
"18760","PULAU PANGGUNG","1215"
"18761","PULAU PANGGUNG","1283"
"18762","PULAU PANGGUNG","1332"
"18763","PULAU PANGGUNG","1345"
"18764","PULAU PARANG","1391"
"18765","PULAU PINANG","1409"
"18766","PULAU RAJAK","1354"
"18767","PULAU SEMAMBU","1286"
"18768","PULAU","1215"
"18769","PULAUAN (PULAWAN)","1245"
"18770","PULO KERTO","1214"
"18771","PUNCAK KEMUNING","1328"
"18772","PUNTANG","1291"
"18773","PURBAMAS","1318"
"18774","PURNAJAYA","1286"
"18775","PURNAMASARI","1278"
"18776","PURUN","1231"
"18777","PURWA KARYA","1311"
"18778","PURWA RAJA","1279"
"18779","PURWO AGUNG (PURWA AGUNG)","1218"
"18780","PURWO ASRI","1425"
"18781","PURWO REJO","1278"
"18782","PURWODADI","1431"
"18783","PURWODADI","1364"
"18784","PURWODADI","1230"
"18785","PURWODADI","1316"
"18786","PURWODADI","1311"
"18787","PURWOREJO","1308"
"18788","PURWOSARI (PURWA SARI)","1400"
"18789","PURWOSARI","1308"
"18790","PURWOSARI","1387"
"18791","PURWOSARI","1390"
"18792","PURWOSARI","1424"
"18793","PURWOSARI","1312"
"18794","PUSAR","1229"
"18795","PUTAK","1355"
"18796","RAHMAH","1234"
"18797","RAJA BARAT","1366"
"18798","RAJA","1366"
"18799","RAJAJAYA","1231"
"18800","RAKSA BUDI","1306"
"18801","RAKSA JIWA","1315"
"18802","RAMAN JAYA","1308"
"18803","RAMBAI KACA","1403"
"18804","RAMBAI","1245"
"18805","RAMBANG SENULING","1411"
"18806","RAMBUTAN","1391"
"18807","RAMI PASAI","1353"
"18808","RANTAU ALAI","1421"
"18809","RANTAU ALEH (RANTAUALIH)","1282"
"18810","RANTAU ALIH","1309"
"18811","RANTAU BAYUR","1422"
"18812","RANTAU BINGIN","1321"
"18813","RANTAU DODOR","1233"
"18814","RANTAU DURIAN I","1425"
"18815","RANTAU DURIAN II","1425"
"18816","RANTAU HARAPAN","1422"
"18817","RANTAU JAYA","1303"
"18818","RANTAU JAYA","1356"
"18819","RANTAU KADAM","1266"
"18820","RANTAU KARYA","1292"
"18821","RANTAU KASAI","1282"
"18822","RANTAU KASIH","1361"
"18823","RANTAU KEROYA","1387"
"18824","RANTAU KUMPAI","1296"
"18825","RANTAU LURUS","1375"
"18826","RANTAU NIPIS","1248"
"18827","RANTAU PANJANG ILIR","1267"
"18828","RANTAU PANJANG ULU","1267"
"18829","RANTAU PANJANG","1313"
"18830","RANTAU PANJANG","1361"
"18831","RANTAU PANJANG","1340"
"18832","RANTAU SERIK / RESIK","1321"
"18833","RANTAU SIALANG","1412"
"18834","RANTAU SIALANG","1302"
"18835","RANTAU TELANG","1356"
"18836","RANTAU TENANG","1273"
"18837","RASUAN BARU","1288"
"18838","RASUAN DARAT","1217"
"18839","RASUAN","1217"
"18840","RAWA BANDA","1316"
"18841","RAWAJAYA","1275"
"18842","RAWANG BESAR","1276"
"18843","RAWASARI","1259"
"18844","RD PJKA BANDAR AGUNG","1289"
"18845","REBA TINGGI","1219"
"18846","REGAN AGUNG","1396"
"18847","REJO MULYO","1308"
"18848","REJODADI","1305"
"18849","REJODADI","1424"
"18850","REJOSARI JAYA","1264"
"18851","REJOSARI","1264"
"18852","REJOSARI","1431"
"18853","REJOSARI","1378"
"18854","REJOSARI","1265"
"18855","REJOSARI","1311"
"18856","REJOSARI","1302"
"18857","REKIMAI JAYA","1327"
"18858","REMANAM JAYA","1334"
"18859","REMANTAI","1380"
"18860","REMAYU","1225"
"18861","REMBAN","1423"
"18862","RENGAS ABANG","1292"
"18863","RENGAS I","1426"
"18864","RENGAS II","1426"
"18865","RENGAS PITU","1276"
"18866","RIANG BANDUNG ILIR","1288"
"18867","RIANG BANDUNG","1288"
"18868","RIDING","1245"
"18869","RIMAU SUNGSANG","1408"
"18870","RIMBA ALAI","1396"
"18871","RIMBA ASAM","1354"
"18872","RIMBA BALAI","1396"
"18873","RIMBA JAYA","1238"
"18874","RIMBA SAMAK","1245"
"18875","RIMBA SUJUD","1241"
"18876","RIMBA TERAB","1249"
"18877","RIMBAH UKUR","1285"
"18878","RINDU HATI","1427"
"18879","RINGIN AGUNG","1218"
"18880","RINGIN HARJO","1316"
"18881","RINGIN SARI","1386"
"18882","ROTAN MULYA","1287"
"18883","ROWODADI","1305"
"18884","RUKUN MAKMUR","1316"
"18885","RUKUN RAHAYU","1302"
"18886","RUOS","1313"
"18887","SABAH LIOH","1330"
"18888","SADAN","1271"
"18889","SADAR KARYA","1311"
"18890","SADAU JAYA","1385"
"18891","SADU","1306"
"18892","SAKA JAYA","1242"
"18893","SAKATIGA SEBERANG","1404"
"18894","SAKATIGA","1404"
"18895","SAKO BARU","1419"
"18896","SAKO","1391"
"18897","SAKO","1433"
"18898","SAKO / SUKO SUBAN","1357"
"18899","SALEH MAKMUR","1250"
"18900","SALEK / SALEH AGUNG (MAKMUR)","1250"
"18901","SALEK / SALEH JAYA","1250"
"18902","SALEK / SALEH MUKTI","1250"
"18903","SALEK / SALEH MULYA","1250"
"18904","SANDING MARGA","1421"
"18905","SANTANSARI","1424"
"18906","SANTAPAN BARAT","1413"
"18907","SANTAPAN TIMUR","1413"
"18908","SAPAPANJANG","1324"
"18909","SARANG BULAN","1290"
"18910","SARANGLANG","1269"
"18911","SARI AGUNG","1218"
"18912","SARI BUNGA MAS","1289"
"18913","SARI GUNA","1431"
"18914","SATAN INDAH JAYA","1240"
"18915","SAUD","1357"
"18916","SAUNG DADI","1293"
"18917","SAUNG NAGA","1229"
"18918","SAUNG NAGA","1333"
"18919","SAUNG NAGA","1278"
"18920","SAUNG NAGA","1340"
"18921","SAWAH DARAT","1241"
"18922","SAWAH","1324"
"18923","SAWAH","1420"
"18924","SEBAJA","1385"
"18925","SEBALIK","1312"
"18926","SEBAU","1355"
"18927","SEBOKOR","1238"
"18928","SEBUBUS","1238"
"18929","SECONDONG","1304"
"18930","SEDANG","1249"
"18931","SEDUPI","1366"
"18932","SEDYO MULYO","1287"
"18933","SEGAMIT","1263"
"18934","SEGARA KEMBANG","1294"
"18935","SEGAYAM","1355"
"18936","SEGAYAM","1372"
"18937","SEGIGOK RAYA","1334"
"18938","SEGURING KECIL","1273"
"18939","SEI LAIS","1358"
"18940","SEI PANGERAN","1209"
"18941","SEI SELAYUR","1358"
"18942","SEI SELINCAH","1358"
"18943","SEJAGUNG","1422"
"18944","SEJANGKO I","1267"
"18945","SEJANGKO II","1267"
"18946","SEJARO SAKTI","1404"
"18947","SEKIP JAYA","1211"
"18948","SELABUNG BELIMBING JAYA","1222"
"18949","SELANGIT","1325"
"18950","SELAWI","1289"
"18951","SELEMAN ILIR","1324"
"18952","SELEMAN ULU","1324"
"18953","SELEMAN","1315"
"18954","SELEMAN","1332"
"18955","SELIBAR","1255"
"18956","SEMANDING","1337"
"18957","SEMANGUS BARU","1261"
"18958","SEMANGUS","1261"
"18959","SEMANGUS","1342"
"18960","SEMBADAK","1275"
"18961","SEMBATU JAYA SPI","1306"
"18962","SEMETEH","1261"
"18963","SEMUNTUL","1422"
"18964","SENABING","1289"
"18965","SENALANG","1328"
"18966","SENAWAR JAYA","1331"
"18967","SENDA MUKTI (AIR SENDA II)","1316"
"18968","SENDAWAR","1279"
"18969","SENGKUANG","1262"
"18970","SENGKUANG","1246"
"18971","SENTOSA","1208"
"18972","SENTUL","1307"
"18973","SENU MARGA","1386"
"18974","SENURO BARAT","1307"
"18975","SENURO TIMUR","1307"
"18976","SEPANCAR LAWANG KULON","1244"
"18977","SEPANG","1304"
"18978","SERAKAT JAYA","1235"
"18979","SERAMBI","1271"
"18980","SERAPEK","1343"
"18981","SERASAN JAYA","1285"
"18982","SERATUS LAPAN","1277"
"18983","SERBAGUNA","1335"
"18984","SERDANG MENANG","1276"
"18985","SERDANG","1304"
"18986","SEREKA","1280"
"18987","SERI BANDUNG","1307"
"18988","SERI KEMBANG I","1426"
"18989","SERI KEMBANG II","1426"
"18990","SERI KEMBANG III","1426"
"18991","SERI KEMBANG","1412"
"18992","SERI MENANTI","1412"
"18993","SERI TANJUNG","1327"
"18994","SERI TANJUNG","1307"
"18995","SERI / SRI MENANTI","1312"
"18996","SERIBANDING (SERI BANDUNG)","1269"
"18997","SERIGENI BARU","1260"
"18998","SERIGENI LAMA","1260"
"18999","SERIGUNA","1343"
"19000","SERIJABO BARU","1432"
"19001","SERIJABO","1432"
"19002","SERIJAYA BARU","1292"
"19003","SERIMENANG","1304"
"19004","SERINANTI","1371"
"19005","SERITANJUNG","1365"
"19006","SERONGGO","1279"
"19007","SERUMPUN JAYA","1397"
"19008","SETERIO","1396"
"19009","SETIA JAYA","1302"
"19010","SETIA MARGA","1266"
"19011","SIALANG AGUNG","1247"
"19012","SIALANG","1433"
"19013","SIALINGAN","1252"
"19014","SIDANG MAS","1396"
"19015","SIDAREKSA","1260"
"19016","SIDO MAKMUR","1238"
"19017","SIDO MAKMUR","1335"
"19018","SIDO MAKMUR","1265"
"19019","SIDO MUKTI","1247"
"19020","SIDO MULYO","1261"
"19021","SIDO MULYO","1314"
"19022","SIDO RAHAYU","1335"
"19023","SIDO RAHAYU","1235"
"19024","SIDO REJO","1384"
"19025","SIDODADI","1248"
"19026","SIDODADI","1335"
"19027","SIDODADI","1235"
"19028","SIDODADI","1364"
"19029","SIDOGEDE","1335"
"19030","SIDOHARJO","1250"
"19031","SIDOHARJO","1392"
"19032","SIDOMAKMUR","1278"
"19033","SIDOMULYO 18","1230"
"19034","SIDOMULYO 20","1230"
"19035","SIDOMULYO","1238"
"19036","SIDOMULYO","1335"
"19037","SIDOMULYO","1310"
"19038","SIDOMULYO","1363"
"19039","SIDOMULYO","1344"
"19040","SIDORAHAYU","1247"
"19041","SIDOREJO","1264"
"19042","SIDOREJO","1299"
"19043","SIDOREJO","1230"
"19044","SIDOREJO","1350"
"19045","SIDOWALUYO","1431"
"19046","SIGAM","1355"
"19047","SIJU","1391"
"19048","SIKU","1227"
"19049","SILABERANTI","1207"
"19050","SIMPANG AGUNG","1369"
"19051","SIMPANG BAYAT","1331"
"19052","SIMPANG CAMPANG","1376"
"19053","SIMPANG EMPAT","1232"
"19054","SIMPANG EMPAT","1220"
"19055","SIMPANG EMPAT","1294"
"19056","SIMPANG GEGAS TEMUAN","1321"
"19057","SIMPANG HERAN","1292"
"19058","SIMPANG KARTA MULYA","1217"
"19059","SIMPANG LUAS","1385"
"19060","SIMPANG LUBUK DALAM","1254"
"19061","SIMPANG NIBUNG RAWAS","1423"
"19062","SIMPANG PANCUR","1258"
"19063","SIMPANG PELABUHAN DALAM","1275"
"19064","SIMPANG PERIGI","1236"
"19065","SIMPANG PRIUK","1393"
"19066","SIMPANG SAGA","1333"
"19067","SIMPANG SARI","1361"
"19068","SIMPANG SENDER SELATAN","1397"
"19069","SIMPANG SENDER TENGAH","1397"
"19070","SIMPANG SENDER TIMUR","1397"
"19071","SIMPANG SENDER UTARA","1397"
"19072","SIMPANG SENDER","1397"
"19073","SIMPANG TIGA JAYA","1375"
"19074","SIMPANG TIGA MAKMUR","1375"
"19075","SIMPANG TIGA POMO / PUMU","1326"
"19076","SIMPANG TIGA SAKTI","1375"
"19077","SIMPANG TIGA","1220"
"19078","SIMPANG TIGA","1375"
"19079","SIMPANG TUNGKAL","1314"
"19080","SIMPANGAN","1369"
"19081","SIMPUR","1427"
"19082","SINAR BALI","1386"
"19083","SINAR BARU","1235"
"19084","SINAR DANAU","1295"
"19085","SINAR DEWA","1342"
"19086","SINAR HARAPAN MULYA","1343"
"19087","SINAR HARAPAN","1314"
"19088","SINAR JAYA","1302"
"19089","SINAR KEDATON","1340"
"19090","SINAR MARGA","1222"
"19091","SINAR MULYO","1369"
"19092","SINAR NAPALAN","1235"
"19093","SINAR RAMBANG","1411"
"19094","SINAR TUNGKAL","1314"
"19095","SINDANG JAYA","1261"
"19096","SINDANG MARGA","1331"
"19097","SINDANG MARGA","1302"
"19098","SINDANG PANJANG","1345"
"19099","SINDANG SARI","1360"
"19100","SINDUR","1374"
"19101","SINGA LAGA","1220"
"19102","SINGAPURA","1278"
"19103","SINGAPURA","1301"
"19104","SINGAPURA","1315"
"19105","SINJAR BULAN","1427"
"19106","SIPATUHU II","1248"
"19107","SIPATUHU","1248"
"19108","SIPIN","1235"
"19109","SIRAH PULAU KILIP","1421"
"19110","SIRAH PULAU PADANG","1276"
"19111","SIRAH PULAU","1317"
"19112","SIRAH PULAU","1262"
"19113","SIRING AGUNG","1212"
"19114","SIRING AGUNG","1220"
"19115","SIRING AGUNG","1393"
"19116","SIRING AGUNG","1241"
"19117","SIRING AGUNG","1263"
"19118","SIRING ALAM","1339"
"19119","SIRING / SRING ALAM","1376"
"19120","SITI HARJO","1392"
"19121","SKONJING","1339"
"19122","SOAK BARU","1285"
"19123","SONGO MAKMUR","1316"
"19124","SOSOKAN","1407"
"19125","SP TIGA","1340"
"19126","SPANTAN JAYA (SEPANTAN)","1231"
"19127","SRI  /  SERI KEMBANG","1354"
"19128","SRI AGUNG","1408"
"19129","SRI BANDUNG","1396"
"19130","SRI BANTOLO","1308"
"19131","SRI BUDAYA","1431"
"19132","SRI BULAN","1259"
"19133","SRI BUNGA","1259"
"19134","SRI DADI (SARIDATI)","1256"
"19135","SRI GADING","1218"
"19136","SRI JAYA","1422"
"19137","SRI KARANG REJO","1218"
"19138","SRI KATON","1305"
"19139","SRI KENCANA","1288"
"19140","SRI MENANTI","1235"
"19141","SRI MENANTI","1222"
"19142","SRI MULYA (SRIMULYO)","1419"
"19143","SRI MULYA","1418"
"19144","SRI MULYO","1280"
"19145","SRI MULYO","1431"
"19146","SRI MULYO","1288"
"19147","SRI MULYO","1281"
"19148","SRI TANJUNG","1216"
"19149","SRI TIGA","1414"
"19150","SRIDALAM / SERI DALAM","1339"
"19151","SRIDAMAI","1384"
"19152","SRIGUNUNG","1349"
"19153","SRIJAYA MAKMUR","1362"
"19154","SRIJAYA","1253"
"19155","SRIJAYA","1308"
"19156","SRIKATON","1250"
"19157","SRIKATON","1392"
"19158","SRIMULYO","1250"
"19159","SRIMULYO","1314"
"19160","SRIWANGI ULU","1373"
"19161","SRIWANGI","1373"
"19162","SUAK / SOAK BATOK","1286"
"19163","SUBAN BARU","1394"
"19164","SUBAN JERIJI","1227"
"19165","SUBAN","1326"
"19166","SUBIK","1397"
"19167","SUDIMAMPIR","1404"
"19168","SUGI RAYA","1280"
"19169","SUGI WARAS","1273"
"19170","SUGIH WARAS","1248"
"19171","SUGIH WARAS","1431"
"19172","SUGIH WARAS","1333"
"19173","SUGIH WARAS","1319"
"19174","SUGIH WARAS","1265"
"19175","SUGIH WARAS","1237"
"19176","SUGIH WARAS","1309"
"19177","SUGIH WARAS","1332"
"19178","SUGIH WARAS","1343"
"19179","SUGIHAN","1254"
"19180","SUGIHAN","1237"
"19181","SUGIWARAS","1280"
"19182","SUKA BAKTI","1278"
"19183","SUKA BANGUN","1405"
"19184","SUKA BANJAR","1322"
"19185","SUKA BARU","1330"
"19186","SUKA CINTA","1400"
"19187","SUKA CINTA","1412"
"19188","SUKA CINTA","1388"
"19189","SUKA DAMAI","1297"
"19190","SUKA DAMAI","1247"
"19191","SUKA DAMAI","1342"
"19192","SUKA DAMAI","1312"
"19193","SUKA DAMAI","1314"
"19194","SUKA DANA","1324"
"19195","SUKA DANA","1388"
"19196","SUKA JADI","1388"
"19197","SUKA JAYA","1308"
"19198","SUKA JAYA","1355"
"19199","SUKA JAYA","1425"
"19200","SUKA KARYA","1344"
"19201","SUKA KAYA","1420"
"19202","SUKA LALI","1302"
"19203","SUKA MAJU (SUKAMUJU)","1421"
"19204","SUKA MAJU","1277"
"19205","SUKA MAJU","1305"
"19206","SUKA MAJU","1425"
"19207","SUKA MAJU","1388"
"19208","SUKA MAKMUR","1306"
"19209","SUKA MAKMUR","1319"
"19210","SUKA MAKMUR","1218"
"19211","SUKA MAKMUR","1247"
"19212","SUKA MAKMUR","1424"
"19213","SUKA MARGA","1400"
"19214","SUKA MENANG","1355"
"19215","SUKA MERINDU","1278"
"19216","SUKA MERINDU","1274"
"19217","SUKA MERINDU","1398"
"19218","SUKA MERINDU","1269"
"19219","SUKA MERINDU","1315"
"19220","SUKA MERINDU","1388"
"19221","SUKA MUKTI","1410"
"19222","SUKA MULIA","1286"
"19223","SUKA MULYA","1292"
"19224","SUKA MULYA","1396"
"19225","SUKA MULYA","1354"
"19226","SUKA MULYA","1419"
"19227","SUKA MULYA","1373"
"19228","SUKA NEGERI","1248"
"19229","SUKA NEGERI","1216"
"19230","SUKA PINDAH","1340"
"19231","SUKA PINDAH","1391"
"19232","SUKA PINDAH","1339"
"19233","SUKA PULIH","1371"
"19234","SUKA RAJA BARU","1396"
"19235","SUKA RAJA","1245"
"19236","SUKA RAJA","1332"
"19237","SUKA RAJA","1344"
"19238","SUKA SARI","1287"
"19239","SUKA TANI","1312"
"19240","SUKABUMI","1397"
"19241","SUKABUMI","1377"
"19242","SUKABUMI","1215"
"19243","SUKABUMI","1415"
"19244","SUKADAMAI BARU","1349"
"19245","SUKADAMAI","1245"
"19246","SUKADAMAI","1371"
"19247","SUKADANA","1260"
"19248","SUKADARMA","1232"
"19249","SUKAJADI BLAMBANGAN","1333"
"19250","SUKAJADI","1244"
"19251","SUKAJADI","1335"
"19252","SUKAJADI","1218"
"19253","SUKAJADI","1300"
"19254","SUKAJADI","1401"
"19255","SUKAJADI","1329"
"19256","SUKAJADI","1224"
"19257","SUKAJADI","1338"
"19258","SUKAJAYA","1331"
"19259","SUKAJAYA","1313"
"19260","SUKAJAYA","1247"
"19261","SUKAJAYA","1405"
"19262","SUKAJAYA","1406"
"19263","SUKAJAYA","1344"
"19264","SUKAJAYA","1334"
"19265","SUKAKARYA","1281"
"19266","SUKAMAJU","1248"
"19267","SUKAMAJU","1229"
"19268","SUKAMAJU","1247"
"19269","SUKAMAJU","1433"
"19270","SUKAMAJU","1406"
"19271","SUKAMAJU","1342"
"19272","SUKAMANA","1281"
"19273","SUKAMARGA","1397"
"19274","SUKAMARGA","1421"
"19275","SUKAMENANG","1356"
"19276","SUKAMERINDU","1281"
"19277","SUKAMERINDU","1403"
"19278","SUKAMORO","1224"
"19279","SUKAMULYA","1360"
"19280","SUKAMULYA","1406"
"19281","SUKAMULYA","1365"
"19282","SUKAMULYA","1225"
"19283","SUKAMULYA","1344"
"19284","SUKANANTI BARU","1421"
"19285","SUKANANTI","1271"
"19286","SUKANANTI","1254"
"19287","SUKANANTI","1246"
"19288","SUKANANTI","1346"
"19289","SUKANANTI","1421"
"19290","SUKANEGARA","1386"
"19291","SUKANEGARA","1289"
"19292","SUKANEGARA","1288"
"19293","SUKARAJA BARU","1268"
"19294","SUKARAJA DUA","1322"
"19295","SUKARAJA I","1367"
"19296","SUKARAJA LAMA","1268"
"19297","SUKARAJA TUHA","1256"
"19298","SUKARAJA","1256"
"19299","SUKARAJA","1377"
"19300","SUKARAJA","1356"
"19301","SUKARAJA","1318"
"19302","SUKARAJA","1301"
"19303","SUKARAJA","1294"
"19304","SUKARAJA","1222"
"19305","SUKARAJA","1254"
"19306","SUKARAJA","1371"
"19307","SUKARAJA","1428"
"19308","SUKARAJA","1276"
"19309","SUKARAJA","1249"
"19310","SUKARAJA","1403"
"19311","SUKARAJA","1366"
"19312","SUKARAME","1301"
"19313","SUKARAMI JAYA","1406"
"19314","SUKARAMI","1335"
"19315","SUKARAMI","1397"
"19316","SUKARAMI","1367"
"19317","SUKARAMI","1319"
"19318","SUKARAMI","1278"
"19319","SUKARAMI","1282"
"19320","SUKARAMI","1275"
"19321","SUKARAMI","1416"
"19322","SUKARAMI","1237"
"19323","SUKARAMI","1285"
"19324","SUKARAMI","1315"
"19325","SUKARAMI","1405"
"19326","SUKARAMI","1388"
"19327","SUKARAMI","1365"
"19328","SUKARAYA BARU","1281"
"19329","SUKARAYA","1244"
"19330","SUKARAYA","1281"
"19331","SUKAREJO","1281"
"19332","SUKARELA","1422"
"19333","SUKARENA","1309"
"19334","SUKARENA","1415"
"19335","SUKODADI","1305"
"19336","SUKODADI","1405"
"19337","SUKOHARJO","1431"
"19338","SUKOHARJO","1305"
"19339","SUKOHARJO","1279"
"19340","SUKOMULIO","1392"
"19341","SUKOMULYO","1359"
"19342","SUKOREJO","1255"
"19343","SUKOSARI","1335"
"19344","SUKOWARNO","1309"
"19345","SUKOWONO","1364"
"19346","SUMAJA MAKMUR","1310"
"19347","SUMBER AGUNG","1264"
"19348","SUMBER AGUNG","1256"
"19349","SUMBER AGUNG","1384"
"19350","SUMBER AGUNG","1360"
"19351","SUMBER AGUNG","1336"
"19352","SUMBER AGUNG","1316"
"19353","SUMBER ASRI","1305"
"19354","SUMBER ASRI","1274"
"19355","SUMBER BARU","1287"
"19356","SUMBER DERAS","1410"
"19357","SUMBER HARAPAN","1308"
"19358","SUMBER HARJO","1305"
"19359","SUMBER HARTA","1406"
"19360","SUMBER HARUM","1314"
"19361","SUMBER HIDUP","1429"
"19362","SUMBER HIDUP","1395"
"19363","SUMBER JAYA","1277"
"19364","SUMBER JAYA","1308"
"19365","SUMBER JAYA","1397"
"19366","SUMBER JAYA","1406"
"19367","SUMBER JAYA","1414"
"19368","SUMBER KARYA","1427"
"19369","SUMBER KARYA","1281"
"19370","SUMBER MAKMUR","1248"
"19371","SUMBER MAKMUR","1230"
"19372","SUMBER MAKMUR","1362"
"19373","SUMBER MEKAR MUKTI","1312"
"19374","SUMBER MUKTI","1316"
"19375","SUMBER MULIA","1397"
"19376","SUMBER MULYA","1274"
"19377","SUMBER MULYA","1347"
"19378","SUMBER MULYA","1429"
"19379","SUMBER MULYA / MULYO","1316"
"19380","SUMBER MULYO","1305"
"19381","SUMBER MULYO","1265"
"19382","SUMBER RAHAYU","1308"
"19383","SUMBER RAHAYU","1237"
"19384","SUMBER RAYA","1235"
"19385","SUMBER REJEKI","1408"
"19386","SUMBER REJEKI","1247"
"19387","SUMBER REJEKI","1316"
"19388","SUMBER REJEKI","1349"
"19389","SUMBER REJO","1308"
"19390","SUMBER REJO","1386"
"19391","SUMBER REJO","1378"
"19392","SUMBER REJO","1316"
"19393","SUMBER RINGIN","1235"
"19394","SUMBER SARI","1308"
"19395","SUMBER SARI","1362"
"19396","SUMBER SARI","1406"
"19397","SUMBER SARI","1314"
"19398","SUMBER SUKO JAYA","1335"
"19399","SUMBER SUKO","1335"
"19400","SUMBU SARI","1287"
"19401","SUMEDANG SARI","1305"
"19402","SUMUR","1215"
"19403","SUNDAN","1294"
"19404","SUNGAI ANGIT","1280"
"19405","SUNGAI BATANG","1292"
"19406","SUNGAI BATANG","1285"
"19407","SUNGAI BAUNG","1423"
"19408","SUNGAI BAUNG","1342"
"19409","SUNGAI BELIDA","1425"
"19410","SUNGAI BUAH","1206"
"19411","SUNGAI BUAYA","1275"
"19412","SUNGAI BUNGIN","1245"
"19413","SUNGAI BUNUT","1306"
"19414","SUNGAI CEPER","1363"
"19415","SUNGAI DUA","1391"
"19416","SUNGAI DUA","1302"
"19417","SUNGAI DUREN","1252"
"19418","SUNGAI GERONG","1383"
"19419","SUNGAI IBUL","1342"
"19420","SUNGAI JAUH","1423"
"19421","SUNGAI JERNIH","1323"
"19422","SUNGAI JERUJU","1381"
"19423","SUNGAI KEDUKAN","1391"
"19424","SUNGAI KELI","1372"
"19425","SUNGAI KETUPAK","1381"
"19426","SUNGAI KIJANG","1423"
"19427","SUNGAI LANANG","1423"
"19428","SUNGAI LANGAN","1231"
"19429","SUNGAI LARU","1318"
"19430","SUNGAI LEBUNG","1372"
"19431","SUNGAI LEMBUNG ULU","1372"
"19432","SUNGAI LILIN JAYA","1349"
"19433","SUNGAI LILIN","1422"
"19434","SUNGAI LILIN","1349"
"19435","SUNGAI LUMPUR","1381"
"19436","SUNGAI MEDAK","1285"
"19437","SUNGAI MEDANG","1374"
"19438","SUNGAI MENANG","1363"
"19439","SUNGAI NAIK","1306"
"19440","SUNGAI NAPAL","1357"
"19441","SUNGAI ONDOK","1372"
"19442","SUNGAI PASIR","1381"
"19443","SUNGAI PINANG I","1432"
"19444","SUNGAI PINANG II","1432"
"19445","SUNGAI PINANG III","1432"
"19446","SUNGAI PINANG LAGATI","1432"
"19447","SUNGAI PINANG NIBUNG","1432"
"19448","SUNGAI PINANG","1261"
"19449","SUNGAI PINANG","1391"
"19450","SUNGAI PINANG","1422"
"19451","SUNGAI PINANG","1432"
"19452","SUNGAI RAMBUTAN","1286"
"19453","SUNGAI RASAU","1275"
"19454","SUNGAI REBO","1383"
"19455","SUNGAI RENGIT","1224"
"19456","SUNGAI ROTAN","1267"
"19457","SUNGAI ROTAN","1388"
"19458","SUNGAI SIBUR","1363"
"19459","SUNGAI SODONG","1410"
"19460","SUNGAI SOMOR","1381"
"19461","SUNGAI TEPUK","1363"
"19462","SUNGAI TUHA JAYA","1359"
"19463","SUNGAINAIK","1422"
"19464","SUNGAIRENGIT MURNI","1224"
"19465","SUNGAISEMUT","1390"
"19466","SUNGGUTAN","1245"
"19467","SUNGSANG I","1408"
"19468","SUNGSANG II","1408"
"19469","SUNGSANG III","1408"
"19470","SUNGSANG IV","1408"
"19471","SUNUR","1346"
"19472","SUPAT BARAT","1277"
"19473","SUPAT TIMUR","1277"
"19474","SUPAT","1277"
"19475","SURA","1223"
"19476","SURABAYA TIMUR","1248"
"19477","SURABAYA","1248"
"19478","SURABAYA","1297"
"19479","SURABAYA","1415"
"19480","SURAU","1348"
"19481","SURO (DUSUN SURO)","1240"
"19482","SURODADI","1392"
"19483","SURULANGUN","1423"
"19484","SURYA ADI","1410"
"19485","SURYA KARTA","1347"
"19486","SURYA MENANG","1259"
"19487","TABA BARU","1336"
"19488","TABA GINDO","1325"
"19489","TABA JEMEKEH","1239"
"19490","TABA KOJI","1239"
"19491","TABA LESTARI","1239"
"19492","TABA PINGIN","1393"
"19493","TABA REMANIK","1325"
"19494","TABA RENAH","1325"
"19495","TABA TENGAH","1325"
"19496","TABA","1420"
"19497","TABALA JAYA","1408"
"19498","TABUAN ASRI","1316"
"19499","TAJA  /  TALANG JAYA INDAH","1354"
"19500","TAJA  /  TALANG JAYA MULYA","1354"
"19501","TAJA  /  TALANG JAYA RAYA 1","1354"
"19502","TAJA  /  TALANG JAYA RAYA II","1354"
"19503","TAJUNG SERIAN","1432"
"19504","TALANG AKAR","1398"
"19505","TALANG AKAR","1342"
"19506","TALANG AMAN","1211"
"19507","TALANG AUR","1404"
"19508","TALANG BALAI BARU I","1339"
"19509","TALANG BALAI BARU II","1339"
"19510","TALANG BALAI LAMA","1339"
"19511","TALANG BALAI","1252"
"19512","TALANG BARU","1367"
"19513","TALANG BARU","1324"
"19514","TALANG BARU","1215"
"19515","TALANG BATU","1411"
"19516","TALANG BENTENG","1324"
"19517","TALANG BERANGIN","1246"
"19518","TALANG BETUTU","1405"
"19519","TALANG BUBUK","1284"
"19520","TALANG BULANG","1342"
"19521","TALANG BULUH","1357"
"19522","TALANG BULUH","1224"
"19523","TALANG CEMPEDAK","1232"
"19524","TALANG DAYA","1245"
"19525","TALANG DUKUN","1432"
"19526","TALANG DURIAN","1380"
"19527","TALANG INDAH","1429"
"19528","TALANG IPUH","1249"
"19529","TALANG JAWA INDUK","1289"
"19530","TALANG JAWA SELATAN","1289"
"19531","TALANG JAWA UTARA","1289"
"19532","TALANG JAWA","1229"
"19533","TALANG JAWA","1228"
"19534","TALANG JAYA","1363"
"19535","TALANG KELAPA","1253"
"19536","TALANG KEMANG","1422"
"19537","TALANG KERAMAT","1224"
"19538","TALANG LEBAN","1357"
"19539","TALANG LUBUK","1414"
"19540","TALANG MAKMUR","1363"
"19541","TALANG MANDUNG","1302"
"19542","TALANG MENGKENANG","1215"
"19543","TALANG MERBAU","1248"
"19544","TALANG NANGKA","1252"
"19545","TALANG PADANG TINGGI","1215"
"19546","TALANG PADANG","1235"
"19547","TALANG PADANG","1310"
"19548","TALANG PADANG","1246"
"19549","TALANG PADANG","1243"
"19550","TALANG PADANG","1380"
"19551","TALANG PAGAR AGUNG","1215"
"19552","TALANG PANGERAN ILIR","1269"
"19553","TALANG PANGERAN ULU","1269"
"19554","TALANG PANGERAN","1343"
"19555","TALANG PIASE","1361"
"19556","TALANG PUTRI","1284"
"19557","TALANG RANDAI","1243"
"19558","TALANG RIMBA","1381"
"19559","TALANG SARI","1421"
"19560","TALANG SAWAH","1409"
"19561","TALANG SEJEMPUT","1409"
"19562","TALANG SELEMAN","1426"
"19563","TALANG SEMUT","1210"
"19564","TALANG SIMPANG","1302"
"19565","TALANG TALING","1355"
"19566","TALANG TANGSI","1215"
"19567","TALANG TENGAH DARAT","1352"
"19568","TALANG TENGAH LAUT","1352"
"19569","TALANG TINGGI","1298"
"19570","TALANG TINGGI","1329"
"19571","TALANG TINGGI","1326"
"19572","TALANG UBI BARAT","1342"
"19573","TALANG UBI SELATAN","1342"
"19574","TALANG UBI TIMUR","1342"
"19575","TALANG UBI UTARA","1342"
"19576","TAMAN AGUNG","1373"
"19577","TAMAN ASRI","1373"
"19578","TAMAN HARJO","1373"
"19579","TAMAN MULYO","1373"
"19580","TAMBAH ASRI","1392"
"19581","TAMBAK BOYO","1305"
"19582","TAMBAK","1416"
"19583","TAMBANG RAMBANG","1346"
"19584","TAMBANGAN KELEKAR","1355"
"19585","TAMBANGAN","1306"
"19586","TAMPANG BARU","1331"
"19587","TANABANG ULU","1412"
"19588","TANAH ABANG SELATAN","1366"
"19589","TANAH ABANG UTARA","1366"
"19590","TANAH ABANG","1357"
"19591","TANAH ABANG","1283"
"19592","TANAH LEMBAK","1391"
"19593","TANAH MAS","1224"
"19594","TANAH MERAH","1303"
"19595","TANAH PERIUK I","1240"
"19596","TANAH PILIH","1408"
"19597","TANAH PILIH","1319"
"19598","TANAH PILIH","1385"
"19599","TANAH PRIUK","1393"
"19600","TANDA RAJA","1279"
"19601","TANDING MARGA","1416"
"19602","TANDING MARGA","1388"
"19603","TANGAI SUKANANTI","1346"
"19604","TANGGA RASA","1291"
"19605","TANGGA TAKAT","1208"
"19606","TANGSI AGUNG","1248"
"19607","TANGSI LONTAR","1337"
"19608","TANIA MAKMUR","1425"
"19609","TANJUNG AGAS","1339"
"19610","TANJUNG AGUNG BARAT","1387"
"19611","TANJUNG AGUNG SELATAN","1387"
"19612","TANJUNG AGUNG TIMUR","1387"
"19613","TANJUNG AGUNG UTARA","1387"
"19614","TANJUNG AGUNG","1248"
"19615","TANJUNG AGUNG","1396"
"19616","TANJUNG AGUNG","1229"
"19617","TANJUNG AGUNG","1404"
"19618","TANJUNG AGUNG","1356"
"19619","TANJUNG AGUNG","1294"
"19620","TANJUNG AGUNG","1241"
"19621","TANJUNG AGUNG","1329"
"19622","TANJUNG AGUNG","1263"
"19623","TANJUNG AGUNG","1403"
"19624","TANJUNG AGUNG","1332"
"19625","TANJUNG AGUNG","1236"
"19626","TANJUNG ALAI","1232"
"19627","TANJUNG ALAI","1413"
"19628","TANJUNG ALAI","1276"
"19629","TANJUNG ALAM","1317"
"19630","TANJUNG ALAM","1282"
"19631","TANJUNG ALAM","1326"
"19632","TANJUNG AMAN","1300"
"19633","TANJUNG ATAP BARAT","1307"
"19634","TANJUNG ATAP","1307"
"19635","TANJUNG AUR","1427"
"19636","TANJUNG AUR","1232"
"19637","TANJUNG AUR","1318"
"19638","TANJUNG BALI","1357"
"19639","TANJUNG BARU PETAI","1307"
"19640","TANJUNG BARU RANAU","1397"
"19641","TANJUNG BARU","1244"
"19642","TANJUNG BARU","1235"
"19643","TANJUNG BARU","1319"
"19644","TANJUNG BARU","1286"
"19645","TANJUNG BARU","1318"
"19646","TANJUNG BARU","1400"
"19647","TANJUNG BARU","1270"
"19648","TANJUNG BARU","1230"
"19649","TANJUNG BARU","1290"
"19650","TANJUNG BARU","1416"
"19651","TANJUNG BARU","1332"
"19652","TANJUNG BARU","1365"
"19653","TANJUNG BARU","1228"
"19654","TANJUNG BARU","1334"
"19655","TANJUNG BATU SEBERANG","1307"
"19656","TANJUNG BATU TIMUR","1307"
"19657","TANJUNG BATU","1307"
"19658","TANJUNG BATU","1375"
"19659","TANJUNG BAY / BAI","1228"
"19660","TANJUNG BERINGIN","1396"
"19661","TANJUNG BERINGIN","1295"
"19662","TANJUNG BERINGIN","1319"
"19663","TANJUNG BERINGIN","1317"
"19664","TANJUNG BERINGIN","1301"
"19665","TANJUNG BERINGIN","1398"
"19666","TANJUNG BERINGIN","1254"
"19667","TANJUNG BERINGIN","1243"
"19668","TANJUNG BERINGIN","1323"
"19669","TANJUNG BERINGIN","1365"
"19670","TANJUNG BESAR","1222"
"19671","TANJUNG BINDU","1279"
"19672","TANJUNG BULAN ULU","1258"
"19673","TANJUNG BULAN","1256"
"19674","TANJUNG BULAN","1301"
"19675","TANJUNG BULAN","1258"
"19676","TANJUNG BULAN","1346"
"19677","TANJUNG BULAN","1332"
"19678","TANJUNG BULAN","1345"
"19679","TANJUNG BUNUT","1252"
"19680","TANJUNG DALAM","1319"
"19681","TANJUNG DALAM","1384"
"19682","TANJUNG DALAM","1251"
"19683","TANJUNG DALAM","1237"
"19684","TANJUNG DALAM","1366"
"19685","TANJUNG DAYANG SELATAN","1268"
"19686","TANJUNG DAYANG UTARA","1268"
"19687","TANJUNG DURIAN","1235"
"19688","TANJUNG DURIAN","1361"
"19689","TANJUNG ENIM SELATAN","1389"
"19690","TANJUNG ENIM","1389"
"19691","TANJUNG ERAN","1290"
"19692","TANJUNG GELAM","1404"
"19693","TANJUNG HARAPAN","1248"
"19694","TANJUNG HARAPAN","1430"
"19695","TANJUNG HARAPAN","1339"
"19696","TANJUNG IMAN","1367"
"19697","TANJUNG INDAH","1300"
"19698","TANJUNG JAMBU","1262"
"19699","TANJUNG JATI","1376"
"19700","TANJUNG JATI","1282"
"19701","TANJUNG JATI","1242"
"19702","TANJUNG JATI","1334"
"19703","TANJUNG JAYA","1235"
"19704","TANJUNG KAPUTRAN","1247"
"19705","TANJUNG KARANG","1229"
"19706","TANJUNG KARANGAN","1319"
"19707","TANJUNG KARANGAN","1332"
"19708","TANJUNG KARI","1258"
"19709","TANJUNG KEMALA BARAT","1359"
"19710","TANJUNG KEMALA","1244"
"19711","TANJUNG KEMALA","1397"
"19712","TANJUNG KEMALA","1274"
"19713","TANJUNG KEMALA","1359"
"19714","TANJUNG KEMANG","1304"
"19715","TANJUNG KEMUNING","1308"
"19716","TANJUNG KEPAYANG","1396"
"19717","TANJUNG KERANG","1277"
"19718","TANJUNG KERANG","1391"
"19719","TANJUNG KUKUH","1216"
"19720","TANJUNG KUPANG BARU","1273"
"19721","TANJUNG KUPANG","1273"
"19722","TANJUNG KURUNG ILIR","1228"
"19723","TANJUNG KURUNG ULU","1228"
"19724","TANJUNG KURUNG","1351"
"19725","TANJUNG KURUNG","1317"
"19726","TANJUNG KURUNG","1324"
"19727","TANJUNG KURUNG","1223"
"19728","TANJUNG KURUNG","1315"
"19729","TANJUNG LAGA","1365"
"19730","TANJUNG LAGO","1312"
"19731","TANJUNG LALANG","1426"
"19732","TANJUNG LALANG","1332"
"19733","TANJUNG LAMA","1341"
"19734","TANJUNG LAUT","1249"
"19735","TANJUNG LAUT","1307"
"19736","TANJUNG LAUT","1365"
"19737","TANJUNG LENGKAYAP","1294"
"19738","TANJUNG LONTAR","1262"
"19739","TANJUNG LUBUK PMD","1365"
"19740","TANJUNG LUBUK","1268"
"19741","TANJUNG LUBUK","1260"
"19742","TANJUNG MAKMUR","1395"
"19743","TANJUNG MAKMUR","1418"
"19744","TANJUNG MAKMUR","1273"
"19745","TANJUNG MANGGUS","1251"
"19746","TANJUNG MAS","1421"
"19747","TANJUNG MAS","1216"
"19748","TANJUNG MEDANG","1394"
"19749","TANJUNG MENANG ILIR","1367"
"19750","TANJUNG MENANG MUSI","1422"
"19751","TANJUNG MENANG ULU","1367"
"19752","TANJUNG MENANG","1396"
"19753","TANJUNG MENANG","1235"
"19754","TANJUNG MENANG","1271"
"19755","TANJUNG MENANG","1260"
"19756","TANJUNG MENANG","1398"
"19757","TANJUNG MENANG","1428"
"19758","TANJUNG MENANG","1227"
"19759","TANJUNG MENANG","1228"
"19760","TANJUNG MERBU","1391"
"19761","TANJUNG MERINDU","1365"
"19762","TANJUNG MIRING","1346"
"19763","TANJUNG MIRING","1388"
"19764","TANJUNG MULAK","1409"
"19765","TANJUNG MUNING","1310"
"19766","TANJUNG NIBUNG","1228"
"19767","TANJUNG NING JAYA","1420"
"19768","TANJUNG NING LAMA","1420"
"19769","TANJUNG NING SIMPANG","1420"
"19770","TANJUNG NING TENGAH","1420"
"19771","TANJUNG PASIR","1275"
"19772","TANJUNG PASIR","1422"
"19773","TANJUNG PAYANG","1289"
"19774","TANJUNG PAYANG","1350"
"19775","TANJUNG PERING","1286"
"19776","TANJUNG PERIUK","1319"
"19777","TANJUNG PINANG I","1307"
"19778","TANJUNG PINANG II","1307"
"19779","TANJUNG PINANG","1400"
"19780","TANJUNG PULE","1286"
"19781","TANJUNG PURA","1337"
"19782","TANJUNG RAJA BARAT","1339"
"19783","TANJUNG RAJA SELATAN","1339"
"19784","TANJUNG RAJA TIMUR","1339"
"19785","TANJUNG RAJA UTARA","1339"
"19786","TANJUNG RAJA","1427"
"19787","TANJUNG RAJA","1242"
"19788","TANJUNG RAJA","1339"
"19789","TANJUNG RAMAN","1301"
"19790","TANJUNG RAMAN","1290"
"19791","TANJUNG RAMAN","1428"
"19792","TANJUNG RAMAN","1399"
"19793","TANJUNG RAMBANG","1411"
"19794","TANJUNG RANCING","1260"
"19795","TANJUNG RAYA","1335"
"19796","TANJUNG RAYA","1367"
"19797","TANJUNG RAYA","1336"
"19798","TANJUNG RAYA","1233"
"19799","TANJUNG RAYA","1329"
"19800","TANJUNG RAYA","1237"
"19801","TANJUNG RAYA","1226"
"19802","TANJUNG RAYA","1221"
"19803","TANJUNG RAYA","1327"
"19804","TANJUNG RAYA","1403"
"19805","TANJUNG RAYA","1228"
"19806","TANJUNG SAKTI","1345"
"19807","TANJUNG SARI I","1425"
"19808","TANJUNG SARI II","1425"
"19809","TANJUNG SARI","1235"
"19810","TANJUNG SARI","1397"
"19811","TANJUNG SARI","1337"
"19812","TANJUNG SARI","1369"
"19813","TANJUNG SEJARO","1404"
"19814","TANJUNG SERANG","1260"
"19815","TANJUNG SERIAN","1242"
"19816","TANJUNG SETEKO","1404"
"19817","TANJUNG SETIA","1397"
"19818","TANJUNG SIRIH","1409"
"19819","TANJUNG TAMBAK BARU","1307"
"19820","TANJUNG TAMBAK","1307"
"19821","TANJUNG TAWANG","1324"
"19822","TANJUNG TEBAT","1289"
"19823","TANJUNG TEBAT","1254"
"19824","TANJUNG TEBAT","1228"
"19825","TANJUNG TELANG","1400"
"19826","TANJUNG TELANG","1402"
"19827","TANJUNG TEMIANG","1339"
"19828","TANJUNG TERANG","1310"
"19829","TANJUNG TIGA","1422"
"19830","TANJUNG TIGA","1263"
"19831","TANJUNG","1310"
"19832","TANJUNGAN","1337"
"19833","TANJUNGBARU","1390"
"19834","TANJUNGMAS","1305"
"19835","TANJUNGMAS","1390"
"19836","TANJUNGSARI","1305"
"19837","TAPA BARU","1291"
"19838","TAPA LAMA","1291"
"19839","TAPAK LEBAR","1299"
"19840","TAPUS","1252"
"19841","TAPUS","1304"
"19842","TARAMAN","1373"
"19843","TAWANG REJO","1335"
"19844","TEBAT AGUNG","1227"
"19845","TEBAT GABUS","1220"
"19846","TEBAT GIRI INDAH","1350"
"19847","TEBAT JAYA","1256"
"19848","TEBAT LANGSAT","1301"
"19849","TEBAT LAYANG","1430"
"19850","TEBAT PAYANG","1233"
"19851","TEBEDAK I","1426"
"19852","TEBEDAK II","1426"
"19853","TEBING ABANG","1422"
"19854","TEBING ABANG","1327"
"19855","TEBING BULANG","1302"
"19856","TEBING GERINTING SELATAN","1268"
"19857","TEBING GERINTING UTARA","1268"
"19858","TEBING KAMPUNG","1315"
"19859","TEBING SARI MULYA","1303"
"19860","TEBING SULUH","1360"
"19861","TEBING TINGGI","1246"
"19862","TEBING TINGGI","1362"
"19863","TEGAL BESAR","1308"
"19864","TEGAL MULYA","1384"
"19865","TEGAL REJO","1335"
"19866","TEGAL REJO","1389"
"19867","TEGAL REJO","1392"
"19868","TEGAL SARI","1308"
"19869","TEGAL SARI","1378"
"19870","TEGAL SARI","1347"
"19871","TEKANA","1295"
"19872","TEKOREJO (TOKOREJO)","1305"
"19873","TELADAS","1423"
"19874","TELANAI","1248"
"19875","TELANG JAYA","1429"
"19876","TELANG KARYA","1429"
"19877","TELANG MAKMUR","1429"
"19878","TELANG REJO","1429"
"19879","TELANG SARI","1312"
"19880","TELANG","1331"
"19881","TELATANG","1400"
"19882","TELOKO","1260"
"19883","TELUK AGUNG","1222"
"19884","TELUK BENGKULU","1236"
"19885","TELUK BETUNG","1316"
"19886","TELUK JAYA","1394"
"19887","TELUK KECAPI","1275"
"19888","TELUK KIJING I","1387"
"19889","TELUK KIJING II","1387"
"19890","TELUK KIJING III","1387"
"19891","TELUK LIMAU","1355"
"19892","TELUK LUBUK","1310"
"19893","TELUK PAYO","1408"
"19894","TELUK TENGGIRIK","1238"
"19895","TELUK TENGGULANG","1344"
"19896","TELUK","1387"
"19897","TEMPIRAI SELATAN","1416"
"19898","TEMPIRAI TIMUR","1416"
"19899","TEMPIRAI UTARA","1416"
"19900","TEMPIRAI","1416"
"19901","TEMUAN JAYA","1341"
"19902","TEMUAN SARI","1341"
"19903","TENAM BUNGKUK","1327"
"19904","TENANG","1220"
"19905","TENGGARO","1384"
"19906","TENGGULANG BARU","1277"
"19907","TENGGULANG JAYA (NILAM SARI)","1277"
"19908","TERANTANG / TRANTANG SAKTI","1293"
"19909","TERAP MULIA","1248"
"19910","TERATE","1276"
"19911","TERAWAS","1281"
"19912","TERENTANG","1396"
"19913","TERLANGU","1396"
"19914","TERTAP","1271"
"19915","TERUKIS RAHAYU","1359"
"19916","TERUSAN BARU","1273"
"19917","TERUSAN DALAM","1414"
"19918","TERUSAN JAWA","1232"
"19919","TERUSAN LAMA","1273"
"19920","TERUSAN MENANG","1276"
"19921","TERUSAN MUARA","1414"
"19922","TERUSAN TENGAH","1414"
"19923","TERUSAN","1244"
"19924","TERUSAN","1356"
"19925","TERUSAN","1221"
"19926","TIHANG","1294"
"19927","TIMBANGAN","1286"
"19928","TIMBUL JAYA","1265"
"19929","TINGGI HARI","1427"
"19930","TIRTA JAYA","1230"
"19931","TIRTA KENCANA","1390"
"19932","TIRTA MAKMUR","1238"
"19933","TIRTA MULYA (TIRTO MULYO)","1316"
"19934","TIRTA MULYA","1292"
"19935","TIRTA / TIRTO MULYO","1265"
"19936","TIRTO HARJO","1265"
"19937","TIRTO RAHARJO","1230"
"19938","TIRTO SARI","1383"
"19939","TOMAN","1280"
"19940","TOMAN","1375"
"19941","TONGKOK","1215"
"19942","TOTO REJO","1308"
"19943","TRANS SP II PADANG MUARADUA","1427"
"19944","TRI ANGGUNJAYA","1261"
"19945","TRI KARYA","1386"
"19946","TRI MULYA AGUNG","1218"
"19947","TRIDADI","1217"
"19948","TRIJAYA","1306"
"19949","TRIKARYA","1311"
"19950","TRIKOYO","1392"
"19951","TRIMO REJO","1373"
"19952","TRIMOHARJO","1373"
"19953","TRIMUKTI","1306"
"19954","TRISAKTI","1378"
"19955","TRIYOSO","1335"
"19956","TUALANG","1294"
"19957","TUAN KENTANG","1207"
"19958","TUBOHAN","1315"
"19959","TUGU AGUNG","1360"
"19960","TUGU HARUM","1303"
"19961","TUGU JAYA","1360"
"19962","TUGU KECIL","1401"
"19963","TUGU MULYO","1303"
"19964","TUGU SEMPURNA","1341"
"19965","TUGUMULYO","1360"
"19966","TULANG BAWANG","1330"
"19967","TULUNG HARAPAN","1360"
"19968","TULUNG HARAPAN","1370"
"19969","TULUNG SARI","1431"
"19970","TULUNG SELAPAN ILIR","1375"
"19971","TULUNG SELAPAN ULU","1375"
"19972","TULUNG SELUANG","1375"
"19973","TULUS AYU","1303"
"19974","TUMBAK ULAS","1350"
"19975","TUMIJAYA","1368"
"19976","TUNAS AUR","1404"
"19977","TUNAS JAYA","1295"
"19978","TUNAS PERACAK","1330"
"19979","TUNGGUL BUTE","1301"
"19980","TUNGKAL","1242"
"19981","TUNGKU JAYA","1296"
"19982","UJAN MAS BARU","1399"
"19983","UJAN MAS LAMA","1399"
"19984","UJAN MAS","1337"
"19985","UJAN MAS","1385"
"19986","UJUNG ALIH","1273"
"19987","UJUNG PULAU","1326"
"19988","UJUNG TANJUNG","1396"
"19989","UJUNG TANJUNG","1375"
"19990","ULAK AGUNG ILIR","1254"
"19991","ULAK AGUNG ULU","1254"
"19992","ULAK AUR STANDING","1372"
"19993","ULAK BABUK","1380"
"19994","ULAK BALAM","1365"
"19995","ULAK BANDING","1404"
"19996","ULAK BANDUNG","1278"
"19997","ULAK BANDUNG","1215"
"19998","ULAK BANDUNG","1399"
"19999","ULAK BARU","1377"
"20000","ULAK BEDIL","1404"
