"id","nama_desa","kecamatan_id"
"40001","PARANGTRITIS","3184"
"40002","PATALAN","3175"
"40003","PATANGPULUHAN","3207"
"40004","PATEHAN","3200"
"40005","PATUK","3163"
"40006","PENDOWOHARJO","3150"
"40007","PENDOWOREJO","3191"
"40008","PENGASIH","3201"
"40009","PENGKOK","3163"
"40010","PENGKOL","3202"
"40011","PETIR","3169"
"40012","PILANG REJO","3202"
"40013","PIYAMAN","3144"
"40014","PLANJAN","3198"
"40015","PLAYEN","3147"
"40016","PLEMBUTAN","3147"
"40017","PLERET","3170"
"40018","PLERET","3160"
"40019","PLUMBON","3181"
"40020","PONCOSARI","3209"
"40021","PONDOK REJO","3157"
"40022","PONJONG","3161"
"40023","POTORONO","3152"
"40024","PRAWIRODIRJAN","3206"
"40025","PRENGGAN","3210"
"40026","PRINGGOKUSUMAN","3211"
"40027","PRINGOMBO","3169"
"40028","PUCANGANOM","3169"
"40029","PUCUNG","3145"
"40030","PULUTAN","3144"
"40031","PUNDUNG SARI","3165"
"40032","PURBAYAN","3210"
"40033","PURWO BINANGUN","3176"
"40034","PURWO KINANTI","3194"
"40035","PURWO MARTANI","3212"
"40036","PURWODADI","3190"
"40037","PURWOHARJO","3155"
"40038","PURWOSARI","3191"
"40039","PUTAT","3163"
"40040","REJOSARI","3165"
"40041","REJOWINANGUN","3210"
"40042","RINGIN HARJO","3156"
"40043","SABDODADI","3156"
"40044","SALAM","3163"
"40045","SALAMREJO","3149"
"40046","SAMBI REJO","3171"
"40047","SAMBIREJO","3162"
"40048","SAMPANG","3196"
"40049","SARDONOHARJO","3183"
"40050","SARI HARJO","3183"
"40051","SAWAHAN","3161"
"40052","SEGOROYOSO","3160"
"40053","SELANG","3144"
"40054","SELO MARTANI","3212"
"40055","SELOHARJO","3208"
"40056","SELOPAMIORO","3192"
"40057","SEMAKI","3193"
"40058","SEMANU","3177"
"40059","SEMIN","3165"
"40060","SEMOYO","3163"
"40061","SEMUGIH","3169"
"40062","SENDANG ARUM","3213"
"40063","SENDANG MULYO","3213"
"40064","SENDANG REJO","3213"
"40065","SENDANG TIRTO","3199"
"40066","SENDANGADI","3214"
"40067","SENDANGAGUNG","3213"
"40068","SENDANGSARI","3213"
"40069","SENDANGSARI","3195"
"40070","SENDANGSARI","3201"
"40071","SENTOLO","3149"
"40072","SERUT","3196"
"40073","SIDOAGUNG","3215"
"40074","SIDOARUM","3215"
"40075","SIDOHARJO","3155"
"40076","SIDOHARJO","3190"
"40077","SIDOKARTO","3215"
"40078","SIDOLUHUR","3215"
"40079","SIDOMOYO","3215"
"40080","SIDOMULYO","3204"
"40081","SIDOMULYO","3215"
"40082","SIDOMULYO","3201"
"40083","SIDOREJO","3215"
"40084","SIDOREJO","3174"
"40085","SIDOREJO","3161"
"40086","SINDUADI","3214"
"40087","SINDUHARJO","3183"
"40088","SINDUMARTANI","3168"
"40089","SINDUTAN","3181"
"40090","SINGOSAREN","3152"
"40091","SIRAMAN","3144"
"40092","SITIMULYO","3216"
"40093","SODO","3189"
"40094","SOGAN","3166"
"40095","SONGBANYU","3145"
"40096","SOROSUTAN","3193"
"40097","SOSROMENDURAN","3211"
"40098","SRIGADING","3185"
"40099","SRIHARDONO","3208"
"40100","SRIHARJO","3192"
"40101","SRIKAYANGAN","3149"
"40102","SRIMARTANI","3216"
"40103","SRIMULYO","3216"
"40104","SUKO HARJO","3183"
"40105","SUKORENO","3149"
"40106","SUMBER AGUNG","3175"
"40107","SUMBER AGUNG","3217"
"40108","SUMBER GIRI","3161"
"40109","SUMBER HARJO","3171"
"40110","SUMBER REJO","3157"
"40111","SUMBER WUNGU","3190"
"40112","SUMBERADI","3214"
"40113","SUMBERARUM","3217"
"40114","SUMBERMULYO","3204"
"40115","SUMBERRAHAYU","3217"
"40116","SUMBERREJO","3165"
"40117","SUMBERSARI","3217"
"40118","SURYATMAJAN","3159"
"40119","SURYODININGRATAN","3186"
"40120","TAHUNAN","3193"
"40121","TAMAN MARTANI","3212"
"40122","TAMANAN","3152"
"40123","TAMANTIRTO","3151"
"40124","TAMBAK REJO","3157"
"40125","TAMBAKROMO","3161"
"40126","TANCEP","3162"
"40127","TANJUNGHARJO","3158"
"40128","TAWANGSARI","3201"
"40129","TAYUBAN","3170"
"40130","TEGAL PANGGUNG","3159"
"40131","TEGAL TIRTO","3199"
"40132","TEGALREJO","3196"
"40133","TEGALREJO","3167"
"40134","TEMON KULON","3181"
"40135","TEMON WETAN","3181"
"40136","TEMUWUH","3182"
"40137","TEPUS","3190"
"40138","TERBAH","3163"
"40139","TERBAN","3143"
"40140","TERONG","3182"
"40141","TILENG","3145"
"40142","TIMBULHARJO","3150"
"40143","TIRTA RAHAYU","3146"
"40144","TIRTO MARTANI","3212"
"40145","TIRTOADI","3214"
"40146","TIRTOHARGO","3184"
"40147","TIRTOMULYO","3184"
"40148","TIRTONIRMOLO","3151"
"40149","TIRTOSARI","3184"
"40150","TLOGOADI","3214"
"40151","TRI MULYO","3178"
"40152","TRIDADI","3178"
"40153","TRIHANGGO","3140"
"40154","TRIHARJO","3180"
"40155","TRIHARJO","3178"
"40156","TRIHARJO","3166"
"40157","TRIMULYO","3175"
"40158","TRIMURTI","3209"
"40159","TRIRENGGO","3156"
"40160","TRIWIDADI","3195"
"40161","TUKSONO","3149"
"40162","UMBUL HARJO","3141"
"40163","UMBUL REJO","3161"
"40164","UMBULMARTANI","3168"
"40165","WAHYUHARJO","3174"
"40166","WARENG","3144"
"40167","WARUNGBOTO","3193"
"40168","WATES","3166"
"40169","WATU GAJAH","3196"
"40170","WATU SIGAR","3162"
"40171","WEDOMARTANI","3168"
"40172","WIDODO MARTANI","3168"
"40173","WIJIMULYO","3158"
"40174","WIJIREJO","3180"
"40175","WILADEG","3164"
"40176","WIROBRAJAN","3207"
"40177","WIROGUNAN","3172"
"40178","WIROKERTEN","3152"
"40179","WONO KERTO","3148"
"40180","WONOKROMO","3160"
"40181","WONOLELO","3160"
"40182","WONOSARI","3144"
"40183","WUKIR HARJO","3171"
"40184","WUKIR SARI","3141"
"40185","WUKIRSARI","3192"
"40186","WUNUNG","3144"
"40187","ABAR-ABIR","3218"
"40188","ADAN-ADAN","3219"
"40189","AENG SAREH","3220"
"40190","AENG TABAR","3221"
"40191","AENGANYAR","3222"
"40192","AENGBAJA KENEK","3223"
"40193","AENGBAJA RAJA","3223"
"40194","AENGDAKE","3223"
"40195","AENGMERAH","3224"
"40196","AENGPANAS","3225"
"40197","AENGTONGTONG","3226"
"40198","AGEL","3227"
"40199","AIRLANGGA","3228"
"40200","AJUNG","3229"
"40201","AJUNG","3230"
"40202","AKKOR","3231"
"40203","ALANG ALANG CARUBAN","3232"
"40204","ALANG ALANG","3233"
"40205","ALAS BAYUR","3234"
"40206","ALAS KANDANG","3235"
"40207","ALAS KEMBANG","3236"
"40208","ALAS MALANG","3237"
"40209","ALAS MALANG","3238"
"40210","ALAS NYIUR","3235"
"40211","ALAS PANDAN","3239"
"40212","ALAS SUMUR LOR","3235"
"40213","ALAS TENGAH","3235"
"40214","ALAS TENGAH","3240"
"40215","ALAS TENGAH","3241"
"40216","ALAS TLOGO","3242"
"40217","ALASBULU","3243"
"40218","ALASGUNG","3244"
"40219","ALASKOKON","3245"
"40220","ALASMALANG","3246"
"40221","ALASRAJA","3247"
"40222","ALASREJO","3243"
"40223","ALASSAPI","3248"
"40224","ALASSUMUR KULON","3249"
"40225","ALASSUMUR","3250"
"40226","ALASTUWO","3251"
"40227","ALIYAN","3252"
"40228","ALON ALON CONTONG","3253"
"40229","ALUN ALUN","3254"
"40230","AMADANOM","3255"
"40231","AMBAL AMBIL","3256"
"40232","AMBAT","3257"
"40233","AMBENDER","3258"
"40234","AMBENG AMBENG WATANGREJO","3259"
"40235","AMBULU","3260"
"40236","AMBULU","3261"
"40237","AMBULU","3262"
"40238","AMBUNTEN BARAT","3263"
"40239","AMBUNTEN TENGAH","3263"
"40240","AMBUNTEN TIMUR","3263"
"40241","AMPARAAN","3264"
"40242","AMPEL","3265"
"40243","AMPEL","3266"
"40244","AMPELAN","3262"
"40245","AMPELDENTO","3267"
"40246","AMPELDENTO","3268"
"40247","AMPELGADING","3269"
"40248","AMPELGADING","3270"
"40249","AMPELSARI","3271"
"40250","ANDONGREJO","3272"
"40251","ANDONGSARI","3260"
"40252","ANDONO SARI","3273"
"40253","ANDULANG","3274"
"40254","ANDUNG BIRU","3275"
"40255","ANDUNG SARI","3275"
"40256","ANDUNGSARI","3276"
"40257","ANGGASWANGI","3277"
"40258","ANGGERSEK","3278"
"40259","ANGKATAN","3279"
"40260","ANGON ANGON","3279"
"40261","ANGSANAH","3231"
"40262","ANGSOKAH","3280"
"40263","ANTIROGO","3281"
"40264","APAAN","3282"
"40265","ARDIMULYO","3283"
"40266","ARDIREJO","3284"
"40267","ARDIREJO","3285"
"40268","ARDIREJO","3286"
"40269","ARDISAENG","3276"
"40270","ARGOSARI","3287"
"40271","ARGOSARI","3288"
"40272","ARGOSUKO","3289"
"40273","ARGOTIRTO","3290"
"40274","ARGOYUWONO","3291"
"40275","ARJASA","3292"
"40276","ARJASA","3293"
"40277","ARJASA","3279"
"40278","ARJASA","3294"
"40279","ARJOSARI","3295"
"40280","ARJOSARI","3296"
"40281","ARJOSARI","3297"
"40282","ARJOSARI","3298"
"40283","ARJOWILANGUN","3297"
"40284","ARJOWINANGUN","3299"
"40285","ARJOWINANGUN","3300"
"40286","AROK","3236"
"40287","AROSBAYA","3301"
"40288","ARTODUNG","3302"
"40289","ARYOJEDING","3303"
"40290","ASEM GEDE","3304"
"40291","ASEM JARAN","3305"
"40292","ASEM NONGGAL","3306"
"40293","ASEM RAJA","3306"
"40294","ASEMBAGUS","3307"
"40295","ASEMBAGUS","3249"
"40296","ASEMBAKOR","3249"
"40297","ASEMKANDANG","3308"
"40298","ASEMPAPAK","3309"
"40299","ASEMROWO","3310"
"40300","ASMOROBANGUN","3311"
"40301","ASRIKATON","3268"
"40302","ASTAPAH","3280"
"40303","AWANG AWANG","3312"
"40304","AWAR-AWAR","3307"
"40305","BABAD","3313"
"40306","BABADAN LOR","3314"
"40307","BABADAN","3315"
"40308","BABADAN","3316"
"40309","BABADAN","3317"
"40310","BABADAN","3318"
"40311","BABADAN","3319"
"40312","BABADAN","3320"
"40313","BABADAN","3321"
"40314","BABADAN","3322"
"40315","BABADAN","3323"
"40316","BABADAN","3324"
"40317","BABAKAN","3325"
"40318","BABAKBAWO","3326"
"40319","BABAKSARI","3326"
"40320","BABALAN","3327"
"40321","BABAN","3274"
"40322","BABAT JERAWAT","3328"
"40323","BABAT","3329"
"40324","BABATAGUNG","3330"
"40325","BABATAN","3331"
"40326","BABATAN","3332"
"40327","BABATKUMPUL","3333"
"40328","BACEM","3334"
"40329","BACEM","3335"
"40330","BACEM","3336"
"40331","BADAL","3337"
"40332","BADALPANDEAN","3337"
"40333","BADANG","3338"
"40334","BADAS","3339"
"40335","BADAS","3340"
"40336","BADDURIH","3341"
"40337","BADEAN","3342"
"40338","BADEAN","3343"
"40339","BADEAN","3344"
"40340","BADEGAN","3345"
"40341","BADER","3346"
"40342","BADER","3347"
"40343","BADERAN","3348"
"40344","BADERAN","3241"
"40345","BADES","3349"
"40346","BADUNG","3350"
"40347","BADUR","3224"
"40348","BADURAME","3351"
"40349","BAGELENAN","3352"
"40350","BAGI","3353"
"40351","BAGO","3235"
"40352","BAGO","3349"
"40353","BAGO","3354"
"40354","BAGON","3355"
"40355","BAGOR KULON","3356"
"40356","BAGOR WETAN","3357"
"40357","BAGOREJO","3358"
"40358","BAGOREJO","3359"
"40359","BAIPAJUNG","3360"
"40360","BAJANG","3361"
"40361","BAJANG","3362"
"40362","BAJANG","3363"
"40363","BAJANG","3364"
"40364","BAJANG","3365"
"40365","BAJANGAN","3366"
"40366","BAJEMAN","3233"
"40367","BAJRASOKAH","3367"
"40368","BAJULAN","3368"
"40369","BAJULAN","3369"
"40370","BAJULMATI","3243"
"40371","BAJUR","3370"
"40372","BAJURAN","3371"
"40373","BAKALAN KRAJAN","3372"
"40374","BAKALAN WRINGINPITU","3373"
"40375","BAKALAN","3374"
"40376","BAKALAN","3375"
"40377","BAKALAN","3376"
"40378","BAKALAN","3377"
"40379","BAKALAN","3378"
"40380","BAKALAN","3379"
"40381","BAKALAN","3340"
"40382","BAKALAN","3380"
"40383","BAKALANPULE","3381"
"40384","BAKALANRAYUNG","3382"
"40385","BAKALREJO","3383"
"40386","BAKEYONG","3384"
"40387","BAKULAN","3385"
"40388","BAKUNG PRINGGODANI","3373"
"40389","BAKUNG TEMENGGUNGAN","3373"
"40390","BAKUNG","3386"
"40391","BAKUNG","3387"
"40392","BAKUNG","3388"
"40393","BAKUNGAN","3389"
"40394","BAKUR","3390"
"40395","BALAK","3391"
"40396","BALAS KLUMPRIK","3332"
"40397","BALE REJO","3392"
"40398","BALEARJO","3393"
"40399","BALEARJOSARI","3296"
"40400","BALEASRI","3394"
"40401","BALEDONO","3395"
"40402","BALEGONDO","3394"
"40403","BALEHARJO","3300"
"40404","BALENREJO","3396"
"40405","BALEREJO","3314"
"40406","BALEREJO","3397"
"40407","BALEREJO","3398"
"40408","BALEREJO","3334"
"40409","BALEREJO","3324"
"40410","BALESARI","3317"
"40411","BALESONO","3399"
"40412","BALET BARU","3294"
"40413","BALETURI","3400"
"40414","BALIKTERUS","3401"
"40415","BALONG ASEM","3402"
"40416","BALONG BESUK","3403"
"40417","BALONG GARUT","3404"
"40418","BALONG GEBANG","3405"
"40419","BALONG PACUL","3406"
"40420","BALONG SARI","3407"
"40421","BALONG","3361"
"40422","BALONGBENDO","3373"
"40423","BALONGCABE","3313"
"40424","BALONGDOWO","3408"
"40425","BALONGDOWO","3409"
"40426","BALONGGABUS","3408"
"40427","BALONGGEMEK","3410"
"40428","BALONGJERUK (BALUNG JERUK)","3411"
"40429","BALONGMACEKAN","3412"
"40430","BALONGMASIN","3413"
"40431","BALONGMOJO","3414"
"40432","BALONGMOJO","3415"
"40433","BALONGPANGGANG","3331"
"40434","BALONGREJO","3356"
"40435","BALONGREJO","3416"
"40436","BALONGREJO","3244"
"40437","BALONGSARI","3417"
"40438","BALONGSARI","3418"
"40439","BALONGSARI","3410"
"40440","BALONGTANI","3419"
"40441","BALONGTUNJUNG","3414"
"40442","BALONGWANGI","3381"
"40443","BALONGWONO","3420"
"40444","BALOWERTI","3421"
"40445","BALUK","3422"
"40446","BALUN","3351"
"40447","BALUNG ANYAR","3242"
"40448","BALUNG KIDUL","3423"
"40449","BALUNG KULON","3423"
"40450","BALUNG LOR","3423"
"40451","BALUNG","3301"
"40452","BALUNG","3424"
"40453","BALUNGTAWUN (BALONGTAWUN)","3425"
"40454","BAMBANG","3351"
"40455","BAMBANG","3426"
"40456","BAMBE","3427"
"40457","BANA SARE","3428"
"40458","BANARAN KULON","3356"
"40459","BANARAN WETAN","3356"
"40460","BANARAN","3329"
"40461","BANARAN","3314"
"40462","BANARAN","3429"
"40463","BANARAN","3430"
"40464","BANARAN","3397"
"40465","BANARAN","3431"
"40466","BANARAN","3432"
"40467","BANARAN","3320"
"40468","BANARAN","3433"
"40469","BANARAN","3434"
"40470","BANARAN","3435"
"40471","BANARESEP BARAT","3436"
"40472","BANARESEP TIMUR","3436"
"40473","BANBAN","3364"
"40474","BANBARU","3222"
"40475","BANCAMARA","3437"
"40476","BANCANG","3233"
"40477","BANCANGAN","3438"
"40478","BANCAR","3439"
"40479","BANCAR","3440"
"40480","BANCARAN","3441"
"40481","BANCELOK","3306"
"40482","BANCER","3442"
"40483","BANCONG","3443"
"40484","BANDA SOLEH","3264"
"40485","BANDANG DAYAH","3221"
"40486","BANDANG LAOK","3264"
"40487","BANDAR KEDUNG MULYO","3444"
"40488","BANDAR KIDUL","3445"
"40489","BANDAR LOR","3445"
"40490","BANDAR","3446"
"40491","BANDAR","3447"
"40492","BANDARALIM","3345"
"40493","BANDARAN","3448"
"40494","BANDARAN","3257"
"40495","BANDARAN","3449"
"40496","BANDARASRI","3450"
"40497","BANDILAN","3451"
"40498","BANDULAN","3372"
"40499","BANDUNG","3452"
"40500","BANDUNG","3403"
"40501","BANDUNG","3417"
"40502","BANDUNG","3453"
"40503","BANDUNG","3400"
"40504","BANDUNGAN","3364"
"40505","BANDUNGAN","3369"
"40506","BANDUNGREJO","3454"
"40507","BANDUNGREJO","3455"
"40508","BANDUNGREJO","3456"
"40509","BANDUNGREJOSARI","3372"
"40510","BANDUNGSARI","3425"
"40511","BANDUNGSEKARAN","3331"
"40512","BANGAH","3457"
"40513","BANGELAN","3458"
"40514","BANGERAN","3459"
"40515","BANGERAN","3326"
"40516","BANGET","3460"
"40517","BANGGLE","3461"
"40518","BANGGLE","3402"
"40519","BANGGLE","3337"
"40520","BANGGLE","3462"
"40521","BANGILAN","3463"
"40522","BANGILAN","3378"
"40523","BANGILAN","3464"
"40524","BANGKAL","3465"
"40525","BANGKES","3466"
"40526","BANGKINGAN (BANGKRINGAN)","3467"
"40527","BANGKOK","3468"
"40528","BANGKOK","3219"
"40529","BANGOAN","3469"
"40530","BANGOREJO","3470"
"40531","BANGPENDAH","3471"
"40532","BANGSAH","3472"
"40533","BANGSAL","3473"
"40534","BANGSAL","3433"
"40535","BANGSALAN","3438"
"40536","BANGSALSARI","3342"
"40537","BANGSELOK","3465"
"40538","BANGSEREH","3474"
"40539","BANGSEREH","3475"
"40540","BANGSONGAN","3476"
"40541","BANGSRI","3431"
"40542","BANGSRI","3394"
"40543","BANGSRI","3477"
"40544","BANGSRI","3478"
"40545","BANGSRI","3277"
"40546","BANGSRING","3243"
"40547","BANGUN","3479"
"40548","BANGUN","3413"
"40549","BANGUNASRI","3480"
"40550","BANGUNJAYA","3481"
"40551","BANGUNMULYO","3481"
"40552","BANGUNREJO KIDUL","3482"
"40553","BANGUNREJO LOR","3483"
"40554","BANGUNREJO","3484"
"40555","BANGUNREJO","3485"
"40556","BANGUNREJO","3486"
"40557","BANGUNSARI","3446"
"40558","BANGUNSARI","3346"
"40559","BANGUNSARI","3487"
"40560","BANGUNSARI","3300"
"40561","BANGUNSARI","3488"
"40562","BANGUNSARI","3391"
"40563","BANJAR ANYAR","3489"
"40564","BANJAR ASRI","3490"
"40565","BANJAR BARAT","3274"
"40566","BANJAR BILLAH","3491"
"40567","BANJAR DOWO","3492"
"40568","BANJAR DOWO","3493"
"40569","BANJAR DOWO","3402"
"40570","BANJAR KEJEN","3494"
"40571","BANJAR KEMUNING","3495"
"40572","BANJAR MELATI (BANJARMLATI)","3445"
"40573","BANJAR PANJI","3490"
"40574","BANJAR SARI","3444"
"40575","BANJAR SARI","3496"
"40576","BANJAR SENGON","3497"
"40577","BANJAR SUGIAN  /  SUGIHAN","3407"
"40578","BANJAR TABULU","3278"
"40579","BANJAR TALELA","3278"
"40580","BANJAR TIMUR","3274"
"40581","BANJAR","3471"
"40582","BANJAR","3367"
"40583","BANJAR","3498"
"40584","BANJAR","3499"
"40585","BANJAR","3500"
"40586","BANJARAGUNG","3331"
"40587","BANJARAGUNG","3501"
"40588","BANJARAGUNG","3415"
"40589","BANJARAGUNG","3502"
"40590","BANJARAN","3503"
"40591","BANJARAN","3427"
"40592","BANJARAN","3421"
"40593","BANJARANSARI","3504"
"40594","BANJARANYAR","3503"
"40595","BANJARANYAR","3505"
"40596","BANJARARUM","3502"
"40597","BANJARARUM","3283"
"40598","BANJARBANGGI","3483"
"40599","BANJARBENDO","3506"
"40600","BANJAREJO","3439"
"40601","BANJAREJO","3480"
"40602","BANJAREJO","3507"
"40603","BANJAREJO","3508"
"40604","BANJAREJO","3509"
"40605","BANJAREJO","3337"
"40606","BANJAREJO","3510"
"40607","BANJAREJO","3394"
"40608","BANJAREJO","3393"
"40609","BANJAREJO","3511"
"40610","BANJAREJO","3512"
"40611","BANJAREJO","3513"
"40612","BANJAREJO","3303"
"40613","BANJAREJO","3425"
"40614","BANJAREJO","3514"
"40615","BANJARGONDANG","3515"
"40616","BANJARIMBO","3516"
"40617","BANJARJO","3517"
"40618","BANJARJO","3518"
"40619","BANJARJO","3519"
"40620","BANJARJO","3520"
"40621","BANJARJO","3521"
"40622","BANJARKEMANTREN","3522"
"40623","BANJARMADU","3523"
"40624","BANJARMENDALAN","3524"
"40625","BANJARPANJANG","3394"
"40626","BANJARREJO","3525"
"40627","BANJARREJO","3268"
"40628","BANJARSARI KULON","3508"
"40629","BANJARSARI WETAN","3508"
"40630","BANJARSARI","3342"
"40631","BANJARSARI","3522"
"40632","BANJARSARI","3526"
"40633","BANJARSARI","3389"
"40634","BANJARSARI","3527"
"40635","BANJARSARI","3353"
"40636","BANJARSARI","3528"
"40637","BANJARSARI","3317"
"40638","BANJARSARI","3529"
"40639","BANJARSARI","3300"
"40640","BANJARSARI","3494"
"40641","BANJARSARI","3269"
"40642","BANJARSARI","3261"
"40643","BANJARSARI","3530"
"40644","BANJARSAWAH","3531"
"40645","BANJARTANGGUL","3413"
"40646","BANJARWARU","3532"
"40647","BANJARWATI","3533"
"40648","BANJARWORO","3463"
"40649","BANJARWUNGU","3412"
"40650","BANMALENG","3222"
"40651","BANRAAS","3437"
"40652","BANTAL","3307"
"40653","BANTARAN","3534"
"40654","BANTEAN (BANTEYAN)","3535"
"40655","BANTELAN","3224"
"40656","BANTENGAN","3452"
"40657","BANTENGAN","3536"
"40658","BANTENGPUTIH","3523"
"40659","BANTER","3414"
"40660","BANTUR","3454"
"40661","BANTUREJO","3510"
"40662","BANUAJU BARAT","3537"
"40663","BANUAJU TIMUR","3537"
"40664","BANYAKAN","3538"
"40665","BANYIOR","3475"
"40666","BANYONENG DAJAH (BAYONENG)","3539"
"40667","BANYONENG LAOK (BAYONENG)","3539"
"40668","BANYU BESEH","3233"
"40669","BANYU BIRU","3540"
"40670","BANYU BULU","3350"
"40671","BANYU PUTIH","3541"
"40672","BANYU SANGKAH","3221"
"40673","BANYU URIP","3542"
"40674","BANYU URIP","3543"
"40675","BANYUANYAR KIDUL","3248"
"40676","BANYUANYAR LOR","3544"
"40677","BANYUANYAR TENGAH","3248"
"40678","BANYUANYAR","3219"
"40679","BANYUANYAR","3545"
"40680","BANYUANYAR","3220"
"40681","BANYUARANG","3338"
"40682","BANYUATES","3305"
"40683","BANYUBANG","3546"
"40684","BANYUBANG","3547"
"40685","BANYUBUNIH","3471"
"40686","BANYUDONO","3394"
"40687","BANYUDONO","3488"
"40688","BANYUGLUGUR","3548"
"40689","BANYUKAMBANG","3443"
"40690","BANYUKAPAH","3367"
"40691","BANYULEGI","3459"
"40692","BANYUMAS","3220"
"40693","BANYUPELLE","3231"
"40694","BANYUPUTIH KIDUL","3549"
"40695","BANYUPUTIH LOR","3550"
"40696","BANYUPUTIH","3262"
"40697","BANYUSOKAH","3551"
"40698","BANYUTENGAH","3552"
"40699","BANYUURIP","3553"
"40700","BANYUURIP","3509"
"40701","BANYUURIP","3554"
"40702","BANYUURIP","3555"
"40703","BANYUURIP","3556"
"40704","BANYUWANGI","3528"
"40705","BANYUWULU","3262"
"40706","BAOSAN KIDUL","3557"
"40707","BAOSAN LOR","3557"
"40708","BAPELLE","3558"
"40709","BAPUH BARU","3468"
"40710","BAPUHBANDUNG","3468"
"40711","BARANG","3499"
"40712","BARANGGAYAM","3509"
"40713","BARAT","3325"
"40714","BARATAJAYA","3228"
"40715","BARATAN","3559"
"40716","BARATAN","3497"
"40717","BARENG","3315"
"40718","BARENG","3501"
"40719","BARENG","3344"
"40720","BARENG","3560"
"40721","BARENG","3455"
"40722","BARENG","3520"
"40723","BARENG","3561"
"40724","BARENG","3562"
"40725","BARENG","3244"
"40726","BARENGKRAJAN","3563"
"40727","BARON","3564"
"40728","BARON","3326"
"40729","BARON","3565"
"40730","BARONG SAWAHAN","3444"
"40731","BARUH","3220"
"40732","BARUHARJO","3566"
"40733","BARUNG GAGAH","3491"
"40734","BARURAMBAT KOTA (BARKOT)","3567"
"40735","BARURAMBAT TIMUR","3341"
"40736","BARUREJO","3286"
"40737","BARUREJO","3568"
"40738","BASANAH","3360"
"40739","BASOKA","3428"
"40740","BATAAL BARAT","3569"
"40741","BATAAL TIMUR","3569"
"40742","BATAAN","3570"
"40743","BATAH BARAT","3571"
"40744","BATAH TIMUR","3571"
"40745","BATANGAN","3360"
"40746","BATANGBATANG DAYA","3537"
"40747","BATANGBATANG LAOK","3537"
"40748","BATANGSAREN","3397"
"40749","BATANKRAJAN","3417"
"40750","BATE","3463"
"40751","BATEKTAMAN (BETEKTAMAN)","3572"
"40752","BATEMBAT","3320"
"40753","BATES","3247"
"40754","BATES","3573"
"40755","BATIOH","3305"
"40756","BATOBELLA (BATOBELLE)","3539"
"40757","BATOK","3574"
"40758","BATOKABAN","3453"
"40759","BATOKAN","3575"
"40760","BATOKAN","3529"
"40761","BATOKOROGAN","3264"
"40762","BATONAONG","3301"
"40763","BATOPORO BARAT","3367"
"40764","BATOPORO TIMUR","3367"
"40765","BATOR","3535"
"40766","BATORASANG (BATURASANG)","3491"
"40767","BATTAL","3285"
"40768","BATU AMPAR","3371"
"40769","BATU BINTANG","3474"
"40770","BATU KALANGAN","3350"
"40771","BATU KARANG","3278"
"40772","BATU SALANG","3371"
"40773","BATUAJI","3576"
"40774","BATUAMPAR","3384"
"40775","BATUAN","3327"
"40776","BATUBELAH BARAT","3573"
"40777","BATUBELAH TIMUR","3573"
"40778","BATUDINDING","3274"
"40779","BATUKERBUY","3577"
"40780","BATUPUTIH DAYA","3224"
"40781","BATUPUTIH KENEK","3224"
"40782","BATUPUTIH LAOK","3224"
"40783","BATUPUTIH","3578"
"40784","BATUR","3572"
"40785","BATURETNO","3255"
"40786","BATURETNO","3283"
"40787","BATURETNO","3579"
"40788","BATURONO","3425"
"40789","BAUJENG","3580"
"40790","BAURENO","3503"
"40791","BAURENO","3581"
"40792","BAWANG","3433"
"40793","BAWANGAN","3582"
"40794","BAYE","3476"
"40795","BAYEM TAMAN","3583"
"40796","BAYEM WETAN","3583"
"40797","BAYEM","3584"
"40798","BAYEMAN","3293"
"40799","BAYEMAN","3366"
"40800","BAYEMAN","3585"
"40801","BAYEMGEDE","3409"
"40802","BAYU","3391"
"40803","BA\ENGAS","3586"
"40804","BEBEKAN","3587"
"40805","BECIRONGENGOR","3588"
"40806","BEDADUNG","3589"
"40807","BEDAGUNG","3511"
"40808","BEDAH LAWAK","3590"
"40809","BEDAHAN","3329"
"40810","BEDALI","3591"
"40811","BEDALI","3318"
"40812","BEDANTEN","3218"
"40813","BEDAYU","3288"
"40814","BEDAYUTALANG","3288"
"40815","BEDEWANG","3391"
"40816","BEDI KULON","3440"
"40817","BEDI WETAN","3440"
"40818","BEDILAN","3592"
"40819","BEDINGIN","3438"
"40820","BEDINGIN","3383"
"40821","BEDOHO","3593"
"40822","BEDOHO","3594"
"40823","BEDRUG","3434"
"40824","BEDUG","3337"
"40825","BEDURI","3488"
"40826","BEGADON","3595"
"40827","BEGADUNG","3406"
"40828","BEGAGANLIMO","3376"
"40829","BEGAL","3482"
"40830","BEGAN","3468"
"40831","BEGED","3595"
"40832","BEGENDENG","3596"
"40833","BEJAGUNG","3597"
"40834","BEJI","3580"
"40835","BEJI","3598"
"40836","BEJI","3599"
"40837","BEJI","3600"
"40838","BEJI","3601"
"40839","BEJIJONG","3420"
"40840","BEKARE","3440"
"40841","BEKIRING","3434"
"40842","BEKTIHARJO","3597"
"40843","BELAH","3602"
"40844","BELAHANREJO","3554"
"40845","BELAHANTENGAH","3312"
"40846","BELANG (BLANG)","3440"
"40847","BELATERAN (BLATERAN)","3471"
"40848","BELIK","3603"
"40849","BELIKANGET","3604"
"40850","BELOH","3420"
"40851","BELOR","3605"
"40852","BELOTAN","3606"
"40853","BELUK ARES","3263"
"40854","BELUK KENEK","3263"
"40855","BELUK RAJA","3263"
"40856","BELUN","3385"
"40857","BELUNG","3289"
"40858","BENANGKAH","3236"
"40859","BENCE","3607"
"40860","BENCE","3448"
"40861","BENCULUK","3608"
"40862","BENDA ASRI","3513"
"40863","BENDELAN","3559"
"40864","BENDET","3403"
"40865","BENDILJATI KULON","3609"
"40866","BENDILJATI WETAN","3609"
"40867","BENDILWUNGU","3609"
"40868","BENDO MUNGAL","3610"
"40869","BENDO","3606"
"40870","BENDO","3611"
"40871","BENDO","3378"
"40872","BENDO","3612"
"40873","BENDO","3504"
"40874","BENDO","3613"
"40875","BENDO","3614"
"40876","BENDO","3335"
"40877","BENDOAGUNG","3615"
"40878","BENDOARUM","3616"
"40879","BENDOGERIT","3617"
"40880","BENDOLO","3561"
"40881","BENDONGLATENG","3618"
"40882","BENDOREJO","3619"
"40883","BENDOREJO","3388"
"40884","BENDOROTO","3479"
"40885","BENDOSARI","3620"
"40886","BENDOSARI","3505"
"40887","BENDOSARI","3529"
"40888","BENDOSARI","3621"
"40889","BENDOSARI","3622"
"40890","BENDOSEWU","3365"
"40891","BENDOTRETEK","3623"
"40892","BENDOWULUNG","3622"
"40893","BENDUL MERISI","3624"
"40894","BENDUNG","3527"
"40895","BENDUNGAN","3259"
"40896","BENDUNGAN","3611"
"40897","BENDUNGAN","3308"
"40898","BENDUNGAN","3382"
"40899","BENDUNGANJATI","3625"
"40900","BENDUNGREJO","3416"
"40901","BENELAN KIDUL","3238"
"40902","BENELAN LOR","3344"
"40903","BENER","3369"
"40904","BENERWOJO","3256"
"40905","BENGKAK","3243"
"40906","BENGKELOLOR","3414"
"40907","BENING","3376"
"40908","BENJOR","3626"
"40909","BENOWO","3627"
"40910","BERAJI","3274"
"40911","BERAN","3542"
"40912","BERATKULON","3628"
"40913","BERATWETAN","3417"
"40914","BERBEK","3416"
"40915","BERBEK","3629"
"40916","BERBELUK","3301"
"40917","BERCAK ASRI","3371"
"40918","BERCAK","3371"
"40919","BERINGIN (BRINGIN)","3491"
"40920","BERMI (BREMI)","3630"
"40921","BERU","3631"
"40922","BERU","3324"
"40923","BESAH","3575"
"40924","BESOLE","3632"
"40925","BESOWO","3347"
"40926","BESOWO","3633"
"40927","BESUK AGUNG","3235"
"40928","BESUK KIDUL","3235"
"40929","BESUK","3534"
"40930","BESUK","3219"
"40931","BESUK","3634"
"40932","BESUK","3635"
"40933","BESUKI","3636"
"40934","BESUKI","3632"
"40935","BESUKI","3419"
"40936","BESUKI","3479"
"40937","BESUKI","3499"
"40938","BESUKI","3438"
"40939","BESUKI","3388"
"40940","BESUR","3637"
"40941","BETAK","3553"
"40942","BETEK","3630"
"40943","BETEK","3353"
"40944","BETEK","3638"
"40945","BETET","3575"
"40946","BETET","3409"
"40947","BETET","3496"
"40948","BETET","3433"
"40949","BETITING","3526"
"40950","BETON","3639"
"40951","BETON","3640"
"40952","BETOYOGUCI","3528"
"40953","BETOYOKAUMAN","3528"
"40954","BETRO","3628"
"40955","BETRO","3495"
"40956","BETTET","3567"
"40957","BHINAR","3240"
"40958","BIBIS","3447"
"40959","BIBRIK","3593"
"40960","BICABI","3437"
"40961","BICAK","3420"
"40962","BICORONG","3364"
"40963","BILANGAN","3537"
"40964","BILAPORA BARAT","3569"
"40965","BILAPORA REBA","3436"
"40966","BILAPORA TIMUR","3569"
"40967","BILAPORAH","3641"
"40968","BILIS BILIS","3279"
"40969","BILLA\AN","3350"
"40970","BIMO","3239"
"40971","BIMOREJO","3243"
"40972","BINADE","3557"
"40973","BINAJUH (BANYU AJUH)","3642"
"40974","BINAKAL","3559"
"40975","BINANGUN","3643"
"40976","BINANGUN","3644"
"40977","BINDANG","3577"
"40978","BINOH","3236"
"40979","BINTORO","3497"
"40980","BINTOYO","3504"
"40981","BIRA BARAT","3551"
"40982","BIRA TENGAH","3645"
"40983","BIRA TIMUR","3645"
"40984","BIREM","3491"
"40985","BIROWO","3643"
"40986","BITING","3292"
"40987","BITING","3345"
"40988","BLABAK","3646"
"40989","BLABAK","3433"
"40990","BLABAKAN","3487"
"40991","BLABAN","3474"
"40992","BLADO KULON","3531"
"40993","BLADO WETAN","3248"
"40994","BLAJO","3647"
"40995","BLAMBANGAN","3648"
"40996","BLANDONGAN","3374"
"40997","BLARAN","3480"
"40998","BLARANG","3273"
"40999","BLARU","3339"
"41000","BLAWE","3605"
"41001","BLAWI","3509"
"41002","BLAWIREJO","3525"
"41003","BLAYU","3426"
"41004","BLEBER","3505"
"41005","BLEBERAN","3581"
"41006","BLEGA","3247"
"41007","BLEGAOLOH","3247"
"41008","BLEMBEM","3649"
"41009","BLENDIS","3611"
"41010","BLETOK","3650"
"41011","BLIGO","3408"
"41012","BLIMBING GEDE","3442"
"41013","BLIMBING SARI","3252"
"41014","BLIMBING","3636"
"41015","BLIMBING","3296"
"41016","BLIMBING","3346"
"41017","BLIMBING","3651"
"41018","BLIMBING","3219"
"41019","BLIMBING","3652"
"41020","BLIMBING","3634"
"41021","BLIMBING","3653"
"41022","BLIMBING","3533"
"41023","BLIMBING","3239"
"41024","BLIMBING","3303"
"41025","BLIMBING","3654"
"41026","BLIMBINGSARI","3655"
"41027","BLINDUNGAN","3343"
"41028","BLITAR","3656"
"41029","BLITARAN","3357"
"41030","BLONGKO","3657"
"41031","BLONGSONG","3503"
"41032","BLOOTO","3658"
"41033","BLORO","3636"
"41034","BLUKON","3532"
"41035","BLULUK","3515"
"41036","BLUMBANG","3659"
"41037","BLUMBUNGAN","3660"
"41038","BLURI","3547"
"41039","BLURU KIDUL","3506"
"41040","BLUTO","3223"
"41041","BLUURAN (BLU URAN)","3661"
"41042","BOBANG","3662"
"41043","BOBOH","3639"
"41044","BOBOL","3562"
"41045","BOCEK","3267"
"41046","BODAG","3663"
"41047","BODAG","3664"
"41048","BODAG","3499"
"41049","BODANG","3325"
"41050","BODOR","3320"
"41051","BOGANGIN","3521"
"41052","BOGEM PINGGIR","3373"
"41053","BOGEM","3219"
"41054","BOGEM","3398"
"41055","BOGEM","3447"
"41056","BOGO","3378"
"41057","BOGO","3406"
"41058","BOGOARUM","3665"
"41059","BOGOBABADAN","3509"
"41060","BOGOHARJO (BEGOHARJO)","3664"
"41061","BOGOKIDUL","3512"
"41062","BOGORAN","3615"
"41063","BOGOREJO","3439"
"41064","BOGOREJO","3480"
"41065","BOGOREJO","3666"
"41066","BOHAR","3587"
"41067","BOJOASRI","3647"
"41068","BOKOR","3626"
"41069","BOLO","3663"
"41070","BOLO","3556"
"41071","BOLOREJO","3397"
"41072","BOLOSINGO","3300"
"41073","BOMO","3667"
"41074","BOMO","3252"
"41075","BONCONG","3439"
"41076","BONDOL","3668"
"41077","BONDOYUDO","3669"
"41078","BONDRANG","3670"
"41079","BONGKARAN","3671"
"41080","BONGKOT","3672"
"41081","BONGSOPOTRO","3369"
"41082","BONO","3598"
"41083","BONO","3481"
"41084","BONOREJO","3595"
"41085","BORANG","3295"
"41086","BOREHBANGLE","3666"
"41087","BORENG","3532"
"41088","BORO","3469"
"41089","BORO","3269"
"41090","BORO","3490"
"41091","BOTENG","3639"
"41092","BOTO","3673"
"41093","BOTO","3597"
"41094","BOTOK","3674"
"41095","BOTOLINGGO","3675"
"41096","BOTOPUTIH","3676"
"41097","BOTOPUTIH","3381"
"41098","BOTORAN","3354"
"41099","BOYOLANGU","3598"
"41100","BOYOLANGU","3677"
"41101","BRABE","3678"
"41102","BRABOWAN","3595"
"41103","BRAGANG","3535"
"41104","BRAGUNG","3384"
"41105","BRAHU","3640"
"41106","BRAKAS DAJAH","3245"
"41107","BRAKAS","3246"
"41108","BRAMBANG DARUSSOLAH","3679"
"41109","BRAMBANG","3403"
"41110","BRAMBANG","3366"
"41111","BRANANG","3242"
"41112","BRANGGAH","3673"
"41113","BRANGGAHAN","3337"
"41114","BRANGKAL","3331"
"41115","BRANGKAL","3444"
"41116","BRANGKAL","3409"
"41117","BRANGKAL","3680"
"41118","BRANGKAL","3655"
"41119","BRANGOL","3681"
"41120","BRANGSI","3682"
"41121","BRANI KULON","3678"
"41122","BRANI WETAN","3678"
"41123","BRANTA PASISIR","3257"
"41124","BRANTA TINGGI","3257"
"41125","BRAYUBLANDONG","3459"
"41126","BRAYUNG","3415"
"41127","BRENGGOLO","3683"
"41128","BRENGGOLO","3684"
"41129","BRENGKOK","3685"
"41130","BRINGIN (BRINGEN)","3586"
"41131","BRINGIN NONGGAL","3686"
"41132","BRINGIN","3339"
"41133","BRINGIN","3687"
"41134","BRINGIN","3573"
"41135","BRINGIN","3688"
"41136","BRINGIN","3689"
"41137","BRINGIN","3627"
"41138","BRINGIN","3426"
"41139","BRINGINAN","3649"
"41140","BRINGINBENDO","3587"
"41141","BRINGKANG","3639"
"41142","BRINGSANG","3222"
"41143","BRODOT","3444"
"41144","BRONDONG","3685"
"41145","BRONGKAL","3393"
"41146","BRONJONG","3515"
"41147","BROTO","3690"
"41148","BROTONEGARAN","3488"
"41149","BRUBUH","3691"
"41150","BRUDU","3340"
"41151","BRUMBUN","3659"
"41152","BRUMBUN","3536"
"41153","BRUMBUNG","3633"
"41154","BRUMBUNGAN KIDUL","3678"
"41155","BRUMBUNGAN LOR","3544"
"41156","BUBAKAN","3692"
"41157","BUBUK","3252"
"41158","BUBULAN","3693"
"41159","BUBUTAN","3253"
"41160","BUCOR KULON","3239"
"41161","BUCOR WETAN","3239"
"41162","BUDAGAN (BUDDAGAN)","3341"
"41163","BUDDAN","3360"
"41164","BUDDI","3279"
"41165","BUDDIH","3341"
"41166","BUDUAN","3694"
"41167","BUDUG","3460"
"41168","BUDUGSIDOREJO","3340"
"41169","BUDURAN","3301"
"41170","BUDURAN","3356"
"41171","BUDURAN","3522"
"41172","BUDURAN","3443"
"41173","BUGASUR KEDALEMAN","3651"
"41174","BUGEL","3637"
"41175","BUGEMAN","3424"
"41176","BUGIH","3567"
"41177","BUGOHARJO","3333"
"41178","BUGUL KIDUL","3374"
"41179","BUGUL LOR","3464"
"41180","BUJEL","3445"
"41181","BUJUR BARAT","3474"
"41182","BUJUR TENGAH","3474"
"41183","BUJUR TIMUR","3474"
"41184","BUKABU","3263"
"41185","BUKEK","3257"
"41186","BUKER","3306"
"41187","BUKIR","3695"
"41188","BUKOR","3262"
"41189","BUKUR","3593"
"41190","BUKUR","3430"
"41191","BUKUR","3323"
"41192","BUKUR","3609"
"41193","BULAAN (BULLAAN)","3224"
"41194","BULAK BANTENG","3696"
"41195","BULAK","3361"
"41196","BULAK","3606"
"41197","BULAK","3697"
"41198","BULAKLO","3396"
"41199","BULAKREJO","3314"
"41200","BULANG","3544"
"41201","BULANG","3623"
"41202","BULANGAN BARAT","3258"
"41203","BULANGAN BRANTA","3258"
"41204","BULANGAN HAJI","3258"
"41205","BULANGAN TIMUR","3258"
"41206","BULANGAN","3326"
"41207","BULANGKULON","3414"
"41208","BULAY","3302"
"41209","BULMATET","3661"
"41210","BULU LOR","3649"
"41211","BULU","3396"
"41212","BULU","3416"
"41213","BULU","3249"
"41214","BULU","3698"
"41215","BULU","3605"
"41216","BULU","3438"
"41217","BULU","3662"
"41218","BULU","3244"
"41219","BULU","3447"
"41220","BULUAGUNG","3699"
"41221","BULUAGUNG","3568"
"41222","BULUBRANGSI","3682"
"41223","BULUGLEDEG","3606"
"41224","BULUGUNUNG","3665"
"41225","BULUH","3641"
"41226","BULUHARJO","3665"
"41227","BULUJARAN KIDUL","3531"
"41228","BULUJARAN LOR","3531"
"41229","BULUJOWO","3439"
"41230","BULUK AGUNG","3535"
"41231","BULUKANDANG","3516"
"41232","BULUKANDANG","3700"
"41233","BULUKERTO","3701"
"41234","BULUKERTO","3565"
"41235","BULUKIDUL","3361"
"41236","BULULANJANG","3401"
"41237","BULULAWANG","3386"
"41238","BULULAWANG","3375"
"41239","BULUMARGI","3329"
"41240","BULUMEDURO","3439"
"41241","BULUNG","3535"
"41242","BULUPANDAK","3572"
"41243","BULUPASAR","3613"
"41244","BULUPITU","3702"
"41245","BULUREJO","3414"
"41246","BULUREJO","3403"
"41247","BULUREJO","3703"
"41248","BULUREJO","3502"
"41249","BULUREJO","3704"
"41250","BULUS","3452"
"41251","BULUSAN","3705"
"41252","BULUSARI","3706"
"41253","BULUSARI","3705"
"41254","BULUSARI","3469"
"41255","BULUSARI","3654"
"41256","BULUSIDOKARE","3506"
"41257","BULUTENGGER","3637"
"41258","BULUTIGO","3682"
"41259","BUMI ANYAR","3221"
"41260","BUMIAJI","3701"
"41261","BUMIAYU","3503"
"41262","BUMIAYU","3299"
"41263","BUMIAYU","3392"
"41264","BUMIHARJO","3707"
"41265","BUMIREJO","3255"
"41266","BUMIREJO","3409"
"41267","BUMIREJO","3708"
"41268","BUNAJIH","3586"
"41269","BUNBARAT","3428"
"41270","BUNCITAN","3495"
"41271","BUNDAH","3472"
"41272","BUNDER","3344"
"41273","BUNDER","3341"
"41274","BUNDERAN","3309"
"41275","BUNGAH","3218"
"41276","BUNGATAN","3650"
"41277","BUNGBARUH","3466"
"41278","BUNGBUNGAN","3223"
"41279","BUNGIN BUNGIN","3437"
"41280","BUNGKAL","3440"
"41281","BUNGKENG","3221"
"41282","BUNGKUK","3709"
"41283","BUNGU","3440"
"41284","BUNGUR","3387"
"41285","BUNGUR","3316"
"41286","BUNGUR","3357"
"41287","BUNGUR","3692"
"41288","BUNGURASIH","3629"
"41289","BUNPENANG","3437"
"41290","BUNTALAN","3385"
"41291","BUNTARAN","3303"
"41292","BUNTEN BARAT","3551"
"41293","BUNTEN TIMUR","3551"
"41294","BUNULREJO","3296"
"41295","BUNUT","3500"
"41296","BUNUTWETAN","3268"
"41297","BURENGAN","3433"
"41298","BURING","3299"
"41299","BURNEH","3236"
"41300","BURNO","3288"
"41301","BUTOH","3455"
"41302","BUTOH","3521"
"41303","BUTUH","3505"
"41304","BUTUN","3710"
"41305","BUTUNGAN","3647"
"41306","BUWEK","3550"
"41307","CABBIYA","3711"
"41308","CABEAN","3390"
"41309","CAGAKAGUNG","3526"
"41310","CAKRU","3712"
"41311","CAKUL","3713"
"41312","CALUK","3690"
"41313","CAMPAKA","3714"
"41314","CAMPOAN","3234"
"41315","CAMPOR BARAT","3263"
"41316","CAMPOR TIMUR","3263"
"41317","CAMPOR","3539"
"41318","CAMPOR","3453"
"41319","CAMPOR","3350"
"41320","CAMPUR ASRI","3681"
"41321","CAMPUR","3405"
"41322","CAMPURDARAT","3715"
"41323","CAMPUREJO","3445"
"41324","CAMPUREJO","3552"
"41325","CAMPUREJO","3502"
"41326","CAMPUREJO","3438"
"41327","CAMPURJO","3507"
"41328","CAMPURSARI","3438"
"41329","CAMPURSARI","3716"
"41330","CANCUNG","3693"
"41331","CANDI BINANGUN","3717"
"41332","CANDI BURUNG","3350"
"41333","CANDI MULYO","3492"
"41334","CANDI WATES","3700"
"41335","CANDI","3408"
"41336","CANDI","3437"
"41337","CANDI","3362"
"41338","CANDI","3718"
"41339","CANDIHARJO","3450"
"41340","CANDIJATI","3292"
"41341","CANDIMULYO","3346"
"41342","CANDINEGORO","3588"
"41343","CANDIPARI","3719"
"41344","CANDIPURO","3720"
"41345","CANDIREJO","3368"
"41346","CANDIREJO","3565"
"41347","CANDIREJO","3335"
"41348","CANDIRENGGO","3283"
"41349","CANDISARI","3286"
"41350","CANDITUNGGAL","3647"
"41351","CANDIWATU","3625"
"41352","CANGAAN","3556"
"41353","CANGAKAN","3387"
"41354","CANGAKAN","3721"
"41355","CANGGAH","3631"
"41356","CANGGU","3339"
"41357","CANGGU","3527"
"41358","CANGKARMAN (CANGKAREMAN)","3453"
"41359","CANGKIR","3427"
"41360","CANGKRAMAAN (CANGKREMAN)","3578"
"41361","CANGKRENG","3436"
"41362","CANGKRING MALANG","3580"
"41363","CANGKRING","3515"
"41364","CANGKRING","3722"
"41365","CANGKRING","3404"
"41366","CANGKRING","3664"
"41367","CANGKRING","3456"
"41368","CANGKRING","3451"
"41369","CANGKRINGAN","3406"
"41370","CANGKRINGRANDU","3723"
"41371","CANGKRINGSARI","3277"
"41372","CANGKRINGTURI","3623"
"41373","CANTEL","3483"
"41374","CANTUK","3238"
"41375","CAPANG","3724"
"41376","CARANG REJO","3652"
"41377","CARANG REJO","3725"
"41378","CARANGWULUNG","3726"
"41379","CARAT","3706"
"41380","CARAT","3688"
"41381","CARIKAN","3606"
"41382","CARUBAN","3387"
"41383","CATAK GAYAM","3727"
"41384","CEGUK","3257"
"41385","CEKALANG","3485"
"41386","CEKOK","3315"
"41387","CELEP","3506"
"41388","CEMANDI","3495"
"41389","CEMARA","3694"
"41390","CEMBOR","3625"
"41391","CEMENG BAKALAN","3506"
"41392","CEMENG KALANG","3506"
"41393","CEMENG","3602"
"41394","CEMOROKANDANG","3299"
"41395","CENDAGAH","3301"
"41396","CENDONO","3646"
"41397","CENDONO","3519"
"41398","CENDONO","3379"
"41399","CENDORO","3459"
"41400","CENDORO","3728"
"41401","CENGKIR","3409"
"41402","CENGKOK","3496"
"41403","CENGKOK","3654"
"41404","CENGKONG","3680"
"41405","CENGKRONG","3271"
"41406","CENGUNGKLUNG","3595"
"41407","CENLECEN","3364"
"41408","CENTINI","3682"
"41409","CENTONG","3376"
"41410","CEPOKO","3416"
"41411","CEPOKO","3319"
"41412","CEPOKO","3557"
"41413","CEPOKO","3511"
"41414","CEPOKO","3729"
"41415","CEPOKOLIMO","3625"
"41416","CEPOKOMULYO","3284"
"41417","CEPOKOREJO","3728"
"41418","CERME KIDUL","3526"
"41419","CERME LOR","3526"
"41420","CERME","3377"
"41421","CERME","3730"
"41422","CERME","3320"
"41423","CERMEE","3371"
"41424","CERMEN","3554"
"41425","CERMO","3663"
"41426","CEWENG","3403"
"41427","CILENG","3251"
"41428","CILUK","3688"
"41429","CINANDANG","3459"
"41430","CINDOGO","3731"
"41431","CINGKLUNG","3439"
"41432","CIPTOMULYO","3372"
"41433","CITRODIWANGSAN","3532"
"41434","CLAKET","3625"
"41435","CLARAK","3732"
"41436","CLEBUNG","3693"
"41437","CLUMPRIT","3393"
"41438","CLURING","3608"
"41439","CLURING","3647"
"41440","COBAN BLIMBING","3733"
"41441","COBAN JOYO","3256"
"41442","CODO","3426"
"41443","COKROKEMBANG","3664"
"41444","COKROMENGGALAN","3488"
"41445","COKROWATI","3604"
"41446","COMPRENG","3500"
"41447","CONDONG","3572"
"41448","CONDRO","3349"
"41449","COPER","3734"
"41450","CORAK COTOK","3735"
"41451","COWEK","3724"
"41452","CRABAK","3690"
"41453","CRAKEN","3479"
"41454","CUKIR","3403"
"41455","CUKUR GONDANG","3736"
"41456","CUKURGULING","3516"
"41457","CUMEDAK","3737"
"41458","CUNGKUP","3333"
"41459","CUPAK","3304"
"41460","CURAH DRINGU","3585"
"41461","CURAH DUKUH","3308"
"41462","CURAH JERU","3285"
"41463","CURAH KALAK","3227"
"41464","CURAH KALONG","3342"
"41465","CURAH MALANG","3340"
"41466","CURAH REJO","3717"
"41467","CURAH SURI","3738"
"41468","CURAH TATAL","3293"
"41469","CURAH TULIS","3585"
"41470","CURAHDAMI","3739"
"41471","CURAHGRINTING","3740"
"41472","CURAHLELE","3423"
"41473","CURAHMALANG","3741"
"41474","CURAHMOJO","3413"
"41475","CURAHNONGKO","3272"
"41476","CURAHPETUNG","3448"
"41477","CURAHPOH","3739"
"41478","CURAHSAWO","3544"
"41479","CURAHTAKIR","3272"
"41480","CURAHTEMU","3742"
"41481","CURUNG REJO","3284"
"41482","DAANDUNG","3578"
"41483","DABASAH","3343"
"41484","DABUAN","3257"
"41485","DABUNG (DEBUNG)","3539"
"41486","DADAPAN","3361"
"41487","DADAPAN","3743"
"41488","DADAPAN","3744"
"41489","DADAPAN","3344"
"41490","DADAPAN","3745"
"41491","DADAPAN","3496"
"41492","DADAPAN","3718"
"41493","DADAPAN","3547"
"41494","DADAPAN","3426"
"41495","DADAPKUNING","3526"
"41496","DADAPLANGU","3335"
"41497","DADAPREJO","3600"
"41498","DADI TUNGGAL","3582"
"41499","DADI","3665"
"41500","DAGAN","3547"
"41501","DAGANGAN","3508"
"41502","DAGANGAN","3680"
"41503","DAHANREJO","3746"
"41504","DAHOR","3546"
"41505","DAKIRING","3641"
"41506","DALEGAN","3552"
"41507","DALEMAN","3471"
"41508","DALEMAN","3367"
"41509","DALISODO","3747"
"41510","DALIWANGUN","3383"
"41511","DALPENANG","3220"
"41512","DAMARSI","3522"
"41513","DAMARWULAN","3633"
"41514","DAMPAAN","3526"
"41515","DAMPIT","3687"
"41516","DAMPIT","3255"
"41517","DANDANG GENDIS","3748"
"41518","DANDANG","3572"
"41519","DANDANGAN","3421"
"41520","DANDER","3749"
"41521","DANDONG","3352"
"41522","DANGUK","3681"
"41523","DAPENDA","3537"
"41524","DAPET","3331"
"41525","DAPUR KEJAMBON","3492"
"41526","DARAMESTA","3436"
"41527","DARMO","3750"
"41528","DARMOREJO","3487"
"41529","DARSONO","3292"
"41530","DARUNGAN","3620"
"41531","DARUNGAN","3614"
"41532","DARUNGAN","3751"
"41533","DARUNGAN","3752"
"41534","DARUREJO","3478"
"41535","DASIN","3604"
"41536","DASOK","3341"
"41537","DASRI","3753"
"41538","DASUK BARAT","3573"
"41539","DASUK LAOK","3573"
"41540","DASUK TIMUR","3573"
"41541","DATENG","3682"
"41542","DATENGAN","3377"
"41543","DATINAWONG","3329"
"41544","DAUN","3401"
"41545","DAWARBLANDONG","3459"
"41546","DAWU","3322"
"41547","DAWUAN","3754"
"41548","DAWUAN","3694"
"41549","DAWUHAN KIDUL","3755"
"41550","DAWUHAN LOR","3669"
"41551","DAWUHAN MANGLI","3294"
"41552","DAWUHAN SENGON","3724"
"41553","DAWUHAN WETAN","3756"
"41554","DAWUHAN","3743"
"41555","DAWUHAN","3596"
"41556","DAWUHAN","3620"
"41557","DAWUHAN","3698"
"41558","DAWUHAN","3289"
"41559","DAWUHAN","3605"
"41560","DAWUHAN","3757"
"41561","DAWUHAN","3570"
"41562","DAWUHAN","3758"
"41563","DAWUNG","3691"
"41564","DAWUNG","3728"
"41565","DAWUNG","3576"
"41566","DAYAKAN","3345"
"41567","DAYU","3477"
"41568","DAYU","3605"
"41569","DAYUKIDUL","3313"
"41570","DAYUREJO","3700"
"41571","DEKATAGUNG","3401"
"41572","DEKET KULON","3330"
"41573","DEKET WETAN","3330"
"41574","DEKETAGUNG","3383"
"41575","DELIKSUMBER","3414"
"41576","DELING","3562"
"41577","DEMANGAN","3441"
"41578","DEMANGAN","3640"
"41579","DEMANGAN","3514"
"41580","DEMANGAN","3489"
"41581","DEMIT","3347"
"41582","DEMPEL","3348"
"41583","DEMPELAN","3353"
"41584","DEMPO BARAT","3577"
"41585","DEMPO TIMUR","3577"
"41586","DEMUK","3759"
"41587","DEMUNG","3636"
"41588","DENANYAR","3492"
"41589","DENGKOL","3283"
"41590","DENGOK","3519"
"41591","DENOK","3532"
"41592","DEPOK","3676"
"41593","DEPOK","3499"
"41594","DERMAWUHARDJO","3546"
"41595","DERMO LEMAHBANG","3631"
"41596","DERMO","3610"
"41597","DERMO","3414"
"41598","DERMO","3445"
"41599","DERMOJAYAN","3352"
"41600","DERMOSARI","3435"
"41601","DERO","3687"
"41602","DERSONO","3718"
"41603","DERU","3521"
"41604","DEYENG","3576"
"41605","DHARMA CAMPLONG","3278"
"41606","DHARMA TANJUNG","3278"
"41607","DHOMPO","3308"
"41608","DIBE","3647"
"41609","DIKIR","3604"
"41610","DILEM","3376"
"41611","DILEM","3284"
"41612","DIMONG","3353"
"41613","DINDEN","3460"
"41614","DINGIL","3347"
"41615","DINOYO","3330"
"41616","DINOYO","3581"
"41617","DINOYO","3760"
"41618","DIPONGGO","3761"
"41619","DISANAH","3472"
"41620","DITOTRUNAN","3532"
"41621","DIWEK","3403"
"41622","DLAMBAH DAJAH","3360"
"41623","DLAMBAH LAOK","3360"
"41624","DLANGGU","3330"
"41625","DLANGGU","3762"
"41626","DLEMER","3301"
"41627","DLEMER","3571"
"41628","DLURU","3596"
"41629","DOHO","3346"
"41630","DOHOAGUNG","3331"
"41631","DOKO","3763"
"41632","DOKO","3764"
"41633","DOLOK GEDE","3380"
"41634","DOLOPO","3346"
"41635","DOMAS","3639"
"41636","DOMAS","3420"
"41637","DOMASAN","3553"
"41638","DOMPYONG","3676"
"41639","DONAN","3765"
"41640","DONGANTI","3684"
"41641","DONGKO","3713"
"41642","DONO","3766"
"41643","DONOMULYO","3517"
"41644","DONOROJO","3602"
"41645","DONOWARIH","3267"
"41646","DOORO","3526"
"41647","DOROAMPEL","3609"
"41648","DOROGOWOK","3767"
"41649","DOROMUKTI","3579"
"41650","DOUDO","3552"
"41651","DOYOMULYO","3768"
"41652","DR. SUTOMO","3769"
"41653","DRADAH BLUMBANG","3525"
"41654","DRAJAT","3503"
"41655","DRAJAT","3533"
"41656","DRANCANG","3639"
"41657","DRENGES","3431"
"41658","DRENGES","3244"
"41659","DRINGU","3770"
"41660","DRIYOREJO","3427"
"41661","DRIYOREJO","3771"
"41662","DROKILO","3313"
"41663","DRUJU","3290"
"41664","DRUJUGURIT","3730"
"41665","DUDUK LOR","3468"
"41666","DUDUK SAMPEYAN","3259"
"41667","DUKO","3279"
"41668","DUKO","3428"
"41669","DUKOHKIDUL","3455"
"41670","DUKOTAMBIN","3233"
"41671","DUKUH ARUM","3410"
"41672","DUKUH DEMPOK","3266"
"41673","DUKUH KEMBAR","3326"
"41674","DUKUH KLOPO","3672"
"41675","DUKUH KUPANG","3772"
"41676","DUKUH LOR","3432"
"41677","DUKUH MENANGGAL","3773"
"41678","DUKUH MENCEK","3774"
"41679","DUKUH MOJO","3638"
"41680","DUKUH PAKIS","3772"
"41681","DUKUH SARI","3717"
"41682","DUKUH SETRO","3775"
"41683","DUKUH SUTOREJO","3776"
"41684","DUKUH","3606"
"41685","DUKUH","3611"
"41686","DUKUH","3777"
"41687","DUKUH","3337"
"41688","DUKUH","3778"
"41689","DUKUH / DUKO TIMUR","3660"
"41690","DUKUHAGUNG","3381"
"41691","DUKUHDIMORO","3638"
"41692","DUKUHNGARJO","3581"
"41693","DUKUHSARI","3419"
"41694","DUKUHTENGAH","3522"
"41695","DUKUHTUNGGAL","3468"
"41696","DUKUNANYAR","3326"
"41697","DULANG","3686"
"41698","DUMAJAH","3360"
"41699","DUMPIAGUNG","3768"
"41700","DUMPLENGAN","3483"
"41701","DUNGKEK","3437"
"41702","DUNGMIRI","3681"
"41703","DUNGUN","3585"
"41704","DUNGUS","3526"
"41705","DUNGUS","3411"
"41706","DUPAK","3779"
"41707","DUPOK","3264"
"41708","DURBUK","3341"
"41709","DUREN","3572"
"41710","DUREN","3780"
"41711","DUREN","3698"
"41712","DUREN","3561"
"41713","DUREN","3365"
"41714","DUREN","3435"
"41715","DURENAN","3566"
"41716","DURENAN","3574"
"41717","DURENAN","3716"
"41718","DURENSEWU","3494"
"41719","DURI KULON","3682"
"41720","DURI","3690"
"41721","DURIKEDUNGJERO","3730"
"41722","DURIN BARAT","3453"
"41723","DURIN TIMUR","3453"
"41724","DURIWETAN","3659"
"41725","DURJAN","3264"
"41726","DURUNGBANJAR","3408"
"41727","DURUNGBEDUG","3408"
"41728","DUWEK BUTER","3571"
"41729","DUWEL","3313"
"41730","DUWET KRAJAN","3626"
"41731","DUWET","3606"
"41732","DUWET","3481"
"41733","DUWET","3237"
"41734","DUWET","3626"
"41735","DUWET","3781"
"41736","DUYUNG","3782"
"41737","DUYUNG","3603"
"41738","DUYUNGAN","3783"
"41739","ELLAK DAYA","3436"
"41740","ELLAK LAOK","3436"
"41741","EMBONG KALIASIN","3784"
"41742","ENTALSEWU","3522"
"41743","ERRABU","3223"
"41744","ESSANG","3711"
"41745","GABEL","3688"
"41746","GABRU","3219"
"41747","GABUSBANARAN","3590"
"41748","GADANG","3372"
"41749","GADDING","3785"
"41750","GADING KEMBAR","3287"
"41751","GADING KULON","3248"
"41752","GADING WETAN","3572"
"41753","GADING","3314"
"41754","GADING","3375"
"41755","GADING","3581"
"41756","GADING","3404"
"41757","GADING","3380"
"41758","GADING","3775"
"41759","GADING","3435"
"41760","GADING","3449"
"41761","GADINGAN","3227"
"41762","GADINGKASRI","3560"
"41763","GADINGKULON","3786"
"41764","GADINGMANGU","3723"
"41765","GADINGREJO","3695"
"41766","GADINGREJO","3787"
"41767","GADINGSARI","3559"
"41768","GADINGSARI","3276"
"41769","GADINGWATU","3639"
"41770","GADON","3604"
"41771","GADOR","3566"
"41772","GADU BARAT","3569"
"41773","GADU TIMUR","3569"
"41774","GADUNG","3427"
"41775","GADUNGAN","3710"
"41776","GADUNGAN","3311"
"41777","GADUNGAN","3781"
"41778","GADUNGSARI","3270"
"41779","GAGAH","3466"
"41780","GAGANG KEPUHSARI","3373"
"41781","GAJAH REJO","3724"
"41782","GAJAH","3503"
"41783","GAJAH","3338"
"41784","GAJAH","3438"
"41785","GAJAHBENDO","3580"
"41786","GAJAHREJO","3788"
"41787","GAJI","3789"
"41788","GALAK","3690"
"41789","GALENGDOWO","3726"
"41790","GALIH","3271"
"41791","GALIS DAYA / DAJAH","3453"
"41792","GALIS","3471"
"41793","GALIS","3302"
"41794","GALIS","3222"
"41795","GAMBANGAN","3790"
"41796","GAMBIR KUNING","3308"
"41797","GAMBIRAN","3791"
"41798","GAMBIRAN","3230"
"41799","GAMBIRAN","3638"
"41800","GAMBIRAN","3792"
"41801","GAMBIRAN","3700"
"41802","GAMBIRONO","3342"
"41803","GAMBOR","3238"
"41804","GAMBUHAN","3647"
"41805","GAMBYOK","3377"
"41806","GAMONGAN","3380"
"41807","GAMPANG SEJATI","3682"
"41808","GAMPANG","3623"
"41809","GAMPENG (GAMPING)","3793"
"41810","GAMPENG","3363"
"41811","GAMPING","3715"
"41812","GAMPING","3563"
"41813","GAMPING","3794"
"41814","GAMPINGAN","3795"
"41815","GAMPINGROWO","3412"
"41816","GANDEKAN","3796"
"41817","GANDING","3569"
"41818","GANDONG","3452"
"41819","GANDONG","3687"
"41820","GANDRI","3321"
"41821","GANDU","3356"
"41822","GANDU","3362"
"41823","GANDUKEPUH","3486"
"41824","GANDUL","3698"
"41825","GANDUSARI","3710"
"41826","GANDUSARI","3797"
"41827","GANGGANG PANJANG","3490"
"41828","GANGGANG","3331"
"41829","GANGGANTINGAN","3730"
"41830","GANGSEYAN (GENGSEYAN)","3475"
"41831","GANJARAN","3702"
"41832","GANTING KULON","3678"
"41833","GANTING WETAN","3678"
"41834","GANTING","3457"
"41835","GANUNG KIDUL","3406"
"41836","GAPLUK","3765"
"41837","GAPRANG","3461"
"41838","GAPURA BARAT","3274"
"41839","GAPURA TENGAH","3274"
"41840","GAPURA TIMUR","3274"
"41841","GAPURANA","3711"
"41842","GAPUROSUKOLILO","3592"
"41843","GARAHAN","3798"
"41844","GARON","3314"
"41845","GARON","3398"
"41846","GARU","3564"
"41847","GARUM","3607"
"41848","GARUNG","3286"
"41849","GASANG","3692"
"41850","GAWANG","3518"
"41851","GAWEREJO","3509"
"41852","GAYAM LOR","3675"
"41853","GAYAM","3473"
"41854","GAYAM","3675"
"41855","GAYAM","3595"
"41856","GAYAM","3799"
"41857","GAYAM","3366"
"41858","GAYAM","3219"
"41859","GAYAM","3745"
"41860","GAYAM","3445"
"41861","GAYAM","3499"
"41862","GAYAMAN","3800"
"41863","GAYUHAN","3295"
"41864","GAYUNGAN","3773"
"41865","GEBANG BUNDER","3478"
"41866","GEBANG KEREP","3564"
"41867","GEBANG PUTIH","3801"
"41868","GEBANG","3441"
"41869","GEBANG","3481"
"41870","GEBANG","3497"
"41871","GEBANG","3506"
"41872","GEBANG","3570"
"41873","GEBANGAN","3735"
"41874","GEBANGAN","3754"
"41875","GEBANGANGKRIK","3730"
"41876","GEBANGMALANG","3800"
"41877","GEBANGSARI","3581"
"41878","GEBYOG","3422"
"41879","GEDANG GEDANG","3224"
"41880","GEDANG","3719"
"41881","GEDANGAN","3715"
"41882","GEDANGAN","3788"
"41883","GEDANGAN","3457"
"41884","GEDANGAN","3316"
"41885","GEDANGAN","3802"
"41886","GEDANGAN","3659"
"41887","GEDANGAN","3727"
"41888","GEDANGAN","3557"
"41889","GEDANGAN","3309"
"41890","GEDANGAN","3425"
"41891","GEDANGAN","3340"
"41892","GEDANGAN","3803"
"41893","GEDANGKULUT","3526"
"41894","GEDANGMAS","3550"
"41895","GEDANGROWO","3623"
"41896","GEDANGSEWU","3598"
"41897","GEDANGSEWU","3614"
"41898","GEDEG","3417"
"41899","GEDOG KULON","3804"
"41900","GEDOG WETAN","3804"
"41901","GEDOG","3617"
"41902","GEDOMPOL","3602"
"41903","GEDONGAN","3418"
"41904","GEDONGARUM","3387"
"41905","GEDONGBOYO UNTUNG","3351"
"41906","GEDONGKEDOAN","3326"
"41907","GEDONGOMBO","3582"
"41908","GEDONGOMBO","3597"
"41909","GEDUGAN","3222"
"41910","GEDUNGAN","3327"
"41911","GEGER","3539"
"41912","GEGER","3429"
"41913","GEGER","3313"
"41914","GEGER","3766"
"41915","GEGER","3351"
"41916","GEGERAN","3295"
"41917","GEGERAN","3486"
"41918","GEJAGAN","3368"
"41919","GEJUG JATI","3242"
"41920","GEJUNGAN","3805"
"41921","GELAM","3408"
"41922","GELAM","3761"
"41923","GELAMAN","3279"
"41924","GELANG","3806"
"41925","GELANG","3807"
"41926","GELANGKULON","3725"
"41927","GELANGLOR","3486"
"41928","GELAP","3682"
"41929","GELUGUR","3327"
"41930","GELUNG","3237"
"41931","GELUNG","3322"
"41932","GELURAN","3587"
"41933","GEMAHARJO","3803"
"41934","GEMAHARJO","3778"
"41935","GEMARANG","3574"
"41936","GEMARANG","3482"
"41937","GEMBLEB","3619"
"41938","GEMBOL","3484"
"41939","GEMBONG","3295"
"41940","GEMBONG","3329"
"41941","GEMBONGAN","3417"
"41942","GEMBONGAN","3335"
"41943","GEMBUK","3518"
"41944","GEMEKAN","3655"
"41945","GEMENGGENG","3356"
"41946","GEMENGGENG","3320"
"41947","GEMITO","3729"
"41948","GEMPENG","3610"
"41949","GEMPOL LEGUNDI","3651"
"41950","GEMPOL SARI","3490"
"41951","GEMPOL TUKMLOKO","3631"
"41952","GEMPOL","3706"
"41953","GEMPOL","3681"
"41954","GEMPOL","3513"
"41955","GEMPOLAN","3219"
"41956","GEMPOLAN","3481"
"41957","GEMPOLKLUTUK","3412"
"41958","GEMPOLKREP","3417"
"41959","GEMPOLKURUNG","3639"
"41960","GEMPOLMANIS","3286"
"41961","GEMPOLPADING","3333"
"41962","GEMPOLPENDOWO","3468"
"41963","GEMULUNG","3789"
"41964","GEMURUNG","3457"
"41965","GENAHARJO","3597"
"41966","GENDANG BARAT","3799"
"41967","GENDANG TIMUR","3799"
"41968","GENDARAN","3602"
"41969","GENDING","3544"
"41970","GENDING","3746"
"41971","GENDINGAN","3469"
"41972","GENDINGAN","3540"
"41973","GENDOH","3808"
"41974","GENDOL","3809"
"41975","GENDONG KULON","3329"
"41976","GENDRO","3273"
"41977","GENENG WARU","3810"
"41978","GENENG","3348"
"41979","GENENG","3811"
"41980","GENENGAN JASEM","3493"
"41981","GENENGAN","3763"
"41982","GENENGAN","3398"
"41983","GENENGAN","3812"
"41984","GENILANGIT","3251"
"41985","GENJENG","3368"
"41986","GENJOR","3244"
"41987","GENTENG KULON","3813"
"41988","GENTENG WETAN","3813"
"41989","GENTENG","3784"
"41990","GENTENG","3453"
"41991","GENTING","3310"
"41992","GENTONG","3695"
"41993","GENTONG","3322"
"41994","GENTONG","3814"
"41995","GENUKWATU","3338"
"41996","GEPLAK","3674"
"41997","GERBO","3724"
"41998","GERIH","3815"
"41999","GERMAN","3383"
"42000","GERONGAN","3308"
