"id","nama_desa","kecamatan_id"
"12001","TANJUNG PULO","660"
"12002","TANJUNG PURBA BARU (PURBATUA)","536"
"12003","TANJUNG PURBA","449"
"12004","TANJUNG PUTUS","528"
"12005","TANJUNG PUTUS","584"
"12006","TANJUNG RAJA","450"
"12007","TANJUNG RAPUAN","314"
"12008","TANJUNG REJO","440"
"12009","TANJUNG REJO","411"
"12010","TANJUNG ROKAN","308"
"12011","TANJUNG SALAMAT / SELAMAT","323"
"12012","TANJUNG SALUKSUK","494"
"12013","TANJUNG SARANG ELANG","384"
"12014","TANJUNG SARI (PIRTRANS SOSA IB)","390"
"12015","TANJUNG SARI","473"
"12016","TANJUNG SARI","433"
"12017","TANJUNG SELAMAT","380"
"12018","TANJUNG SELAMAT","691"
"12019","TANJUNG SELAMAT","556"
"12020","TANJUNG SELAMAT","528"
"12021","TANJUNG SELAMAT","411"
"12022","TANJUNG SELAMAT","669"
"12023","TANJUNG SENA","385"
"12024","TANJUNG SERI","609"
"12025","TANJUNG SIALANG","313"
"12026","TANJUNG SIGONI","347"
"12027","TANJUNG SIPORKIS","495"
"12028","TANJUNG TIMUR","450"
"12029","TANJUNG TIRAM (SIRAM)","512"
"12030","TANJUNG TONGAH","712"
"12031","TANJUNG TORAM","305"
"12032","TANJUNG","308"
"12033","TANJUNG","338"
"12034","TANJUNG","365"
"12035","TANJUNG","368"
"12036","TANJUNGAN","402"
"12037","TANJUNGBALAI KOTA I","682"
"12038","TANJUNGBALAI KOTA II","682"
"12039","TANJUNGBALAI KOTA III","698"
"12040","TANJUNGBALAI KOTA IV","698"
"12041","TANJUNGGADING","609"
"12042","TANJUNGMULIA","443"
"12043","TANJUNGMULYA","427"
"12044","TANJUNGTIRAM","443"
"12045","TANO BATO","430"
"12046","TANO BATO","548"
"12047","TANO BATO","350"
"12048","TANO MOKINU","545"
"12049","TANOH / TANO TINGGIR","673"
"12050","TANONIKO\O","439"
"12051","TANOSEO","631"
"12052","TAON MARISI","366"
"12053","TAPAK KUDA","469"
"12054","TAPAK MERIAH","562"
"12055","TAPIAN NAULI I","345"
"12056","TAPIAN NAULI I","391"
"12057","TAPIAN NAULI II","345"
"12058","TAPIAN NAULI II","391"
"12059","TAPIAN NAULI III","345"
"12060","TAPIAN NAULI III","391"
"12061","TAPIAN NAULI IV","391"
"12062","TAPIAN NAULI SAUR MANGGITA","309"
"12063","TAPIAN NAULI","342"
"12064","TAPIAN NAULI","600"
"12065","TAPIAN NAULI","680"
"12066","TAPIAN NAULI","368"
"12067","TAPUS GODANG","332"
"12068","TAPUS JAE","479"
"12069","TAPUS SIPAGABU","332"
"12070","TAPUS","312"
"12071","TARA BINTANG","711"
"12072","TARA BUNGA","656"
"12073","TARAHA","481"
"12074","TARAHOSO","481"
"12075","TARAKHAINI","640"
"12076","TARAPUNG RAYA","493"
"12077","TARATAK NAGODANG","314"
"12078","TAREAN","562"
"12079","TAREWE","569"
"12080","TARLOLA","320"
"12081","TARUTUNG BARU","654"
"12082","TARUTUNG BOLAK","322"
"12083","TARUTUNG BOLAK","607"
"12084","TATENGGER","319"
"12085","TEBING KISARAN","619"
"12086","TEBING LINGGAHARA BARU","496"
"12087","TEBING LINGGAHARA","496"
"12088","TEBING TANJUNG SELAMAT","528"
"12089","TEBING TINGGI LAMA","442"
"12090","TEBING TINGGI PANGKATAN","687"
"12091","TEBING TINGGI","448"
"12092","TEBING TINGGI","338"
"12093","TEBING TINGGI","684"
"12094","TEBING TINGGI","446"
"12095","TEBOLO MELAYU","545"
"12096","TEFAO","705"
"12097","TEGAL REJO","716"
"12098","TEGAL SARI I","695"
"12099","TEGAL SARI II","695"
"12100","TEGAL SARI III","695"
"12101","TEGAL SARI MANDALA I","594"
"12102","TEGAL SARI MANDALA II","594"
"12103","TEGAL SARI MANDALA III","594"
"12104","TEGAL SARI","426"
"12105","TEGAL SARI","619"
"12106","TEGAL SARI","480"
"12107","TELADAN **","530"
"12108","TELADAN BARAT","696"
"12109","TELADAN TIMUR","696"
"12110","TELADAN","295"
"12111","TELADAN","648"
"12112","TELADAN","715"
"12113","TELAGA JERNIH","625"
"12114","TELAGA SAID","394"
"12115","TELAGA SARI","669"
"12116","TELAGA SARI","352"
"12117","TELAGA SUKA","444"
"12118","TELAGA TUJUH","668"
"12119","TELAGA","583"
"12120","TELO","346"
"12121","TELUK BAKUNG","469"
"12122","TELUK BELUKAR","370"
"12123","TELUK BENGKUANG","672"
"12124","TELUK BINJAI","686"
"12125","TELUK DALAM","382"
"12126","TELUK KARANG","507"
"12127","TELUK LIMO","372"
"12128","TELUK MEKU","608"
"12129","TELUK PANJI (KAMPUNG TELUK PANJI)","380"
"12130","TELUK PANJI I","380"
"12131","TELUK PANJI II","380"
"12132","TELUK PANJI III","380"
"12133","TELUK PANJI IV","380"
"12134","TELUK PIAI","686"
"12135","TELUK PULAI DALAM","377"
"12136","TELUK PULAI LUAR","377"
"12137","TELUK RAMPAH","304"
"12138","TELUK ROBAN","607"
"12139","TELUK SENTOSA","384"
"12140","TELUK TAPIAN","314"
"12141","TELUK","625"
"12142","TELUN KENAS","661"
"12143","TELUN / TALUN SARAGIH","295"
"12144","TEMBUNG","508"
"12145","TEMBUNG","411"
"12146","TEMBURUN","660"
"12147","TEMPEL JAYA","295"
"12148","TENGAH (KAMPUNG TENGAH)","542"
"12149","TENGAH (KAMPUNG TENGAH)","447"
"12150","TERANG BULAN","293"
"12151","TERJUN","702"
"12152","TERUSAN TENGAH","715"
"12153","TESIKHORI","605"
"12154","TETE GOENAAI","374"
"12155","TETEGAWA\AI EHOMO","655"
"12156","TETEGAWA\AI","655"
"12157","TETEHOSI AFIA","370"
"12158","TETEHOSI BOTOMUZOI","483"
"12159","TETEHOSI I","437"
"12160","TETEHOSI II","437"
"12161","TETEHOSI MAZIAYA","554"
"12162","TETEHOSI OMBOLATA","643"
"12163","TETEHOSI SOROWI","705"
"12164","TETEHOSI","374"
"12165","TETEHOSI","632"
"12166","TETEHOSI","642"
"12167","TETEHOSI","486"
"12168","TETEZOU (FETEZOU)","419"
"12169","TE\OLO","606"
"12170","TIANG ARAS","553"
"12171","TIANG LAYAR","542"
"12172","TIGA BALATA","451"
"12173","TIGA BINANGA","568"
"12174","TIGA BOLON","401"
"12175","TIGA DOLOK","491"
"12176","TIGA JUHAR","450"
"12177","TIGA LINGGA","588"
"12178","TIGA NDERKET (TIGANDERKET)","660"
"12179","TIGA PANCUR","580"
"12180","TIGA RAJA","650"
"12181","TIGA RUNGGU","673"
"12182","TIGA SERANGKAI MALIWA\A","374"
"12183","TIGA SERANGKAI","579"
"12184","TIGAPANAH","386"
"12185","TIGARAS","518"
"12186","TIMBAAN","458"
"12187","TIMBANG DELI","495"
"12188","TIMBANG DELI","410"
"12189","TIMBANG GALUNG","530"
"12190","TIMBANG JAYA","558"
"12191","TIMBANG LANGKAT","629"
"12192","TIMBANG LAWAN","558"
"12193","TIMBANG LAWAN","556"
"12194","TIMBANGAN","548"
"12195","TINADA","616"
"12196","TINDOAN LAUT","353"
"12197","TINGGI RAJA","715"
"12198","TINGGIR NIPASIR","431"
"12199","TINJOAN (TINJOWAN)","314"
"12200","TINJOMAN LAMA","679"
"12201","TINOKKAH","468"
"12202","TIPANG","708"
"12203","TITI KUNING","649"
"12204","TITI MERAH","378"
"12205","TITI PAPAN","693"
"12206","TITI PAYUNG","427"
"12207","TITI PUTIH","378"
"12208","TITI RANTAI / RANTE","441"
"12209","TOBA","349"
"12210","TOBANG","547"
"12211","TOBAT","548"
"12212","TOBING JAE","593"
"12213","TOBING JULU","593"
"12214","TOBING TINGGI HR","593"
"12215","TOBING TINGGI UB","355"
"12216","TOBING TINGGI","308"
"12217","TOBING","308"
"12218","TOBUALO","408"
"12219","TOGA BASIR","659"
"12220","TOGIDEU","486"
"12221","TOGIM BOGI","486"
"12222","TOGIZITA","571"
"12223","TOGOZITA SATU","571"
"12224","TOGU DOMU NAULI","518"
"12225","TOGUAN GALUNG","681"
"12226","TOLANG JAE","298"
"12227","TOLANG JULU","298"
"12228","TOLANG","332"
"12229","TOLANG","389"
"12230","TOMBANG TALUANG","320"
"12231","TOMOK","402"
"12232","TOMUAN","434"
"12233","TONDUHAN","604"
"12234","TONG MARIMBUN","710"
"12235","TONGGING","387"
"12236","TOR BANUA RAJA","586"
"12237","TORDOLOK NAULI","713"
"12238","TORGAMBA","304"
"12239","TORGANDA","304"
"12240","TORLUK MUARA DOLOK","323"
"12241","TORNAGODANG","366"
"12242","TORONG","580"
"12243","TOTAP MAJAWA","456"
"12244","TRAJU","699"
"12245","TUALANG","513"
"12246","TUALANG","297"
"12247","TUALANG","472"
"12248","TUBIRAN","324"
"12249","TUGALA LAURU","705"
"12250","TUGALA","486"
"12251","TUGALAGAWU","486"
"12252","TUHEGAFOA I","483"
"12253","TUHEGAFOA II","631"
"12254","TUHEGAFOA","484"
"12255","TUHEGEO I","437"
"12256","TUHEGEO II","437"
"12257","TUHEMBERUA AMANDRAYA","398"
"12258","TUHEMBERUA ULU","573"
"12259","TUHEMBERUA","605"
"12260","TUHEMBERUA","632"
"12261","TUHEMBERUA","435"
"12262","TUHEMBUASI","546"
"12263","TUHENAKHE I","535"
"12264","TUHEWAEBU","374"
"12265","TUHO OWO","571"
"12266","TUHO\OWO","632"
"12267","TUINDRAO SATU","398"
"12268","TUINDRAO","398"
"12269","TUKKA DOLOK","403"
"12270","TUKKA","309"
"12271","TUKTUK SIADONG","402"
"12272","TULUMBAHO SALO\O","388"
"12273","TULUMBAHO","546"
"12274","TUMARI","605"
"12275","TUMBA JAE","595"
"12276","TUMBA","595"
"12277","TUMORANG","499"
"12278","TUMORI BALOHILI","646"
"12279","TUMORI","646"
"12280","TUMORI","632"
"12281","TUMPATAN NIBUNG","473"
"12282","TUMPATAN","425"
"12283","TUNAS KARYA","480"
"12284","TUNDROMBAHO","569"
"12285","TUNGGAL KANAN (SUNGAL KANAN)","669"
"12286","TUNGGUL EMPAT LIMA (45)","525"
"12287","TUNGGURONO","629"
"12288","TUNGTUNG BATU","471"
"12289","TUNTUNGAN I","542"
"12290","TUNTUNGAN II","542"
"12291","TUPAK RAJA","557"
"12292","TURANGI","296"
"12293","TURPUK LIMBONG","635"
"12294","TURPUK MALAU","635"
"12295","TURPUK SAGALA","635"
"12296","TURPUK SIHOTANG","635"
"12297","TUWA TUWA","486"
"12298","TUWASO","545"
"12299","TUWUUNA","632"
"12300","UBAR","301"
"12301","UJUNG BANDAR","558"
"12302","UJUNG BANDAR","475"
"12303","UJUNG BANDAR","296"
"12304","UJUNG BATU I","390"
"12305","UJUNG BATU II","390"
"12306","UJUNG BATU III","390"
"12307","UJUNG BATU IV","390"
"12308","UJUNG BATU JAE","355"
"12309","UJUNG BATU JULU","355"
"12310","UJUNG BATU V","390"
"12311","UJUNG BATU","310"
"12312","UJUNG BATU","365"
"12313","UJUNG BONDAR","491"
"12314","UJUNG DELENG","409"
"12315","UJUNG DELENG","488"
"12316","UJUNG GADING JAE","355"
"12317","UJUNG GADING JULU","355"
"12318","UJUNG GADING","550"
"12319","UJUNG GADING","317"
"12320","UJUNG GURAB","306"
"12321","UJUNG KUBU","443"
"12322","UJUNG LABUHEN","556"
"12323","UJUNG MARIAH","709"
"12324","UJUNG MARISI","547"
"12325","UJUNG MERIAH","597"
"12326","UJUNG NEGERI HULU","498"
"12327","UJUNG NEGERI KAHAN","498"
"12328","UJUNG PADANG","293"
"12329","UJUNG PADANG","479"
"12330","UJUNG PADANG","390"
"12331","UJUNG PADANG","363"
"12332","UJUNG PADANG","317"
"12333","UJUNG PADANG","314"
"12334","UJUNG PAYUNG","567"
"12335","UJUNG RAMBE","449"
"12336","UJUNG RAMBUNG","423"
"12337","UJUNG SAMPUN","612"
"12338","UJUNG SARIBU","709"
"12339","UJUNG SERDANG","352"
"12340","UJUNG SILAU","426"
"12341","UJUNG TANDUK","431"
"12342","UJUNG TERAN","626"
"12343","UJUNG TERAN","588"
"12344","UJUNG TERANG","296"
"12345","ULOK / ULAK TANO","355"
"12346","ULU AER","302"
"12347","ULU MAMIS SITUNGGALING","359"
"12348","ULU MAZO","655"
"12349","ULU MERAH","623"
"12350","ULU TORUSAN","312"
"12351","ULUIDANODUO","671"
"12352","ULUMAHUAM","318"
"12353","UMBU IDANO TAE","439"
"12354","UMBU ORAHUA","439"
"12355","UMBU SOHAHUA","671"
"12356","UMBU","388"
"12357","UMBUASI BARAT","414"
"12358","UMBUBALODANO","554"
"12359","UMBUNASI","408"
"12360","UMBU\ASI","414"
"12361","UNTE BOANG","538"
"12362","UNTE MANIS","326"
"12363","UNTE MUNGKUR I","675"
"12364","UNTE MUNGKUR II","675"
"12365","UNTE MUNGKUR III","675"
"12366","UNTE MUNGKUR IV","675"
"12367","UNTE MUNGKUR","428"
"12368","UNTE RUDANG","357"
"12369","URAT II","653"
"12370","URAT TIMUR","653"
"12371","URATAN","603"
"12372","URIK BELIN","471"
"12373","URUK GEDANG","556"
"12374","URUNG GANJANG","449"
"12375","URUNG KOMPAS","475"
"12376","URUNG PANE","519"
"12377","URUNG PURBA","673"
"12378","USOR TOLANG","547"
"12379","WANGO","407"
"12380","WAWA","372"
"12381","WEA-WEA","546"
"12382","WEK I BATANG TORU","346"
"12383","WEK I","548"
"12384","WEK II BATANG TORU","346"
"12385","WEK II","548"
"12386","WEK III BATANG TORU","346"
"12387","WEK III","548"
"12388","WEK IV BATANG TORU","346"
"12389","WEK IV","548"
"12390","WEK V","363"
"12391","WEK VI","363"
"12392","WONO SARI","352"
"12393","WONOREJO","501"
"12394","WONOSARI","724"
"12395","ZIABIANG","372"
"12396","ZUZUNDRAO","632"
"12397","ABAI SIAT","726"
"12398","ABAI","727"
"12399","AIA AMO","728"
"12400","AIA BANGIH","729"
"12401","AIA BATUMBUAK","730"
"12402","AIA DINGIN","731"
"12403","AIA GADANG","732"
"12404","AIA LUO","733"
"12405","AIA MANGGIH","734"
"12406","AIA SANTOK","735"
"12407","AIE ANGEK (AIA / AIR ANGEK)","736"
"12408","AIE ANGEK","737"
"12409","AIE TAJUN LUBUK ALUNG","738"
"12410","AIR HAJI BARAT","739"
"12411","AIR HAJI TENGAH","739"
"12412","AIR HAJI TENGGARA","739"
"12413","AIR HAJI","739"
"12414","AIR HITAM","740"
"12415","AIR MANIS (AIA MANIH)","741"
"12416","AIR MULYO (AURMULYO)","742"
"12417","AIR PACAH","743"
"12418","AIR TAWAR BARAT","744"
"12419","AIR TAWAR TIMUR","744"
"12420","AIR / AIA DINGIN","742"
"12421","ALAHAN MATI","745"
"12422","ALAHAN NAN TIGO","746"
"12423","ALAHAN PANJANG","731"
"12424","ALAI GALOMBANG","747"
"12425","ALAI PARAK KOPI","744"
"12426","ALAM PAUH DUO","748"
"12427","ALANG LAWEH","741"
"12428","AMPALU","749"
"12429","AMPALU","750"
"12430","AMPALU","751"
"12431","AMPALU","752"
"12432","AMPANG GADANG","753"
"12433","AMPANG KURANJI","749"
"12434","AMPANG PULAI","754"
"12435","AMPANG TAREH LUMPO","755"
"12436","AMPANG TULAK TAPAN","756"
"12437","AMPANG","757"
"12438","AMPANGAN","758"
"12439","AMPEK KOTO PALEMBAYAN","759"
"12440","AMPING PARAK TIMUR","760"
"12441","AMPING PARAK","760"
"12442","AMPUAN LUMPO","755"
"12443","ANDALAS","761"
"12444","ANDALEH BARUH / BARUAH BUKIK","762"
"12445","ANDALEH","763"
"12446","ANDALEH","764"
"12447","ANDIANG","765"
"12448","ANDURING (ANDURIANG)","766"
"12449","ANDURING","757"
"12450","APAR","752"
"12451","API-API PASAR BARU","767"
"12452","ARIPAN","768"
"12453","ARO IV KORONG","769"
"12454","ASAMKAMBA PASAR BARU","767"
"12455","ATAR","770"
"12456","AUA KUNIANG","732"
"12457","AUR BEGALUNG TALAOK","767"
"12458","AUR DURI SURANTIH","760"
"12459","AUR KUNING","771"
"12460","AUR KUNING / AUA KUNIANG","758"
"12461","AUR TAJUNGKANG TENGAH SAWAH","772"
"12462","BALAH AIA","773"
"12463","BALAI BAIAK MALAI III KOTO","774"
"12464","BALAI BARU","775"
"12465","BALAI BATIMAH","776"
"12466","BALAI BATU SANDARAN","777"
"12467","BALAI BETUNG (BATUNG / BATUANG)","775"
"12468","BALAI CACANG","775"
"12469","BALAI GADANG","743"
"12470","BALAI GADANG","775"
"12471","BALAI GURAH","753"
"12472","BALAI GURUN","775"
"12473","BALAI JARING / JARIANG","776"
"12474","BALAI JARING / JARIANG","775"
"12475","BALAI KALIKIH","775"
"12476","BALAI KURAI TAJI","778"
"12477","BALAI NAN DUO","779"
"12478","BALAI NAN TUO","776"
"12479","BALAI NARAS / NAREH","752"
"12480","BALAI PANJANG","751"
"12481","BALAI PANJANG","758"
"12482","BALAI SINAYAN LUMPO","755"
"12483","BALAI TANGAH","780"
"12484","BALAI-BALAI","781"
"12485","BALIMBING","782"
"12486","BALINGKA","783"
"12487","BANAI","784"
"12488","BANDAR BUAT (BANDA BUEK)","785"
"12489","BANJA LAWEH","786"
"12490","BANUARAN","787"
"12491","BARINGIN","788"
"12492","BARINGIN","759"
"12493","BARUAH GUNUANG","786"
"12494","BARULAK","789"
"12495","BARUNG BARUNG BALANTAI SELATAN","754"
"12496","BARUNG BARUNG BALANTAI","754"
"12497","BARUNG-BARUNG BALANTAI TENGAH","754"
"12498","BARUNG-BARUNG BALANTAI TIMUR","754"
"12499","BATAGAK","790"
"12500","BATAHAN","791"
"12501","BATANG ARAH TAPAN","756"
"12502","BATANG ARAU","741"
"12503","BATANG BARUS","730"
"12504","BATANG BETUNG TAPAN","756"
"12505","BATANG KABUNG (K GANTING)","743"
"12506","BATANG KABUNG  /  KABUANG","735"
"12507","BATANG TABA NAN XX","787"
"12508","BATANG TAJONGKEK","778"
"12509","BATIPUH ATEH (BATIPUAH ATEH)","763"
"12510","BATIPUH BARU (BATIPUAH BARUAH)","763"
"12511","BATIPUH PANJANG","743"
"12512","BATO","735"
"12513","BATU BAJANJANG","792"
"12514","BATU BALANG","793"
"12515","BATU BANJAJANG","794"
"12516","BATU BANYAK","792"
"12517","BATU BASA","795"
"12518","BATU BULEK","780"
"12519","BATU GADANG KURANJI HULU","796"
"12520","BATU GADANG","785"
"12521","BATU HAMPA","797"
"12522","BATU HAMPA","754"
"12523","BATU KALANG","798"
"12524","BATU KAMBING","799"
"12525","BATU KUNIK LUMPO","755"
"12526","BATU MANJULUR","800"
"12527","BATU PALANO","790"
"12528","BATU PAYUNG","751"
"12529","BATU RIJAL","801"
"12530","BATU TABA","802"
"12531","BATU TABA","753"
"12532","BATU TANJUANG","803"
"12533","BATUHAMPAR SELATAN","754"
"12534","BAWAN","799"
"12535","BAYUA","804"
"12536","BELAKANG BALOK","771"
"12537","BELAKANG PONDOK","741"
"12538","BELAKANG TANGSI","805"
"12539","BENTENG PASAR ATAS","772"
"12540","BERINGIN / BARINGIN","785"
"12541","BERIULOU","806"
"12542","BEROK NIPAH","805"
"12543","BETUMONGA (BEUTOMONGA)","807"
"12544","BETUMONGA","808"
"12545","BIARO GADANG","753"
"12546","BIDAR ALAM","809"
"12547","BINJAI TAPAN","810"
"12548","BINJAI","811"
"12549","BINUANG KAMPUNG DALAM","812"
"12550","BIRUGO","771"
"12551","BODI","776"
"12552","BOJAKAN","813"
"12553","BOMAS","814"
"12554","BONJOL","726"
"12555","BOSUA","806"
"12556","BUAYAN LUBUK ALUNG","815"
"12557","BUKIK BATABUAH","816"
"12558","BUKIK GADANG","803"
"12559","BUKIK LIMBUKU","793"
"12560","BUKIK SIKUMPA","751"
"12561","BUKIK / BUKIT GADO-GADO","741"
"12562","BUKIK / BUKIT SURUNGAN","781"
"12563","BUKIT APIT PUHUN","772"
"12564","BUKIT BAIS","817"
"12565","BUKIT BUAL","818"
"12566","BUKIT CANGANG KAYU RAMANG","772"
"12567","BUKIT KANDUANG","819"
"12568","BUKIT PAMEWA","807"
"12569","BUKIT TANDANG","820"
"12570","BUKITBUAI TAPAN","756"
"12571","BULAKAN BALAI KANDIH","779"
"12572","BULASAT","821"
"12573","BULUAH KASOK","822"
"12574","BUNGA PASANG SALIDO","755"
"12575","BUNGO KOTO TUO","823"
"12576","BUNGO PASANG","743"
"12577","BUNGO TANJUNG","735"
"12578","BUNGO TANJUNG / TANJUANG","763"
"12579","BUNGUS BARAT","824"
"12580","BUNGUS SELATAN","824"
"12581","BUNGUS TIMUR","824"
"12582","BUNIAN","775"
"12583","BUO","825"
"12584","CAMPAGO GUGUK BULEK","826"
"12585","CAMPAGO IPUH","826"
"12586","CAMPAGO","827"
"12587","CANDUANG KOTO LAWEH","816"
"12588","CENGKEH / CANGKEH NAN XX","787"
"12589","CEROCOK ANAU AMPANG PULAI","754"
"12590","CIMPARUAH","747"
"12591","CIMPUNGAN","828"
"12592","CINGKARIANG","829"
"12593","CUBADAK (PASA CUBADAK)","830"
"12594","CUBADAK AIA SELATAN","752"
"12595","CUBADAK AIA UTARA","752"
"12596","CUBADAK AIR / AIA","752"
"12597","CUBADAK AIR / AIE","775"
"12598","CUBADAK MENTAWAI","735"
"12599","CUBADAK","788"
"12600","CUPAK TANGAH","812"
"12601","CUPAK","730"
"12602","DADOK TUNGGUL HITAM","743"
"12603","DAMAR LAPAN BATANG INDERAPURA","831"
"12604","DATAR MANSIANG","803"
"12605","DAYA BANGUN","779"
"12606","DESA BARU","791"
"12607","DESA KAMPUNG BARU","800"
"12608","DILAM","820"
"12609","DUKU UTARA","754"
"12610","DUKU","754"
"12611","DUO KOTO","804"
"12612","DURIAN GADANG","797"
"12613","DURIAN GADANG","737"
"12614","DURIAN I","777"
"12615","DURIAN II","777"
"12616","DURIAN SERIBU","740"
"12617","DURIAN TINGGI","832"
"12618","DURIAN TINGGI","734"
"12619","DUSUN BARU TAPAN","756"
"12620","DUSUN TANGAH","727"
"12621","EKOR LUBUK","833"
"12622","EMPAT KOTO PULAU PUNJUNG","834"
"12623","FLAMBOYAN (PLAMBOYAN BARU)","805"
"12624","GADUA / GADUR","835"
"12625","GADUK","836"
"12626","GALUGUA / GELUGUR","832"
"12627","GANGGO HILIA","837"
"12628","GANGGO MUDIAK","837"
"12629","GANTING MUDIAK SELATAN SURANTIH","760"
"12630","GANTING MUDIAK UTARA SURANTIH","760"
"12631","GANTING PARAK GADANG","761"
"12632","GANTING","833"
"12633","GANTUANG CIRI","838"
"12634","GARABAK DATA","794"
"12635","GAREGEH","826"
"12636","GASAN GADANG","839"
"12637","GATES NAN XX","787"
"12638","GAUANG","838"
"12639","GERAGAHAN","840"
"12640","GOSOOINAN (GOISOOINAN)","807"
"12641","GUGUAK KURANJI HILIR","841"
"12642","GUGUAK MALALO","802"
"12643","GUGUAK VIII KOTO","842"
"12644","GUGUAK","766"
"12645","GUGUK MALINTANG","833"
"12646","GUGUK SARAI","817"
"12647","GUGUK TABEK SARAJO","783"
"12648","GUGUK","818"
"12649","GUNUANG MALINTANG","843"
"12650","GUNUNG MEDAN","844"
"12651","GUNUNG PADANG ALAI","845"
"12652","GUNUNG PANGILUN","744"
"12653","GUNUNG RAJO (GUNUANG RAJO)","763"
"12654","GUNUNG SARIK","757"
"12655","GUNUNG SELASIH","834"
"12656","GUNUNGBUNGKUAK LUMPO","755"
"12657","GURUN LAWAS / LAWEH","846"
"12658","GURUN LAWEH / LAWAS","787"
"12659","GURUN PANJANG BARAT","767"
"12660","GURUN PANJANG SELATAN","767"
"12661","GURUN PANJANG UTARA","767"
"12662","GURUN PANJANG","767"
"12663","GURUN","793"
"12664","GURUN","847"
"12665","HALABAN","751"
"12666","HARAU","793"
"12667","IBUH","779"
"12668","III KOTO AUR MALINTANG SELATAN","774"
"12669","III KOTO AUR MALINTANG TIMUR","774"
"12670","III KOTO AUR MALINTANG UTARA","774"
"12671","III KOTO AUR MALINTANG","774"
"12672","III / TIGO KOTO","782"
"12673","INDARUNG","785"
"12674","INDERAPURA","848"
"12675","INDRAPURA / INDERAPURA BARAT","848"
"12676","INDRAPURA / INDERAPURA SELATAN","848"
"12677","INDRAPURA / INDERAPURA TENGAH","848"
"12678","INDRAPURA / INDERAPURA TIMUR","831"
"12679","INDRAPURA / INDERAPURA UTARA","831"
"12680","INDUDUR","817"
"12681","IV KOTO HILIE","849"
"12682","IV KOTO MUDIEK","849"
"12683","IX KORONG","769"
"12684","JAHO","736"
"12685","JALAN BARU","747"
"12686","JALAN KERETA API","747"
"12687","JAMBAK","734"
"12688","JATI BARU","761"
"12689","JATI HILIR (JALAN HILIA)","747"
"12690","JATI MUDIK  /  MUDIAK","747"
"12691","JATI","761"
"12692","JAWI JAWI","730"
"12693","JAWI-JAWI I","747"
"12694","JAWI-JAWI II","747"
"12695","JINANG KAMPUNG PANSUR AMPANG PULAI","754"
"12696","JOPANG MANGANTI","850"
"12697","KACANG","768"
"12698","KAJAI","735"
"12699","KAJAI","851"
"12700","KALUAT  /  KALUAIK (KALUAIAK)","735"
"12701","KALUMBUK","757"
"12702","KAMANG HILIA","852"
"12703","KAMANG MUDIAK","852"
"12704","KAMANG","728"
"12705","KAMBANG BARAT","853"
"12706","KAMBANG TIMUR","853"
"12707","KAMBANG UTARA","853"
"12708","KAMBANG","853"
"12709","KAMPAI TABU KERAMBIL / KARAMBIA","769"
"12710","KAMPUANG GADANG","735"
"12711","KAMPUNG BARU NAN XX","787"
"12712","KAMPUNG BARU PADUSUNAN","735"
"12713","KAMPUNG BATU DALAM","854"
"12714","KAMPUNG DALAM","822"
"12715","KAMPUNG JAO","805"
"12716","KAMPUNG JAWA I","747"
"12717","KAMPUNG JAWA II","747"
"12718","KAMPUNG JAWA","855"
"12719","KAMPUNG JUA NAN XX","787"
"12720","KAMPUNG KANDANG","735"
"12721","KAMPUNG LAPAI","846"
"12722","KAMPUNG MANGGIS","781"
"12723","KAMPUNG OLO","846"
"12724","KAMPUNG PERAK","747"
"12725","KAMPUNG PINANG","840"
"12726","KAMPUNG PONDOK II","747"
"12727","KAMPUNG PONDOK","805"
"12728","KAMPUNG PONDOK","747"
"12729","KAMPUNG TANGAH","840"
"12730","KAMPUNG TANGAH","735"
"12731","KAMPUNG TENGAH TAPAN","810"
"12732","KAMPUNG / KAMPUANG APAR","778"
"12733","KAMPUNG / KAMPUANG BARU","747"
"12734","KAMPUNGBARU KORONG NAN AMPEK","754"
"12735","KANDANG BARU","737"
"12736","KANING / KANIANG BUKIK","775"
"12737","KAPALO HILALANG","766"
"12738","KAPALO KOTO","856"
"12739","KAPALO KOTO","758"
"12740","KAPAR","857"
"12741","KAPAU ALAM PAUH DUO","748"
"12742","KAPAU","836"
"12743","KAPEH PANJI JAYA TALAOK","767"
"12744","KAPELGAM KOTO BERAPAK","767"
"12745","KAPUH UTARA","754"
"12746","KAPUH","754"
"12747","KAPUJAN KOTO BERAPAK","767"
"12748","KARAN AUR","747"
"12749","KASANG","815"
"12750","KATAPIANG","815"
"12751","KATIAGAN MANDIANGIN","858"
"12752","KATIALO","819"
"12753","KATURAI / KATUREI","859"
"12754","KAYU KUBU","772"
"12755","KAYU TANAM","766"
"12756","KEPALA / KAPALO KOTO","812"
"12757","KINALI","858"
"12758","KINARI","820"
"12759","KOBU TAPAN","810"
"12760","KOLOK MUDIK / MUDIAK","777"
"12761","KOLOK NAN TUO","777"
"12762","KORONG GADANG","757"
"12763","KOTO ALAM","843"
"12764","KOTO ANAU TAPAN","756"
"12765","KOTO ANAU","792"
"12766","KOTO BANGUN","832"
"12767","KOTO BARINGIN","860"
"12768","KOTO BARU III JORONG","823"
"12769","KOTO BARU KOTO BERAPAK","767"
"12770","KOTO BARU SIMALANGGANG","861"
"12771","KOTO BARU","862"
"12772","KOTO BARU","749"
"12773","KOTO BARU","838"
"12774","KOTO BARU","787"
"12775","KOTO BARU","857"
"12776","KOTO BARU","798"
"12777","KOTO BARU","776"
"12778","KOTO BARU","775"
"12779","KOTO BARU","736"
"12780","KOTO BARU","814"
"12781","KOTO BARU","847"
"12782","KOTO BERAPAK","767"
"12783","KOTO BESAR","726"
"12784","KOTO DALAM","798"
"12785","KOTO GADANG GUGUAK","730"
"12786","KOTO GADANG","783"
"12787","KOTO GADANG","726"
"12788","KOTO GADANG","804"
"12789","KOTO GAEK GUGUK","730"
"12790","KOTO HILALANG","838"
"12791","KOTO KACIAK","837"
"12792","KOTO KACIAK","804"
"12793","KOTO KATIK","833"
"12794","KOTO LALANG","785"
"12795","KOTO LAMO","832"
"12796","KOTO LAWEH","817"
"12797","KOTO LAWEH","726"
"12798","KOTO LAWEH","792"
"12799","KOTO LAWEH","736"
"12800","KOTO LUAR","812"
"12801","KOTO MALINTANG","804"
"12802","KOTO MARAPAK","735"
"12803","KOTO NAN DUO IV KOTO HILIE","849"
"12804","KOTO NAN TIGO IV KOTO HILIE","849"
"12805","KOTO NAN TIGO SELATAN SURANTIH","760"
"12806","KOTO NAN TIGO UTARA SURANTIH","760"
"12807","KOTO NOPAN","863"
"12808","KOTO PADANG","749"
"12809","KOTO PANJANG DALAM","864"
"12810","KOTO PANJANG IKUA KOTO","743"
"12811","KOTO PANJANG","783"
"12812","KOTO PANJANG","864"
"12813","KOTO PANJANG","833"
"12814","KOTO PANJANG","776"
"12815","KOTO PANJANG","855"
"12816","KOTO PULAI","743"
"12817","KOTO RAJO","863"
"12818","KOTO RANAH","865"
"12819","KOTO RANAH","726"
"12820","KOTO RANTANG","866"
"12821","KOTO RAWANG","755"
"12822","KOTO SALAK","750"
"12823","KOTO SANI","768"
"12824","KOTO SELAYAN","826"
"12825","KOTO TANGAH BATU HAMPA","797"
"12826","KOTO TANGAH SIMALANGGANG","861"
"12827","KOTO TANGAH","786"
"12828","KOTO TANGAH","779"
"12829","KOTO TANGAH","867"
"12830","KOTO TANGAH","836"
"12831","KOTO TARATAK","760"
"12832","KOTO TINGGI KURANJI HILIR","841"
"12833","KOTO TINGGI","823"
"12834","KOTO TINGGI","835"
"12835","KOTO TINGGI","868"
"12836","KOTO TINGGI","726"
"12837","KOTO TUO","793"
"12838","KOTO TUO","783"
"12839","KOTO TUO","862"
"12840","KOTO TUO","758"
"12841","KOTO TUO","847"
"12842","KOTO VIII PELANGAI","869"
"12843","KUBANG KOTO BERAPAK","767"
"12844","KUBANG PUTIAH","829"
"12845","KUBANG SIRAKUK / SIRAKUAK SELATAN","742"
"12846","KUBANG SIRAKUK / SIRAKUAK UTARA","742"
"12847","KUBANG TANGAH","742"
"12848","KUBANG UTARA SIKABU","742"
"12849","KUBANG","842"
"12850","KUBU GADANG","779"
"12851","KUBU GADANG","775"
"12852","KUBU GULAI BANCAH","826"
"12853","KUBU MARAPALAM","761"
"12854","KUBU PARAK KARAKAH (DALAM)","761"
"12855","KUBU TANJUNG","771"
"12856","KUDO-KUDO INDERAPURA","848"
"12857","KUDU GANTING / GANTIANG","845"
"12858","KUMANGO","847"
"12859","KUMANIS","870"
"12860","KUMBAYAU","803"
"12861","KUNANGAN PARIK RANTANG","728"
"12862","KUNCIR","819"
"12863","KURAI TAJI","856"
"12864","KURAI","765"
"12865","KURANJI HILIR","841"
"12866","KURANJI HULU","796"
"12867","KURANJI","757"
"12868","KURAO PAGANG","846"
"12869","KURNIA KOTO SALAK","871"
"12870","KURNIA SELATAN","871"
"12871","LABUAH GUNUANG","751"
"12872","LABUAH PANJANG","819"
"12873","LABUAH / LABUH","788"
"12874","LABUH / LABUAH BARU","775"
"12875","LABUH / LABUAH BASILANG","779"
"12876","LADANG CAKIAH","771"
"12877","LADANG LAWEH","829"
"12878","LADANG PANJANG","811"
"12879","LAGAN HILIR PUNGGASAN","739"
"12880","LAGAN MUDIK PUNGGASAN","739"
"12881","LAING","855"
"12882","LAKITAN SELATAN","853"
"12883","LAKITAN TENGAH","853"
"12884","LAKITAN TIMUR","853"
"12885","LAKITAN UTARA","853"
"12886","LAKITAN","853"
"12887","LALAN","822"
"12888","LALANG PANJANG INDERAPURA","831"
"12889","LAMBAH","753"
"12890","LAMBUNG BUKIT / BUKIK","812"
"12891","LANGKI","872"
"12892","LANGUANG","863"
"12893","LANSANO TARATAK","760"
"12894","LANSEK KADOK","873"
"12895","LAREH NAN PANJANG","773"
"12896","LASI","816"
"12897","LATANG","822"
"12898","LAWANG MANDAHILING / MANDAHILIANG","874"
"12899","LAWANG","875"
"12900","LIMA KAUM (LIMO KAUM)","788"
"12901","LIMAU GADANG LUMPO","755"
"12902","LIMAU GADANG PANCUNG TABA","865"
"12903","LIMAU LUNGGO","792"
"12904","LIMAU MANIS SELATAN","812"
"12905","LIMAU MANIS","812"
"12906","LIMAU PURUIK","845"
"12907","LIMAU PURUT TAPAN","756"
"12908","LIMBANANG","765"
"12909","LIMBUKAN","758"
"12910","LIMO KAMPUNG / KAMPUANG","758"
"12911","LIMO KOTO","837"
"12912","LIMO KOTO","818"
"12913","LINGKUANG AUA","732"
"12914","LOHONG","747"
"12915","LOLO","876"
"12916","LOLONG BELANTI","744"
"12917","LUAK KAPAU ALAM PAUH DUO","748"
"12918","LUBANG PANJANG","777"
"12919","LUBUAK BATINGKOK","793"
"12920","LUBUAK LAYANG","873"
"12921","LUBUAK TAROK","822"
"12922","LUBUK ALUNG","738"
"12923","LUBUK BASUNG","840"
"12924","LUBUK BEGALUNG","787"
"12925","LUBUK BESAR","746"
"12926","LUBUK BETUNG INDERAPURA","831"
"12927","LUBUK BUAYA","743"
"12928","LUBUK BUNTA","740"
"12929","LUBUK GADANG SELATAN","877"
"12930","LUBUK GADANG TIMUR","877"
"12931","LUBUK GADANG UTARA","877"
"12932","LUBUK GADANG","877"
"12933","LUBUK KARAK","784"
"12934","LUBUK LINTAH","757"
"12935","LUBUK MINTURUN","743"
"12936","LUBUK PANDAN","878"
"12937","LUBUK TARANTANG","728"
"12938","LUBUK ULANG ALING SELATAN","727"
"12939","LUBUK ULANG ALING TENGAH","727"
"12940","LUBUK ULANG ALING","727"
"12941","LUBUK / LUBUAK ALAI","832"
"12942","LUBUK / LUBUAK GADANG","879"
"12943","LUBUK / LUBUAK JANTAN","780"
"12944","LUBUK / LUBUAK MALAKO","809"
"12945","LUMINDAI","777"
"12946","LUMPO","755"
"12947","LUNANG BARAT","880"
"12948","LUNANG DUA","880"
"12949","LUNANG SATU","880"
"12950","LUNANG SELATAN","880"
"12951","LUNANG TENGAH","880"
"12952","LUNANG TIGA","880"
"12953","LUNANG UTARA","880"
"12954","LUNANG","880"
"12955","LUNTO BARAT","742"
"12956","LUNTO TIMUR","742"
"12957","LURAH AMPALU","773"
"12958","MADOBAK UGAI","881"
"12959","MAEK","786"
"12960","MAGEK","852"
"12961","MAILEPPET / MALEPPET","881"
"12962","MAKALO","821"
"12963","MALAI III KOTO","796"
"12964","MALAI V SUKU","839"
"12965","MALAKO","809"
"12966","MALAKOPAK","821"
"12967","MALALAK BARAT","882"
"12968","MALALAK SELATAN","882"
"12969","MALALAK TIMUR","882"
"12970","MALALAK UTARA","882"
"12971","MALAMPAH","811"
"12972","MALANCANG","813"
"12973","MALORO","728"
"12974","MANDEH","754"
"12975","MANGGANTI","870"
"12976","MANGGILANG","843"
"12977","MANGGIS GANTING","826"
"12978","MANGGOPOH","840"
"12979","MANGGUANG","752"
"12980","MANINJAU","804"
"12981","MARA","806"
"12982","MARABAU","778"
"12983","MARUNGGIH","778"
"12984","MATO / MATA AIR","741"
"12985","MATOBEK","883"
"12986","MATOBEK","806"
"12987","MATOTONAN","881"
"12988","MATUR HILIA","875"
"12989","MATUR MUDIAK","875"
"12990","MINANGKABAU","762"
"12991","MONGAN POULA / PAULA","813"
"12992","MUARA INDERAPURA","831"
"12993","MUARA TAIS","879"
"12994","MUARA / MUARO SIBERUT","881"
"12995","MUARA / MUARO SIKABALUAN","813"
"12996","MUARAGADANG AIR HAJI","739"
"12997","MUARAKANDIS PUNGGASAN","739"
"12998","MUARO AIE","865"
"12999","MUARO BODI","862"
"13000","MUARO KALABAN","884"
"13001","MUARO KIAWI","885"
"13002","MUARO PAITI","832"
"13003","MUARO PANEH","820"
"13004","MUARO PINGAI","886"
"13005","MUARO SAKAI INDERAPURA","848"
"13006","MUARO SEI / SUNGAI LOLO","887"
"13007","MUARO SOPAN","801"
"13008","MUARO TAKUANG","728"
"13009","MUARO","775"
"13010","MUARO","737"
"13011","MUNDAM SAKTI","862"
"13012","MUNGKA","850"
"13013","MUNGO","764"
"13014","MUNTEI","881"
"13015","NAGARI SULIT AIR","819"
"13016","NAN BALIMO","855"
"13017","NAN IV BAWAUAH","784"
"13018","NAN KODOK","775"
"13019","NAN TUJUAH","866"
"13020","NANGGALO","754"
"13021","NAPAR","775"
"13022","NARAS HILIR (NAREH HILIA)","752"
"13023","NARAS I (NAREH I)","752"
"13024","NEM-NEM LELEU","806"
"13025","NGALAU","833"
"13026","NUNANG","779"
"13027","NYIUR MALAMBAI PELANGAI","869"
"13028","OLO","805"
"13029","PADANG AIR DINGIN","809"
"13030","PADANG ALAI","776"
"13031","PADANG BESI","785"
"13032","PADANG BINTUNGAN","856"
"13033","PADANG BIRIK-BIRIK (BIRIAK-BIRIAK)","752"
"13034","PADANG CAKUA","778"
"13035","PADANG DATAR","779"
"13036","PADANG GANTIANG","809"
"13037","PADANG GANTING","770"
"13038","PADANG GELUGUR","888"
"13039","PADANG KADUDUK / KADUDUAK","775"
"13040","PADANG KERAMBIL / KARAMBIA","758"
"13041","PADANG LAWEH MALALO","802"
"13042","PADANG LAWEH","818"
"13043","PADANG LAWEH","801"
"13044","PADANG LAWEH","790"
"13045","PADANG LAWEH","847"
"13046","PADANG LUA","829"
"13047","PADANG MAGEK","782"
"13048","PADANG METINGGI / MANTINGGI","889"
"13049","PADANG PASIR","805"
"13050","PADANG SARAI","743"
"13051","PADANG SIBUSUK","800"
"13052","PADANG SIKABU","864"
"13053","PADANG TANGAH PAYOBADAR","776"
"13054","PADANG TANGAH","779"
"13055","PADANG TAROK","823"
"13056","PADANG TAROK","728"
"13057","PADANG TIAKAR HILIR / HILIE","776"
"13058","PADANG TIAKAR MUDIK / MUDIAK","776"
"13059","PADANG TINGGI","779"
"13060","PADANG XI PUNGGASAN","739"
"13061","PADUKUAN","749"
"13062","PADUKUAN","750"
"13063","PAGADIH","866"
"13064","PAGAMBIRAN AMPULU (PANGAMBIRAN AMPALU) NAN XX","787"
"13065","PAGARUYUNG (PAGARUYUANG)","867"
"13066","PAINAN SELATAN PAINAN","755"
"13067","PAINAN TIMUR PAINAN","755"
"13068","PAINAN","755"
"13069","PAKAN KURAI","772"
"13070","PAKAN LABUH / LABUAH","771"
"13071","PAKAN RABAA TENGAH","890"
"13072","PAKAN RABAA TIMUR","890"
"13073","PAKAN RABAA UTARA","890"
"13074","PAKAN RABAA","890"
"13075","PAKAN SINAYAN","829"
"13076","PAKAN SINAYAN","779"
"13077","PAKANDANGAN","835"
"13078","PAKASAI","735"
"13079","PALAK ANEH","778"
"13080","PALALUAR","818"
"13081","PALANGAI GADANG","869"
"13082","PALANGKI","862"
"13083","PALOKAN INDERAPURA","831"
"13084","PAMPANGAN NAN XX","787"
"13085","PAMUATAN","800"
"13086","PANAMPUNG","753"
"13087","PANCUNG TABA","865"
"13088","PANDAI SIKEK","736"
"13089","PANDAM GADANG","868"
"13090","PANGIAN","825"
"13091","PANGKALAN","843"
"13092","PANINGGAHAN","886"
"13093","PANINJAUAN","736"
"13094","PANINJAUAN","804"
"13095","PANINJAUAN","819"
"13096","PANTA PAUH","875"
"13097","PANTI","891"
"13098","PANYAKALAN","838"
"13099","PANYALAIAN","736"
"13100","PANYUBERANGAN","892"
"13101","PARAK BATUNG (BETUNG / BATUANG)","779"
"13102","PARAK GADANG TIMUR","761"
"13103","PARAK LAWEH PULAU AIR NAN XX","787"
"13104","PARAMBAHAN","820"
"13105","PARAMBAHAN","864"
"13106","PARAMBAHAN","788"
"13107","PARIANGAN","795"
"13108","PARIK MUKO AIE (PARIT MUKA AIR)","864"
"13109","PARIK PANJANG","875"
"13110","PARIK / PARIT RANTANG","779"
"13111","PARIT ANTANG","771"
"13112","PARIT MALINTANG","835"
"13113","PARIT / PARIK","893"
"13114","PARU","737"
"13115","PARUPUK TABING","743"
"13116","PASAR AMBACANG","757"
"13117","PASAR BARU","767"
"13118","PASAR BARU","781"
"13119","PASAR BUKIT AIR HAJI","739"
"13120","PASAR GADANG","741"
"13121","PASAR KUBANG","742"
"13122","PASAR LAMA MUARA AIR HAJI","739"
"13123","PASAR MUARA LABUH","814"
"13124","PASAR PANDAN AIR MATI","855"
"13125","PASAR TAPAN","756"
"13126","PASAR USANG","781"
"13127","PASAR","742"
"13128","PASIA LAWEH","866"
"13129","PASIA PALANGAI","869"
"13130","PASIA","753"
"13131","PASIE LAWEH LUBUK ALUNG","738"
"13132","PASIE / PASIR LAWEH","847"
"13133","PASILIHAN","819"
"13134","PASIR BINJAI","740"
"13135","PASIR SUNUR  /  PASA SUNUA (PASIA SUNUA)","778"
"13136","PASIR TALANG BARAT","814"
"13137","PASIR TALANG SELATAN","814"
"13138","PASIR TALANG TIMUR","814"
"13139","PASIR TALANG","814"
"13140","PASIR","747"
"13141","PASIR / PASIE NAN TIGO","743"
"13142","PASIR / PASIE","775"
"13143","PAUAH KAMBAR","856"
"13144","PAUAH","734"
"13145","PAUAH / PAUH BARAT","747"
"13146","PAUAH / PAUH TIMUR","747"
"13147","PAUH DUO NAN BATIGO","748"
"13148","PAUH KURAI TAJI (PAUAH)","778"
"13149","PAUH SANGIK","797"
"13150","PAYOBASUNG / PAYOBASUANG","776"
"13151","PAYOLANSEK","779"
"13152","PAYOLINYAM","775"
"13153","PAYONIBUNG / PAYONIBUANG","775"
"13154","PELANGAI KACIAK","869"
"13155","PELANGAI","869"
"13156","PEMATANG PANJANG","737"
"13157","PIAI TANGAH","812"
"13158","PIANGGU","817"
"13159","PILIANG","779"
"13160","PILUBANG","793"
"13161","PILUBANG","841"
"13162","PINTU PADANG","879"
"13163","PIOBANG","861"
"13164","PISANG","812"
"13165","PITALAH","763"
"13166","PITAMEH TANJUNG SABA NAN XX","787"
"13167","PONDOK PARIAN LUNANG","880"
"13168","PUHUN PINTU KABUN","826"
"13169","PUHUN TEMBOK","826"
"13170","PULAI ANAK AIR","826"
"13171","PULAKEK KOTO BARU","814"
"13172","PULASAN","872"
"13173","PULAU MAINAN","749"
"13174","PULAU MAINAN","750"
"13175","PULAUKARAM AMPANG PULAI","754"
"13176","PULAURAJO INDERAPURA","831"
"13177","PULUIK PULUIK","865"
"13178","PULUIK-PULUIK SELATAN","865"
"13179","PUNGGASAN TIMUR","739"
"13180","PUNGGASAN UTARA","739"
"13181","PUNGGASAN","739"
"13182","PUNGGUANG KASIAK LUBUK ALUNG","738"
"13183","PUNGGUANG LADIANG","778"
"13184","PURUS","805"
"13185","RABI JONGGOR","885"
"13186","RAMBAI","778"
"13187","RAMBATAN","782"
"13188","RANAH PALABI","892"
"13189","RANAH PANTAI CERMIN","727"
"13190","RANAH PARAK RUMBIO","741"
"13191","RANAH","776"
"13192","RANGKIANG LULUIH","794"
"13193","RANTAU SIMALENANG AIR HAJI","739"
"13194","RANTIH","803"
"13195","RAO-RAO","847"
"13196","RAWANG","741"
"13197","RAWANG","747"
"13198","RAWANGGUNUNG MAMELO SURANTIH","760"
"13199","RIAKDANAU TAPAN","756"
"13200","RIMBO KALUANG","805"
"13201","SABU","763"
"13202","SAGO SALIDO","755"
"13203","SAGULUBEK (SAGALUBEG / SAGALUBBEK)","859"
"13204","SAIBI MUARA (SAIBI SAMUKOP / SAMOKOP)","828"
"13205","SAKO PASIA TALANG","814"
"13206","SAKO SELATAN PASIA TALANG","814"
"13207","SAKO UTARA PASIA TALANG","814"
"13208","SALAK","803"
"13209","SALAREH AIA","759"
"13210","SALAYO TANANG BUKIK SILEH","792"
"13211","SALAYO","838"
"13212","SALIDO SARI BULAN","755"
"13213","SALIDO","755"
"13214","SALIGUMA","828"
"13215","SALIMPAT","731"
"13216","SALIMPAUNG","874"
"13217","SALO","823"
"13218","SAMBUNGO","740"
"13219","SANING BAKA","768"
"13220","SANTUR / SANTUA","777"
"13221","SAOK LAWEH","838"
"13222","SAPIRAN","771"
"13223","SARIAK LAWEH","797"
"13224","SARIAK","790"
"13225","SARIK ALAHAN TIGO","894"
"13226","SARILAMAK","793"
"13227","SARINGAN","777"
"13228","SARUASO","867"
"13229","SASAK","895"
"13230","SAUMANGANYAK","808"
"13231","SAUREINUK","806"
"13232","SAWAH PADANG","758"
"13233","SAWAH TANGAH","795"
"13234","SAWAHAN TIMUR","761"
"13235","SAWAHAN","761"
"13236","SAWAHLAWEH PASAR BARU","767"
"13237","SEBERANG PADANG","741"
"13238","SEBERANG PALINGGAM","741"
"13239","SEI / SUNGAI BALANTIK","797"
"13240","SEI / SUNGAI DUO","844"
"13241","SEI / SUNGAI DURIAN","864"
"13242","SEI / SUNGAI LANGKOK","860"
"13243","SEI / SUNGAI LIMAU","746"
"13244","SEI / SUNGAI PANAGO / PINAGO","779"
"13245","SEI / SUNGAI SAPIH","757"
"13246","SETARA NANGGALO","754"
"13247","SIALANG GAUNG","749"
"13248","SIALANG","832"
"13249","SIANOK ANAM SUKU","783"
"13250","SIARO ARO","817"
"13251","SIAUR","728"
"13252","SIBAKUR","872"
"13253","SIBERAMBANG","819"
"13254","SICINCIN HILIR / HILIE","776"
"13255","SICINCIN MUDIK / MUDIAK","776"
"13256","SICINCIN","878"
"13257","SIDO MAKMUR","807"
"13258","SIGANDO","833"
"13259","SIGAPOKNA","896"
"13260","SIGUNTUR TUA","754"
"13261","SIGUNTUR","754"
"13262","SIGUNTUR","844"
"13263","SIJANTANG KOTO","803"
"13264","SIJUNJUNG","737"
"13265","SIKABAU","834"
"13266","SIKABU LUBUK ALUNG","738"
"13267","SIKABU","778"
"13268","SIKAKAP","883"
"13269","SIKALANG","803"
"13270","SIKAPAK BARAT","752"
"13271","SIKAPAK TIMUR","752"
"13272","SIKUCUR","827"
"13273","SILABU","808"
"13274","SILAGO","784"
"13275","SILAING ATAS","781"
"13276","SILAING BAWAH","781"
"13277","SILANTAI","870"
"13278","SILAUT","740"
"13279","SILAYANG","887"
"13280","SILOKEK","737"
"13281","SILONGO","822"
"13282","SILUNGKANG DUO","884"
"13283","SILUNGKANG OSO","884"
"13284","SILUNGKANG TIGO","884"
"13285","SIMABUR","795"
"13286","SIMALANGGANG","861"
"13287","SIMALEGI / SIMALIGI","896"
"13288","SIMALIDU","749"
"13289","SIMALIDU","750"
"13290","SIMANAU","794"
"13291","SIMARASOK","823"
"13292","SIMATALU SIPOKAK","896"
"13293","SIMAWANG","782"
"13294","SIMPANG (KURAI TAJI)","778"
"13295","SIMPANG HARU","761"
"13296","SIMPANG KAPUAK","850"
"13297","SIMPANG LAMA INDERAPURA","848"
"13298","SIMPANG RUMBIO","769"
"13299","SIMPANG SUGIRAN","842"
"13300","SIMPANG TANJUANG NAN AMPEK / IV","854"
"13301","SIMPANG TONANG","830"
"13302","SIMPANG","745"
"13303","SIMPANGGUNUNG TAPAN","810"
"13304","SIMPURUIK","847"
"13305","SINAKAK","821"
"13306","SINAMAR","746"
"13307","SINAPA PILIANG","769"
"13308","SINDANG LUNANG","880"
"13309","SINGGALANG","736"
"13310","SINGKARAK","768"
"13311","SINTUK (SINTUAK)","752"
"13312","SINTUK / SINTUAK","897"
"13313","SINURUIK","851"
"13314","SINYAMU","872"
"13315","SIOBAN","806"
"13316","SIPANGKUR","860"
"13317","SIPINANG","759"
"13318","SIPORA JAYA","807"
"13319","SIRILOGUI","813"
"13320","SIRUKAM","733"
"13321","SISAWAH","870"
"13322","SITALANG","799"
"13323","SITANANG","799"
"13324","SITANANG","751"
"13325","SITAPUS","727"
"13326","SITIUNG","844"
"13327","SITUJUAH BANDA DALAM","898"
"13328","SITUJUAH BATUA","898"
"13329","SITUJUAH GADANG","898"
"13330","SITUJUAH LADANG LAWEH","898"
"13331","SITUMBUK (SITUMBUAK)","874"
"13332","SOLOK AMBAH","737"
"13333","SOLOK BIO-BIO","793"
"13334","SOPAN JAYA","801"
"13335","SOTBOYAK","813"
"13336","SUAYAN","797"
"13337","SUBARANG BATUNG (BETUNG / BATUANG)","779"
"13338","SULIK AIA","819"
"13339","SULIKI","765"
"13340","SUMANI","768"
"13341","SUMANIK (SUMANIAK}","874"
"13342","SUMPUR KUDUS SELATAN","870"
"13343","SUMPUR KUDUS","870"
"13344","SUMPUR","802"
"13345","SUNDATA","734"
"13346","SUNGAI ABU","894"
"13347","SUNGAI ANTUAN","850"
"13348","SUNGAI ASAM","878"
"13349","SUNGAI AUR","899"
"13350","SUNGAI BATANG","804"
"13351","SUNGAI BATUANG","728"
"13352","SUNGAI BERINGIN","861"
"13353","SUNGAI BULUH","815"
"13354","SUNGAI DAREH","834"
"13355","SUNGAI DURIAN","817"
"13356","SUNGAI DURIAN","900"
"13357","SUNGAI JAMBU","795"
"13358","SUNGAI JAMBUR","817"
"13359","SUNGAI JANIAH","730"
"13360","SUNGAI KAMBUT","834"
"13361","SUNGAI KAMUYANG","764"
"13362","SUNGAI KASAI","778"
"13363","SUNGAI KUNYIT BARAT","901"
"13364","SUNGAI KUNYIT","901"
"13365","SUNGAI LANDIA","783"
"13366","SUNGAI LANSEK","728"
"13367","SUNGAI NANAM","731"
"13368","SUNGAI NANIANG","786"
"13369","SUNGAI PASAK","735"
"13370","SUNGAI PATAI","762"
"13371","SUNGAI PINANG","754"
"13372","SUNGAI PUA","790"
"13373","SUNGAI PUAR","759"
"13374","SUNGAI RAMBAI","752"
"13375","SUNGAI RIMBANG","765"
"13376","SUNGAI RUMBAI TIMUR","871"
"13377","SUNGAI RUMBAI","871"
"13378","SUNGAI SARIAK","773"
"13379","SUNGAI SIRAH KURANJI HULU","796"
"13380","SUNGAI SIRAH","735"
"13381","SUNGAI TALANG","842"
"13382","SUNGAI TARAB","847"
"13383","SUNGAI TUNU","869"
"13384","SUNGAIBUKIK KACIAK LUMPO","755"
"13385","SUNGAIGAMBIR SAKO TAPAN","810"
"13386","SUNGAIGAYO LUMPO","755"
"13387","SUNGAILIKU PELANGAI","869"
"13388","SUNGAINYALO IV KOTO MUDIEK","849"
"13389","SUNGAINYALO MUDIAK AIA","754"
"13390","SUNGAIPINANG TAPAN","810"
"13391","SUNGAIPULAI","740"
"13392","SUNGAISARIAK LUMPO","755"
"13393","SUNGAISARIK","740"
"13394","SUNGAISIRAH AIR HAJI","739"
"13395","SUNGAISIRAH","740"
"13396","SUNGAITUNU BARAT","869"
"13397","SUNGAITUNU UTARA","869"
"13398","SUNGAYANG","762"
"13399","SUNUA","856"
"13400","SUPAYANG","733"
"13401","SUPAYANG","874"
"13402","SURANTIH","760"
"13403","SURAU GADANG","846"
"13404","SURIAN","876"
"13405","TABEK (PENYEBRANGAN)","892"
"13406","TABEK PANJANG","823"
"13407","TABEK PATAH","874"
"13408","TABEK","795"
"13409","TABING BANDA GADANG","846"
"13410","TAEH BARUAH","861"
"13411","TAEH BUKIK","861"
"13412","TAIKAKO","883"
"13413","TAILELEU (PASAKIAT TALELEU)","859"
"13414","TALAGO GUNUNG / GUNUANG","777"
"13415","TALAGO SARIAK","735"
"13416","TALANG ANAU","868"
"13417","TALANG BABUNGO","894"
"13418","TALANG BALARIK TAPAN","810"
"13419","TALANG BINJAI","740"
"13420","TALANG KOTO PULAI TAPAN","810"
"13421","TALANG MAUA","850"
"13422","TALANG TANGAH","847"
"13423","TALANG","730"
"13424","TALANG","779"
"13425","TALAO SUNGAI KUNYIT","901"
"13426","TALAOK","767"
"13427","TALAWI HILIR / HILIA","803"
"13428","TALAWI MUDIK / MUDIAK","803"
"13429","TALAWI","775"
"13430","TALU","851"
"13431","TALUAK AMPEK SUKU","829"
"13432","TALUAK","849"
"13433","TALUAK","825"
"13434","TALUAK","778"
"13435","TALUK TIGO SAKATO","849"
"13436","TALUNAN MAJU","901"
"13437","TAMBANG","755"
"13438","TAMBANGAN","736"
"13439","TAMPARUNGO","870"
"13440","TANAH BAKALI INDERAPURA","831"
"13441","TANAH GARAM","769"
"13442","TANAH HITAM","781"
"13443","TANAH LAPANG","742"
"13444","TANAH MATI","779"
"13445","TANAH PAK LAMBIK","833"
"13446","TANAH SIRAH PIAI NAN XX","787"
"13447","TANDIKAT / TANDIKEK","900"
"13448","TANDIKEK UTARA","900"
"13449","TANJUANG BARINGIN","734"
"13450","TANJUANG BUNGO","765"
"13451","TANJUANG LABUAH","870"
"13452","TANJUANG SABAR","752"
"13453","TANJUNG (TANJUANG)","762"
"13454","TANJUNG ALAI","768"
"13455","TANJUNG ALAM","746"
"13456","TANJUNG ALAM","789"
"13457","TANJUNG ANAU (TANJUANG ANAU)","775"
"13458","TANJUNG AUR / TANJUANG AUA","787"
"13459","TANJUNG BALIK SUMISO","794"
"13460","TANJUNG BALIK","819"
"13461","TANJUNG BARULAK","763"
"13462","TANJUNG BARULAK","867"
"13463","TANJUNG BETUNG","873"
"13464","TANJUNG BINGKUANG","838"
"13465","TANJUNG BONAI AUR SELATAN","870"
"13466","TANJUNG BONAI AUR","870"
"13467","TANJUNG GADANG","872"
"13468","TANJUNG HARO (SIKABU-KABU / TANJUANG HARO)","764"
"13469","TANJUNG KALIANG","728"
"13470","TANJUNG LOLO","872"
"13471","TANJUNG PAKU","855"
"13472","TANJUNG PAUH / TANJUANG PAUAH","779"
"13473","TANJUNG SANI","804"
"13474","TANJUNG","818"
"13475","TANJUNG","838"
"13476","TANJUNG / TANJUANG BALIK","843"
"13477","TANJUNG / TANJUANG BONAI","780"
"13478","TANJUNG / TANJUANG GADANG","751"
"13479","TANJUNG / TANJUANG GADANG","779"
"13480","TANJUNG / TANJUANG PAUAH","843"
"13481","TANJUNGDURIAN PASAR BARU","767"
"13482","TANJUNGPONDOK TAPAN","756"
"13483","TAPAKIH / TAPAKIS","902"
"13484","TAPAN","756"
"13485","TAPI / TEPI SELO","780"
"13486","TARAM","793"
"13487","TARANTANG","793"
"13488","TARANTANG","785"
"13489","TARATAK BANCAH / BONCAH","884"
"13490","TARATAK BARU UTARA","872"
"13491","TARATAK BARU","872"
"13492","TARATAK SEI LUNDANG","754"
"13493","TARATAK TANGAH LUMPO","755"
"13494","TARATAK TINGGI","892"
"13495","TARATAK","747"
"13496","TARATAK","760"
"13497","TAROK DIPO","772"
"13498","TAROK","775"
"13499","TARUANG TARUANG","817"
"13500","TARUANG TARUANG","889"
"13501","TARUKO","775"
"13502","TEBING TINGGI TAPAN","810"
"13503","TEBING TINGGI","834"
"13504","TELUK BAYUR / TALUAK BAYUA","741"
"13505","TELUK KABUNG SELATAN","824"
"13506","TELUK KABUNG TENGAH","824"
"13507","TELUK KABUNG UTARA","824"
"13508","TERATAK TEMPATIH IV KOTO MUDIEK","849"
"13509","TIGA SEPAKAT INDERAPURA","848"
"13510","TIGO BALAI","875"
"13511","TIGO JANGKO","825"
"13512","TIGO KOTO SILUNGKANG","759"
"13513","TIGOSUNGAI INDERAPURA","848"
"13514","TIKALAK","768"
"13515","TIKU LIMO JORONG","903"
"13516","TIKU SELATAN","903"
"13517","TIKU UTARA","903"
"13518","TIMBAGO / TAMBAGO","775"
"13519","TIMBULUN","872"
"13520","TIMPEH","892"
"13521","TIUMANG","860"
"13522","TLUK AMPLU INDERAPURA","848"
"13523","TLUK KUALO INDERAPURA","831"
"13524","TOBOH GADANG","897"
"13525","TOBOH KETEK","835"
"13526","TOBOH PALABAH","778"
"13527","TUAPEJAT","807"
"13528","TUIK IV KOTO MUDIEK","849"
"13529","TUMPUAK TANGAH","803"
"13530","TUNGKA SELATAN","752"
"13531","TUNGKA UTARA","752"
"13532","TUNGKA","898"
"13533","UJUNG BATUNG (UJUANG BATUANG)","747"
"13534","UJUNG GADING","904"
"13535","UJUNG GURUN","805"
"13536","ULAK KARANG SELATAN","744"
"13537","ULAK KARANG UTARA","744"
"13538","ULAKAN","902"
"13539","UNGGAN","870"
"13540","VI SUKU","769"
"13541","VII / TUJUH KOTO TALAGO","842"
"13542","AIR BALUI","905"
"13543","AIR BULUH","906"
"13544","AIR EMAS","907"
"13545","AIR HITAM","908"
"13546","AIR HITAM","909"
"13547","AIR HITAM","907"
"13548","AIR JAMBAN","910"
"13549","AIR JERNIH","911"
"13550","AIR KULIM","910"
"13551","AIR MAS / EMAS","912"
"13552","AIR MOLEK I","913"
"13553","AIR MOLEK II","913"
"13554","AIR PANAS","914"
"13555","AIR PUTIH","915"
"13556","AIR PUTIH","916"
"13557","AIR TAWAR","917"
"13558","AIR TERBIT","918"
"13559","AIR TERJUN","919"
"13560","AIR TIRIS","920"
"13561","AKAR BELINGKAR","909"
"13562","ALAH AIR TIMUR","921"
"13563","ALAH AIR","921"
"13564","ALAHAN","922"
"13565","ALAI SELATAN","923"
"13566","ALAI","923"
"13567","ALAM PANJANG","924"
"13568","ALANG KEPAYANG","911"
"13569","ALIANTAN","925"
"13570","ALIM","926"
"13571","AMAL BAKTI","917"
"13572","ANAK SETATAH","927"
"13573","ANAK TALANG","926"
"13574","ANGKASA","919"
"13575","API API","928"
"13576","AUR CINA","926"
"13577","AUR DURI","906"
"13578","AUR KUNING","929"
"13579","AURSATI","930"
"13580","BABUSSALAM ROKAN","909"
"13581","BABUSSALAM","910"
"13582","BABUSSALAM","931"
"13583","BAGAN BAKTI","932"
"13584","BAGAN BARAT","933"
"13585","BAGAN BATU KOTA","932"
"13586","BAGAN BATU","932"
"13587","BAGAN BESAR","934"
"13588","BAGAN CEMPEDAK","935"
"13589","BAGAN HULU","933"
"13590","BAGAN JAWA PESISIR","933"
"13591","BAGAN JAWA","933"
"13592","BAGAN JAYA","936"
"13593","BAGAN JAYA","937"
"13594","BAGAN KELADI","938"
"13595","BAGAN KOTA","933"
"13596","BAGAN LAGUH","939"
"13597","BAGAN LIMAU","907"
"13598","BAGAN MANUNGGAL","932"
"13599","BAGAN MELIBUR","940"
"13600","BAGAN NIBUNG","941"
"13601","BAGAN PUNAK MERANTI","933"
"13602","BAGAN PUNAK PESISIR","933"
"13603","BAGAN PUNAK","933"
"13604","BAGAN SAPTA PERMAI","932"
"13605","BAGAN SINEMBAH BARAT","932"
"13606","BAGAN SINEMBAH KOTA","932"
"13607","BAGAN SINEMBAH TIMUR","932"
"13608","BAGAN SINEMBAH UTARA","932"
"13609","BAGAN SINEMBAH","932"
"13610","BAGAN TIMUR","933"
"13611","BAGAN TUJUH","942"
"13612","BAHTERA MAKMUR KOTA","932"
"13613","BAHTERA MAKMUR","932"
"13614","BAKAU ACEH","943"
"13615","BAKTI MAKMUR","932"
"13616","BALAI JAYA KOTA","932"
"13617","BALAI JAYA","932"
"13618","BALAI MAKAM","910"
"13619","BALAI PUNGUT","944"
"13620","BALAI RAJA","944"
"13621","BALAM JAYA","932"
"13622","BALAM JAYA","930"
"13623","BALAM MERAH","939"
"13624","BALAM SEMPURNA KOTA","932"
"13625","BALAM SEMPURNA","932"
"13626","BALIK ALAM","910"
"13627","BALUNG","945"
"13628","BANDAR ALAI","946"
"13629","BANDAR JAYA","947"
"13630","BANDAR PADANG","948"
"13631","BANDAR PEDADA","949"
"13632","BANDAR SRI GEMILANG","917"
"13633","BANDAR SUNGAI","949"
"13634","BANDUL","950"
"13635","BANDUR PICAK","951"
"13636","BANGKINANG (BANGKINANG KOTA)","952"
"13637","BANGKO BAKTI","953"
"13638","BANGKO BALAM","953"
"13639","BANGKO JAYA","953"
"13640","BANGKO KANAN","953"
"13641","BANGKO KIRI","953"
"13642","BANGKO LESTARI","953"
"13643","BANGKO MAKMUR","953"
"13644","BANGKO MAS RAYA","953"
"13645","BANGKO MUKTI","953"
"13646","BANGKO PERMATA","953"
"13647","BANGKO PUSAKA (PUSAKO)","953"
"13648","BANGKO SEMPURNA","953"
"13649","BANGLAS BARAT","921"
"13650","BANGLAS","921"
"13651","BANGSAL ACEH","954"
"13652","BANGUN HARJO JAYA","955"
"13653","BANGUN JAYA","956"
"13654","BANGUN PURBA BARAT","957"
"13655","BANGUN PURBA TIMUR JAYA","957"
"13656","BANGUN PURBA","957"
"13657","BANGUN SARI","958"
"13658","BANJAR BALAM","959"
"13659","BANJAR BENAI","960"
"13660","BANJAR GUNTUNG","906"
"13661","BANJAR LOPAK","960"
"13662","BANJAR NANTIGO","961"
"13663","BANJAR PADANG","906"
"13664","BANJAR PANJANG","962"
"13665","BANJAR SEMINAI","963"
"13666","BANJAR XII","964"
"13667","BANTAIAN (BANTAYAN)","943"
"13668","BANTAN AIR","965"
"13669","BANTAN SARI","965"
"13670","BANTAN TENGAH","965"
"13671","BANTAN TIMUR","965"
"13672","BANTAN TUA","965"
"13673","BANTAR","927"
"13674","BANTAYAN / BANTAIAN BARU","966"
"13675","BANTAYAN / BANTAIAN HILIR","966"
"13676","BANTAYAN / BANTAIAN","966"
"13677","BANUARAN","967"
"13678","BARAN MELINTANG","968"
"13679","BARANGAN","911"
"13680","BASILAM BARU","954"
"13681","BATANG BATINDIH","924"
"13682","BATANG DUKU","928"
"13683","BATANG KULIM","969"
"13684","BATANG KUMU","970"
"13685","BATANG MALAS","923"
"13686","BATANG MERANTI","968"
"13687","BATANG NILO KECIL","971"
"13688","BATANG SARI","943"
"13689","BATANG SEROSA","910"
"13690","BATANG TUMU","943"
"13691","BATAS","970"
"13692","BATHIN BETUAH","910"
"13693","BATHIN SOBANGA","910"
"13694","BATIN SUIR","972"
"13695","BATU AMPAR","905"
"13696","BATU BELAH","920"
"13697","BATU BERSURAT","945"
"13698","BATU GAJAH","913"
"13699","BATU GAJAH","918"
"13700","BATU HAMPAR","973"
"13701","BATU LANGKAH BESAR","925"
"13702","BATU PANJANG","974"
"13703","BATU PAPAN","926"
"13704","BATU RIJAL BARAT","975"
"13705","BATU SANGGAN","929"
"13706","BATU SASAK","929"
"13707","BATU SAWAR","976"
"13708","BATU TERITIP","954"
"13709","BATULANGKA KECIL","977"
"13710","BATURIJAL HILIR","975"
"13711","BATURIJAL HULU","975"
"13712","BAYAS JAYA","978"
"13713","BEDENG SIKURAN","961"
"13714","BEKALAR","979"
"13715","BEKAWAN","943"
"13716","BELADING","949"
"13717","BELANTARAYA","980"
"13718","BELARAS BARAT","943"
"13719","BELARAS","943"
"13720","BELIGAN","948"
"13721","BELIMBING","981"
"13722","BELUTU","979"
"13723","BENAI KECIL","960"
"13724","BENAI","960"
"13725","BENAYAH","982"
"13726","BENCAH KELUBI","918"
"13727","BENCAH UMBAI","983"
"13728","BENCAH / BONCAH KESUMA","925"
"13729","BENGKALIS KOTA","915"
"13730","BENGKOLAN SALAK","914"
"13731","BENTE","943"
"13732","BENTENG BARAT","984"
"13733","BENTENG HILIR","985"
"13734","BENTENG HULU","985"
"13735","BENTENG UTARA","984"
"13736","BENTENG","984"
"13737","BERANCAH","965"
"13738","BERINGIN INDAH","969"
"13739","BERINGIN JAYA","955"
"13740","BERINGIN JAYA","986"
"13741","BERINGIN JAYA","987"
"13742","BERINGIN LESTARI","988"
"13743","BERINGIN MAKMUR","962"
"13744","BERINGIN MULYA","989"
"13745","BERINGIN TALUK","946"
"13746","BERINGIN","944"
"13747","BERUMBUNG BARU (TILAN)","963"
"13748","BETING","990"
"13749","BETUNG","969"
"13750","BHAYANGKARA JAYA","932"
"13751","BIDARI TANJUNG DATUK","943"
"13752","BINA BARU","991"
"13753","BINA MAJU","927"
"13754","BINAMANG","945"
"13755","BINANGUN JAYA","955"
"13756","BINTAN","992"
"13757","BINUANG","993"
"13758","BOKOR","927"
"13759","BOLAK RAYA","943"
"13760","BONAI","994"
"13761","BONCAH MAHANG","910"
"13762","BONGKAL MALANG","995"
"13763","BONO TAPUNG","996"
"13764","BUANA BAKTI / BHAKTI","997"
"13765","BUANA MAKMUR","963"
"13766","BUANTAN BESAR","998"
"13767","BUATAN BARU","997"
"13768","BUATAN I","999"
"13769","BUATAN II","999"
"13770","BUATAN / BUANTAN LESTARI","1000"
"13771","BUKIT AGUNG","997"
"13772","BUKIT AGUNG","1001"
"13773","BUKIT BATREM","1002"
"13774","BUKIT BATU","928"
"13775","BUKIT BETUNG","929"
"13776","BUKIT DAMAR","941"
"13777","BUKIT DATUK","1003"
"13778","BUKIT GAJAH","907"
"13779","BUKIT HARAPAN","997"
"13780","BUKIT INDAH","976"
"13781","BUKIT INTAN MAKMUR","942"
"13782","BUKIT JAYA","907"
"13783","BUKIT KAUMAN","906"
"13784","BUKIT KEMUNING","1004"
"13785","BUKIT KERIKIL","928"
"13786","BUKIT KRATAI","924"
"13787","BUKIT LEMBAH SUBUR","962"
"13788","BUKIT LINGKAR","926"
"13789","BUKIT LIPAI","926"
"13790","BUKIT MAS","941"
"13791","BUKIT MELINTANG","977"
"13792","BUKIT MERANTI","948"
"13793","BUKIT NANAS  /  NENAS","934"
"13794","BUKIT PAYUNG","993"
"13795","BUKIT PETALING","911"
"13796","BUKIT RANAH","920"
"13797","BUKIT RAYA","987"
"13798","BUKIT SAKAI","991"
"13799","BUKIT SARI INTAN JAYA","955"
"13800","BUKIT SELANJUT","995"
"13801","BUKIT SEMBILAN","993"
"13802","BUKIT TIMAH","1003"
"13803","BUKITPEDUSUNAN","906"
"13804","BULUH APO","944"
"13805","BULUH CINA","1005"
"13806","BULUH KASAP","1002"
"13807","BULUH MANIS","910"
"13808","BULUH NIPIS","1005"
"13809","BULUH RAMPAI","948"
"13810","BUMBUNG","910"
"13811","BUMI AYU","1003"
"13812","BUMI MULYA","1006"
"13813","BUNGA RAYA","1000"
"13814","BUNGUR","990"
"13815","BUNSUR","1007"
"13816","BURUK BAKUL","928"
"13817","CAHAYA BARU","943"
"13818","CANDI REJO","913"
"13819","CATUR KARYA","937"
"13820","CENAKU KECIL","926"
"13821","CENTAI","968"
"13822","CINTA DAMAI","988"
"13823","CINTA RAJA","1008"
"13824","CIPANG KANAN","922"
"13825","CIPANG KIRI HILIR","922"
"13826","CIPANG KIRI HULU","922"
"13827","CITRA DAMAI","1009"
"13828","CONCONG DALAM","1010"
"13829","CONCONG LUAR","1010"
"13830","CONCONG TENGAH","1010"
"13831","DAMAI","915"
"13832","DAMON / DAMUN","915"
"13833","DANAU BARU","911"
"13834","DANAU LANCANG","1004"
"13835","DANAU PULAI INDAH","978"
"13836","DANAU RAMBAI","981"
"13837","DANAU SONTUL","929"
"13838","DANAU TIGA","911"
"13839","DANAU","1011"
"13840","DARUL AMAN","974"
"13841","DARUSSALAM","1012"
"13842","DAYANGSURI","1000"
"13843","DAYO","996"
"13844","DAYUN","963"
"13845","DEDAP","950"
"13846","DELI MAKMUR","1013"
"13847","DELIK","971"
"13848","DELIMA JAYA","997"
"13849","DELIMA","1014"
"13850","DELUK","965"
"13851","DERAS TAJAK","929"
"13852","DESA BARU","1005"
"13853","DOMO","1015"
"13854","DOMPAS","928"
"13855","DOSAN","982"
"13856","DUA SEPAKAT","929"
"13857","DUMAI KOTA","992"
"13858","DUNDANGAN","969"
"13859","DUNGUN BARU","974"
"13860","DURI BARAT","910"
"13861","DURI TIMUR","910"
"13862","DUSUN PUSAKA","982"
"13863","DUSUN TUA PELANG","995"
"13864","DUSUN TUA","995"
"13865","DUSUN TUA","1016"
"13866","DUSUN TUK JIMUN","905"
"13867","DUSUN TUO","967"
"13868","DWI TUNGGAL","1009"
"13869","EMPANG BARU","1017"
"13870","EMPANG PANDAN","999"
"13871","EMPAT BALAI","977"
"13872","ENOK","936"
"13873","GABUNG MAKMUR","997"
"13874","GADING PERMAI","958"
"13875","GADING SARI","918"
"13876","GAJAH BERTALUT","929"
"13877","GAJAH SAKTI","910"
"13878","GAMBUT MUTIARA","1018"
"13879","GANTING DAMAI","1019"
"13880","GANTING","1019"
"13881","GAUNG / BAUNG REJO JAYA","937"
"13882","GELORA","932"
"13883","GEMA","929"
"13884","GEMALA SARI","1009"
"13885","GEMBARAN","989"
"13886","GEMBIRA","980"
"13887","GEMILANG JAYA","1020"
"13888","GENDUANG","1016"
"13889","GERBANG SARI","988"
"13890","GERINGGING JAYA","986"
"13891","GERINGING BARU","986"
"13892","GIRI SAKO","1006"
"13893","GITI","925"
"13894","GOBAH","930"
"13895","GOGOK DARUSSALAM","923"
"13896","GRIYA MUKTI JAYA","989"
"13897","GUDANG BATU","959"
"13898","GUMANTI","975"
"13899","GUNTUNG","1021"
"13900","GUNUNG BUNGSU","945"
"13901","GUNUNG MALELO","951"
"13902","GUNUNG MULYA","1022"
"13903","GUNUNG SAHILAN","1022"
"13904","GUNUNG SARI","1022"
"13905","GUNUNG","1023"
"13906","GUNUNGKESIANGAN","960"
"13907","GUNUNGMELINTANG","967"
"13908","GURUN PANJANG","934"
"13909","HANGTUAH","1024"
"13910","HARAPAN BARU","910"
"13911","HARAPAN JAYA","969"
"13912","HARAPAN JAYA","1025"
"13913","HARAPAN JAYA","1026"
"13914","HARAPAN MAKMUR SELATAN","932"
"13915","HARAPAN MAKMUR","932"
"13916","HARAPAN MAKMUR","1027"
"13917","HARAPAN TANI","978"
"13918","HARAPAN","1007"
"13919","HARJOSARI","1028"
"13920","HIBRIDA JAYA","989"
"13921","HIBRIDA MULYA","989"
"13922","HIDAYAH","937"
"13923","HIDUP BARU","991"
"13924","HULU TESO","1006"
"13925","HUTAN AYU","1029"
"13926","HUTAN PANJANG","974"
"13927","IBUL","1030"
"13928","IDAMAN","1027"
"13929","IGAL","943"
"13930","INDRA SAKTI","918"
"13931","INDRA SARI JAYA","989"
"13932","INDRAPURI","918"
"13933","INSIT","923"
"13934","INTAN JAYA","942"
"13935","INTAN MULIA / MULYA JAYA","937"
"13936","INUMAN","1031"
"13937","IV KOTO SETINGKAI","1015"
"13938","JADIREJO","1028"
"13939","JAKE","946"
"13940","JALUR PATAH","986"
"13941","JAMBAI MAKMUR","979"
"13942","JANGKANG","965"
"13943","JAPURA","959"
"13944","JATI BARU","1000"
"13945","JATI MULIA / MULYA","997"
"13946","JATIREJO","913"
"13947","JAYA AGUNG","932"
"13948","JAYA BHAKTI","936"
"13949","JAYA MUKTI","1002"
"13950","JAYA PURA","1000"
"13951","JAYA","946"
"13952","JERAMBANG","980"
"13953","JOJOL","1032"
"13954","JUMRAH","1025"
"13955","KABUN","925"
"13956","KADUR","1029"
"13957","KAMPAR","1013"
"13958","KAMPUNG BANDAR","1033"
"13959","KAMPUNG BARU IBUL","1030"
"13960","KAMPUNG BARU KOTO","961"
"13961","KAMPUNG BARU SENTAJO","986"
"13962","KAMPUNG BARU TIMUR","1034"
"13963","KAMPUNG BARU","934"
"13964","KAMPUNG BARU","1034"
"13965","KAMPUNG BARU","1010"
"13966","KAMPUNG BARU","1023"
"13967","KAMPUNG BARU","1033"
"13968","KAMPUNG BARU","907"
"13969","KAMPUNG BESAR KOTA","1035"
"13970","KAMPUNG BESAR SEBERANG","1035"
"13971","KAMPUNG BUNGO","976"
"13972","KAMPUNG DAGANG","1035"
"13973","KAMPUNG DALAM","1033"
"13974","KAMPUNG DALAM","998"
"13975","KAMPUNG MADURA","967"
"13976","KAMPUNG MEDAN","967"
"13977","KAMPUNG MELAYU","1028"
"13978","KAMPUNG PANJANG (AIR TIRIS)","1036"
"13979","KAMPUNG PINANG","1024"
"13980","KAMPUNG PULAU","1035"
"13981","KAMPUNG REMPAK","998"
"13982","KAMPUNG TENGAH","967"
"13983","KAMPUNG TENGAH","985"
"13984","KAMPUNG TENGAH","1028"
"13985","KANDIS KOTA","979"
"13986","KANDIS","979"
"13987","KARYA BAKTI / BHAKTI","991"
"13988","KARYA INDAH","918"
"13989","KARYA MUKTI","1025"
"13990","KARYA MULYA","1037"
"13991","KARYA TANI","978"
"13992","KARYA TUNAS JAYA","1026"
"13993","KARYO MULYO SARI","1038"
"13994","KASANG BANGSAWAN","909"
"13995","KASANG LIMAU SUNDAI","1011"
"13996","KASANG MUNGAI","994"
"13997","KASANG PADANG","994"
"13998","KASANG","906"
"13999","KASIKAN","1004"
"14000","KAYU ARA PERMAI","1007"
