"id","nama_desa","kecamatan_id"
"72001","BULO","6108"
"72002","BULU BONGGU","6098"
"72003","BULU MARIO","6109"
"72004","BULU PARIGI","6071"
"72005","BUMI MULYO","6064"
"72006","BUMIAYU","6064"
"72007","BUNDE","6110"
"72008","BUNGA-BUNGA","6089"
"72009","BUNTU BUDA","6100"
"72010","BUNTU MALANGKA","6062"
"72011","BURANA","6111"
"72012","BUSSU","6082"
"72013","BUTTU BARUGA","6088"
"72014","BUTTU PAMBOANG","6055"
"72015","BUTTUADA","6086"
"72016","CAMPALOGA","6105"
"72017","CAMPURJO","6064"
"72018","DAALA TIMUR","6108"
"72019","DAKKA","6082"
"72020","DAPURANG","6098"
"72021","DARMA","6112"
"72022","DATUBARINGAN","6113"
"72023","DODA","6109"
"72024","DUAMPANUA","6061"
"72025","DUNGKAIT","6056"
"72026","GALUNG LOMBOK","6093"
"72027","GALUNG TULU","6070"
"72028","GALUNG","6084"
"72029","GALUNG","6097"
"72030","GANDANG DEWATA","6111"
"72031","GATTUNGAN","6102"
"72032","GELESO","6064"
"72033","GULILING","6096"
"72034","HINUA","6086"
"72035","IHING","6108"
"72036","INDO MAKKOMBONG (INDOMAKKONDANG)","6089"
"72037","JAMBU MALEA","6082"
"72038","JENGENG RAYA","6114"
"72039","KABAE","6062"
"72040","KABIRAAN","6115"
"72041","KABUBU","6077"
"72042","KABULOANG","6096"
"72043","KADAILA","6116"
"72044","KAKULASANG (KAKULLASAN)","6105"
"72045","KALAMA","6068"
"72046","KALEOK","6059"
"72047","KALEPU","6105"
"72048","KALIMBUA","6082"
"72049","KALOLA","6076"
"72050","KALONDING","6110"
"72051","KALUKKU BARAT","6096"
"72052","KALUKKU","6096"
"72053","KALUKUNANGKA","6075"
"72054","KALUMAMMANG","6058"
"72055","KALUMPANG","6091"
"72056","KAMBUNONG","6116"
"72057","KARAKA","6113"
"72058","KARAMA","6091"
"72059","KARAMA","6093"
"72060","KARAMPUANG","6081"
"72061","KARATAUN","6091"
"72062","KARAVE (KARABE)","6107"
"72063","KAREMA","6081"
"72064","KARIANGO","6117"
"72065","KAROMBANG","6108"
"72066","KAROSSA","6116"
"72067","KARYA BERSAMA","6057"
"72068","KASAMBANG","6097"
"72069","KASANO","6071"
"72070","KASOLOANG","6075"
"72071","KASTA BUANA","6107"
"72072","KATIMBANG","6095"
"72073","KATUMBANGAN LEMO","6102"
"72074","KATUMBANGAN","6102"
"72075","KAYUANGIN","6080"
"72076","KAYUCALLA","6116"
"72077","KEANG","6096"
"72078","KEBANGA","6062"
"72079","KEBUNSARI","6064"
"72080","KELAPA DUA","6061"
"72081","KENANGAN","6067"
"72082","KENJE","6102"
"72083","KINATANG","6086"
"72084","KIRE","6066"
"72085","KOMBILING","6118"
"72086","KONDO BULO","6091"
"72087","KOPEANG","6097"
"72088","KUAJANG","6059"
"72089","KULU","6067"
"72090","KUMASARI","6109"
"72091","KUNYI","6061"
"72092","KUO","6118"
"72093","KUPTD BOTTENG I","6103"
"72094","KUPTD BOTTENG II","6103"
"72095","KURMA","6099"
"72096","KURRAK","6082"
"72097","LABUANG RANO","6056"
"72098","LABUANG UTARA","6088"
"72099","LABUANG","6088"
"72100","LAGI-AGI","6102"
"72101","LAKAHANG","6111"
"72102","LALAMPANUA","6055"
"72103","LALATEDZONG","6085"
"72104","LALIKO","6102"
"72105","LAMBA-LAMBA","6118"
"72106","LAMBANAN","6070"
"72107","LAMBANAN","6100"
"72108","LAMPOKO","6102"
"72109","LAMUNGANG BATU","6080"
"72110","LANDI KANUSUANG","6099"
"72111","LANTORA","6112"
"72112","LAPEO","6102"
"72113","LARA III","6116"
"72114","LARA","6116"
"72115","LARIANG","6114"
"72116","LASA","6091"
"72117","LEBANI","6056"
"72118","LEGO","6070"
"72119","LEKO","6078"
"72120","LEKOPADIS","6093"
"72121","LELEJAE","6107"
"72122","LELING BARAT","6105"
"72123","LELING UTARA","6105"
"72124","LELING","6105"
"72125","LEMBAH HADA","6066"
"72126","LEMBAH HOPO","6116"
"72127","LEMBANG LEMBANG","6119"
"72128","LEMBANG MOKALLANG","6079"
"72129","LEMBANG","6088"
"72130","LEMO-LEMO","6118"
"72131","LENGGO","6108"
"72132","LEPPANGANG","6085"
"72133","LETAWA","6120"
"72134","LILIMORI (LELEMORI)","6107"
"72135","LILLI","6095"
"72136","LIMBADEBATA","6079"
"72137","LIMBONG","6091"
"72138","LIMBORO RAMBU-RAMBU","6085"
"72139","LIMBORO","6119"
"72140","LIMBUA","6085"
"72141","LISUAN ADA","6121"
"72142","LOMBANG TIMUR","6080"
"72143","LOMBANG","6080"
"72144","LOMBONG TIMUR","6080"
"72145","LOMBONG","6080"
"72146","LOSSO","6110"
"72147","LUMIKA I","6086"
"72148","LUMIKA","6086"
"72149","LUMU","6066"
"72150","LUYO (LUJO)","6087"
"72151","MADATTE","6112"
"72152","MAHAHE","6074"
"72153","MAKKALIKI","6091"
"72154","MAKMUR JAYA","6114"
"72155","MAKUANG","6122"
"72156","MALABO","6073"
"72157","MALANGKENA PADANG","6121"
"72158","MALATIRO","6111"
"72159","MALEI II","6092"
"72160","MALEI","6057"
"72161","MALIAYA","6080"
"72162","MALIMBONG","6122"
"72163","MALINO","6105"
"72164","MALUNDA","6080"
"72165","MAMASA","6100"
"72166","MAMBI","6106"
"72167","MAMBU TAPUA","6095"
"72168","MAMBU","6087"
"72169","MAMBULILING","6100"
"72170","MAMMI","6059"
"72171","MAMULLU","6113"
"72172","MAMUNYU","6081"
"72173","MANDING","6112"
"72174","MANIPI","6113"
"72175","MANNABABA","6073"
"72176","MANYAMBA","6065"
"72177","MAPILLI BARAT","6087"
"72178","MAPILLI","6099"
"72179","MAPONU","6120"
"72180","MAPPU","6086"
"72181","MARTAJAYA","6057"
"72182","MARTASARI","6092"
"72183","MASEWWE","6094"
"72184","MASOSO","6079"
"72185","MASUPU","6068"
"72186","MATAKALI","6089"
"72187","MATANDE","6122"
"72188","MATANGNGA","6095"
"72189","MBANA SALULO","6100"
"72190","MEHALAAN","6104"
"72191","MEKKATTA SELATAN","6080"
"72192","MEKKATTA","6080"
"72193","MESAKADA","6104"
"72194","MESAKADA","6073"
"72195","MESSAWA","6122"
"72196","MINAKE","6073"
"72197","MINANGA TIMUR","6094"
"72198","MINANGA","6079"
"72199","MINANGA","6094"
"72200","MIRRING","6059"
"72201","MOMBI","6058"
"72202","MORA BENGGAULU","6116"
"72203","MORA IV","6116"
"72204","MOSSO DUA","6085"
"72205","MOSSO","6070"
"72206","MOSSO","6085"
"72207","MOTU","6071"
"72208","NAPO","6119"
"72209","NEPO","6064"
"72210","NOSU","6094"
"72211","OMPI","6107"
"72212","ONANG SELATAN","6101"
"72213","ONANG UTARA","6101"
"72214","ONGKO","6102"
"72215","OROBATU","6097"
"72216","OROBUA SELATAN","6121"
"72217","OROBUA TIMUR","6121"
"72218","OROBUA","6121"
"72219","OSANGO","6100"
"72220","PADANG TIMUR","6102"
"72221","PADANG","6102"
"72222","PAJALELE (PAKAWA)","6114"
"72223","PAKU","6059"
"72224","PALADAN","6121"
"72225","PALATTA","6082"
"72226","PALECE","6119"
"72227","PALIPI SOREANG","6084"
"72228","PALLIS","6070"
"72229","PALONGAAN","6074"
"72230","PAMBOBORANG","6084"
"72231","PAMBUSUANG","6070"
"72232","PAMINGGALAN","6085"
"72233","PAMMULUKANG","6096"
"72234","PAMOSEANG PANGGA","6063"
"72235","PAMOSEANG","6106"
"72236","PANA","6113"
"72237","PANETEAN","6063"
"72238","PANGALE","6118"
"72239","PANGALI-ALI","6084"
"72240","PANGALLOANG","6077"
"72241","PANGANDARAN","6111"
"72242","PANGASAAN","6056"
"72243","PANGGALO","6115"
"72244","PANGIANG","6076"
"72245","PANURA","6113"
"72246","PANYAMPA","6102"
"72247","PAO PAO","6058"
"72248","PAPALANG","6090"
"72249","PAPPANDANGAN","6061"
"72250","PAPPANG","6102"
"72251","PARABU","6067"
"72252","PARAILI","6077"
"72253","PARAPPE","6102"
"72254","PARONDOBULAWAN","6073"
"72255","PASABU (PASA BU)","6056"
"72256","PASANGKAYU","6057"
"72257","PASIANG","6089"
"72258","PASMA MAMBU","6122"
"72259","PASSAPA (PASAPA)","6066"
"72260","PATAMPANUA","6089"
"72261","PATIKA","6109"
"72262","PEBASSIAN","6100"
"72263","PEBURRU","6060"
"72264","PEDANDA II","6092"
"72265","PEDANDA","6057"
"72266","PEKKABATA","6112"
"72267","PELITAKAN","6082"
"72268","PENDULANGAN (PANDULANGAN)","6119"
"72269","PERIANGAN","6111"
"72270","PESULOANG","6055"
"72271","PETOOSANG","6058"
"72272","PIDARA","6072"
"72273","PIRIANG TAPIKO","6060"
"72274","PODA","6060"
"72275","POKKANG","6096"
"72276","POLEWALI","6076"
"72277","POLEWALI","6112"
"72278","POLIO (BA\SAN)","6091"
"72279","POLLEWANI","6060"
"72280","POLOCAMBA","6118"
"72281","POLOLERENG","6118"
"72282","POLOPANGALE","6118"
"72283","PONTANAKAYANG","6066"
"72284","POPENGA","6115"
"72285","PUCCADI","6087"
"72286","PULLIWA","6108"
"72287","PUNDAU","6085"
"72288","PUPU URING (PUPPURING)","6058"
"72289","PUSSUI BARAT","6087"
"72290","PUSSUI","6087"
"72291","PUTTADA","6085"
"72292","RALLE ANAK","6063"
"72293","RALLEANAK UTARA","6063"
"72294","RAMBUSARATU","6100"
"72295","RANDOMAYANG","6076"
"72296","RANGAS","6084"
"72297","RANGAS","6103"
"72298","RANGOAN","6095"
"72299","RANTE BULAHAN","6106"
"72300","RANTE MARIO","6105"
"72301","RANTE PUANG","6121"
"72302","RANTE TANGNGA","6117"
"72303","RANTEBERAN (RANTE BERANG)","6062"
"72304","RANTEDODA","6097"
"72305","RANTELEMO","6079"
"72306","RAPPANG BARAT","6099"
"72307","RAPPANG","6082"
"72308","RATTE","6060"
"72309","REA","6059"
"72310","RENGGEANG","6119"
"72311","RIMUKU","6081"
"72312","RIPPUNG","6122"
"72313","RISO","6082"
"72314","RUMPA","6099"
"72315","SABANG SUBIK","6070"
"72316","SABURA","6108"
"72317","SALARRI","6119"
"72318","SALLETTO","6103"
"72319","SALUADAK (SALO ADAK)","6074"
"72320","SALUASSING","6079"
"72321","SALUBAJA (SALO BAJA)","6074"
"72322","SALUBAKKA","6111"
"72323","SALUBALO","6083"
"72324","SALUBANUA","6106"
"72325","SALUBARANA","6110"
"72326","SALUBULO","6079"
"72327","SALUDENGEN","6105"
"72328","SALUGATTA (SALOGATTA)","6066"
"72329","SALUKADI","6079"
"72330","SALUKAYU (SALOKAYU)","6090"
"72331","SALUKEPOPOK","6079"
"72332","SALUKONTA","6104"
"72333","SALULEANG","6111"
"72334","SALULEKBO","6077"
"72335","SALUMAKKI","6091"
"72336","SALUMANURUNG","6066"
"72337","SALUMOKANAN BARAT","6078"
"72338","SALUMOKANAN UTARA","6078"
"72339","SALUMOKANAN","6078"
"72340","SALUNDENGEN","6079"
"72341","SALUPANGKANG (SALOPANGKANG)","6077"
"72342","SALUPANGKANG IV (SALUPANGKANG IV)","6077"
"72343","SALURINDU","6062"
"72344","SALUTAHONGAN","6080"
"72345","SALUTAMBUN","6062"
"72346","SALUTAMBUNG","6115"
"72347","SALUTIWO","6086"
"72348","SAMASUNDU","6119"
"72349","SAMBABO","6115"
"72350","SAMBALI WALI","6087"
"72351","SAMPAGA","6110"
"72352","SANDANA","6105"
"72353","SANDAPANG","6091"
"72354","SAPAN","6113"
"72355","SAPTANAJAYA","6123"
"72356","SARAGIAN","6058"
"72357","SARJO","6120"
"72358","SARTANAMA","6118"
"72359","SARUDE","6120"
"72360","SARUDU","6109"
"72361","SASAKAN","6083"
"72362","SATENETEAN","6121"
"72363","SATTOKO","6099"
"72364","SAYOANG","6058"
"72365","SEGERANG","6099"
"72366","SEJATI","6074"
"72367","SELUMAKA","6106"
"72368","SENDANA","6106"
"72369","SENDANA","6085"
"72370","SEPA BATU","6093"
"72371","SEPANG","6122"
"72372","SEPPONG","6065"
"72373","SEPPORRAKI","6108"
"72374","SERASA","6098"
"72375","SIBANAWA","6083"
"72376","SIDODADI","6064"
"72377","SIDOREJO","6064"
"72378","SIKAMASE","6079"
"72379","SIMBANG","6055"
"72380","SIMBORO","6103"
"72381","SINABATTA","6077"
"72382","SINDAGAMANIK","6073"
"72383","SINGGANI","6067"
"72384","SINYONYOI","6096"
"72385","SIPAI","6122"
"72386","SIPAKAINGA","6123"
"72387","SIPAKUAN","6072"
"72388","SIRAUN","6091"
"72389","SIRINDU","6055"
"72390","SISANGO","6090"
"72391","SIWI","6094"
"72392","SONDOANG","6096"
"72393","SONDONGLAYU","6106"
"72394","SUGIH WARAS","6064"
"72395","SUKADAMAI","6090"
"72396","SUKAMAJU","6116"
"72397","SULAI","6115"
"72398","SULEWATANG","6112"
"72399","SUMARANG (SUMARRANG)","6102"
"72400","SUMARE","6103"
"72401","SUMARORONG","6083"
"72402","SUMBERJO","6064"
"72403","SUMBERSARI","6107"
"72404","SURUANG","6102"
"72405","TAANG (TA\AN)","6097"
"72406","TABANG BARAT","6068"
"72407","TABANG","6068"
"72408","TABOLANG","6077"
"72409","TABONE","6083"
"72410","TABULAHAN","6111"
"72411","TADISI","6083"
"72412","TADOKALUA","6068"
"72413","TADUI","6081"
"72414","TAKANDEANG","6097"
"72415","TAKATIDUNG","6112"
"72416","TALIPUKKI","6106"
"72417","TALLAMBALAO","6065"
"72418","TALLANG BULAWAN","6113"
"72419","TALLUBANUA UTARA","6085"
"72420","TALLUM BANUA","6085"
"72421","TALOBA","6060"
"72422","TAMALANTIK","6073"
"72423","TAMALEA (TALONDO I)","6086"
"72424","TAMEJARRA (TAMMEJARRA)","6105"
"72425","TAMEMONGGA","6105"
"72426","TAMMANGALLE","6070"
"72427","TAMMARUNNANG","6123"
"72428","TAMMEJARRA (TAMMAJARRA)","6070"
"72429","TAMMERODO UTARA","6065"
"72430","TAMMERODO","6065"
"72431","TAMPAK KURRA","6111"
"72432","TAMPALANG","6097"
"72433","TAMPAURE","6075"
"72434","TANAM BUAH (TANAMBUA)","6110"
"72435","TANDASURA (TANDASSURA)","6119"
"72436","TANDE TIMUR","6088"
"72437","TANDE","6088"
"72438","TANDEALLO","6115"
"72439","TANDUNG","6093"
"72440","TANETE PAO","6056"
"72441","TANETE TOMBA","6079"
"72442","TANGAN BARU","6119"
"72443","TANGKAU (TANGKOU)","6077"
"72444","TANGNGA-TANGNGA","6093"
"72445","TAORA","6062"
"72446","TAPALINA","6106"
"72447","TAPAMBANUA (PATAMBANUA)","6108"
"72448","TAPANGO BARAT","6082"
"72449","TAPANGO","6082"
"72450","TAPILINA (TAPPILINA)","6077"
"72451","TAPUA","6095"
"72452","TARAILU","6110"
"72453","TARAMANU TUA","6060"
"72454","TARAMANU","6060"
"72455","TARANGGI","6123"
"72456","TASOKKO","6116"
"72457","TAUPE","6100"
"72458","TAWALIAN TIMUR","6117"
"72459","TAWALIAN","6117"
"72460","TENGGELANG (TENGGELAN)","6087"
"72461","TIKKE","6114"
"72462","TINALI","6066"
"72463","TINAMBUNG","6055"
"72464","TINAMBUNG","6093"
"72465","TIRTA BUANA","6098"
"72466","TOABO","6090"
"72467","TOBADAK","6074"
"72468","TODANG TODANG","6119"
"72469","TOMMO","6105"
"72470","TONDOK BAKARU","6100"
"72471","TONRO LIMA","6089"
"72472","TONYAMAN","6059"
"72473","TOPARE (TAPORE)","6090"
"72474","TOPOYO","6077"
"72475","TOTOLI","6084"
"72476","TOWONI (TORONI)","6071"
"72477","TUBBI","6060"
"72478","TUBO POANG","6101"
"72479","TUBO SELATAN","6101"
"72480","TUBO TENGAH","6101"
"72481","TUBO","6101"
"72482","TUMBU","6077"
"72483","TUMONGA","6091"
"72484","TUMPILING","6064"
"72485","TUTTULA","6082"
"72486","UGI BARU","6099"
"72487","UHAIDAHO","6063"
"72488","UHAILANU","6063"
"72489","UHAIMATE","6096"
"72490","ULIDANG","6065"
"72491","ULUMAMBI BARAT","6079"
"72492","ULUMAMBI","6079"
"72493","ULUMANDA","6115"
"72494","ULUSALU","6113"
"72495","WAEPUTEH","6077"
"72496","WATTANG","6112"
"72497","WULAI","6076"
"72498","ABAT","6124"
"72499","ABEAN","6125"
"72500","ABIO AHIOLO","6126"
"72501","ABORU","6127"
"72502","ABUBU","6128"
"72503","ABULATE","6129"
"72504","ABUSUR","6130"
"72505","AD NGURWUL","6131"
"72506","AD OHOIWAF","6131"
"72507","AD WEARAUR","6131"
"72508","ADABAI","6129"
"72509","ADAR","6132"
"72510","ADAUT","6133"
"72511","ADODO FORDATA","6134"
"72512","ADODO MOLO","6135"
"72513","AFANG DEFOL","6136"
"72514","AFANG KOTA","6136"
"72515","AHANARI","6137"
"72516","AHUSEN","6138"
"72517","AIR BESAR","6139"
"72518","AIR BUAYA","6140"
"72519","AIR NANANG","6141"
"72520","AIR TERNATE","6142"
"72521","AIRKASAR","6143"
"72522","AKETERNATE","6144"
"72523","AKI JAYA","6145"
"72524","AKOON","6128"
"72525","ALANG ASAUDE","6146"
"72526","ALGADANG","6147"
"72527","ALLANG","6148"
"72528","ALUSI BATJAS","6149"
"72529","ALUSI BUKYALIN (BUKYALIM)","6149"
"72530","ALUSI KELAAN","6149"
"72531","ALUSI KRAWAIN","6149"
"72532","ALUSI TAMRIAN","6149"
"72533","AMAHAI (AMAIIAI)","6150"
"72534","AMAHUSU","6151"
"72535","AMANTELU","6138"
"72536","AMAR LAUT","6152"
"72537","AMARSEKARU","6153"
"72538","AMARWAWATU","6132"
"72539","AMAU","6154"
"72540","AMDASA","6155"
"72541","AMETH","6128"
"72542","AMETH","6156"
"72543","AMPERA","6157"
"72544","ANALUTUR","6137"
"72545","ANGAR","6158"
"72546","APARA","6159"
"72547","ARAN","6132"
"72548","ARGAM","6160"
"72549","ARIATE","6161"
"72550","ARMA","6162"
"72551","ARMADA","6132"
"72552","ARSO","6163"
"72553","ARTAFELA","6158"
"72554","ARUAN GAUR","6141"
"72555","ARUI BAB","6155"
"72556","ARUI DAS","6155"
"72557","ARWALA","6164"
"72558","ASILULU","6165"
"72559","ATIAHU","6166"
"72560","ATUBUL RAYA (ATABUL DOL)","6155"
"72561","AWEAR RUMNGEUR","6124"
"72562","AWEAR","6134"
"72563","AWILINAN","6140"
"72564","BABYOTANG (BABIOTANG)","6167"
"72565","BALA-BALA","6142"
"72566","BALATAN","6168"
"72567","BALBALU","6169"
"72568","BALPETU","6142"
"72569","BANDA BARU","6150"
"72570","BANDA EFRUAN","6170"
"72571","BANDA ELI / ELY","6170"
"72572","BANDA SUKU TIGAPULUH","6170"
"72573","BARA","6140"
"72574","BAS","6132"
"72575","BASADA","6168"
"72576","BASALALE","6171"
"72577","BASARIN","6132"
"72578","BATI KILWOUW","6143"
"72579","BATLALE","6140"
"72580","BATU BOY","6172"
"72581","BATU GAJA (BATUGAJAH)","6138"
"72582","BATU GAJAH","6173"
"72583","BATU JUNGKU","6174"
"72584","BATU KASA","6175"
"72585","BATU LAYAR","6142"
"72586","BATU MEJA","6138"
"72587","BATU MERAH","6138"
"72588","BATU PUTIH","6176"
"72589","BATU TULIS","6177"
"72590","BATUGOYANG","6178"
"72591","BATULEI (BATULEY)","6179"
"72592","BATUMERAH","6180"
"72593","BATUMIAU","6181"
"72594","BEBAR TIMUR","6180"
"72595","BELLIS","6182"
"72596","BELTUBUR","6178"
"72597","BEMO PERAK","6166"
"72598","BEMO","6166"
"72599","BEMUN","6159"
"72600","BENGGOI (BANGGOI)","6145"
"72601","BENJINA","6147"
"72602","BENJURING","6179"
"72603","BENTENG","6151"
"72604","BERDEFAN","6183"
"72605","BESI","6139"
"72606","BETUASA (BATUASA)","6166"
"72607","BILORO","6142"
"72608","BOMAKI","6184"
"72609","BOMBAY","6185"
"72610","BOOI","6186"
"72611","BUANO HATUPUTIH","6187"
"72612","BUANO / BOANO SELATAN","6146"
"72613","BUANO / BOANO UTARA","6146"
"72614","BULA AIR FATOLO","6188"
"72615","BULA","6188"
"72616","BULULORA","6167"
"72617","BUMEY","6156"
"72618","BURIA","6189"
"72619","DAFTEL","6185"
"72620","DANAMA","6143"
"72621","DANAR LUMEFAR","6190"
"72622","DANAR OHOISEB","6190"
"72623","DANAR TERNATE","6190"
"72624","DANGARAT","6131"
"72625","DAVA","6171"
"72626","DAWANG","6182"
"72627","DAY (DAI)","6153"
"72628","DEBOWAY  /  DEBOWAE","6171"
"72629","DEBUT","6191"
"72630","DENWET","6125"
"72631","DEPUR","6185"
"72632","DIAN DARAT","6163"
"72633","DIAN PULAU","6163"
"72634","DIHIL","6129"
"72635","DISUK","6125"
"72636","DOKA BARAT","6192"
"72637","DOKA TIMUR","6192"
"72638","DOSIMAR","6178"
"72639","DOSINAMALAU","6168"
"72640","DUDUNWAHAN","6193"
"72641","DULLAH (DARAT)","6194"
"72642","DULLAH LAUT","6194"
"72643","DURJELA","6195"
"72644","DURYAR RUMOY","6196"
"72645","DWIWARNA","6197"
"72646","EFA (EFFA)","6152"
"72647","ELAAR LAMAGORANG","6190"
"72648","ELAAR LET","6190"
"72649","ELAAR NGURSOIN","6190"
"72650","ELARA","6198"
"72651","ELAT","6185"
"72652","ELFULE","6177"
"72653","ELIASA","6133"
"72654","ELNUSA","6129"
"72655","ELO","6173"
"72656","ELPAPUTIH","6126"
"72657","ELRALANG","6185"
"72658","ELSULITH","6199"
"72659","EMA","6200"
"72660","EMHUGEN","6142"
"72661","EMPLAWAS (EMPALWAS)","6137"
"72662","ENGLAS","6188"
"72663","ERAY","6199"
"72664","ERERSIN","6201"
"72665","ETI  /  ETY","6202"
"72666","EVU","6163"
"72667","EWIRI (ERWIRI)","6203"
"72668","FAA","6131"
"72669","FAAN","6193"
"72670","FAKAL","6204"
"72671","FAKO","6185"
"72672","FANGAMAS","6185"
"72673","FANWAV","6170"
"72674","FATLABATA","6147"
"72675","FATMITE","6177"
"72676","FATTOLO","6188"
"72677","FATURAL","6192"
"72678","FEER","6205"
"72679","FERUNI","6192"
"72680","FIDITAN","6194"
"72681","FINUALEN","6206"
"72682","FOGI","6142"
"72683","FOKET","6207"
"72684","FUNA NAIBAYA","6166"
"72685","FURSUI","6133"
"72686","GAH","6143"
"72687","GAIMAR","6192"
"72688","GALAI DUBU","6195"
"72689","GALALA","6138"
"72690","GALE-GALE","6208"
"72691","GARARA","6190"
"72692","GARDAKAU","6147"
"72693","GESER","6209"
"72694","GODA GODA","6183"
"72695","GOGOREA","6210"
"72696","GOHA","6132"
"72697","GOMARMETI","6178"
"72698","GOMARSUNGAI","6178"
"72699","GOMO GOMO","6159"
"72700","GOMSEY","6183"
"72701","GORAR","6195"
"72702","GRAHWAEN","6203"
"72703","GRANDENG","6211"
"72704","GULIAR","6152"
"72705","GULILI","6147"
"72706","GUNAK","6136"
"72707","GUSALAUT","6166"
"72708","HAAR OHOIMEL","6170"
"72709","HAAR OHOIMUR GPM","6170"
"72710","HAAR OHOIMUR RK","6170"
"72711","HAAR OHOIWAIT","6170"
"72712","HAAR RENRAHANTEL","6170"
"72713","HAAR WASSAR","6170"
"72714","HALONG","6212"
"72715","HANGUR","6131"
"72716","HARANGUR","6185"
"72717","HARIA","6186"
"72718","HARUKU","6127"
"72719","HARURU","6150"
"72720","HATALAI","6200"
"72721","HATAWANO","6213"
"72722","HATIVE BESAR","6214"
"72723","HATIVE KECIL","6138"
"72724","HATU","6148"
"72725","HATU","6215"
"72726","HATUMETE","6215"
"72727","HATUMETEN  /  HATUIMETEN","6166"
"72728","HATUNURU","6216"
"72729","HATUSUA","6217"
"72730","HAYA","6215"
"72731","HERLEY (HERLEY HOKA)","6218"
"72732","HERTUTI","6219"
"72733","HIAY","6154"
"72734","HILA","6220"
"72735","HILA","6165"
"72736","HIRIT","6221"
"72737","HITU LAMA","6165"
"72738","HITU MESING","6165"
"72739","HOAT","6205"
"72740","HOKMAR","6201"
"72741","HOKO","6205"
"72742","HOKO","6170"
"72743","HOLLAT SOLAIR","6170"
"72744","HOLLAT","6170"
"72745","HOLLAY","6170"
"72746","HOLLO","6150"
"72747","HONIPOPU","6138"
"72748","HOOR ISLAM","6131"
"72749","HOOR KRISTEN","6131"
"72750","HORALE","6208"
"72751","HOTE","6145"
"72752","HOTE","6175"
"72753","HUALOY","6222"
"72754","HUAULU","6139"
"72755","HUKU ANAKOTA","6223"
"72756","HUKU KECIL","6126"
"72757","HUKURILA","6200"
"72758","HULALIU","6127"
"72759","HULUNG","6189"
"72760","HUNISI","6224"
"72761","HUNITETU","6223"
"72762","HUNUTH (DURIAN PATAH)","6214"
"72763","HUTUMURI","6200"
"72764","IBLATMUNTAH","6167"
"72765","IBRA","6193"
"72766","IHA","6161"
"72767","IHA","6225"
"72768","IHAMAHU","6225"
"72769","ILATH","6174"
"72770","ILBUTUNG","6167"
"72771","ILIH","6180"
"72772","ILILI","6153"
"72773","ILILI","6152"
"72774","ILMAMAU","6226"
"72775","ILMARANG","6227"
"72776","ILNGEI","6184"
"72777","ILPOKIL","6164"
"72778","ILPUTIH","6154"
"72779","ILWAKI","6154"
"72780","ILWAY","6164"
"72781","IMROING","6219"
"72782","IRLOY","6147"
"72783","ISO","6125"
"72784","ISU (ISSU)","6156"
"72785","ITAWAKA","6225"
"72786","JABULENGA","6195"
"72787","JAKARTA BARU","6145"
"72788","JAMBU AIR","6159"
"72789","JAMILU","6172"
"72790","JELIA","6192"
"72791","JEMBATAN BASAH","6145"
"72792","JERILI","6156"
"72793","JEROL","6192"
"72794","JERUSU","6220"
"72795","JERWATU","6207"
"72796","JIKUMARASA (JIKUMERASA)","6228"
"72797","JIRLAY","6147"
"72798","JORANG","6178"
"72799","JURING","6201"
"72800","JURSIANG","6179"
"72801","KABALSIANG","6179"
"72802","KABALUKIN","6192"
"72803","KABAU","6127"
"72804","KABIARAT RAYA","6184"
"72805","KABUFIN","6207"
"72806","KAHILIN","6164"
"72807","KAIBOBO (KAIBOBU)","6202"
"72808","KAIBOLAFIN","6207"
"72809","KAIELY (KAYELI)","6229"
"72810","KAILOLO (KAILOLOPIA)","6127"
"72811","KAIMEAR","6206"
"72812","KAIRATU","6217"
"72813","KAITETU","6165"
"72814","KAIWABAR","6168"
"72815","KAIWATU","6230"
"72816","KAKI AIR","6229"
"72817","KALAR-KALAR","6192"
"72818","KALOA","6139"
"72819","KALUTU (KARLUTU KARA)","6208"
"72820","KAMAL","6231"
"72821","KAMAR","6136"
"72822","KAMARIAN","6217"
"72823","KAMATUBUN","6176"
"72824","KAMLANGLALE","6177"
"72825","KAMPUNG BARU","6140"
"72826","KAMPUNG BARU","6198"
"72827","KAMPUNG BARU","6197"
"72828","KAMPUNG BARU","6182"
"72829","KAMPUNG BARU","6196"
"72830","KAMPUNG GOROM","6188"
"72831","KAMPUNG TENGAH WERMAF","6196"
"72832","KAMPUNG WAILOLA","6188"
"72833","KANARA","6221"
"72834","KANDAR","6133"
"72835","KANIKEH (KANIKE)","6139"
"72836","KARANG JAYA","6172"
"72837","KARANG PANJANG","6138"
"72838","KARANGGULI","6195"
"72839","KARATAT","6124"
"72840","KARAWAI (KARAWAIN)","6168"
"72841","KARAY","6182"
"72842","KARBUBU","6226"
"72843","KAREY","6178"
"72844","KARIUW","6127"
"72845","KARKARIT","6185"
"72846","KARLOKIN","6196"
"72847","KARLOMIN","6152"
"72848","KARTUTIN KARTENGA","6196"
"72849","KASE","6203"
"72850","KASIEH","6189"
"72851","KATALOKA","6153"
"72852","KAWA","6202"
"72853","KEFFING","6209"
"72854","KEHLI","6180"
"72855","KELAAN","6232"
"72856","KELABA","6158"
"72857","KELANG ASAUDE","6187"
"72858","KELANGAN","6152"
"72859","KELANIT","6193"
"72860","KELDOR","6152"
"72861","KELIBINGAN","6153"
"72862","KELIOBER","6232"
"72863","KELLU","6209"
"72864","KER KER","6196"
"72865","KETA RUMADAN","6141"
"72866","KETA","6141"
"72867","KETSOBLAK","6233"
"72868","KETY (KETTY)","6234"
"72869","KIAN DARAT","6158"
"72870","KIAN LAUT","6141"
"72871","KILANG","6200"
"72872","KILBAT","6143"
"72873","KILBON KWAY","6209"
"72874","KILESER","6158"
"72875","KILFURA","6209"
"72876","KILGA KILWOUW","6158"
"72877","KILGA WATUBAU","6158"
"72878","KILIWOUW","6196"
"72879","KILKODA","6132"
"72880","KILMASA","6149"
"72881","KILMOY (KILMOI)","6143"
"72882","KILMURY","6136"
"72883","KILON","6124"
"72884","KILTAY (KILTAI)","6209"
"72885","KILWAIR","6170"
"72886","KILWARU","6209"
"72887","KILWAT","6235"
"72888","KLIS","6230"
"72889","KLISHATU","6226"
"72890","KOBADANGAR","6147"
"72891","KOBAMAR","6179"
"72892","KOBASEL FARA","6147"
"72893","KOBASEL TIMUR","6147"
"72894","KOBI","6236"
"72895","KOBIMUKTI","6236"
"72896","KOBISONTA","6144"
"72897","KOBRAUR","6195"
"72898","KOBROR","6168"
"72899","KOIJABI","6168"
"72900","KOKROMAN","6156"
"72901","KOKWARI","6137"
"72902","KOLAHA","6183"
"72903","KOLAMAR","6207"
"72904","KOLSER","6193"
"72905","KOMPANE","6179"
"72906","KOTA LAMA","6130"
"72907","KOTA SIRI (KOTA SIRIH)","6132"
"72908","KROING","6137"
"72909","KUAY MELU","6180"
"72910","KUBALAHIN","6211"
"72911","KUDAMATI","6151"
"72912","KULUGOWA","6153"
"72913","KULUR","6161"
"72914","KULUR","6186"
"72915","KUMELANG","6136"
"72916","KUMUL","6179"
"72917","KUMUR","6180"
"72918","KURALELE","6156"
"72919","KWAOS (KUWAOS)","6141"
"72920","KWARBOLA","6147"
"72921","LAAR PERDA","6131"
"72922","LABETAWI","6194"
"72923","LABOBAR","6124"
"72924","LABUAN","6208"
"72925","LABUANG","6177"
"72926","LAFA","6224"
"72927","LAHA","6214"
"72928","LAHA","6224"
"72929","LAHAKABA","6224"
"72930","LAHEMA","6152"
"72931","LAIMU","6224"
"72932","LAININIR","6192"
"72933","LAIRNGANGAS","6191"
"72934","LAITUTUN","6181"
"72935","LALA","6172"
"72936","LALASA","6160"
"72937","LAMAHANG","6213"
"72938","LAMDESAR BARAT","6232"
"72939","LAMDESAR TIMUR","6232"
"72940","LANGGIAR HAAR","6170"
"72941","LANGGUR","6193"
"72942","LANGHALAU","6183"
"72943","LAPANG KAMPUNG JAWA","6196"
"72944","LAPELA","6129"
"72945","LARAT","6235"
"72946","LARIKE","6148"
"72947","LATALOLA BESAR","6167"
"72948","LATALOLA KECIL","6167"
"72949","LATDALAM","6184"
"72950","LATEA","6208"
"72951","LATERI","6212"
"72952","LATTA","6212"
"72953","LATU","6222"
"72954","LATUHALAT","6151"
"72955","LATURAKE","6189"
"72956","LAU-LAU","6195"
"72957","LAURAN","6184"
"72958","LAWAWANG","6167"
"72959","LAYENI","6156"
"72960","LEAHARI","6200"
"72961","LEAWAY (LEAWAI)","6236"
"72962","LEBELAU","6237"
"72963","LEINITU","6128"
"72964","LEITING","6183"
"72965","LEKLOOR","6130"
"72966","LEKSULA","6203"
"72967","LEKTAMA","6177"
"72968","LEKU","6177"
"72969","LELANG","6173"
"72970","LELE","6211"
"72971","LELINGLUAN","6232"
"72972","LEMANPOLI","6169"
"72973","LENA","6175"
"72974","LER OHOILIM","6185"
"72975","LERMATANG","6184"
"72976","LESANE","6157"
"72977","LESLURU","6156"
"72978","LETMAN","6193"
"72979","LETMASA","6227"
"72980","LETODA","6234"
"72981","LETSIARA","6219"
"72982","LETVUAN","6163"
"72983","LETWARU","6157"
"72984","LETWURUNG","6137"
"72985","LEWAH","6219"
"72986","LIAN TASIK","6141"
"72987","LIANG","6203"
"72988","LIANG","6238"
"72989","LIANG","6239"
"72990","LILIAMA","6129"
"72991","LILIBOI","6148"
"72992","LIMUMIR","6188"
"72993","LINGADA","6124"
"72994","LINGAT","6133"
"72995","LISABATA (LISABATA BARAT)","6189"
"72996","LISABATA TIMUR","6208"
"72997","LODAR ELL","6233"
"72998","LOHIA SAPALEWA","6189"
"72999","LOHIATALA","6231"
"73000","LOKKI","6161"
"73001","LOKO","6153"
"73002","LOKWIRIN","6206"
"73003","LOLA","6168"
"73004","LOLOTWARA (LOLOTUARA)","6234"
"73005","LONGGAR","6159"
"73006","LONTHOIR","6197"
"73007","LOON","6193"
"73008","LOR-LOR","6192"
"73009","LORANG","6147"
"73010","LORULUNG","6155"
"73011","LORWEMBUN","6149"
"73012","LUANG BARAT","6173"
"73013","LUANG TIMUR","6173"
"73014","LUHU","6161"
"73015","LUHULELY (LUHULELI)","6181"
"73016","LUHUTUBAN","6187"
"73017","LUMAHLATAL (LUMALATAL)","6216"
"73018","LUMAHPELU (LUMAPELU)","6216"
"73019","LUMASEBU","6149"
"73020","LUMOLY (LUMOLI)","6202"
"73021","LUMOY","6198"
"73022","LURANG","6199"
"73023","LUTUR","6201"
"73024","MAAR","6190"
"73025","MADWAT","6163"
"73026","MAEKOR","6201"
"73027","MAGAT","6160"
"73028","MAHALETA","6173"
"73029","MAHU","6225"
"73030","MAHUAN","6154"
"73031","MAIJURING","6147"
"73032","MAKARIKI","6150"
"73033","MAKATIANG","6176"
"73034","MAKUBUBUI","6216"
"73035","MALAKU","6139"
"73036","MALOANG","6216"
"73037","MAMALA","6165"
"73038","MAMUR","6196"
"73039","MANEO RATU","6224"
"73040","MANEO RENDAH","6236"
"73041","MANGESWAEN","6204"
"73042","MANGGA DUA","6151"
"73043","MANGLUSI","6162"
"73044","MANGUR NIELA","6221"
"73045","MANJAU","6147"
"73046","MANUSA","6223"
"73047","MANUSELA","6139"
"73048","MANUWERI (MANUARI)","6137"
"73049","MARANTUTUL","6176"
"73050","MARASAHUA","6236"
"73051","MARFENFEN (MARAFENFEN)","6192"
"73052","MARFUN","6125"
"73053","MARIRI","6168"
"73054","MARIRIMAR","6147"
"73055","MARLASI","6207"
"73056","MARSELA","6167"
"73057","MASAPUN","6154"
"73058","MASARETE","6229"
"73059","MASAWOI","6187"
"73060","MASAWOY","6198"
"73061","MASIHUWEY (MUSIHBUWAY)","6216"
"73062","MASNANA","6177"
"73063","MASRUM","6233"
"73064","MASTUR","6125"
"73065","MATAHOLAT","6185"
"73066","MATAKUS","6184"
"73067","MATAPA","6216"
"73068","MATWAIR (MADWAER)","6240"
"73069","MEPA","6203"
"73070","MERDEKA","6197"
"73071","MEROR","6178"
"73072","MESA (MESSA)","6156"
"73073","MESIANG","6159"
"73074","MESIDANG","6207"
"73075","MEYANO RAYA","6149"
"73076","MEYANOBAB","6149"
"73077","MEYANODAS","6149"
"73078","MIDA","6153"
"73079","MIRAN GOTA","6153"
"73080","MIRAN","6132"
"73081","MISING","6136"
"73082","MOAIN","6230"
"73083","MOHONGSEL","6183"
"73084","MONING","6164"
"73085","MOREKAU","6202"
"73086","MORELA","6165"
"73087","MOROKAI (MOROKAY)","6236"
"73088","MOSSO","6215"
"73089","MUN ESSOY","6131"
"73090","MUN KAHAR","6131"
"73091","MUN NGURDITWAIN","6131"
"73092","MUN OHOIIR","6131"
"73093","MUN OHOITADIUM","6131"
"73094","MUN WERFAN","6131"
"73095","MURAI","6147"
"73096","MURNATEN  /  MORNATEN","6189"
"73097","NABAHENG","6185"
"73098","NABAR","6199"
"73099","NAFAR (NAPAR)","6195"
"73100","NAFRUA","6211"
"73101","NAIWEL AHINULIN","6129"
"73102","NAKARHAMTO","6137"
"73103","NAKU","6200"
"73104","NAKUPIA","6156"
"73105","NALAHIA","6128"
"73106","NALBESSY","6203"
"73107","NAMA ANDAN","6182"
"73108","NAMA LENA","6182"
"73109","NAMAELO","6157"
"73110","NAMALEAN","6153"
"73111","NAMAR","6191"
"73112","NAMARA","6147"
"73113","NAMASINA","6157"
"73114","NAMLEA ILATH","6174"
"73115","NAMLEA","6172"
"73116","NAMRINAT","6177"
"73117","NAMSINA","6213"
"73118","NAMTABUNG","6133"
"73119","NAMTO","6144"
"73120","NANALI","6142"
"73121","NANIA","6212"
"73122","NAUMATANG","6199"
"73123","NAYET","6129"
"73124","NEATH","6203"
"73125","NEGERI LAMA","6212"
"73126","NEGERI LIMA","6165"
"73127","NEKAN","6136"
"73128","NENIARI  /  NINIARI","6202"
"73129","NERONG","6235"
"73130","NGABUB","6193"
"73131","NGADI","6194"
"73132","NGAFAN","6205"
"73133","NGAIBOR","6192"
"73134","NGAIGULI","6192"
"73135","NGAN","6205"
"73136","NGAT","6185"
"73137","NGAYUB","6191"
"73138","NGEFUIT ATAS","6185"
"73139","NGEFUIT","6185"
"73140","NGILNGOF","6191"
"73141","NGURDU","6185"
"73142","NGURKO","6205"
"73143","NGURSIT","6163"
"73144","NGURWALEK","6131"
"73145","NGURWUL","6190"
"73146","NIKULUKAN","6189"
"73147","NINIARI","6189"
"73148","NIWELEHU","6189"
"73149","NOLOTH","6225"
"73150","NOMAHA","6237"
"73151","NUKUHAI","6189"
"73152","NUNIALI","6189"
"73153","NURA","6167"
"73154","NURKAT","6135"
"73155","NURNYAMAN","6227"
"73156","NURUWE (NURUE)","6231"
"73157","NUSANIWE I","6151"
"73158","NUSANIWE","6151"
"73159","NUSANTARA","6197"
"73160","NUSARUA","6204"
"73161","NUSIATA","6218"
"73162","NUWEWANG","6181"
"73163","OHILAHIN","6211"
"73164","OHODERTAWUN","6193"
"73165","OHOIBADAR","6163"
"73166","OHOIDER ATAS","6193"
"73167","OHOIDERTOM","6240"
"73168","OHOIDERTUTU","6240"
"73169","OHOIEL","6185"
"73170","OHOIFARUAN","6170"
"73171","OHOIFAU","6170"
"73172","OHOIJANG / OHOIYONG WATDEK","6193"
"73173","OHOILEAN","6205"
"73174","OHOILILIR","6191"
"73175","OHOILIM","6185"
"73176","OHOILUK","6191"
"73177","OHOILUS","6125"
"73178","OHOIMAJANG","6170"
"73179","OHOINANGAN","6185"
"73180","OHOINOL","6125"
"73181","OHOIRA","6240"
"73182","OHOIRAUT","6170"
"73183","OHOIREN","6240"
"73184","OHOIRENAN","6235"
"73185","OHOITAHIT","6194"
"73186","OHOITEL","6194"
"73187","OHOITUF","6131"
"73188","OHOIWAIT","6185"
"73189","OHOIWANG","6185"
"73190","OHOIWIRIN","6170"
"73191","OIRATA BARAT","6130"
"73192","OIRATA TIMUR","6130"
"73193","OKI BARU","6177"
"73194","OKI LAMA","6177"
"73195","OLILIT","6184"
"73196","OMA","6127"
"73197","ONDOR","6153"
"73198","OSONG","6166"
"73199","OTADEMAN","6152"
"73200","OUW","6225"
"73201","PAA","6208"
"73202","PANDAN KASTURI","6138"
"73203","PAPAKULA","6147"
"73204","PAPERU","6186"
"73205","PARBULU","6171"
"73206","PASAHARI","6139"
"73207","PASANEA","6208"
"73208","PASINALO","6189"
"73209","PASIR PUTIH","6142"
"73210","PASSO","6212"
"73211","PATAHUWE","6189"
"73212","PATTI","6230"
"73213","PELA","6174"
"73214","PELAUW","6127"
"73215","PERIK BASARANGGI","6160"
"73216","PILIAMA (PILIANA)","6215"
"73217","PIRU","6202"
"73218","POHON BATU","6175"
"73219","POKA","6214"
"73220","POLIN","6129"
"73221","PONOM","6168"
"73222","POPJETUR","6192"
"73223","PORTHO","6186"
"73224","POTA BESAR","6218"
"73225","POTA KECIL","6218"
"73226","PULAU AI / AY","6197"
"73227","PULAU HATTA","6197"
"73228","PULAU PANJANG","6160"
"73229","PULAU RHUM","6197"
"73230","PUPIOLIORA","6173"
"73231","PURPURA (PUR-PURA)","6237"
"73232","RAAT","6125"
"73233","RAHANGIAR","6205"
"73234","RAHARENG ATAS","6185"
"73235","RAHARENG","6185"
"73236","RAHERIAT","6169"
"73237","RAJAWALI","6197"
"73238","RAMBATU","6223"
"73239","RARAT","6132"
"73240","REBI","6201"
"73241","REGOHA","6173"
"73242","RENFAAN GPM","6170"
"73243","RENFAAN ISLAM","6170"
"73244","RENFAN (RENFAAN)","6170"
"73245","REREAN","6205"
"73246","REVAV (REWAV)","6125"
"73247","REYAMRU","6185"
"73248","RIDOOL","6232"
"73249","RIJALI","6138"
"73250","RIRING","6189"
"73251","RITABEL","6232"
"73252","ROHO","6139"
"73253","ROHOMONI","6127"
"73254","ROMDARA","6173"
"73255","ROMEAN","6134"
"73256","ROMKISAR","6173"
"73257","ROMOIN","6221"
"73258","ROTNAMA","6173"
"73259","RUKU RUKU","6160"
"73260","RUKUN JAYA","6145"
"73261","RUMADIAN","6191"
"73262","RUMAH SOKAT","6139"
"73263","RUMAH TIGA","6214"
"73264","RUMAHKAY","6222"
"73265","RUMAHSOAL","6189"
"73266","RUMAHWEY","6208"
"73267","RUMALEWANG BESAR (RUMAHLEWANG BESAR)","6218"
"73268","RUMALEWANG KECIL (RUMAHLEWANG KECIL)","6218"
"73269","RUMASALUT","6176"
"73270","RUMAT","6125"
"73271","RUMBERU","6223"
"73272","RUMEON","6153"
"73273","RUMFAKAR","6158"
"73274","RUMNGEUR","6134"
"73275","RUMOGA","6158"
"73276","RUTAH","6150"
"73277","RUTONG","6200"
"73278","SABUAI","6129"
"73279","SAGEY","6132"
"73280","SAHULAU","6239"
"73281","SALAGOR AIR","6141"
"73282","SALAGOR KOTA","6141"
"73283","SALAMAHU","6215"
"73284","SALAREM","6178"
"73285","SALAS","6188"
"73286","SALEMAN","6208"
"73287","SAMAI","6236"
"73288","SAMALAGI","6213"
"73289","SAMANG","6195"
"73290","SAMETH","6127"
"73291","SANAHU","6126"
"73292","SANGLIAT DOL","6155"
"73293","SANGLIAT KRAWAIN","6155"
"73294","SANLEKO","6172"
"73295","SAPARUA","6186"
"73296","SARE","6190"
"73297","SARIPUTIH","6236"
"73298","SATHEAN","6193"
"73299","SAUMLAKI","6184"
"73300","SAUNULU","6215"
"73301","SAVANA JAYA","6210"
"73302","SAWA","6228"
"73303","SAWAI","6139"
"73304","SEFLURU (SIFLURU)","6156"
"73305","SEHATI","6150"
"73306","SEILALE","6151"
"73307","SEITH","6165"
"73308","SEITH","6229"
"73309","SEKAT","6142"
"73310","SELAMON","6197"
"73311","SELASI","6198"
"73312","SELAYAR","6191"
"73313","SELIBATA-BATA","6147"
"73314","SELILAU","6147"
"73315","SELMONA","6207"
"73316","SELOR","6136"
"73317","SELWADU","6140"
"73318","SEMAWI","6125"
"73319","SEPA","6150"
"73320","SERA","6153"
"73321","SERA","6234"
"73322","SERIHOLO","6222"
"73323","SERILI","6167"
"73324","SERUAWAN","6217"
"73325","SESAR","6188"
"73326","SESAR","6143"
"73327","SETHER (SATHER)","6235"
"73328","SETI","6144"
"73329","SEWER","6179"
"73330","SIAHONI","6172"
"73331","SIFNANA","6184"
"73332","SILA","6128"
"73333","SILALE","6151"
"73334","SILOHAN","6145"
"73335","SIMI","6175"
"73336","SINAIRUSI","6219"
"73337","SIOPOT","6142"
"73338","SIRBANTE","6185"
"73339","SIRI SORI","6225"
"73340","SIRI-SORI AMALATU","6225"
"73341","SITNIOHOI","6193"
"73342","SIWALIMA","6195"
"73343","SIWAR","6198"
"73344","SIWATLAHIN","6204"
"73345","SIYA","6178"
"73346","SKIKILALE","6213"
"73347","SLEALALE","6203"
"73348","SOAHUKU","6150"
"73349","SOAKASALE","6216"
"73350","SOFYANIN","6134"
"73351","SOHUWE","6216"
"73352","SOIN","6170"
"73353","SOINDAT","6235"
"73354","SOINRAT","6185"
"73355","SOLANG","6182"
"73356","SOLATH","6220"
"73357","SOLE","6146"
"73358","SOLEA","6216"
"73359","SOMLAIN","6240"
"73360","SOYA","6138"
"73361","SUKARAJA","6216"
"73362","SULI","6238"
"73363","SUMBAWA","6136"
"73364","SUMBER AGUNG","6145"
"73365","SUMEITH / SAMEITH PASINARO","6126"
"73366","SURU","6141"
"73367","TAAR","6233"
"73368","TABARFANE","6201"
"73369","TAHALUPU","6146"
"73370","TALA","6222"
"73371","TAM NGURHIR","6241"
"73372","TAMANGIL NUHUTEN","6235"
"73373","TAMANGIL NUHUYANAT","6235"
"73374","TAMEDAN","6194"
"73375","TAMHER BARAT","6152"
"73376","TAMHER TIMUR","6152"
"73377","TAMILOUW","6150"
"73378","TANAH BARU","6152"
"73379","TANAH MERAH","6144"
"73380","TANAH MIRING","6147"
"73381","TANAH RATA","6197"
"73382","TANANAHU","6239"
"73383","TANIMBAR KEI","6240"
"73384","TANIWEL","6189"
"73385","TANJUNG KARANG","6140"
"73386","TANSI AMBON","6188"
"73387","TARUY","6143"
"73388","TASIN WAHA","6207"
"73389","TAWIRI","6214"
"73390","TAYANDO LANGGIAR","6241"
"73391","TAYANDO OHOIEL","6241"
"73392","TAYANDO YAMRU","6241"
"73393","TAYANDO YAMTEL","6241"
"73394","TEHORU","6215"
"73395","TEHUA","6224"
"73396","TEINEMAN","6124"
"73397","TELA","6219"
"73398","TELALORA - LETODA","6167"
"73399","TELEMAR","6226"
"73400","TELUTI BARU","6215"
"73401","TENBUK","6125"
"73402","TENGAH-TENGAH","6238"
"73403","TEOR","6196"
"73404","TEPA","6219"
"73405","TERKURI","6203"
"73406","TETOAT","6163"
"73407","THEMIN","6176"
"73408","TIAL","6238"
"73409","TIFLEAN","6221"
"73410","TIFU","6203"
"73411","TIFU","6211"
"73412","TIHU","6214"
"73413","TIHUANAA","6144"
"73414","TIHULALE","6222"
"73415","TIKBARY","6177"
"73416","TINARIN","6132"
"73417","TIOUW","6186"
"73418","TITAWAI (TITAWAAI)","6128"
"73419","TOBO","6166"
"73420","TOMALEHU BARAT (TUMALEHU BARAT)","6187"
"73421","TOMALEHU TIMUR (TUMALEHU TIMUR)","6187"
"73422","TOMALEHU","6222"
"73423","TOMLIAPAT","6164"
"73424","TOMRA","6181"
"73425","TONUJAYA","6146"
"73426","TOUNUSA","6216"
"73427","TOUNWAWAN","6230"
"73428","TRANA","6156"
"73429","TRUKAT","6204"
"73430","TUAL","6233"
"73431","TUBIR WASIWANG","6182"
"73432","TUBURLAY","6170"
"73433","TUBURNGIL","6170"
"73434","TUBYAL","6206"
"73435","TUHA","6132"
"73436","TUHAHA","6225"
"73437","TULEHU","6238"
"73438","TUM","6166"
"73439","TUMBUR","6155"
"73440","TUNAS ILUR","6132"
"73441","TUNGU","6195"
"73442","TUNGUWATU","6195"
"73443","TUNIWARA","6187"
"73444","TUNSAI","6129"
"73445","TUTREAN","6235"
"73446","TUTUKEMBONG","6162"
"73447","TUTUKEY","6181"
"73448","TUTUNAMETAL","6135"
"73449","TUTUWARU","6181"
"73450","TUTUWAWANG","6137"
"73451","UAT","6205"
"73452","UBUNG","6228"
"73453","UDAR","6185"
"73454","UF","6190"
"73455","UHAK","6199"
"73456","UJIR","6195"
"73457","ULAHAHAN","6224"
"73458","ULIMA","6198"
"73459","ULLATH","6225"
"73460","UNDUR","6136"
"73461","UNETH","6204"
"73462","UPUHUPUN (UPUHUPU)","6218"
"73463","UR PULAU","6240"
"73464","UR","6170"
"73465","URAUR","6217"
"73466","URENG","6165"
"73467","URIMESSING (URIMESING) DESA","6151"
"73468","URIMESSING (URIMESING) KELURAHAN","6151"
"73469","URITETU","6138"
"73470","URUNG","6209"
"73471","USLIAPAN","6156"
"73472","USTUTUN","6226"
"73473","UTIIA","6152"
"73474","UWAT REYAAN","6131"
"73475","UWAT WEAR","6131"
"73476","UWAT","6131"
"73477","UWEN PANTAI","6216"
"73478","UWETH  /  UWEH","6189"
"73479","WAAI","6238"
"73480","WAB","6163"
"73481","WABLOY","6211"
"73482","WADANKOU (WADANKAU)","6135"
"73483","WAEDANGA","6169"
"73484","WAEFUSI","6177"
"73485","WAEGEREN","6211"
"73486","WAEHA","6142"
"73487","WAEHAKA","6203"
"73488","WAEHATA","6171"
"73489","WAEKASAR","6210"
"73490","WAEKATIN","6204"
"73491","WAEKEKA","6142"
"73492","WAEKEN","6204"
"73493","WAEKERTA","6210"
"73494","WAEKOSE","6169"
"73495","WAELANA-LANA","6169"
"73496","WAELAPIA","6229"
"73497","WAELEMAN","6171"
"73498","WAELIKUT","6175"
"73499","WAELO","6204"
"73500","WAELO","6171"
"73501","WAEMALA","6203"
"73502","WAEMASING","6175"
"73503","WAEMATAKABO","6145"
"73504","WAEMITE","6169"
"73505","WAEMORAT","6174"
"73506","WAEMULANG","6203"
"73507","WAENALUT","6177"
"73508","WAENAMAOLON","6203"
"73509","WAENETAT","6210"
"73510","WAENONO","6177"
"73511","WAEPANDAN","6142"
"73512","WAEPERANG","6228"
"73513","WAEPOTIH","6213"
"73514","WAER","6197"
"73515","WAER","6131"
"73516","WAERAT","6131"
"73517","WAEREMAN (WAERAMAN)","6204"
"73518","WAEREMAN","6169"
"73519","WAESALA (WAISALA)","6146"
"73520","WAESAMU (WAISAMU)","6231"
"73521","WAESILI","6175"
"73522","WAETAWA","6175"
"73523","WAETEBA (WAETABA)","6175"
"73524","WAETELE","6210"
"73525","WAETINA","6171"
"73526","WAETUREN","6203"
"73527","WAEURA","6213"
"73528","WAFAN","6183"
"73529","WAFLAN","6171"
"73530","WAFOL","6205"
"73531","WAHAI","6139"
"73532","WAHANGULANGULA","6207"
"73533","WAHAOLON","6203"
"73534","WAHAYUM  /  WAHAYUN","6207"
"73535","WAIFUL (WAIFUAL)","6183"
"73536","WAIHAONG","6151"
"73537","WAIHATU","6231"
"73538","WAIHERU","6212"
"73539","WAIHOKA","6138"
"73540","WAIKETAM BARU","6145"
"73541","WAILAY","6168"
"73542","WAILIHANG (WAELIHANG)","6213"
"73543","WAILOPING","6144"
"73544","WAIMANGIT (WAEMANGIT)","6140"
"73545","WAIMITAL","6217"
"73546","WAIMITING (WAEMITING)","6228"
"73547","WAIMUSAL","6144"
"73548","WAIMUSI","6236"
"73549","WAIN BARU","6125"
"73550","WAIN","6125"
"73551","WAINIBE (WAENIBE)","6169"
"73552","WAINITU (WAINATU)","6151"
"73553","WAIPIRIT","6217"
"73554","WAIPURE (WAEPURE)","6140"
"73555","WAIPUTIH","6144"
"73556","WAIRATAN (WIRATAN / WIRATANG)","6227"
"73557","WAISA","6126"
"73558","WAISALAN","6132"
"73559","WAISAMET","6145"
"73560","WAISARISA","6231"
"73561","WAITILA","6144"
"73562","WAITONIPA","6236"
"73563","WAIULU","6208"
"73564","WAKAL","6165"
"73565","WAKARLELI","6230"
"73566","WAKASIHU","6148"
"73567","WAKOL","6185"
"73568","WAKOLO","6189"
"73569","WAKPAPAPI","6137"
"73570","WAKUA","6147"
"73571","WALAKONE","6216"
"73572","WALANG TENGA","6143"
"73573","WALBELE","6142"
"73574","WALERANG","6134"
"73575","WALI","6177"
"73576","WALUNGHELAT","6203"
"73577","WAMANA BARU","6169"
"73578","WAMKANA","6177"
"73579","WAMLANA","6169"
"73580","WAMSISI","6175"
"73581","WANAKARTA","6211"
"73582","WANAREJA","6210"
"73583","WANGEL","6195"
"73584","WANUWUI (MANUWUI)","6219"
"73585","WAPLAU","6213"
"73586","WAPREA","6213"
"73587","WAPSALIT","6211"
"73588","WARABAL","6159"
"73589","WARAKA","6239"
"73590","WARALOIN","6216"
"73591","WARAS WARAS","6143"
"73592","WARASIWA","6208"
"73593","WARBAL","6240"
"73594","WARIA","6179"
"73595","WARIALAU","6207"
"73596","WARJUKUR","6168"
"73597","WARKAR","6221"
"73598","WARLOY","6168"
"73599","WARU","6182"
"73600","WARU","6156"
"73601","WARWUT","6163"
"73602","WASARILI","6218"
"73603","WASBAKA","6140"
"73604","WASI","6169"
"73605","WASPAIT","6169"
"73606","WASSU","6127"
"73607","WATIDAL","6232"
"73608","WATKIDAT","6205"
"73609","WATLAR","6170"
"73610","WATLUDAN","6156"
"73611","WATMASA","6124"
"73612","WATMURI","6162"
"73613","WATNGIL","6163"
"73614","WATNGON","6125"
"73615","WATSIN","6185"
"73616","WATU WATU","6158"
"73617","WATUAR","6185"
"73618","WATURU","6162"
"73619","WATUWEY (WATUWEI)","6227"
"73620","WATUY (WATUI)","6126"
"73621","WAUR","6185"
"73622","WAURTAHAIT","6185"
"73623","WAY ASIH (WAIASIH)","6236"
"73624","WAYAME","6214"
"73625","WEARLILIR","6193"
"73626","WEDUAR FEER","6205"
"73627","WEDUAR","6235"
"73628","WEER FRAWAF","6131"
"73629","WEER OHOIKER","6131"
"73630","WEER OHOINAM","6131"
"73631","WELORA","6227"
"73632","WELUTU","6176"
"73633","WERAIN","6133"
"73634","WERATAN","6176"
"73635","WERINAMA","6166"
"73636","WERKA","6185"
"73637","WERMAF","6185"
"73638","WERMATANG","6176"
"73639","WERWARU","6230"
"73640","WEWALI","6203"
"73641","WIDIT","6171"
"73642","WIRIN","6163"
"73643","WOKAM","6195"
"73644","WOLU","6224"
"73645","WONRELI","6130"
"73646","WOTAY","6156"
"73647","WOWONDA","6184"
"73648","WULMASA","6135"
"73649","WULUR","6180"
"73650","WULURAT","6185"
"73651","WUNIN ELDEDORA","6152"
"73652","WUNLAH","6124"
"73653","YAFAVUN","6125"
"73654","YAFILA","6150"
"73655","YAINUELO","6150"
"73656","YALTUBUNG","6219"
"73657","YAMALATU","6224"
"73658","YAMLULI","6234"
"73659","YAMTEL","6185"
"73660","YAMTIMUR","6170"
"73661","YAPAS","6221"
"73662","YAPUTIH","6215"
"73663","YATOKE","6137"
"73664","YATWAV","6240"
"73665","ACANGO","6242"
"73666","ADU","6243"
"73667","AFA AFA","6244"
"73668","AFE TADUMA","6245"
"73669","AHA","6246"
"73670","AIR BULAN","6247"
"73671","AIR KALIMAT","6247"
"73672","AIR MANGGA INDAH","6248"
"73673","AIR PANAS","6249"
"73674","AIR SALOBAR","6250"
"73675","AKE BOSO","6251"
"73676","AKE DAGA","6252"
"73677","AKE JAILOLO","6253"
"73678","AKE JAILOLO","6254"
"73679","AKE JAWI","6255"
"73680","AKEARA","6253"
"73681","AKEDABO","6256"
"73682","AKEDIRI","6242"
"73683","AKEDOTILOU","6257"
"73684","AKEGULA","6248"
"73685","AKEGURACI","6257"
"73686","AKEHUDA","6258"
"73687","AKEKOLANO","6259"
"73688","AKELAHA","6253"
"73689","AKELAMO RAYA (AKELAMO KAO)","6260"
"73690","AKELAMO","6257"
"73691","AKELAMO","6249"
"73692","AKELAMO / FIDA","6261"
"73693","AKESAI","6257"
"73694","AKESIBU","6251"
"73695","AKETOBATO","6257"
"73696","AKETOBOLOLO","6257"
"73697","AKETOLA","6249"
"73698","ALAM KENANGA","6262"
"73699","ALAM PELITA","6262"
"73700","AMASING KALI","6263"
"73701","AMASING KOTA BARAT","6263"
"73702","AMASING KOTA UTARA","6263"
"73703","AMASING KOTA","6263"
"73704","AMPERA","6259"
"73705","ANGGAI","6248"
"73706","APULEA","6264"
"73707","ARU BURUNG","6265"
"73708","ARU IRIAN","6265"
"73709","ARU JAYA","6266"
"73710","ARU","6267"
"73711","ARUKU","6268"
"73712","ARUMAMANG","6269"
"73713","ASIMIRO (ASMIRO)","6264"
"73714","AUPONHIA","6270"
"73715","AWANGGOA","6263"
"73716","AWER","6249"
"73717","AWIS","6271"
"73718","BABANG","6272"
"73719","BABASARAM","6273"
"73720","BABURINO","6274"
"73721","BAHU","6275"
"73722","BAHU","6276"
"73723","BAILENGIT","6277"
"73724","BAJA","6268"
"73725","BAJO","6278"
"73726","BAJO","6279"
"73727","BAJO","6280"
"73728","BAKA JAYA","6281"
"73729","BAKUN PANTAI","6268"
"73730","BAKUN","6268"
"73731","BALBAR","6259"
"73732","BALE","6282"
"73733","BALE","6283"
"73734","BALEHA","6284"
"73735","BALISOAN UTARA","6285"
"73736","BALISOAN","6285"
"73737","BALISOSANG","6286"
"73738","BALITATA","6287"
"73739","BANEMO","6288"
"73740","BANGKIT RAHMAT","6253"
"73741","BANGUL","6273"
"73742","BANTOL","6268"
"73743","BAPENU","6276"
"73744","BARATAKU","6289"
"73745","BARATAKU","6268"
"73746","BARU","6243"
"73747","BARU","6248"
"73748","BARUMADEHE","6260"
"73749","BASTIONG KARANCE","6290"
"73750","BASTIONG TALANGAME","6290"
"73751","BATAKA","6243"
"73752","BATU RAJA","6291"
"73753","BATULAK","6292"
"73754","BATUTAGA","6279"
"73755","BEBSILI","6273"
"73756","BEGA","6293"
"73757","BELANG BELANG","6263"
"73758","BELO","6294"
"73759","BERE BERE KECIL","6267"
"73760","BERE BERE","6295"
"73761","BERINGIN AGUNG","6277"
"73762","BERINGIN JAYA","6296"
"73763","BERINGIN JAYA","6297"
"73764","BERINGIN LAMO (BARINGIN)","6273"
"73765","BIAMAAHI","6253"
"73766","BIANG","6298"
"73767","BIBINOI","6299"
"73768","BICOLI","6300"
"73769","BIDO","6295"
"73770","BIDO","6301"
"73771","BILIFITU","6302"
"73772","BILOTE","6268"
"73773","BINAGARA","6255"
"73774","BIRINOA","6303"
"73775","BISORI","6269"
"73776","BISUI","6304"
"73777","BOBALE","6305"
"73778","BOBANE DANO","6253"
"73779","BOBANE IGO (BOBANEIGO)","6260"
"73780","BOBANE INDAH","6288"
"73781","BOBANE JAYA","6288"
"73782","BOBANEHENA","6242"
"73783","BOBAWA (BOBAWAE)","6306"
"73784","BOBAWA","6286"
"73785","BOBI SINGO","6296"
"73786","BOBO JIKO","6242"
"73787","BOBO","6242"
"73788","BOBO","6256"
"73789","BOBO","6307"
"73790","BOBO","6244"
"73791","BOBONG","6308"
"73792","BOBULA","6265"
"73793","BOKI MIAKE (BOKIMAAKE)","6309"
"73794","BOKIMIAKE","6310"
"73795","BOLOLO","6311"
"73796","BORI","6272"
"73797","BORI","6305"
"73798","BORONA","6266"
"73799","BOSALA","6268"
"73800","BOSO","6292"
"73801","BOULAMO","6305"
"73802","BRAHA","6253"
"73803","BUHO BUHO","6312"
"73804","BUKIT DURIAN","6259"
"73805","BUKIT TINGGI","6286"
"73806","BUKU BUALAWA","6242"
"73807","BUKU MAADU","6242"
"73808","BUKUMATITI","6242"
"73809","BUKUTIO","6255"
"73810","BULA","6245"
"73811","BULI ASAL","6274"
"73812","BULI KARYA","6274"
"73813","BULI","6278"
"73814","BULI","6274"
"73815","BUMI RAHMAT","6287"
"73816","BUMI RESTU","6291"
"73817","BUO","6268"
"73818","BURUAKOL","6313"
"73819","BUSUA","6310"
"73820","BUTON","6248"
"73821","BUYA","6270"
"73822","CAMPAKA","6249"
"73823","CANGO","6287"
"73824","CAP","6314"
"73825","CAPALULU","6313"
"73826","CEMARA JAYA","6291"
"73827","CEMPAKA","6267"
"73828","CENDANA","6267"
"73829","CERA","6315"
"73830","CIO DALAM","6265"
"73831","CIO GERONG","6265"
"73832","CIO MALOLEO","6265"
"73833","CUCUMARE","6265"
"73834","DAEO MAJIKO","6246"
"73835","DAEO","6246"
"73836","DAGASULI","6315"
"73837","DAKA INO","6252"
"73838","DALAM","6316"
"73839","DAMA","6315"
"73840","DAMULI","6302"
"73841","DARAME","6246"
"73842","DARU","6305"
"73843","DARUBA","6246"
"73844","DAURI (DAIWORI)","6316"
"73845","DEDETA","6315"
"73846","DEGE","6247"
"73847","DEHEGILA","6246"
"73848","DERE","6285"
"73849","DGANDASULI (GANDASULI)","6317"
"73850","DODAGA","6252"
"73851","DODINGA","6253"
"73852","DODOWO","6296"
"73853","DOFA","6318"
"73854","DOKIRI","6319"
"73855","DOKO (DOKU)","6269"
"73856","DOKU MIRA","6312"
"73857","DOKULAMO","6320"
"73858","DOLIK","6292"
"73859","DOMATO","6253"
"73860","DORARI ISA","6321"
"73861","DORO","6287"
"73862","DORO","6305"
"73863","DOROLAMO","6278"
"73864","DOROLAMO","6273"
"73865","DOROMOI","6322"
"73866","DOROSAGO (DOROSAGU)","6322"
"73867","DORPEDU","6245"
"73868","DORUME","6264"
"73869","DOTIA (DOITIA)","6264"
"73870","DOTTE","6323"
"73871","DOWONGGILA","6315"
"73872","DOWONGI JAYA","6311"
"73873","DOWONGIMAITI","6305"
"73874","DOWORA","6271"
"73875","DOWORA","6324"
"73876","DUFA DUFA","6258"
"73877","DUM DUM","6260"
"73878","DUMA","6320"
"73879","DUONO","6266"
"73880","EFI EFI","6325"
"73881","EKOR","6255"
"73882","EKORINO","6255"
"73883","ELFANUN","6326"
"73884","FAGUDU","6327"
"73885","FALABISAHAYA","6328"
"73886","FALAHU","6327"
"73887","FALILA","6246"
"73888","FAT IBA","6293"
"73889","FATCEI","6327"
"73890","FATKAUYON","6284"
"73891","FAUDU","6321"
"73892","FAYAUL","6255"
"73893","FIDY JAYA","6329"
"73894","FIGUR","6330"
"73895","FITAKO","6315"
"73896","FITU","6290"
"73897","FLUKS (FLUK)","6307"
"73898","FOBAHARU","6244"
"73899","FOFAO","6310"
"73900","FOGI","6327"
"73901","FOKALIK","6280"
"73902","FOLARORA","6331"
"73903","FOLI (FOLY)","6309"
"73904","FORAMADIAHI","6245"
"73905","FOYA TOBARU","6261"
"73906","FOYA","6261"
"73907","FRITU (SEPOH)","6323"
"73908","FUATA","6332"
"73909","FUKWEU","6280"
"73910","FULAI (JIKOLAMO / FULAY)","6292"
"73911","GAFI","6278"
"73912","GAGAAPOK","6277"
"73913","GAIFOLI","6273"
"73914","GAIMU","6333"
"73915","GALALA","6242"
"73916","GALALA","6275"
"73917","GALALA","6259"
"73918","GALALA","6314"
"73919","GALAO","6264"
"73920","GALO GALO","6246"
"73921","GAM ICI","6251"
"73922","GAM LAMO","6251"
"73923","GAMALAMA","6334"
"73924","GAMBARU","6307"
"73925","GAMBESI","6290"
"73926","GAMESAN","6274"
"73927","GAMHOKU","6325"
"73928","GAMKAHE","6268"
"73929","GAMKONORA","6243"
"73930","GAMLAHA","6305"
"73931","GAMLAMO","6242"
"73932","GAMLAMO","6312"
"73933","GAMLENGE","6253"
"73934","GAMNYIAL","6249"
"73935","GAMOMENG","6249"
"73936","GAMSIDA","6243"
"73937","GAMSUNGI","6243"
"73938","GAMSUNGI","6260"
"73939","GAMSUNGI","6249"
"73940","GAMSUNGI","6335"
"73941","GAMTALA","6242"
"73942","GAMTUFKANGE","6331"
"73943","GANE DALAM","6271"
"73944","GANE LUAR","6333"
"73945","GAYAP","6254"
"73946","GAYOK","6286"
"73947","GELA","6247"
"73948","GELTOLI","6274"
"73949","GEMAF","6323"
"73950","GEMIA","6302"
"73951","GETI BARU","6336"
"73952","GETI LAMA","6336"
"73953","GILALANG","6336"
"73954","GISIK","6264"
"73955","GITA (GITA RAJA)","6283"
"73956","GITANG","6316"
"73957","GOA HIRA","6295"
"73958","GOAL","6249"
"73959","GOENG","6329"
"73960","GOIN","6266"
"73961","GOLAGO KUSUMA","6249"
"73962","GOLO","6285"
"73963","GONGA","6337"
"73964","GONONE","6338"
"73965","GORO GORO","6272"
"73966","GORO GORO","6285"
"73967","GOROJOU","6259"
"73968","GORUA LOLARO (LOLOROGURUA)","6336"
"73969","GORUA SELATAN","6295"
"73970","GORUA SELATAN","6339"
"73971","GORUA UTARA","6339"
"73972","GORUA","6295"
"73973","GORUA","6339"
"73974","GORUANG","6298"
"73975","GORUGO","6267"
"73976","GORUP","6316"
"73977","GOSOMA MALUKU","6312"
"73978","GOSOMA","6335"
"73979","GOTALAMO","6320"
"73980","GOTALAMO","6246"
"73981","GOTO","6331"
"73982","GOTOWASI","6300"
"73983","GUAEMAADU (GUAIMAADU)","6242"
"73984","GUAERIA","6242"
"73985","GUBU KUSUMA","6244"
"73986","GUFASA","6242"
"73987","GULAPAPO","6291"
"73988","GULO","6305"
"73989","GUMIRAH (GUMIRA)","6292"
"73990","GUNANGE","6278"
"73991","GURA","6335"
"73992","GURA-BUNGA","6331"
"73993","GURABATI","6319"
"73994","GURAPING","6259"
"73995","GURUA","6316"
"73996","GURUA","6308"
"73997","GURUAPIN","6278"
"73998","HAGER","6340"
"73999","HAI","6247"
"74000","HAPO","6267"
