"id","nama_desa","kecamatan_id"
"30001","SINDANGSARI","2028"
"30002","SINDANGSARI","2382"
"30003","SINDANGSARI","2113"
"30004","SINDANGSUKA","2317"
"30005","SINDANGSUKA","2373"
"30006","SINDANGWANGI","2222"
"30007","SINDANGWANGI","2043"
"30008","SINDANGWASA","2259"
"30009","SINDULANG","2387"
"30010","SINGABANGSA","2016"
"30011","SINGABRAJA","2016"
"30012","SINGAJAYA","2313"
"30013","SINGAJAYA","2385"
"30014","SINGAJAYA","2220"
"30015","SINGAJAYA","2046"
"30016","SINGAJAYA","2378"
"30017","SINGAKERTA","2494"
"30018","SINGAPARNA","2401"
"30019","SINGARAJA","2220"
"30020","SINGASARI","2046"
"30021","SINGASARI","2401"
"30022","SINGASARI","2110"
"30023","SINGAWADA","2023"
"30024","SINGKIR","2319"
"30025","SINGKUP","2290"
"30026","SINGKUP","2353"
"30027","SINGKUP","2562"
"30028","SIPAK","2037"
"30029","SIPAYUNG","2438"
"30030","SIRAP","2247"
"30031","SIRNABAKTI","2181"
"30032","SIRNABAYA","1958"
"30033","SIRNABAYA","2542"
"30034","SIRNABAYA","2561"
"30035","SIRNAGALIH","2515"
"30036","SIRNAGALIH","2084"
"30037","SIRNAGALIH","2364"
"30038","SIRNAGALIH","2334"
"30039","SIRNAGALIH","2212"
"30040","SIRNAGALIH","2117"
"30041","SIRNAGALIH","2051"
"30042","SIRNAGALIH","2517"
"30043","SIRNAGALIH","2046"
"30044","SIRNAGALIH","2505"
"30045","SIRNAGALIH","2560"
"30046","SIRNAJATI","2316"
"30047","SIRNAJAYA","2051"
"30048","SIRNAJAYA","2252"
"30049","SIRNAJAYA","2477"
"30050","SIRNAJAYA","2126"
"30051","SIRNAJAYA","1958"
"30052","SIRNAJAYA","2435"
"30053","SIRNAJAYA","2307"
"30054","SIRNAJAYA","2523"
"30055","SIRNAJAYA","2215"
"30056","SIRNAJAYA","2442"
"30057","SIRNAJAYA","2101"
"30058","SIRNAMANAH","2440"
"30059","SIRNAMULYA","2506"
"30060","SIRNAPUTRA","2364"
"30061","SIRNARAJA","2364"
"30062","SIRNARAJA","2212"
"30063","SIRNARASA","2405"
"30064","SIRNARASA","1966"
"30065","SIRNARESMI","2281"
"30066","SIRNARESMI","2324"
"30067","SIRNASARI","2086"
"30068","SIRNASARI","2546"
"30069","SIRNASARI","2106"
"30070","SIRNASARI","2453"
"30071","SIRNASARI","2534"
"30072","SIRNASARI","2261"
"30073","SIRNASARI","1966"
"30074","SITIWINANGUN","2041"
"30075","SITU DAUN","2337"
"30076","SITU GEDE","2058"
"30077","SITU ILIR","2289"
"30078","SITU UDIK","2289"
"30079","SITU","2245"
"30080","SITU","2506"
"30081","SITUBATU","2054"
"30082","SITUDAM","2056"
"30083","SITUGEDE","2449"
"30084","SITUGEDE","2075"
"30085","SITUHIANG","2253"
"30086","SITUJAYA","2449"
"30087","SITUMANDALA","2199"
"30088","SITUMEKAR","2377"
"30089","SITUMEKAR","2430"
"30090","SITURAJA UTARA","1948"
"30091","SITURAJA","2049"
"30092","SITURAJA","1948"
"30093","SITUSAEUR","2311"
"30094","SITUSAEUR","2449"
"30095","SITUSARI","2051"
"30096","SITUSARI","2040"
"30097","SITUSARI","2139"
"30098","SITUSARI","2449"
"30099","SITUWANGI","2385"
"30100","SLANGIT","2071"
"30101","SLEMAN LOR","2497"
"30102","SLEMAN","2497"
"30103","SLENDRA","2143"
"30104","SLIYEG","2497"
"30105","SLIYEGLOR","2497"
"30106","SODONGHILIR","2410"
"30107","SOGE","2238"
"30108","SOKLAT","2368"
"30109","SOLOKAN JERUK","2196"
"30110","SOLOKAN","2563"
"30111","SOLOKPANDAN","2024"
"30112","SONGGOM","2064"
"30113","SOREANG","2451"
"30114","SRENGSENG","2494"
"30115","SRIAMUR","2521"
"30116","SRIJAYA","2521"
"30117","SRIJAYA","2226"
"30118","SRIKAMULYAN","2226"
"30119","SRIMAHI","2521"
"30120","SRIMUKTI","2521"
"30121","SRIRAHAYU","2388"
"30122","SRIWEDARI","2510"
"30123","SROGOL","2292"
"30124","SUBANG","2075"
"30125","SUBANGJAYA","2426"
"30126","SUCI","2449"
"30127","SUCI","2060"
"30128","SUCIKALER","2449"
"30129","SUDAJAYA GIRANG","2545"
"30130","SUDAJAYAHILIR","2122"
"30131","SUDALARANG","2553"
"30132","SUDI","2322"
"30133","SUDIKAMPIRAN","2497"
"30134","SUDIMAMPIR","2055"
"30135","SUDIMAMPIRLOR","2055"
"30136","SUGANANGAN","2445"
"30137","SUGIHMUKTI","2343"
"30138","SUKA ASIH","1991"
"30139","SUKA ASIH","2078"
"30140","SUKA MENAK","2556"
"30141","SUKAASIH","2562"
"30142","SUKAASIH","2401"
"30143","SUKABAKTI","2045"
"30144","SUKABAKTI","2410"
"30145","SUKABAKTI","2564"
"30146","SUKABAKTI","2351"
"30147","SUKABUDI","2565"
"30148","SUKABUNGAH","2211"
"30149","SUKABUNGAH","2269"
"30150","SUKABUNGAH","2470"
"30151","SUKADADI","1968"
"30152","SUKADAMAI","2357"
"30153","SUKADAMAI","2012"
"30154","SUKADAMAI","2307"
"30155","SUKADAMAI","2309"
"30156","SUKADAMI","2295"
"30157","SUKADAMI","2017"
"30158","SUKADANA","1970"
"30159","SUKADANA","2268"
"30160","SUKADANA","2303"
"30161","SUKADANA","2329"
"30162","SUKADANA","2387"
"30163","SUKADANA","2485"
"30164","SUKADANA","2115"
"30165","SUKADANA","2516"
"30166","SUKADANA","2456"
"30167","SUKADANA","2262"
"30168","SUKADANA","2172"
"30169","SUKADANAU","2422"
"30170","SUKADARMA","2078"
"30171","SUKADAYA","2565"
"30172","SUKAGALIH","2383"
"30173","SUKAGALIH","2046"
"30174","SUKAGALIH","2467"
"30175","SUKAGALIH","2470"
"30176","SUKAGALIH","2511"
"30177","SUKAGALIH","2035"
"30178","SUKAGALIH","2242"
"30179","SUKAGALIH","2351"
"30180","SUKAGUMIWANG","2227"
"30181","SUKAHAJI","1993"
"30182","SUKAHAJI","2297"
"30183","SUKAHAJI","2390"
"30184","SUKAHAJI","2212"
"30185","SUKAHAJI","1976"
"30186","SUKAHAJI","1997"
"30187","SUKAHAJI","2553"
"30188","SUKAHAJI","2142"
"30189","SUKAHARJA (SUKARAHARJA)","2534"
"30190","SUKAHARJA","2103"
"30191","SUKAHARJA","2314"
"30192","SUKAHARJA","2296"
"30193","SUKAHARJA","1958"
"30194","SUKAHARJA","2307"
"30195","SUKAHARJA","2561"
"30196","SUKAHARJA","2101"
"30197","SUKAHATI","2335"
"30198","SUKAHATI","2436"
"30199","SUKAHATI","2479"
"30200","SUKAHAYU","2350"
"30201","SUKAHENING","2112"
"30202","SUKAHERANG","2401"
"30203","SUKAHURIP","2127"
"30204","SUKAHURIP","2390"
"30205","SUKAHURIP","2105"
"30206","SUKAHURIP","2100"
"30207","SUKAHURIP","2072"
"30208","SUKAHURIP","2076"
"30209","SUKAHURIP","2014"
"30210","SUKAHURIP","2025"
"30211","SUKAHURIP","2078"
"30212","SUKAHURIP","2555"
"30213","SUKAIMUT","2413"
"30214","SUKAINDAH","2566"
"30215","SUKAJADI","2268"
"30216","SUKAJADI","2003"
"30217","SUKAJADI","2132"
"30218","SUKAJADI","2231"
"30219","SUKAJADI","2403"
"30220","SUKAJADI","2018"
"30221","SUKAJADI","2065"
"30222","SUKAJADI","2076"
"30223","SUKAJADI","2245"
"30224","SUKAJADI","2155"
"30225","SUKAJADI","2451"
"30226","SUKAJADI","2566"
"30227","SUKAJADI","2560"
"30228","SUKAJADI","2442"
"30229","SUKAJADI","2419"
"30230","SUKAJATI","2463"
"30231","SUKAJAYA","2216"
"30232","SUKAJAYA","2104"
"30233","SUKAJAYA","2352"
"30234","SUKAJAYA","2145"
"30235","SUKAJAYA","2153"
"30236","SUKAJAYA","2136"
"30237","SUKAJAYA","2418"
"30238","SUKAJAYA","2158"
"30239","SUKAJAYA","2046"
"30240","SUKAJAYA","2546"
"30241","SUKAJAYA","2341"
"30242","SUKAJAYA","2124"
"30243","SUKAJAYA","2106"
"30244","SUKAJAYA","2076"
"30245","SUKAJAYA","2562"
"30246","SUKAJAYA","1958"
"30247","SUKAJAYA","2545"
"30248","SUKAJAYA","2438"
"30249","SUKAJAYA","2454"
"30250","SUKAJAYA","2294"
"30251","SUKAJAYA","2035"
"30252","SUKAJAYA","2560"
"30253","SUKAJAYA","2215"
"30254","SUKAJAYA","2351"
"30255","SUKAJEMBAR","2382"
"30256","SUKAKARSA","2556"
"30257","SUKAKARYA","2034"
"30258","SUKAKARYA","2467"
"30259","SUKAKARYA","2453"
"30260","SUKAKARYA","2566"
"30261","SUKAKARYA","2382"
"30262","SUKAKARYA","2351"
"30263","SUKAKARYA","2162"
"30264","SUKAKERSA","2400"
"30265","SUKAKERSA","2195"
"30266","SUKAKERSA","2566"
"30267","SUKAKERTA","2334"
"30268","SUKAKERTA","2408"
"30269","SUKAKERTA","2482"
"30270","SUKAKERTA","2203"
"30271","SUKAKERTA","2013"
"30272","SUKAKERTA","2082"
"30273","SUKAKERTA","2565"
"30274","SUKAKERTI","2365"
"30275","SUKALAKSANA","2034"
"30276","SUKALAKSANA","2104"
"30277","SUKALAKSANA","2453"
"30278","SUKALAKSANA","2366"
"30279","SUKALAKSANA","2566"
"30280","SUKALAKSANA","2382"
"30281","SUKALAKSANA","2554"
"30282","SUKALARANG","2444"
"30283","SUKALILA","2237"
"30284","SUKALILAH","2317"
"30285","SUKALILAH","2454"
"30286","SUKALUYU","2367"
"30287","SUKALUYU","2207"
"30288","SUKALUYU","2402"
"30289","SUKALUYU","2428"
"30290","SUKALUYU","2047"
"30291","SUKALUYU","2551"
"30292","SUKALUYU","2095"
"30293","SUKALUYU","2087"
"30294","SUKALUYU","2030"
"30295","SUKALUYU","2553"
"30296","SUKALUYU","2560"
"30297","SUKALUYU","2561"
"30298","SUKAMAHI","2207"
"30299","SUKAMAHI","2358"
"30300","SUKAMAHI","2467"
"30301","SUKAMAHI","2511"
"30302","SUKAMAHI","2308"
"30303","SUKAMAJU BARU","2434"
"30304","SUKAMAJU","2515"
"30305","SUKAMAJU","2118"
"30306","SUKAMAJU","2024"
"30307","SUKAMAJU","2306"
"30308","SUKAMAJU","2355"
"30309","SUKAMAJU","2103"
"30310","SUKAMAJU","2289"
"30311","SUKAMAJU","1971"
"30312","SUKAMAJU","2390"
"30313","SUKAMAJU","2207"
"30314","SUKAMAJU","2405"
"30315","SUKAMAJU","2189"
"30316","SUKAMAJU","2436"
"30317","SUKAMAJU","2441"
"30318","SUKAMAJU","2231"
"30319","SUKAMAJU","2270"
"30320","SUKAMAJU","2046"
"30321","SUKAMAJU","2404"
"30322","SUKAMAJU","2503"
"30323","SUKAMAJU","2065"
"30324","SUKAMAJU","2167"
"30325","SUKAMAJU","2524"
"30326","SUKAMAJU","2467"
"30327","SUKAMAJU","2201"
"30328","SUKAMAJU","2253"
"30329","SUKAMAJU","2456"
"30330","SUKAMAJU","2350"
"30331","SUKAMAJU","2444"
"30332","SUKAMAJU","1962"
"30333","SUKAMAJU","2294"
"30334","SUKAMAJU","2554"
"30335","SUKAMAJU","2564"
"30336","SUKAMAJUKALER","2517"
"30337","SUKAMAJUKIDUL","2517"
"30338","SUKAMAKMUR","2296"
"30339","SUKAMAKMUR","2566"
"30340","SUKAMAKMUR","2307"
"30341","SUKAMAKMUR","2561"
"30342","SUKAMANAH","2204"
"30343","SUKAMANAH","2084"
"30344","SUKAMANAH","2176"
"30345","SUKAMANAH","2306"
"30346","SUKAMANAH","2364"
"30347","SUKAMANAH","2402"
"30348","SUKAMANAH","2231"
"30349","SUKAMANAH","2469"
"30350","SUKAMANAH","2009"
"30351","SUKAMANAH","2158"
"30352","SUKAMANAH","2258"
"30353","SUKAMANAH","2086"
"30354","SUKAMANAH","2046"
"30355","SUKAMANAH","2018"
"30356","SUKAMANAH","2124"
"30357","SUKAMANAH","2170"
"30358","SUKAMANAH","2467"
"30359","SUKAMANAH","2087"
"30360","SUKAMANAH","2376"
"30361","SUKAMANAH","2210"
"30362","SUKAMANAH","2193"
"30363","SUKAMANAH","2234"
"30364","SUKAMANAH","2078"
"30365","SUKAMANDI","2356"
"30366","SUKAMANDIJAYA","2297"
"30367","SUKAMANIS","2404"
"30368","SUKAMANTRI","2235"
"30369","SUKAMANTRI","2009"
"30370","SUKAMANTRI","2447"
"30371","SUKAMANTRI","2018"
"30372","SUKAMANTRI","2376"
"30373","SUKAMANTRI","2331"
"30374","SUKAMANTRI","2560"
"30375","SUKAMANTRI","2564"
"30376","SUKAMANTRI","2109"
"30377","SUKAMEKAR","2132"
"30378","SUKAMEKAR","2056"
"30379","SUKAMEKAR","2382"
"30380","SUKAMEKAR","2476"
"30381","SUKAMEKAR","2565"
"30382","SUKAMELANG","2209"
"30383","SUKAMELANG","2533"
"30384","SUKAMELANG","2368"
"30385","SUKAMENAK","2029"
"30386","SUKAMENAK","2345"
"30387","SUKAMENAK","2552"
"30388","SUKAMENAK","2562"
"30389","SUKAMENAK","2088"
"30390","SUKAMENAK","2455"
"30391","SUKAMERANG","2503"
"30392","SUKAMERTA","2057"
"30393","SUKAMISKIN","2475"
"30394","SUKAMUKTI","2034"
"30395","SUKAMUKTI","2211"
"30396","SUKAMUKTI","2036"
"30397","SUKAMUKTI","2436"
"30398","SUKAMUKTI","2445"
"30399","SUKAMUKTI","2403"
"30400","SUKAMUKTI","2391"
"30401","SUKAMUKTI","2027"
"30402","SUKAMUKTI","2114"
"30403","SUKAMUKTI","2167"
"30404","SUKAMUKTI","2395"
"30405","SUKAMUKTI","2076"
"30406","SUKAMUKTI","2134"
"30407","SUKAMUKTI","2553"
"30408","SUKAMUKTI","2416"
"30409","SUKAMUKTI","2277"
"30410","SUKAMULIH","2534"
"30411","SUKAMULIH","2438"
"30412","SUKAMULYA","2118"
"30413","SUKAMULYA","2104"
"30414","SUKAMULYA","2276"
"30415","SUKAMULYA","2026"
"30416","SUKAMULYA","2390"
"30417","SUKAMULYA","2402"
"30418","SUKAMULYA","2383"
"30419","SUKAMULYA","2189"
"30420","SUKAMULYA","2145"
"30421","SUKAMULYA","2001"
"30422","SUKAMULYA","2117"
"30423","SUKAMULYA","2158"
"30424","SUKAMULYA","2413"
"30425","SUKAMULYA","2018"
"30426","SUKAMULYA","2013"
"30427","SUKAMULYA","2255"
"30428","SUKAMULYA","2073"
"30429","SUKAMULYA","2546"
"30430","SUKAMULYA","2045"
"30431","SUKAMULYA","2498"
"30432","SUKAMULYA","2490"
"30433","SUKAMULYA","2025"
"30434","SUKAMULYA","2096"
"30435","SUKAMULYA","2210"
"30436","SUKAMULYA","2344"
"30437","SUKAMULYA","2378"
"30438","SUKAMULYA","2401"
"30439","SUKAMULYA","2030"
"30440","SUKAMULYA","2307"
"30441","SUKAMULYA","2454"
"30442","SUKAMULYA","2078"
"30443","SUKAMULYA","2554"
"30444","SUKAMULYA","2142"
"30445","SUKAMULYA","2172"
"30446","SUKAMULYA","2348"
"30447","SUKAMULYA","2254"
"30448","SUKAMURNI","2436"
"30449","SUKAMURNI","2566"
"30450","SUKANAGALIH","2342"
"30451","SUKANAGALIH","2488"
"30452","SUKANAGARA","2391"
"30453","SUKANAGARA","2144"
"30454","SUKANAGARA","2119"
"30455","SUKANAGARA","2222"
"30456","SUKANAGARA","2559"
"30457","SUKANAGARA","2562"
"30458","SUKANAGARA","2451"
"30459","SUKANAGARA","2382"
"30460","SUKANAGARA","2312"
"30461","SUKANEGARA","2046"
"30462","SUKANEGLA","2447"
"30463","SUKAPADA","2355"
"30464","SUKAPADA","2456"
"30465","SUKAPANCAR","2088"
"30466","SUKAPERNA","1973"
"30467","SUKAPERNA","2172"
"30468","SUKAPURA","2347"
"30469","SUKAPURA","2274"
"30470","SUKAPURA","2547"
"30471","SUKAPURA","2330"
"30472","SUKAPURA","2005"
"30473","SUKAPURA","2057"
"30474","SUKAPURA","2523"
"30475","SUKAPURA","2419"
"30476","SUKARAGAM","2435"
"30477","SUKARAHARJA","2306"
"30478","SUKARAHARJA","2403"
"30479","SUKARAHARJA","2203"
"30480","SUKARAHARJA","1985"
"30481","SUKARAHAYU","2564"
"30482","SUKARAJA KULON","1960"
"30483","SUKARAJA WETAN","1960"
"30484","SUKARAJA","2034"
"30485","SUKARAJA","2303"
"30486","SUKARAJA","2233"
"30487","SUKARAJA","1978"
"30488","SUKARAJA","2203"
"30489","SUKARAJA","2488"
"30490","SUKARAJA","2057"
"30491","SUKARAJA","2234"
"30492","SUKARAJA","2265"
"30493","SUKARAJA","2476"
"30494","SUKARAJA","2564"
"30495","SUKARAKSA","1971"
"30496","SUKARAMA","2216"
"30497","SUKARAME","2084"
"30498","SUKARAME","2280"
"30499","SUKARAME","2275"
"30500","SUKARAME","2421"
"30501","SUKARAME","2382"
"30502","SUKARAME","2556"
"30503","SUKARAPIH","2329"
"30504","SUKARAPIH","2556"
"30505","SUKARAPIH","2113"
"30506","SUKARAPIH","2564"
"30507","SUKARASA","2040"
"30508","SUKARASA","2124"
"30509","SUKARASA","2025"
"30510","SUKARASA","2519"
"30511","SUKARASA","2453"
"30512","SUKARASA","2501"
"30513","SUKARASA","1966"
"30514","SUKARATU","2034"
"30515","SUKARATU","2216"
"30516","SUKARATU","2414"
"30517","SUKARATU","2345"
"30518","SUKARATU","2064"
"30519","SUKARATU","2124"
"30520","SUKARATU","2366"
"30521","SUKARATU","2511"
"30522","SUKARATU","2088"
"30523","SUKARAYA","2539"
"30524","SUKAREJA","2055"
"30525","SUKAREJA","1962"
"30526","SUKARESIK","2409"
"30527","SUKARESIK","2234"
"30528","SUKARESIK","2088"
"30529","SUKARESMI","2295"
"30530","SUKARESMI","2009"
"30531","SUKARESMI","2203"
"30532","SUKARESMI","2467"
"30533","SUKARESMI","1945"
"30534","SUKARESMI","2193"
"30535","SUKARESMI","2307"
"30536","SUKARESMI","2308"
"30537","SUKARESMI","2454"
"30538","SUKARESMI","2560"
"30539","SUKARESMI","2309"
"30540","SUKARINDIK","2104"
"30541","SUKARINGIN","2565"
"30542","SUKARUKUN","2078"
"30543","SUKASARANA","2018"
"30544","SUKASARI KALER","1970"
"30545","SUKASARI KIDUL","1970"
"30546","SUKASARI","1968"
"30547","SUKASARI","2083"
"30548","SUKASARI","2116"
"30549","SUKASARI","2285"
"30550","SUKASARI","2362"
"30551","SUKASARI","2036"
"30552","SUKASARI","2334"
"30553","SUKASARI","2009"
"30554","SUKASARI","2139"
"30555","SUKASARI","2252"
"30556","SUKASARI","2203"
"30557","SUKASARI","2386"
"30558","SUKASARI","2018"
"30559","SUKASARI","2472"
"30560","SUKASARI","2206"
"30561","SUKASARI","2291"
"30562","SUKASARI","2443"
"30563","SUKASARI","2344"
"30564","SUKASARI","2435"
"30565","SUKASARI","2473"
"30566","SUKASARI","1962"
"30567","SUKASARI","2113"
"30568","SUKASARI","2536"
"30569","SUKASEJATI","2295"
"30570","SUKASENANG","2034"
"30571","SUKASENANG","2084"
"30572","SUKASENANG","2234"
"30573","SUKASENANG","2312"
"30574","SUKASETIA","2390"
"30575","SUKASETIA","2403"
"30576","SUKASIRNA","2269"
"30577","SUKASIRNA","2138"
"30578","SUKASIRNA","2046"
"30579","SUKASIRNA","2546"
"30580","SUKASIRNA","2030"
"30581","SUKASIRNARASA","2350"
"30582","SUKASLAMET","2533"
"30583","SUKASONO","2553"
"30584","SUKASUKUR","2403"
"30585","SUKASUKUR","2551"
"30586","SUKATALI","1948"
"30587","SUKATANI (MEKARWANGI)","2392"
"30588","SUKATANI","2408"
"30589","SUKATANI","2436"
"30590","SUKATANI","2051"
"30591","SUKATANI","2485"
"30592","SUKATANI","2205"
"30593","SUKATANI","2342"
"30594","SUKATANI","2195"
"30595","SUKATANI","2265"
"30596","SUKATANI","2294"
"30597","SUKATANI","2261"
"30598","SUKATANI","2416"
"30599","SUKATANI","2434"
"30600","SUKATARIS","2018"
"30601","SUKATENANG","2565"
"30602","SUKAURIP","2055"
"30603","SUKAWANA","2013"
"30604","SUKAWANGI","2374"
"30605","SUKAWANGI","2378"
"30606","SUKAWANGI","2307"
"30607","SUKAWANGI","2565"
"30608","SUKAWANGI","2442"
"30609","SUKAWANGI","2254"
"30610","SUKAWANGUN","2301"
"30611","SUKAWARGI","2051"
"30612","SUKAWARNA","2470"
"30613","SUKAWENING","2063"
"30614","SUKAWENING","2484"
"30615","SUKAWENING","2012"
"30616","SUKAWENING","2428"
"30617","SUKAWENING","2553"
"30618","SUKAWERA","2522"
"30619","SUKAWERA","1952"
"30620","SUKAWIJAYA","2564"
"30621","SUKMAJAYA","1941"
"30622","SUKMAJAYA","2478"
"30623","SUKRA","2174"
"30624","SUKRAWETAN","2174"
"30625","SULAEMAN","2552"
"30626","SUMBAKELING","2487"
"30627","SUMBER JAYA","2531"
"30628","SUMBER KIDUL","2006"
"30629","SUMBER KULON","1988"
"30630","SUMBER LOR","2006"
"30631","SUMBER WETAN","1988"
"30632","SUMBER","2015"
"30633","SUMBERJAYA","2390"
"30634","SUMBERJAYA","1957"
"30635","SUMBERJAYA","2533"
"30636","SUMBERJAYA","2081"
"30637","SUMBERJAYA","2066"
"30638","SUMBERJAYA","2431"
"30639","SUMBERMULYA","2463"
"30640","SUMBERREJA","2098"
"30641","SUMBERSARI","2008"
"30642","SUMBERSARI","2321"
"30643","SUMBERSARI","2498"
"30644","SUMBERSARI","2098"
"30645","SUMBERURIP","2098"
"30646","SUMBON","2533"
"30647","SUMELAP","2555"
"30648","SUMUR BATU","1996"
"30649","SUMUR BATU","2093"
"30650","SUMURADEM TIMUR","2174"
"30651","SUMURADEM","2174"
"30652","SUMURBANDUNG","2466"
"30653","SUMURBARANG","2048"
"30654","SUMURGEDE","2145"
"30655","SUMURGINTUNG","2053"
"30656","SUMURKONDANG","2169"
"30657","SUMURKONDANG","1961"
"30658","SUMURLABAN","2226"
"30659","SUMURUGUL","2017"
"30660","SUMURWIRU","2329"
"30661","SUNALARI","2036"
"30662","SUNDAKERTA","2112"
"30663","SUNDAMEKAR","2377"
"30664","SUNDAWENANG","2022"
"30665","SUNDAWENANG","2519"
"30666","SUNGAIBUNTU","2492"
"30667","SUNIA","2080"
"30668","SUNIABARU","2080"
"30669","SUNTENJAYA","2341"
"30670","SUNYARAGI","2493"
"30671","SURABAYA","2369"
"30672","SURAKARTA","2542"
"30673","SURANENGGALA KIDUL","2542"
"30674","SURANENGGALA KULON","2542"
"30675","SURANENGGALA LOR","2542"
"30676","SURANENGGALA","2542"
"30677","SURAWANGI","1960"
"30678","SURIAMENDAL","2558"
"30679","SURIAMUKTI","2558"
"30680","SURIAN","2558"
"30681","SUSUKAN AGUNG","2302"
"30682","SUSUKAN LEBAK","2302"
"30683","SUSUKAN TONGGOH","2302"
"30684","SUSUKAN","2177"
"30685","SUSUKAN","2268"
"30686","SUSUKAN","2445"
"30687","SUSUKAN","2182"
"30688","SUTAWANGI","1960"
"30689","SUTAWINANGUN","2537"
"30690","SWAKARYA","2261"
"30691","TAGOGAPU","2287"
"30692","TAJUR HALANG","2314"
"30693","TAJUR HALANG","2478"
"30694","TAJUR","2116"
"30695","TAJUR","2121"
"30696","TAJUR","2479"
"30697","TAJURBUNTU","2487"
"30698","TAJURSINDANG","2294"
"30699","TALAGA","2276"
"30700","TALAGA","2158"
"30701","TALAGA","2126"
"30702","TALAGAJAYA","2089"
"30703","TALAGAJAYA","2563"
"30704","TALAGAKULON","1973"
"30705","TALAGAMULYA","2266"
"30706","TALAGAMURNI","2111"
"30707","TALAGASARI","2089"
"30708","TALAGASARI","2424"
"30709","TALAGASARI","2203"
"30710","TALAGASARI","2480"
"30711","TALAGASARI","2333"
"30712","TALAGASARI","2399"
"30713","TALAGASARI","2505"
"30714","TALAGASARI","2266"
"30715","TALAGAWANGI","2490"
"30716","TALAGAWETAN","1973"
"30717","TALUN","2322"
"30718","TALUN","2506"
"30719","TALUNJAYA","2108"
"30720","TAMAN RAHAYU","2263"
"30721","TAMAN SARI","2344"
"30722","TAMAN SARI","2263"
"30723","TAMANJAYA","2323"
"30724","TAMANJAYA","2252"
"30725","TAMANJAYA","2555"
"30726","TAMANMEKAR","2452"
"30727","TAMANSARI","2389"
"30728","TAMANSARI","2233"
"30729","TAMANSARI","2239"
"30730","TAMANSARI","2288"
"30731","TAMANSARI","2452"
"30732","TAMANSARI","2560"
"30733","TAMANSARI","2555"
"30734","TAMBAK","2220"
"30735","TAMBAKAN","2251"
"30736","TAMBAKBAYA","2051"
"30737","TAMBAKBAYA","2413"
"30738","TAMBAKDAHAN","2175"
"30739","TAMBAKJATI","2326"
"30740","TAMBAKMEKAR","2251"
"30741","TAMBAKREJA","2119"
"30742","TAMBAKSARI","2495"
"30743","TAMBAKSARI","2536"
"30744","TAMBAKSARI","2226"
"30745","TAMBAKSUMUR","2226"
"30746","TAMBELANG","2538"
"30747","TAMBI LOR","2497"
"30748","TAMBI","2497"
"30749","TAMBUN","2531"
"30750","TAMELANG","2291"
"30751","TANAH BARU","2150"
"30752","TANAH BARU","2097"
"30753","TANAH SAREAL","2309"
"30754","TANAHBARU","2563"
"30755","TANGGEUNG","2215"
"30756","TANGGULUN BARAT","2068"
"30757","TANGGULUN TIMUR","2068"
"30758","TANGGULUN","2322"
"30759","TANGGULUN","2424"
"30760","TANGKIL","2279"
"30761","TANGKIL","1999"
"30762","TANGKIL","2479"
"30763","TANGKIL","2182"
"30764","TANGKOLO","2075"
"30765","TANGSIMEKAR","2376"
"30766","TANIMULYA","2205"
"30767","TANJAKAN","2494"
"30768","TANJUNG ANOM","2379"
"30769","TANJUNG KARYA","2453"
"30770","TANJUNG SARI","2314"
"30771","TANJUNG SARI","2245"
"30772","TANJUNG","2108"
"30773","TANJUNG","2527"
"30774","TANJUNG","2178"
"30775","TANJUNG","2333"
"30776","TANJUNG","2558"
"30777","TANJUNGANOM","2453"
"30778","TANJUNGASARI","2083"
"30779","TANJUNGBARANG","2283"
"30780","TANJUNGBARU","2468"
"30781","TANJUNGBUNGIN","2563"
"30782","TANJUNGHURIP","2428"
"30783","TANJUNGJAYA","2089"
"30784","TANJUNGJAYA","2385"
"30785","TANJUNGJAYA","2072"
"30786","TANJUNGJAYA","2490"
"30787","TANJUNGJAYA","1958"
"30788","TANJUNGJAYA","2312"
"30789","TANJUNGJAYA","2431"
"30790","TANJUNGKAMUNING","2442"
"30791","TANJUNGKARANG","2364"
"30792","TANJUNGKERTA","2386"
"30793","TANJUNGKERTA","2533"
"30794","TANJUNGKERTA","2456"
"30795","TANJUNGLAYA","2388"
"30796","TANJUNGMEDAR","2416"
"30797","TANJUNGMEKAR","2198"
"30798","TANJUNGMEKAR","1942"
"30799","TANJUNGMEKAR","2563"
"30800","TANJUNGMEKAR","2109"
"30801","TANJUNGMULYA","2490"
"30802","TANJUNGMULYA","2082"
"30803","TANJUNGMULYA","2109"
"30804","TANJUNGPAKIS","2563"
"30805","TANJUNGPURA","2154"
"30806","TANJUNGPURA","1942"
"30807","TANJUNGPURA","2488"
"30808","TANJUNGRASA KALER","2326"
"30809","TANJUNGRASA KIDUL","2326"
"30810","TANJUNGRASA","2175"
"30811","TANJUNGRASA","1966"
"30812","TANJUNGSARI BARAT","2420"
"30813","TANJUNGSARI TIMUR","2420"
"30814","TANJUNGSARI","2204"
"30815","TANJUNGSARI","2059"
"30816","TANJUNGSARI","2417"
"30817","TANJUNGSARI","2414"
"30818","TANJUNGSARI","2187"
"30819","TANJUNGSARI","2219"
"30820","TANJUNGSARI","2091"
"30821","TANJUNGSARI","2154"
"30822","TANJUNGSARI","2449"
"30823","TANJUNGSARI","2465"
"30824","TANJUNGSARI","1958"
"30825","TANJUNGSARI","2155"
"30826","TANJUNGSARI","2519"
"30827","TANJUNGSARI","2090"
"30828","TANJUNGSARI","1997"
"30829","TANJUNGSARI","2030"
"30830","TANJUNGSARI","2088"
"30831","TANJUNGSARI","1966"
"30832","TANJUNGSARI","2394"
"30833","TANJUNGSIANG","2247"
"30834","TANJUNGSUKUR","1958"
"30835","TANJUNGTIGA","2168"
"30836","TANJUNGWANGI","2002"
"30837","TANJUNGWANGI","2385"
"30838","TANJUNGWANGI","2105"
"30839","TANJUNGWANGI","2421"
"30840","TANJUNGWANGI","2416"
"30841","TAPOS 1","2337"
"30842","TAPOS 2","2337"
"30843","TAPOS","2434"
"30844","TAPOS","2016"
"30845","TARAJU","2028"
"30846","TARAJU","2110"
"30847","TARAJUSARI","2079"
"30848","TARIKOLOT","2329"
"30849","TARIKOLOT","2479"
"30850","TARIKOLOT","2086"
"30851","TARIKOLOT","1994"
"30852","TARIKOLOT","2259"
"30853","TARIKOLOT","2487"
"30854","TARINGGUL LANDEUH","2321"
"30855","TARINGGUL TENGAH","2017"
"30856","TARINGGUL TONGGOH","2017"
"30857","TAROGONG","2351"
"30858","TARUMAJAYA","2330"
"30859","TARUNAJAYA","2345"
"30860","TARUNAJAYA","2523"
"30861","TAWANG","2346"
"30862","TAWANGBANTENG","2511"
"30863","TAWANGSARI","1968"
"30864","TAWANGSARI","1950"
"30865","TAWANGSARI","2406"
"30866","TEGAL GUNDIL","2097"
"30867","TEGAL PANJANG","2000"
"30868","TEGAL PANJANG","2003"
"30869","TEGAL SUMEDANG","2210"
"30870","TEGAL WANGI","2037"
"30871","TEGAL WARU","2161"
"30872","TEGAL","1983"
"30873","TEGALAREN","1952"
"30874","TEGALBULEUD","2066"
"30875","TEGALDATAR","2395"
"30876","TEGALEGA","2188"
"30877","TEGALEGA","2550"
"30878","TEGALGEDE","2490"
"30879","TEGALGIRANG","2070"
"30880","TEGALGUBUG LOR","1977"
"30881","TEGALGUBUG","1977"
"30882","TEGALKARANG","2050"
"30883","TEGALLEGA","2363"
"30884","TEGALLEGA","1971"
"30885","TEGALLEGA","2433"
"30886","TEGALLEGA","2254"
"30887","TEGALLUAR","2217"
"30888","TEGALMANGGUNG","2387"
"30889","TEGALMULYA","2494"
"30890","TEGALMUNJUL","2461"
"30891","TEGALPANJANG","2152"
"30892","TEGALPANJANG","2366"
"30893","TEGALSARI","2408"
"30894","TEGALSARI","1963"
"30895","TEGALSARI","2273"
"30896","TEGALSARI","2291"
"30897","TEGALSARI","2142"
"30898","TEGALSAWAH","1943"
"30899","TEGALSEMBADRA","2055"
"30900","TEGALTAMAN","2174"
"30901","TEGALURUNG","2055"
"30902","TEGALURUNG","2145"
"30903","TEGALURUNG","2171"
"30904","TEGALWANGI","2543"
"30905","TEGALWARU","2408"
"30906","TEGALWARU","2142"
"30907","TEGALWIRANGRONG","2522"
"30908","TEJA","2023"
"30909","TEJAMULYA","1970"
"30910","TELAGA ASIH","2422"
"30911","TELAGA MURNI","2422"
"30912","TELAGASARI","2288"
"30913","TELAJUNG","2422"
"30914","TELARSARI","2056"
"30915","TELUK PINANG","2077"
"30916","TELUK PUCUNG","2513"
"30917","TELUKAGUNG","2220"
"30918","TELUKAMBULU","2130"
"30919","TELUKBANGO","2130"
"30920","TELUKBUYUNG","2563"
"30921","TELUKJAMBE","2561"
"30922","TELUKJAYA","2563"
"30923","TEMBONG","2413"
"30924","TEMIYANG","2533"
"30925","TEMIYANGSARI","2533"
"30926","TEMPEL","2288"
"30927","TEMPELKULON","2288"
"30928","TEMPURAN","2431"
"30929","TENAJAR KIDUL","2522"
"30930","TENAJAR LOR","2522"
"30931","TENAJAR","2522"
"30932","TENGAH","2335"
"30933","TENGGERRAHARJA","2331"
"30934","TENJO","2016"
"30935","TENJOAYU","2062"
"30936","TENJOJAYA","2138"
"30937","TENJOLAUT","2085"
"30938","TENJOLAUT","2407"
"30939","TENJOLAYA","2002"
"30940","TENJOLAYA","2062"
"30941","TENJOLAYA","2209"
"30942","TENJOLAYA","2343"
"30943","TENJOLAYAR","2121"
"30944","TENJOLAYAR","2487"
"30945","TENJOMAYA","2214"
"30946","TENJONAGARA","2364"
"30947","TENJONAGARA","2366"
"30948","TENJOWARINGIN","2519"
"30949","TERSANA","1995"
"30950","TERSANA","2227"
"30951","TERUSAN","1987"
"30952","TIGAHERANG","1958"
"30953","TIMBANG","2020"
"30954","TINGGAR","2031"
"30955","TINUMPUK","2486"
"30956","TIPAR","1984"
"30957","TIPAR","2427"
"30958","TIRTAJAYA","1941"
"30959","TIRTASARI","2223"
"30960","TIRTAWANGUNAN","2028"
"30961","TITISAN","2444"
"30962","TLAJUNG UDIK","2183"
"30963","TOBLONG","2559"
"30964","TOBLONGAN","2194"
"30965","TOBONGJAYA","2100"
"30966","TOLENGAS","2236"
"30967","TOMO","2236"
"30968","TONJONG","1994"
"30969","TONJONG","2346"
"30970","TONJONG","2379"
"30971","TONJONG","2260"
"30972","TONJONG","2478"
"30973","TONJONGSARI","2319"
"30974","TOTORAN","2232"
"30975","TRAJAYA","2259"
"30976","TRIBAKTIMULYA","2087"
"30977","TRIDAYA SAKTI","2531"
"30978","TRIJAYA","2472"
"30979","TRUNAMANGGALA","2328"
"30980","TRUSMI KULON","2273"
"30981","TRUSMI WETAN","2273"
"30982","TUDAGAN","2250"
"30983","TUGU KIDUL","2497"
"30984","TUGU SELATAN","2128"
"30985","TUGU UTARA","2128"
"30986","TUGU","2474"
"30987","TUGU","2288"
"30988","TUGU","2497"
"30989","TUGUBANDUNG","2293"
"30990","TUGUJAYA","2292"
"30991","TUGUJAYA","1972"
"30992","TUGUMUKTI","2457"
"30993","TUGUMULYA","2040"
"30994","TUGURAJA","1972"
"30995","TUK KARANGSUWUNG","1979"
"30996","TUK","2537"
"30997","TUKDANA","2172"
"30998","TUKMUDAL","2015"
"30999","TULUNGAGUNG","2522"
"31000","TUNGGAKJATI","1942"
"31001","TUNGGILIS","2038"
"31002","TUNGGULPAYUNG","2288"
"31003","TURANGGA","2264"
"31004","UBRUG","2101"
"31005","UJUNGARIS","2069"
"31006","UJUNGBERUNG","2043"
"31007","UJUNGGEBANG","2174"
"31008","UJUNGGEBANG","2182"
"31009","UJUNGJAYA","2348"
"31010","UJUNGJAYA","2069"
"31011","UJUNGPENDOKJAYA","2069"
"31012","UJUNGSEMI","2512"
"31013","UNDRUS BINANGUN","2404"
"31014","UNGKAL","1990"
"31015","URUG","2333"
"31016","URUG","2438"
"31017","UTAMA","2213"
"31018","UTAMA","2320"
"31019","WADAS","2561"
"31020","WADO","2419"
"31021","WADOWETAN","2029"
"31022","WAKAP","2515"
"31023","WALAHAR","2425"
"31024","WALAHAR","1961"
"31025","WALAHARCAGEUR","2373"
"31026","WALAHIR","2546"
"31027","WALANGSARI","2509"
"31028","WALED ASEM","1949"
"31029","WALED DESA","1949"
"31030","WALED KOTA","1949"
"31031","WALURAN MANDIRI","2277"
"31032","WALURAN","2277"
"31033","WALUYA","2002"
"31034","WALUYA","2417"
"31035","WALUYA","2549"
"31036","WANAHAYU","1963"
"31037","WANAHERANG","2183"
"31038","WANAJAYA","2352"
"31039","WANAJAYA","2281"
"31040","WANAJAYA","2499"
"31041","WANAJAYA","2558"
"31042","WANAJAYA","2175"
"31043","WANAJAYA","2540"
"31044","WANAJAYA","2455"
"31045","WANAKAYA","1944"
"31046","WANAKAYA","2463"
"31047","WANAKERTA","2246"
"31048","WANAKERTA","2317"
"31049","WANAKERTA","2151"
"31050","WANAKERTA","1948"
"31051","WANAKERTA","2540"
"31052","WANAMEKAR","2455"
"31053","WANANTARA","1987"
"31054","WANARAJA","2455"
"31055","WANAREJA","2368"
"31056","WANASABA KIDUL","2286"
"31057","WANASABA LOR","2286"
"31058","WANASALAM","1952"
"31059","WANASARAYA","2464"
"31060","WANASARI","2204"
"31061","WANASARI","2070"
"31062","WANASARI","2352"
"31063","WANASARI","2527"
"31064","WANASARI","2045"
"31065","WANASARI","2261"
"31066","WANASARI","2558"
"31067","WANASARI","2540"
"31068","WANASARI","2455"
"31069","WANASARI","2017"
"31070","WANASIGRA","2234"
"31071","WANASUKA","2087"
"31072","WANAWALI","2318"
"31073","WANAYASA","2147"
"31074","WANAYASA","2017"
"31075","WANCIMEKAR","2412"
"31076","WANDASARI","2197"
"31077","WANGISAGARA","2167"
"31078","WANGKELANG","2360"
"31079","WANGKELANG","1979"
"31080","WANGUK","1964"
"31081","WANGUN JAYA","2004"
"31082","WANGUNHARJA","2417"
"31083","WANGUNHARJA","2041"
"31084","WANGUNHARJA","2341"
"31085","WANGUNJAYA","2204"
"31086","WANGUNJAYA","2089"
"31087","WANGUNJAYA","2188"
"31088","WANGUNJAYA","2268"
"31089","WANGUNJAYA","2407"
"31090","WANGUNJAYA","2072"
"31091","WANGUNJAYA","2158"
"31092","WANGUNJAYA","2045"
"31093","WANGUNJAYA","2490"
"31094","WANGUNREJA","2201"
"31095","WANGUNSARI","2515"
"31096","WANGUNSARI","2281"
"31097","WANGUNSARI","2341"
"31098","WANGUNSARI","2045"
"31099","WANGUNSARI","2199"
"31100","WANGUNSARI","2256"
"31101","WANO","2290"
"31102","WANTILAN","2067"
"31103","WARGAASIH","2203"
"31104","WARGABINANGUN","2512"
"31105","WARGAJAYA","1971"
"31106","WARGAJAYA","2307"
"31107","WARGAKERTA","2556"
"31108","WARGALUYU","1956"
"31109","WARGALUYU","2132"
"31110","WARGALUYU","2416"
"31111","WARGAMEKAR","1959"
"31112","WARGASALUYU","2252"
"31113","WARGASARI","2203"
"31114","WARGASETRA","2384"
"31115","WARINGIN JAYA","2177"
"31116","WARINGIN JAYA","2221"
"31117","WARINGIN","2259"
"31118","WARINGINKARYA","2483"
"31119","WARINGINSARI","2202"
"31120","WARINGINSARI","2242"
"31121","WARJABAKTI","2270"
"31122","WARNAJATI","2138"
"31123","WARNASARI","2087"
"31124","WARNASARI","2545"
"31125","WARU","2225"
"31126","WARU","2179"
"31127","WARUDOYONG","2383"
"31128","WARUDOYONG","2162"
"31129","WARUDUWUR","2060"
"31130","WARUGEDE","2423"
"31131","WARUJAYA","2423"
"31132","WARUJAYA","2179"
"31133","WARUKAWUNG","2423"
"31134","WARUNG KADU","2361"
"31135","WARUNG MENTENG","2314"
"31136","WARUNG MUNCANG","2278"
"31137","WARUNGBAMBU","1943"
"31138","WARUNGJERUK","2142"
"31139","WARUNGKIARA","2101"
"31140","WARUROYOM","2423"
"31141","WATES","2137"
"31142","WATESJAYA","2292"
"31143","WATUBELAH","2015"
"31144","WENINGGALIH","2046"
"31145","WENINGGALIH","2256"
"31146","WERAGATI","2259"
"31147","WERASARI","2115"
"31148","WERASARI","2155"
"31149","WERU KIDUL","2543"
"31150","WERU LOR","2543"
"31151","WIBAWAMULYA","2316"
"31152","WIDARASARI","2190"
"31153","WIDASARI","2069"
"31154","WILANAGARA","2373"
"31155","WILULANG","2302"
"31156","WINDUHAJI","1953"
"31157","WINDUHAJI","2544"
"31158","WINDUHERANG","2026"
"31159","WINDUJANTEN","2031"
"31160","WINDUJAYA","2544"
"31161","WINDURAJA","2480"
"31162","WINDUSARI","2298"
"31163","WINDUSENGKAHAN","1953"
"31164","WINONG","2425"
"31165","WIRAKANAN","2238"
"31166","WIRAPANJUNAN","2238"
"31167","WIYONG","2182"
"31168","WONOHARJO","2014"
"31169","WOTGALI","2273"
"31170","YUDANAGARA","1972"
"31171","ADIARSA","2567"
"31172","ADIKARSO","2568"
"31173","ADIKARTO","2569"
"31174","ADIKARTO","2570"
"31175","ADILUHUR","2569"
"31176","ADIMULYA","2571"
"31177","ADIMULYO","2569"
"31178","ADINUSO","2572"
"31179","ADINUSO","2573"
"31180","ADIPALA","2574"
"31181","ADIPASIR","2575"
"31182","ADIPURO","2576"
"31183","ADIRAJA","2574"
"31184","ADIREJA KULON","2574"
"31185","ADIREJA WETAN","2574"
"31186","ADIREJO","2577"
"31187","ADISANA","2578"
"31188","ADISANA","2579"
"31189","ADISARA","2580"
"31190","ADITIRTO","2581"
"31191","ADIWARNO","2582"
"31192","ADIWARNO","2583"
"31193","ADIWERNA","2584"
"31194","AGLIK","2585"
"31195","AGUNGMULYO","2586"
"31196","AJIBARANG KULON","2587"
"31197","AJIBARANG WETAN","2587"
"31198","ALANGAMBA","2588"
"31199","ALASDOWO","2589"
"31200","ALASMALANG","2590"
"31201","ALASOMBO","2591"
"31202","ALASTUWO","2592"
"31203","AMBAL","2593"
"31204","AMBALKEBREK","2594"
"31205","AMBALKLIWONAN","2594"
"31206","AMBALKUMOLO","2595"
"31207","AMBALRESMI","2594"
"31208","AMBARTAWANG","2596"
"31209","AMBARWINANGUN","2594"
"31210","AMBOKEMBANG","2597"
"31211","AMBOKULON","2598"
"31212","AMBOWETAN","2599"
"31213","AMONGROGO","2600"
"31214","AMPELGADING","2601"
"31215","AMPELSARI","2602"
"31216","AMPELSARI","2603"
"31217","AMPIH","2595"
"31218","ANDONG","2604"
"31219","ANDONG","2605"
"31220","ANDONGREJO","2606"
"31221","ANDONGSILI","2607"
"31222","ANGGASWANGI","2608"
"31223","ANGGRASMANIS","2609"
"31224","ANGKATAN KIDUL","2610"
"31225","ANGKATAN LOR","2610"
"31226","API-API","2611"
"31227","ARCAWINANGUN","2612"
"31228","ARENAN","2613"
"31229","ARGASOKA","2602"
"31230","ARGATAWANG","2614"
"31231","ARGOPENI","2615"
"31232","ARGOPENI","2568"
"31233","ARGOSARI","2615"
"31234","ARIBAYA","2616"
"31235","ARJOMULYO","2569"
"31236","ARJOSARI","2569"
"31237","ARJOWINANGUN","2595"
"31238","ARJOWINANGUN","2617"
"31239","AROMANIS (ARUMANIS)","2618"
"31240","ASEMDOYONG","2619"
"31241","ASEMPAPAN","2620"
"31242","ASEMRUDUNG","2621"
"31243","ASINAN","2622"
"31244","ASINAN","2623"
"31245","AWUAWU","2624"
"31246","AYAH","2615"
"31247","AYAMALAS","2625"
"31248","AYAMPUTIH","2595"
"31249","BABAD","2626"
"31250","BABADAN","2627"
"31251","BABADAN","2628"
"31252","BABADAN","2600"
"31253","BABADAN","2616"
"31254","BABADAN","2629"
"31255","BABADSARI","2630"
"31256","BABAGAN","2631"
"31257","BABAKAN","2632"
"31258","BABAKAN","2633"
"31259","BABAKAN","2634"
"31260","BABAKAN","2635"
"31261","BABAKAN","2636"
"31262","BABAKAN","2637"
"31263","BABAKAN","2638"
"31264","BABAKTULUNG","2639"
"31265","BABALAN KIDUL","2640"
"31266","BABALAN","2641"
"31267","BABALAN","2642"
"31268","BABALANLOR","2640"
"31269","BACEM","2643"
"31270","BACEM","2644"
"31271","BACIN","2645"
"31272","BADAK","2646"
"31273","BADAKARYA","2647"
"31274","BADAMITA","2575"
"31275","BADE","2648"
"31276","BADEGAN","2649"
"31277","BADRAN","2650"
"31278","BADRAN","2651"
"31279","BAE","2645"
"31280","BAGELEN","2652"
"31281","BAGENG","2653"
"31282","BAGO","2654"
"31283","BAGOR","2655"
"31284","BAGUNG","2656"
"31285","BAGUSAN","2657"
"31286","BAGUSAN","2658"
"31287","BAJANGREJO","2659"
"31288","BAJING KULON","2625"
"31289","BAJING","2625"
"31290","BAJINGJOWO","2639"
"31291","BAJINGMEDURO","2639"
"31292","BAJO","2660"
"31293","BAJOMULYO","2586"
"31294","BAJONG","2661"
"31295","BAKAH","2662"
"31296","BAKAL","2663"
"31297","BAKALAN","2589"
"31298","BAKALAN","2664"
"31299","BAKALAN","2665"
"31300","BAKALAN","2666"
"31301","BAKALAN","2667"
"31302","BAKALAN","2668"
"31303","BAKALANKRAPYAK","2669"
"31304","BAKALREJO","2670"
"31305","BAKALREJO","2651"
"31306","BAKARAN KULON","2586"
"31307","BAKARAN WETAN","2586"
"31308","BAKIPANDEYAN","2671"
"31309","BAKULAN","2672"
"31310","BAKULAN","2673"
"31311","BAKUNG","2674"
"31312","BAKUNG","2675"
"31313","BAKUNGAN","2628"
"31314","BAKUREJO","2585"
"31315","BALAK","2676"
"31316","BALAMOA","2677"
"31317","BALAPULANG KULON","2678"
"31318","BALAPULANG WETAN","2678"
"31319","BALARADIN","2679"
"31320","BALEADI","2680"
"31321","BALEAGUNG","2681"
"31322","BALEDONO","2682"
"31323","BALEDU","2683"
"31324","BALEHARJO","2684"
"31325","BALEHARJO","2685"
"31326","BALEKAMBANG","2583"
"31327","BALEKERTO","2576"
"31328","BALEPANJANG","2686"
"31329","BALEPANJANG","2687"
"31330","BALERAKSA","2688"
"31331","BALERANTE","2689"
"31332","BALEREJO","2690"
"31333","BALEREJO","2576"
"31334","BALEREJO","2691"
"31335","BALEROMO","2690"
"31336","BALESARI","2692"
"31337","BALESARI","2693"
"31338","BALINGASAL","2694"
"31339","BALOK","2695"
"31340","BALONG","2609"
"31341","BALONG","2644"
"31342","BALONG","2696"
"31343","BALONG","2662"
"31344","BALONGMULYO","2697"
"31345","BALONGREJO","2643"
"31346","BALONGSARI","2643"
"31347","BALOREJO","2698"
"31348","BALUN","2699"
"31349","BALUN","2700"
"31350","BALUWARTI","2701"
"31351","BAMBAN","2702"
"31352","BAMBANKEREP","2703"
"31353","BAMBUSARI","2704"
"31354","BANARAN","2705"
"31355","BANARAN","2706"
"31356","BANARAN","2707"
"31357","BANARAN","2708"
"31358","BANARAN","2681"
"31359","BANARAN","2709"
"31360","BANARAN","2710"
"31361","BANARAN","2711"
"31362","BANARAN","2712"
"31363","BANARAN","2713"
"31364","BANCAK","2714"
"31365","BANCAK","2715"
"31366","BANCANG","2716"
"31367","BANCAR","2717"
"31368","BANCARKEMBAR","2718"
"31369","BANDAR","2719"
"31370","BANDARDAWUNG","2720"
"31371","BANDARHARJO","2721"
"31372","BANDARJO","2722"
"31373","BANDARSEDAYU","2693"
"31374","BANDASARI","2723"
"31375","BANDENGAN","2724"
"31376","BANDENGAN","2695"
"31377","BANDENGAN","2725"
"31378","BANDING","2726"
"31379","BANDINGAN","2727"
"31380","BANDINGAN","2728"
"31381","BANDINGAN","2575"
"31382","BANDINGAN","2729"
"31383","BANDONGAN","2730"
"31384","BANDUNG KIDUL","2731"
"31385","BANDUNG","2568"
"31386","BANDUNG","2732"
"31387","BANDUNG","2733"
"31388","BANDUNG","2734"
"31389","BANDUNG","2735"
"31390","BANDUNG","2736"
"31391","BANDUNG","2737"
"31392","BANDUNGAN","2738"
"31393","BANDUNGAN","2739"
"31394","BANDUNGGEDE","2740"
"31395","BANDUNGHARJO","2741"
"31396","BANDUNGHARJO","2742"
"31397","BANDUNGREJO","2731"
"31398","BANDUNGREJO","2665"
"31399","BANDUNGREJO","2743"
"31400","BANDUNGREJO","2744"
"31401","BANDUNGREJO","2745"
"31402","BANDUNGROJO","2746"
"31403","BANDUNGSARI","2747"
"31404","BANDUNGSARI","2748"
"31405","BANGAK","2749"
"31406","BANGBAYANG","2750"
"31407","BANGET","2669"
"31408","BANGETAYU KULON","2751"
"31409","BANGETAYU WETAN","2751"
"31410","BANGGI","2627"
"31411","BANGKAL","2588"
"31412","BANGKLE","2606"
"31413","BANGKLEYAN","2752"
"31414","BANGKOK","2753"
"31415","BANGLARANGAN","2601"
"31416","BANGO","2754"
"31417","BANGOWAN","2755"
"31418","BANGSA","2579"
"31419","BANGSALAN","2756"
"31420","BANGSALREJO","2757"
"31421","BANGSRI","2758"
"31422","BANGSRI","2759"
"31423","BANGSRI","2621"
"31424","BANGSRI","2644"
"31425","BANGSRI","2704"
"31426","BANGSRI","2760"
"31427","BANGSRI","2668"
"31428","BANGUN GALIH","2637"
"31429","BANGUNHARJO","2761"
"31430","BANGUNREJA","2762"
"31431","BANGUNREJO","2702"
"31432","BANGUNREJO","2763"
"31433","BANGUNSARI","2764"
"31434","BANGUNSARI","2763"
"31435","BANIORO","2765"
"31436","BANJAR AGUNG","2758"
"31437","BANJAR AGUNG","2766"
"31438","BANJAR ANYAR","2678"
"31439","BANJAR LOR","2747"
"31440","BANJAR","2767"
"31441","BANJARAGUNG","2704"
"31442","BANJARAN","2758"
"31443","BANJARAN","2768"
"31444","BANJARAN","2769"
"31445","BANJARAN","2619"
"31446","BANJARANYAR","2770"
"31447","BANJARANYAR","2771"
"31448","BANJARANYAR","2772"
"31449","BANJARANYAR","2773"
"31450","BANJARARJO","2615"
"31451","BANJARATMA","2759"
"31452","BANJARDAWA","2619"
"31453","BANJARDOWO","2751"
"31454","BANJARDOWO","2654"
"31455","BANJAREJA","2774"
"31456","BANJAREJA","2775"
"31457","BANJAREJO","2643"
"31458","BANJAREJO","2731"
"31459","BANJAREJO","2776"
"31460","BANJAREJO","2777"
"31461","BANJAREJO","2670"
"31462","BANJAREJO","2576"
"31463","BANJAREJO","2778"
"31464","BANJAREJO","2617"
"31465","BANJARETNO","2704"
"31466","BANJARHARJO","2747"
"31467","BANJARHARJO","2592"
"31468","BANJARHARJO","2779"
"31469","BANJARKERTA","2780"
"31470","BANJARKULON","2781"
"31471","BANJARMANGU","2781"
"31472","BANJARMULYA","2782"
"31473","BANJARNEGORO","2783"
"31474","BANJARPANEPEN","2784"
"31475","BANJARPARAKAN","2785"
"31476","BANJARSARI (BANJARSARI KIDUL)","2587"
"31477","BANJARSARI KIDUL","2773"
"31478","BANJARSARI KULON","2786"
"31479","BANJARSARI WETAN","2786"
"31480","BANJARSARI","2594"
"31481","BANJARSARI","2787"
"31482","BANJARSARI","2750"
"31483","BANJARSARI","2788"
"31484","BANJARSARI","2789"
"31485","BANJARSARI","2641"
"31486","BANJARSARI","2790"
"31487","BANJARSARI","2791"
"31488","BANJARSARI","2681"
"31489","BANJARSARI","2683"
"31490","BANJARSARI","2654"
"31491","BANJARSARI","2792"
"31492","BANJARSARI","2775"
"31493","BANJARSARI","2793"
"31494","BANJARSARI","2794"
"31495","BANJARSARI","2795"
"31496","BANJARSARI","2693"
"31497","BANJARTURI","2766"
"31498","BANJARWARU","2775"
"31499","BANJARWINANGUN","2603"
"31500","BANJENGAN","2796"
"31501","BANJIRAN","2797"
"31502","BANJURMUKADAN","2595"
"31503","BANJURPASAR","2595"
"31504","BANMATI","2798"
"31505","BANOWAN","2639"
"31506","BANSARI","2692"
"31507","BANSARI","2799"
"31508","BANTAL","2714"
"31509","BANTAR KULON","2800"
"31510","BANTAR","2580"
"31511","BANTAR","2571"
"31512","BANTAR","2700"
"31513","BANTARBARANG","2801"
"31514","BANTARBOLANG","2787"
"31515","BANTARKAWUNG","2750"
"31516","BANTARMANGU","2802"
"31517","BANTARPANJANG","2802"
"31518","BANTARSARI","2803"
"31519","BANTARSOKA","2804"
"31520","BANTARWARU","2750"
"31521","BANTARWARU","2805"
"31522","BANTARWUNI","2806"
"31523","BANTENG MATI","2675"
"31524","BANTENG","2807"
"31525","BANTENGAN","2753"
"31526","BANTERAN","2786"
"31527","BANTERAN","2808"
"31528","BANTIR","2809"
"31529","BANTRUNG","2810"
"31530","BANYAKPRODO","2811"
"31531","BANYU URIP","2659"
"31532","BANYU URIP","2648"
"31533","BANYUADEM","2812"
"31534","BANYUAENG","2813"
"31535","BANYUANYAR","2814"
"31536","BANYUANYAR","2815"
"31537","BANYUASIN KEMBARAN","2816"
"31538","BANYUASIN SEPARE","2816"
"31539","BANYUBIRU","2817"
"31540","BANYUBIRU","2818"
"31541","BANYUDONO","2749"
"31542","BANYUDONO","2818"
"31543","BANYUDONO","2627"
"31544","BANYUKEMBAR","2819"
"31545","BANYUKUNING","2738"
"31546","BANYUMANIK","2820"
"31547","BANYUMANIS","2741"
"31548","BANYUMENENG","2744"
"31549","BANYUMUDAL","2582"
"31550","BANYUMUDAL","2821"
"31551","BANYUMUDAL","2822"
"31552","BANYUPUTIH","2705"
"31553","BANYUPUTIH","2665"
"31554","BANYURINGIN","2823"
"31555","BANYURIP AGENG","2824"
"31556","BANYURIP ALIT","2824"
"31557","BANYURIPAN","2825"
"31558","BANYUROJO","2783"
"31559","BANYUROTO","2569"
"31560","BANYUROTO","2826"
"31561","BANYUSARI","2681"
"31562","BANYUSARI","2827"
"31563","BANYUSIDI","2828"
"31564","BANYUSRI","2737"
"31565","BANYUTOWO","2589"
"31566","BANYUTOWO","2695"
"31567","BANYUURIP","2829"
"31568","BANYUURIP","2830"
"31569","BANYUURIP","2649"
"31570","BANYUURIP","2831"
"31571","BANYUURIP","2832"
"31572","BANYUURIP","2712"
"31573","BANYUURIP","2827"
"31574","BANYUURIP","2833"
"31575","BANYUWANGI","2730"
"31576","BANYUYOSO","2585"
"31577","BAPANGAN","2724"
"31578","BAPANGSARI","2652"
"31579","BARAN","2834"
"31580","BARAN","2676"
"31581","BARAN","2835"
"31582","BARANG","2836"
"31583","BARENG LOR","2837"
"31584","BARENG","2838"
"31585","BAREPAN","2676"
"31586","BARONGAN","2839"
"31587","BAROS","2840"
"31588","BAROS","2841"
"31589","BARUKAN","2842"
"31590","BARUKAN","2843"
"31591","BARUSARI","2844"
"31592","BASEH","2845"
"31593","BASIN","2846"
"31594","BASUHAN","2684"
"31595","BATAN","2749"
"31596","BATEALIT","2810"
"31597","BATEGEDE","2847"
"31598","BATEH","2848"
"31599","BATIOMBO","2719"
"31600","BATU","2849"
"31601","BATUAGUNG","2678"
"31602","BATUANTEN","2850"
"31603","BATUKALI","2665"
"31604","BATUMIRAH","2851"
"31605","BATUNYANA","2852"
"31606","BATUR","2663"
"31607","BATUR","2853"
"31608","BATURAGUNG","2854"
"31609","BATURAN","2855"
"31610","BATURAN","2856"
"31611","BATUREJO","2680"
"31612","BATURETNO","2686"
"31613","BATURNO","2639"
"31614","BATURONO","2857"
"31615","BATURSARI","2858"
"31616","BATURSARI","2809"
"31617","BATURSARI","2859"
"31618","BATURSARI","2744"
"31619","BATURSARI","2860"
"31620","BATURSARI","2822"
"31621","BATURSARI","2861"
"31622","BATURSARI","2795"
"31623","BATUWARNO","2862"
"31624","BAWAK","2676"
"31625","BAWANG","2727"
"31626","BAWANG","2863"
"31627","BAWANG","2864"
"31628","BAWANG","2828"
"31629","BAWANG","2865"
"31630","BAWEN","2622"
"31631","BAWU","2810"
"31632","BAWU","2866"
"31633","BAWUKAN","2689"
"31634","BAYAN","2731"
"31635","BAYEM","2732"
"31636","BAYEMHARJO","2867"
"31637","BEBEL","2611"
"31638","BEBENGAN","2776"
"31639","BEDAGAS","2868"
"31640","BEDAGUNG","2869"
"31641","BEDANA","2623"
"31642","BEDINGIN","2870"
"31643","BEDONO KARANGDUWUR","2871"
"31644","BEDONO KLUWUNG","2871"
"31645","BEDONO PAGERON","2871"
"31646","BEDONO","2872"
"31647","BEDONO","2794"
"31648","BEDORO","2712"
"31649","BEDUG","2677"
"31650","BEGAJAH","2798"
"31651","BEGANJING","2873"
"31652","BEGAWAT","2851"
"31653","BEJALEN","2834"
"31654","BEJATEN","2874"
"31655","BEJEN","2788"
"31656","BEJEN","2875"
"31657","BEJI LOR","2876"
"31658","BEJI","2604"
"31659","BEJI","2781"
"31660","BEJI","2768"
"31661","BEJI","2845"
"31662","BEJI","2877"
"31663","BEJI","2878"
"31664","BEJI","2879"
"31665","BEJI","2880"
"31666","BEJI","2619"
"31667","BEJI","2881"
"31668","BEJI","2882"
"31669","BEJI","2883"
"31670","BEJIARUM","2767"
"31671","BEJIREJO","2662"
"31672","BEJIRUYUNG","2884"
"31673","BEKETEL","2885"
"31674","BEKONANG","2886"
"31675","BEKU","2887"
"31676","BEKUTUK","2888"
"31677","BELANG WETAN","2837"
"31678","BELIK","2646"
"31679","BELIKURIP","2686"
"31680","BELOR","2748"
"31681","BELUK","2825"
"31682","BELUK","2646"
"31683","BENCOREJO","2659"
"31684","BENDA","2861"
"31685","BENDAN DUWUR","2889"
"31686","BENDAN NGISOR","2889"
"31687","BENDAN","2749"
"31688","BENDAN","2842"
"31689","BENDAN","2890"
"31690","BENDANPETE","2847"
"31691","BENDAR","2586"
"31692","BENDO","2891"
"31693","BENDO","2879"
"31694","BENDO","2892"
"31695","BENDO","2685"
"31696","BENDOGARAP","2893"
"31697","BENDOHARJO","2777"
"31698","BENDOKATON KIDUL","2894"
"31699","BENDOSARI","2895"
"31700","BENDOSARI","2896"
"31701","BENDOSARI","2897"
"31702","BENDOSARI","2898"
"31703","BENDUNGAN","2676"
"31704","BENDUNGAN","2889"
"31705","BENDUNGAN","2585"
"31706","BENDUNGAN","2899"
"31707","BENDUNGAN","2900"
"31708","BENDUNGAN","2774"
"31709","BENDUNGAN","2874"
"31710","BENDUNGAN","2901"
"31711","BENDUNGAN","2902"
"31712","BENER","2903"
"31713","BENER","2904"
"31714","BENER","2905"
"31715","BENER","2734"
"31716","BENER","2843"
"31717","BENER","2906"
"31718","BENER","2907"
"31719","BENERKULON","2594"
"31720","BENERWETAN","2594"
"31721","BENGBULANG","2635"
"31722","BENGKAL","2650"
"31723","BENGKING","2739"
"31724","BENGLE","2908"
"31725","BENGLE","2737"
"31726","BENOWO","2903"
"31727","BENTAK","2909"
"31728","BENTAKAN","2671"
"31729","BENTANGAN","2907"
"31730","BENTAR","2769"
"31731","BENTARSARI","2769"
"31732","BERAHAN KULON","2642"
"31733","BERAHAN WETAN","2642"
"31734","BERAN","2606"
"31735","BERAN","2904"
"31736","BERBAK","2746"
"31737","BERCAK","2737"
"31738","BERGAS KIDUL","2910"
"31739","BERGAS LOR","2910"
"31740","BERGOLO","2746"
"31741","BERJO","2911"
"31742","BERKOH","2912"
"31743","BERMI","2653"
"31744","BERMI","2675"
"31745","BERO","2913"
"31746","BERO","2914"
"31747","BERSOLE","2584"
"31748","BERTA","2915"
"31749","BERUGENJANG","2916"
"31750","BERUK","2917"
"31751","BESANI","2864"
"31752","BESANI","2918"
"31753","BESERAN","2576"
"31754","BESITO","2919"
"31755","BESOLE","2731"
"31756","BESUKI","2920"
"31757","BESUKI","2921"
"31758","BETAHWALANG","2922"
"31759","BETENG","2739"
"31760","BETOKAN","2754"
"31761","BICAK","2870"
"31762","BIGARAN","2923"
"31763","BINANGUN","2719"
"31764","BINANGUN","2803"
"31765","BINANGUN","2924"
"31766","BINANGUN","2588"
"31767","BINANGUN","2605"
"31768","BINANGUN","2925"
"31769","BINANGUN","2593"
"31770","BINANGUN","2631"
"31771","BINANGUN","2926"
"31772","BINANGUN","2819"
"31773","BINGKENG","2927"
"31774","BINORONG","2727"
"31775","BINTORO","2754"
"31776","BIRIT","2928"
"31777","BISMO","2864"
"31778","BITING","2880"
"31779","BITING","2668"
"31780","BITING","2929"
"31781","BITINGAN","2716"
"31782","BLACANAN","2930"
"31783","BLADO","2864"
"31784","BLAGUNG","2901"
"31785","BLAMBANGAN","2727"
"31786","BLANCERAN","2887"
"31787","BLANDONGAN","2747"
"31788","BLANGU","2931"
"31789","BLARU","2932"
"31790","BLATER","2633"
"31791","BLATER","2933"
"31792","BLEBER","2903"
"31793","BLEBER","2934"
"31794","BLEBOH","2755"
"31795","BLEDERAN","2607"
"31796","BLEKATUK","2935"
"31797","BLENDUNG","2793"
"31798","BLENDUNG","2599"
"31799","BLENGORKULON","2594"
"31800","BLENGORWETAN","2594"
"31801","BLERONG","2670"
"31802","BLIGO","2936"
"31803","BLIGO","2937"
"31804","BLIGOREJO","2938"
"31805","BLIMBING KIDUL","2669"
"31806","BLIMBING WULUH","2930"
"31807","BLIMBING","2601"
"31808","BLIMBING","2776"
"31809","BLIMBING","2939"
"31810","BLIMBING","2940"
"31811","BLIMBING","2683"
"31812","BLIMBING","2813"
"31813","BLIMBING","2796"
"31814","BLIMBING","2941"
"31815","BLIMBING","2892"
"31816","BLIMBINGREJO","2847"
"31817","BLINGIJATI","2942"
"31818","BLINGOH","2741"
"31819","BLITAR","2805"
"31820","BLONDO","2596"
"31821","BLONGKENG","2937"
"31822","BLOROK","2943"
"31823","BLORONG","2944"
"31824","BLOTONGAN","2945"
"31825","BLUBUK","2946"
"31826","BLUBUK","2638"
"31827","BLULUKAN","2855"
"31828","BLUMAH","2897"
"31829","BLUMBANG","2648"
"31830","BLUMBANG","2720"
"31831","BLUMBANGREJO","2662"
"31832","BLUNGUN","2644"
"31833","BOBOSAN","2718"
"31834","BOBOTSARI","2789"
"31835","BOCOR","2595"
"31836","BODAS KARANGJATI","2801"
"31837","BODAS","2947"
"31838","BODAS","2948"
"31839","BODEH","2632"
"31840","BODEH","2949"
"31841","BODEH","2888"
"31842","BOGANGIN","2784"
"31843","BOGARES KIDUL","2677"
"31844","BOGARES LOR","2677"
"31845","BOGEM","2825"
"31846","BOGEM","2873"
"31847","BOGOHARJO","2627"
"31848","BOGOR","2676"
"31849","BOGORAME","2950"
"31850","BOGORAN","2822"
"31851","BOGOREJO","2951"
"31852","BOGOREJO","2873"
"31853","BOGOREJO","2952"
"31854","BOGOREJO","2953"
"31855","BOGOSARI","2670"
"31856","BOGOTANJUNG","2641"
"31857","BOGOWANTI","2746"
"31858","BOJA","2776"
"31859","BOJA","2905"
"31860","BOJA","2807"
"31861","BOJANEGARA","2954"
"31862","BOJANEGARA","2729"
"31863","BOJASARI","2767"
"31864","BOJONEGORO","2740"
"31865","BOJONG MINGGIR","2640"
"31866","BOJONG WETAN","2640"
"31867","BOJONG","2852"
"31868","BOJONG","2955"
"31869","BOJONG","2636"
"31870","BOJONG","2926"
"31871","BOJONG","2596"
"31872","BOJONG","2624"
"31873","BOJONG","2717"
"31874","BOJONG","2902"
"31875","BOJONG","2737"
"31876","BOJONGBATA","2782"
"31877","BOJONGGEDE","2831"
"31878","BOJONGKONENG","2947"
"31879","BOJONGLOR","2640"
"31880","BOJONGNANGKA","2782"
"31881","BOJONGSALAMAN","2956"
"31882","BOJONGSANA","2957"
"31883","BOJONGSARI","2958"
"31884","BOJONGSARI","2768"
"31885","BOJONGSARI","2762"
"31886","BOJONGSARI","2806"
"31887","BOJONGSARI","2638"
"31888","BOKOL","2673"
"31889","BOLALI","2907"
"31890","BOLANG","2927"
"31891","BOLO","2754"
"31892","BOLO","2737"
"31893","BOLOAGUNG","2885"
"31894","BOLOGARANG","2959"
"31895","BOLOH","2742"
"31896","BOLON","2855"
"31897","BOLONG","2875"
"31898","BOLOPLERET","2960"
"31899","BOMERTO","2961"
"31900","BONAGUNG","2962"
"31901","BONANG","2631"
"31902","BONANGREJO","2922"
"31903","BONDANSARI","2906"
"31904","BONDO","2758"
"31905","BONDOLHARJO","2647"
"31906","BONDOWOSO","2783"
"31907","BONGAS","2948"
"31908","BONGKOK","2637"
"31909","BONGKOT","2793"
"31910","BONGSARI","2956"
"31911","BONJOK","2569"
"31912","BONJOKKIDUL","2698"
"31913","BONJOKLOR","2698"
"31914","BONJOR","2639"
"31915","BONJOR","2902"
"31916","BONO","2882"
"31917","BONOMERTO","2876"
"31918","BONOROWO","2698"
"31919","BONOSARI","2884"
"31920","BONYOKAN","2739"
"31921","BORANGAN","2842"
"31922","BORO KULON","2659"
"31923","BORO WETAN","2659"
"31924","BOROBUDUR","2923"
"31925","BORONGAN","2963"
"31926","BOTEKAN","2599"
"31927","BOTO DALEMAN","2731"
"31928","BOTO","2714"
"31929","BOTO","2686"
"31930","BOTO","2618"
"31931","BOTO","2964"
"31932","BOTO","2907"
"31933","BOTOK","2965"
"31934","BOTOLAMBAT","2666"
"31935","BOTOMULYO","2966"
"31936","BOTOPUTIH","2713"
"31937","BOTORECO","2662"
"31938","BOTOREJO","2731"
"31939","BOTOREJO","2967"
"31940","BOTOSARI","2869"
"31941","BOTOSENGON","2690"
"31942","BOWAN","2707"
"31943","BOWONGSO","2968"
"31944","BOYO TELUK","2930"
"31945","BOYOLALI","2790"
"31946","BRABO","2969"
"31947","BRABOWAN","2929"
"31948","BRADAG","2746"
"31949","BRAGOLAN","2793"
"31950","BRAJAN","2970"
"31951","BRAJAN","2971"
"31952","BRAKAS","2690"
"31953","BRAKAS","2780"
"31954","BRAMBANG","2972"
"31955","BRANGKAL","2973"
"31956","BRANGKAL","2887"
"31957","BRANGKAL","2928"
"31958","BRANGSONG","2943"
"31959","BRANI","2974"
"31960","BRANJANG","2722"
"31961","BRANTAKSEKARJATI","2975"
"31962","BRATI","2885"
"31963","BRAYO","2976"
"31964","BREBEG","2977"
"31965","BREBES","2770"
"31966","BRECEK","2613"
"31967","BRECONG","2595"
"31968","BREKAT","2978"
"31969","BRENGGOLO","2964"
"31970","BRENGGONG","2682"
"31971","BRENGKOK","2915"
"31972","BRENGKOL","2935"
"31973","BRENGKOLANG","2979"
"31974","BRINGIN","2810"
"31975","BRINGIN","2731"
"31976","BRINGIN","2726"
"31977","BRINGIN","2608"
"31978","BRINGIN","2586"
"31979","BRINGIN","2703"
"31980","BRINGIN","2812"
"31981","BRINGINSARI","2980"
"31982","BRINGINWARENG","2942"
"31983","BRINGKENG","2636"
"31984","BRIYAN","2624"
"31985","BROBOT","2768"
"31986","BROJOL","2655"
"31987","BROKOH","2976"
"31988","BRONDONG","2939"
"31989","BRONDONG","2981"
"31990","BRONDONGREJO","2793"
"31991","BRONGKOL","2872"
"31992","BRUJUL","2982"
"31993","BRUMBUNG","2644"
"31994","BRUMBUNG","2744"
"31995","BRUMBUNGAN","2761"
"31996","BRUNOREJO","2939"
"31997","BRUNOSARI","2939"
"31998","BUARA","2780"
"31999","BUARA","2840"
"32000","BUARAN","2955"
