"id","nama_desa","kecamatan_id"
"62001","LONG TABULO / TEBULO","5086"
"62002","LONG TELENJAU","5119"
"62003","LONG TEMUNYAT / TEMUYAT","5122"
"62004","LONG TENEM","5091"
"62005","LONG TITI","5123"
"62006","LONG TOP","5081"
"62007","LONG TUGUL","5091"
"62008","LONG TUNGU","5119"
"62009","LONG ULI","5086"
"62010","LONG UMUNG","5091"
"62011","LONG URO","5118"
"62012","LONG YIIN / PELAAH","5117"
"62013","LUBAKAN","5089"
"62014","LUBOK BUAT","5089"
"62015","LUBOK MANIS","5099"
"62016","LULU","5085"
"62017","LUSO","5099"
"62018","MA LIBU","5091"
"62019","MAHAK BARU","5081"
"62020","MALINAU HILIR","5096"
"62021","MALINAU HULU","5096"
"62022","MALINAU KOTA","5096"
"62023","MALINAU SEBERANG","5099"
"62024","MAMANIS","5097"
"62025","MAMBULU","5089"
"62026","MAMBURUNGAN TIMUR","5108"
"62027","MAMBURUNGAN","5108"
"62028","MANGKUPADI","5101"
"62029","MANING","5098"
"62030","MANSALONG","5105"
"62031","MANSAPA","5124"
"62032","MANUK BUNGKUL","5089"
"62033","MARA HILIR","5120"
"62034","MARA SATU","5120"
"62035","MARITAM","5083"
"62036","MASPUL","5082"
"62037","MELASU BARU","5085"
"62038","MENDELUTUNG (MENJELUTUNG)","5092"
"62039","MENDUPE / MENDOPU","5098"
"62040","MENTARANG BARU","5110"
"62041","METULANG","5118"
"62042","METUN (LONG METUN I)","5106"
"62043","METUT","5109"
"62044","MUARA PENGEAN","5117"
"62045","NAHA AYA","5119"
"62046","NAHAKRAMO BARU","5109"
"62047","NAINSID","5105"
"62048","NAN SAPAN","5097"
"62049","NANTUKIDAN","5097"
"62050","NAPUTI","5103"
"62051","NAWANG BARU","5122"
"62052","NGAWOL","5097"
"62053","NUNUK TANAH KIBANG","5100"
"62054","NUNUKAN BARAT","5102"
"62055","NUNUKAN SELATAN","5124"
"62056","NUNUKAN TENGAH","5102"
"62057","NUNUKAN TIMUR","5102"
"62058","NUNUKAN UTARA","5102"
"62059","PA AMAI","5090"
"62060","PA API","5091"
"62061","PA BETUNG","5091"
"62062","PA BUTAL","5091"
"62063","PA DALAN","5090"
"62064","PA DELUNG","5091"
"62065","PA IBANG","5090"
"62066","PA INAN","5091"
"62067","PA KABER","5090"
"62068","PA KEBUAN","5091"
"62069","PA KEMUT","5091"
"62070","PA KIDANG","5091"
"62071","PA LEMUMUT","5105"
"62072","PA LIDUNG","5091"
"62073","PA LOO","5105"
"62074","PA LUTUT","5091"
"62075","PA MALADE (PA MELADE)","5091"
"62076","PA MATUNG","5091"
"62077","PA MERING","5091"
"62078","PA MILAU","5090"
"62079","PA MULAK","5091"
"62080","PA NADO","5091"
"62081","PA PADI","5091"
"62082","PA PALA","5091"
"62083","PA PANI","5091"
"62084","PA PAWAN","5091"
"62085","PA PAYAK","5091"
"62086","PA PIRIT","5091"
"62087","PA PUTUK","5091"
"62088","PA RANGEB (PARANGEB)","5091"
"62089","PA RAYE","5091"
"62090","PA RUPAI","5091"
"62091","PA SING","5090"
"62092","PA SIRE (PASIRE)","5091"
"62093","PA TERA","5090"
"62094","PA TERUTUN","5091"
"62095","PA UMUNG","5091"
"62096","PA UPAN","5090"
"62097","PA URANG","5090"
"62098","PA URUD","5091"
"62099","PA YALAU","5090"
"62100","PADAIDI","5093"
"62101","PAGALUYON","5089"
"62102","PAGAR","5089"
"62103","PAKING","5110"
"62104","PALUAN","5097"
"62105","PAMUSIAN","5112"
"62106","PANAS","5097"
"62107","PANCA AGUNG","5088"
"62108","PANTAI AMAL","5108"
"62109","PARU ABANG","5083"
"62110","PATAL I (SATU)","5105"
"62111","PATAL II (DUA)","5105"
"62112","PAYA SETURAN","5100"
"62113","PAYANG","5097"
"62114","PEJALIN","5084"
"62115","PELAJU (PLAJU)","5089"
"62116","PELENCAU","5100"
"62117","PELITA KANAAN","5096"
"62118","PEMBELIANGAN","5085"
"62119","PENTIAN","5083"
"62120","PERIUK","5098"
"62121","PIMPING","5088"
"62122","PODONG","5105"
"62123","PULAU BUNYU BARAT","5125"
"62124","PULAU BUNYU SELATAN","5125"
"62125","PULAU BUNYU TIMUR","5125"
"62126","PULAU KERAS","5089"
"62127","PULAU SAPI","5110"
"62128","PULU BULAWAN","5105"
"62129","PUNAN BENGALUN","5114"
"62130","PUNAN DULAU","5083"
"62131","PUNAN GONG SOLOK","5095"
"62132","PUNAN LONG ADIU","5095"
"62133","PUNAN MIRAU","5109"
"62134","PUNAN RIAN","5100"
"62135","PUNAN SETARAP","5095"
"62136","PUNGIT","5083"
"62137","PURA SAJAU","5101"
"62138","PUTAT","5099"
"62139","RESPEN TUBU","5099"
"62140","RIAN TUBU","5123"
"62141","RIAN","5107"
"62142","RUHUI RAHAYU","5088"
"62143","SABULUAN","5089"
"62144","SADUMAN","5089"
"62145","SAJAU TIMUR","5101"
"62146","SAJAU","5101"
"62147","SALAN","5097"
"62148","SALANG","5103"
"62149","SALAP","5099"
"62150","SALIM BATU","5126"
"62151","SALUDAN","5105"
"62152","SAMAENRE SEMAJA","5127"
"62153","SAMBUNGAN","5128"
"62154","SAMUNTI","5097"
"62155","SANAL","5097"
"62156","SANGKUP","5105"
"62157","SAPUYAN","5105"
"62158","SASIBU","5105"
"62159","SEBAWANG","5107"
"62160","SEBENGKOK","5112"
"62161","SEBERANG","5116"
"62162","SEBIDAI / SEBIDAY","5107"
"62163","SEBUKU I (SANUR)","5103"
"62164","SEBUKU II (MAKMUR)","5103"
"62165","SEDALIT","5097"
"62166","SEDONGON","5105"
"62167","SEDULUN","5107"
"62168","SEI LIMAU","5082"
"62169","SEI / SUNGAI ANAI","5106"
"62170","SEI / SUNGAI NYAMUK","5104"
"62171","SEI / SUNGAI PANCANG","5116"
"62172","SEKADUYAN TAKA","5127"
"62173","SEKATAK BENGARA","5083"
"62174","SEKATAK BUJI","5083"
"62175","SEKIKILAN","5103"
"62176","SELISUN","5124"
"62177","SELUDAU","5092"
"62178","SELUMIT PANTAI","5112"
"62179","SELUMIT","5112"
"62180","SEMALAT","5105"
"62181","SEMANGGARIS","5099"
"62182","SEMATA","5097"
"62183","SEMBUAK WAROT / WAROD","5099"
"62184","SEMBUDUD","5091"
"62185","SEMPAYANG","5114"
"62186","SEMUNAD","5103"
"62187","SENGAYAN","5100"
"62188","SENGKONG","5092"
"62189","SENTABAN","5114"
"62190","SEPALA DALUNG (SESAYAP DALUNG)","5092"
"62191","SEPUTUK","5107"
"62192","SERUYUNG","5099"
"62193","SESAYAP / SEPALA","5092"
"62194","SESUA","5114"
"62195","SETABU","5094"
"62196","SETARAP","5095"
"62197","SETULANG","5095"
"62198","SIAWANG","5105"
"62199","SIBALU","5097"
"62200","SILVA RAHAYU","5126"
"62201","SINAMPALA DUA","5097"
"62202","SINAMPALA SATU","5097"
"62203","SINAR BARU","5091"
"62204","SRINANTI","5127"
"62205","SUJAU","5085"
"62206","SUMALUMUNG","5105"
"62207","SUMANTIPAL","5097"
"62208","SUMENTOBOL","5097"
"62209","SUNGAI BARANG","5118"
"62210","SUNGAI MANURUNG","5093"
"62211","SUNGOI","5097"
"62212","SUYADON","5097"
"62213","TABUR LESTARI","5127"
"62214","TAGUL","5089"
"62215","TALUAN","5105"
"62216","TAMBALANG HILIR","5097"
"62217","TAMBALANG ULU","5097"
"62218","TANAH KUNING","5101"
"62219","TANAH MERAH","5128"
"62220","TANG BADUI","5090"
"62221","TANG PAYE","5090"
"62222","TANJUNG AGUNG","5101"
"62223","TANJUNG ARU","5104"
"62224","TANJUNG BUKA","5126"
"62225","TANJUNG HARAPAN","5124"
"62226","TANJUNG HARAPAN","5104"
"62227","TANJUNG HILIR","5105"
"62228","TANJUNG HULU","5105"
"62229","TANJUNG KARANG","5093"
"62230","TANJUNG KERANJANG","5096"
"62231","TANJUNG LAPANG","5114"
"62232","TANJUNG NANGA","5109"
"62233","TANJUNG PALAS ILIR / HILIR","5084"
"62234","TANJUNG PALAS TENGAH","5084"
"62235","TANJUNG PALAS ULU / HULU","5084"
"62236","TANJUNG SELOR ILIR / HILIR","5087"
"62237","TANJUNG SELOR TIMUR","5087"
"62238","TANJUNG SELOR ULU / HULU","5087"
"62239","TANTALUJUK","5097"
"62240","TANTU LIBING","5097"
"62241","TARAS","5114"
"62242","TAU BARU","5103"
"62243","TAU LUMBIS","5097"
"62244","TEMALANG","5110"
"62245","TEMBALANG","5103"
"62246","TENGGILING","5083"
"62247","TENGKAPAK","5087"
"62248","TENGKU DACING","5128"
"62249","TEPIAN","5089"
"62250","TERAS BARU","5084"
"62251","TERAS NAWANG","5084"
"62252","TERINDAK","5083"
"62253","TETABAN","5085"
"62254","TETAGAS","5097"
"62255","TIDENG PALE TIMUR","5107"
"62256","TIDENG PALE","5107"
"62257","TINAMPAK I","5103"
"62258","TINAMPAK II","5103"
"62259","TUBEL ALUNG (UBEL ALUNG)","5097"
"62260","TUBUS","5105"
"62261","TUJUNG","5089"
"62262","TUKULEN (TUKULON)","5097"
"62263","TULANG","5089"
"62264","TUMATALAS","5097"
"62265","TURUNG","5083"
"62266","UBEL SULOK","5097"
"62267","UJANG","5083"
"62268","WA LAYA","5091"
"62269","WA YAGUNG","5091"
"62270","WA YANUD","5091"
"62271","WONO MULYO","5101"
"62272","ABAK","5129"
"62273","ADOW SELATAN","5130"
"62274","ADOW","5130"
"62275","AERGALE","5131"
"62276","AERTEMBAGA DUA (II)","5132"
"62277","AERTEMBAGA SATU (I)","5132"
"62278","AGOTEY","5133"
"62279","AHA PATUNG","5134"
"62280","AIRBANUA (AER BANUA)","5135"
"62281","AIRMADIDI ATAS","5136"
"62282","AIRMADIDI BAWAH","5136"
"62283","AKAS BALANE","5137"
"62284","AKAS","5137"
"62285","AKEMBAWI","5138"
"62286","AKESIMBEKA","5139"
"62287","ALO UTARA","5140"
"62288","ALO","5140"
"62289","ALUDE","5141"
"62290","ALUNG BANUA","5142"
"62291","AMBANG I","5143"
"62292","AMBANG II","5143"
"62293","AMBELA","5144"
"62294","AMBIA UTARA","5145"
"62295","AMBIA","5145"
"62296","AMERTHA BUANA","5146"
"62297","AMERTHA SARI","5146"
"62298","AMMAT SELATAN","5147"
"62299","AMMAT","5147"
"62300","AMONGENA DUA (II)","5148"
"62301","AMONGENA SATU (I)","5148"
"62302","AMONGENA TIGA","5148"
"62303","AMPENG SEMBEKA","5149"
"62304","AMPRENG","5150"
"62305","ANGGES","5138"
"62306","APAN","5151"
"62307","APELA DUA (II)","5152"
"62308","APELA SATU (I)","5152"
"62309","APELAWO","5139"
"62310","APENG SEMBEKA","5153"
"62311","APENGSALA","5154"
"62312","ARAKAN","5155"
"62313","ARANGKAA","5151"
"62314","ATEP OKI","5156"
"62315","ATEP SATU","5157"
"62316","ATEP","5157"
"62317","ATOGA TIMUR","5158"
"62318","ATOGA","5158"
"62319","AWIT SELATAN","5159"
"62320","AWIT","5159"
"62321","AYONG","5160"
"62322","BABO","5160"
"62323","BADARO","5161"
"62324","BAHOI","5135"
"62325","BAHOI","5154"
"62326","BAHU","5162"
"62327","BAHU","5139"
"62328","BAHU","5163"
"62329","BAI","5158"
"62330","BAILANG","5164"
"62331","BAJO","5155"
"62332","BAKALAENG","5165"
"62333","BAKAN","5129"
"62334","BAKIDA","5166"
"62335","BALANE","5167"
"62336","BALANG","5168"
"62337","BALEHUMARA","5154"
"62338","BALIRANGEN","5169"
"62339","BAMBUNG TIMUR","5151"
"62340","BAMBUNG","5151"
"62341","BANDIL","5169"
"62342","BANGA","5170"
"62343","BANGOMOLUNOW","5171"
"62344","BANGUNAN WUWUK TIMUR","5172"
"62345","BANGUNAN WUWUK","5172"
"62346","BANJER","5173"
"62347","BANNADA","5151"
"62348","BANTANE UTARA","5140"
"62349","BANTANE","5140"
"62350","BANTIK LAMA","5174"
"62351","BANTIK","5143"
"62352","BARANGKA PEHE","5154"
"62353","BARANGKA","5165"
"62354","BARANGKALANG","5165"
"62355","BASAAN DUA","5175"
"62356","BASAAN SATU","5175"
"62357","BASAAN","5175"
"62358","BASAUH","5176"
"62359","BATU BATAYO","5177"
"62360","BATU KOTA","5162"
"62361","BATU PUTIH ATAS","5152"
"62362","BATU PUTIH BAWAH","5152"
"62363","BATU","5178"
"62364","BATUBULAN","5179"
"62365","BATUKOTA","5180"
"62366","BATULEWEHE","5181"
"62367","BATULINTIK","5182"
"62368","BATULIODU","5183"
"62369","BATULUBANG","5184"
"62370","BATUMAWIRA","5185"
"62371","BATUMBALANGO","5145"
"62372","BATUMERA (BATU MERAH)","5160"
"62373","BATUNDERANG","5186"
"62374","BATURAPA I","5187"
"62375","BATURAPA INDUK","5187"
"62376","BATUSENGGO","5188"
"62377","BATUTAJAM","5177"
"62378","BATUWINGKUNG","5189"
"62379","BAWO","5190"
"62380","BAWOLEU","5190"
"62381","BEBALANG","5186"
"62382","BEBALI","5139"
"62383","BEBU","5167"
"62384","BEENG LAUT","5134"
"62385","BEENG","5134"
"62386","BEHA","5163"
"62387","BELANG","5191"
"62388","BELENGANG","5165"
"62389","BENGEL","5174"
"62390","BENGKA","5165"
"62391","BENGKETANG","5163"
"62392","BENGKOL","5192"
"62393","BENTENAN INDAH","5193"
"62394","BENTENAN SATU","5193"
"62395","BENTENAN","5193"
"62396","BENTUNG","5189"
"62397","BEO BANTIK","5174"
"62398","BEO BARAT","5174"
"62399","BEO TIMUR","5174"
"62400","BEO","5174"
"62401","BEONG","5194"
"62402","BERINGIN (BERINGING)","5191"
"62403","BERINGIN","5195"
"62404","BETELAN SATU","5196"
"62405","BETELAN","5196"
"62406","BIAU SEHA","5169"
"62407","BIAU","5169"
"62408","BIGA","5197"
"62409","BIGO SELATAN","5198"
"62410","BIGO","5198"
"62411","BILALANG BARU","5199"
"62412","BILALANG I","5197"
"62413","BILALANG II","5197"
"62414","BILALANG III UTARA","5199"
"62415","BILALANG III","5199"
"62416","BILALANG IV","5199"
"62417","BINALA","5167"
"62418","BINALANG TIMUR","5147"
"62419","BINALANG","5147"
"62420","BINALU","5169"
"62421","BINEBAS","5189"
"62422","BINIHA TIMUR","5166"
"62423","BINIHA","5166"
"62424","BINJEITA I","5200"
"62425","BINJEITA II","5200"
"62426","BINJEITA","5200"
"62427","BINTAU","5201"
"62428","BINTAUNA PANTAI / PANTE","5182"
"62429","BINTAUNA","5182"
"62430","BINUANG","5180"
"62431","BINUANGA","5200"
"62432","BINUNI","5200"
"62433","BIONTONG I","5200"
"62434","BIONTONG II","5200"
"62435","BIONTONG","5200"
"62436","BIRA KIMIA (BIRAKIAMA)","5185"
"62437","BIRA","5202"
"62438","BIRAHI","5189"
"62439","BIRANG","5137"
"62440","BIRARIKEI","5185"
"62441","BIRU","5202"
"62442","BITUNG BARAT DUA (II)","5203"
"62443","BITUNG BARAT SATU (I)","5203"
"62444","BITUNG TENGAH","5203"
"62445","BITUNG TIMUR","5203"
"62446","BITUNG","5204"
"62447","BITUNGKARANGRIA","5205"
"62448","BITUNURIS SELATAN","5168"
"62449","BITUNURIS","5168"
"62450","BLONGKO","5131"
"62451","BOHABAK I","5200"
"62452","BOHABAK II","5200"
"62453","BOHABAK III","5200"
"62454","BOHABAK IV","5200"
"62455","BOJONEGORO","5206"
"62456","BOLAANG SATU","5143"
"62457","BOLAANG","5143"
"62458","BOLANG ITANG BARAT","5207"
"62459","BOLANGAT TIMUR","5160"
"62460","BOLANGAT","5160"
"62461","BOLANGITANG I","5207"
"62462","BOLANGITANG II","5207"
"62463","BOMBANON","5129"
"62464","BONAWANG","5208"
"62465","BONGKUDAI BARAT","5172"
"62466","BONGKUDAI BARU","5161"
"62467","BONGKUDAI SELATAN","5161"
"62468","BONGKUDAI TIMUR","5161"
"62469","BONGKUDAI UTARA","5161"
"62470","BONGKUDAI","5172"
"62471","BORGO SATU","5191"
"62472","BORGO","5191"
"62473","BORGO","5209"
"62474","BOROKO TIMUR","5198"
"62475","BOROKO UTARA","5198"
"62476","BOROKO","5198"
"62477","BOTO","5154"
"62478","BOWOMBARU (BAWOMBARU)","5210"
"62479","BOWOMBARU TENGAH","5210"
"62480","BOWOMBARU UTARA","5210"
"62481","BOWONE","5134"
"62482","BOWONGKALI","5202"
"62483","BOWONGKULU I","5163"
"62484","BOWONGKULU","5163"
"62485","BOYONG ATAS","5211"
"62486","BOYONG PANTE","5131"
"62487","BUANG","5212"
"62488","BUDO","5213"
"62489","BUHA","5192"
"62490","BUHA","5185"
"62491","BUHIAS","5169"
"62492","BUISE","5139"
"62493","BUKAKA","5214"
"62494","BUKIDE TIMUR","5215"
"62495","BUKIDE","5215"
"62496","BUKIDE","5139"
"62497","BUKIDE","5189"
"62498","BUKIT TINGGI","5216"
"62499","BUKO SELATAN","5177"
"62500","BUKO UTARA","5177"
"62501","BUKO","5177"
"62502","BUKU SELATAN","5191"
"62503","BUKU TENGAH","5191"
"62504","BUKU TENGGARA","5191"
"62505","BUKU UTARA","5191"
"62506","BUKU","5191"
"62507","BULANGAN","5190"
"62508","BULAWAN DUA","5214"
"62509","BULAWAN SATU","5214"
"62510","BULAWAN","5214"
"62511","BULO","5189"
"62512","BULO","5213"
"62513","BULUD","5201"
"62514","BULUDE SELATAN","5217"
"62515","BULUDE SELATAN","5218"
"62516","BULUDE","5217"
"62517","BULUDE","5218"
"62518","BULUTUI","5135"
"62519","BUMBIHA","5219"
"62520","BUMBUNG","5187"
"62521","BUMBUNGON","5220"
"62522","BUMI BERINGIN","5221"
"62523","BUMI NYIUR","5222"
"62524","BUNAG","5170"
"62525","BUNAKEN","5142"
"62526","BUNGALAWANG","5202"
"62527","BUNGALAWANG","5153"
"62528","BUNGKO","5223"
"62529","BUNIA","5182"
"62530","BUNONG","5182"
"62531","BUNTALO INDUK","5187"
"62532","BUNTALO SELATAN","5187"
"62533","BUNTALO TIMUR","5187"
"62534","BUSATO","5177"
"62535","BUSISINGO UTARA","5149"
"62536","BUSISINGO","5149"
"62537","BUYANDI","5161"
"62538","BUYAT BARAT","5214"
"62539","BUYAT I","5214"
"62540","BUYAT II","5214"
"62541","BUYAT SELATAN","5214"
"62542","BUYAT TENGAH","5214"
"62543","BUYAT","5214"
"62544","BUYUNGON","5204"
"62545","CALACA","5221"
"62546","CANDI REJO","5161"
"62547","CEMPAKA","5160"
"62548","DAGHO","5167"
"62549","DALAKO BEMBANAHE","5224"
"62550","DALAPULI BARAT","5177"
"62551","DALAPULI TIMUR","5177"
"62552","DALAPULI","5177"
"62553","DALINSAHENG","5212"
"62554","DALOKAWENG","5176"
"62555","DALUM","5168"
"62556","DAMAU BAWONE","5137"
"62557","DAMAU","5137"
"62558","DAME I","5139"
"62559","DAME","5139"
"62560","DAMPULIS SELATAN","5225"
"62561","DAMPULIS","5225"
"62562","DANOWUDU","5152"
"62563","DAPALAN","5147"
"62564","DAPIHE","5147"
"62565","DARAN UTARA","5226"
"62566","DARAN","5226"
"62567","DARUNU","5213"
"62568","DAYOW","5227"
"62569","DEAGA","5130"
"62570","DEAHE (BEAHA)","5139"
"62571","DENDENGAN DALAM","5228"
"62572","DENDENGAN LUAR","5228"
"62573","DENGI","5177"
"62574","DIAT","5187"
"62575","DIMEMBE","5229"
"62576","DODAP PANTAI","5230"
"62577","DODAP","5230"
"62578","DODOP MIKASA","5230"
"62579","DOLODUO DUA","5231"
"62580","DOLODUO SATU","5231"
"62581","DOLODUO TIGA","5231"
"62582","DOLODUO","5231"
"62583","DOMISIL MOONOW","5160"
"62584","DOMPASE","5194"
"62585","DONDOMON SELATAN","5232"
"62586","DONDOMON UTARA","5232"
"62587","DONDOMON","5232"
"62588","DORBOLAANG (DORBOLAAN)","5184"
"62589","DUA SUDARA (DUASADARA)","5152"
"62590","DUDEPO","5166"
"62591","DUINI","5177"
"62592","DUMAGIN A","5227"
"62593","DUMAGIN B","5227"
"62594","DUMARA","5208"
"62595","DUMINANGA","5166"
"62596","DUMOGA I","5220"
"62597","DUMOGA II","5146"
"62598","DUMOGA","5146"
"62599","DUMUHUNG","5181"
"62600","DURIAN","5131"
"62601","EHE","5233"
"62602","ELUSAN","5234"
"62603","ENENGPAHEMBANG","5181"
"62604","ENSEM TIMUR","5145"
"62605","ENSEM","5145"
"62606","ERIS","5235"
"62607","ESANDOM DUA","5236"
"62608","ESANDOM SATU","5236"
"62609","ESANDOM","5236"
"62610","ESSANG SELATAN","5217"
"62611","ESSANG","5217"
"62612","GANALO","5147"
"62613","GANGGA DUA","5135"
"62614","GANGGA SATU","5135"
"62615","GEMEH RAAMATA","5151"
"62616","GEMEH WANTANE","5151"
"62617","GEMEH","5151"
"62618","GENGGULANG","5197"
"62619","GIHANG","5198"
"62620","GIRIAN ATAS","5237"
"62621","GIRIAN BAWAH","5237"
"62622","GIRIAN INDAH","5237"
"62623","GIRIAN PERMAI","5237"
"62624","GIRIAN WERU DUA (II)","5237"
"62625","GIRIAN WERU SATU (I)","5237"
"62626","GOGAGOMAN","5238"
"62627","GOGALUMAN","5239"
"62628","GUAAN","5161"
"62629","GUNUNG WOKA (BATU WOKA)","5180"
"62630","GUNUNG","5202"
"62631","HAASI","5154"
"62632","HANGKE","5134"
"62633","HESANG","5167"
"62634","HIUNG","5165"
"62635","HIUNG","5179"
"62636","HUMBIA","5185"
"62637","HUNTUK","5182"
"62638","IBOLIAN SATU  /  I","5240"
"62639","IBOLIAN","5240"
"62640","IDUMUN","5158"
"62641","IGHIK","5137"
"62642","IKHWAN","5231"
"62643","IKUNA","5208"
"62644","ILIGON","5227"
"62645","ILOMATA","5241"
"62646","IMANDI","5146"
"62647","INATON","5172"
"62648","INOBONTO DUA","5171"
"62649","INOBONTO SATU","5171"
"62650","INOBONTO","5171"
"62651","INOMUNGA UTARA","5198"
"62652","INOMUNGA","5198"
"62653","INSIL BARU","5242"
"62654","INSIL","5242"
"62655","INUAI","5201"
"62656","ISLAM (KAMPUNG ISLAM)","5205"
"62657","ISTIQLAL","5221"
"62658","IYOK","5207"
"62659","IYOK","5158"
"62660","JAMBU SARANG","5207"
"62661","JAYAKARSA","5135"
"62662","JIKO BELANGA","5158"
"62663","JIKO UTARA","5158"
"62664","JIKO","5158"
"62665","KAASAR","5243"
"62666","KAAYURAN ATAS","5157"
"62667","KAAYURAN BAWAH","5157"
"62668","KABARUAN TIMUR","5218"
"62669","KABARUAN","5218"
"62670","KADOODAN","5244"
"62671","KAHAKITANG","5224"
"62672","KAHUKU","5233"
"62673","KAIMA","5243"
"62674","KAIMA","5245"
"62675","KAIRAGI DUA","5192"
"62676","KAIRAGI SATU","5192"
"62677","KAIRAGI WERU","5228"
"62678","KAKASKASEN DUA","5246"
"62679","KAKASKASEN SATU","5246"
"62680","KAKASKASEN TIGA","5246"
"62681","KAKASKASEN","5246"
"62682","KAKENTURAN BARAT","5247"
"62683","KAKENTURAN DUA (II)","5203"
"62684","KAKENTURAN SATU (I)","5203"
"62685","KAKENTURAN","5247"
"62686","KAKOROTAN","5225"
"62687","KALAGHENG","5189"
"62688","KALAIT DUA","5170"
"62689","KALAIT SATU","5170"
"62690","KALAIT TIGA","5170"
"62691","KALAIT","5170"
"62692","KALAMA DARAT","5167"
"62693","KALAMA","5224"
"62694","KALASEY DUA","5133"
"62695","KALASEY SATU","5133"
"62696","KALASUGE","5163"
"62697","KALAWAT","5248"
"62698","KALAWIRAN","5216"
"62699","KALAWIRAN","5249"
"62700","KALEKUBE I","5163"
"62701","KALEKUBE","5163"
"62702","KALEOSAN","5248"
"62703","KALEOSAN","5156"
"62704","KALI OKI","5196"
"62705","KALI SELATAN","5250"
"62706","KALI","5250"
"62707","KALI","5196"
"62708","KALIHIANG","5169"
"62709","KALINAUN","5233"
"62710","KALINDA I","5167"
"62711","KALINDA","5167"
"62712","KALONGAN SELATAN","5141"
"62713","KALONGAN UTARA","5141"
"62714","KALONGAN","5141"
"62715","KALURAE","5163"
"62716","KALUWATU","5186"
"62717","KAMANGA DUA","5251"
"62718","KAMANGA","5251"
"62719","KAMANGTA","5252"
"62720","KAMASI SATU","5253"
"62721","KAMASI","5253"
"62722","KAMPUNG JAWA","5254"
"62723","KAMPUNG JAWA","5255"
"62724","KANAAN","5220"
"62725","KANANG","5139"
"62726","KANAWONG","5219"
"62727","KANEYAN","5256"
"62728","KANONANG DUA","5257"
"62729","KANONANG EMPAT","5257"
"62730","KANONANG LIMA","5257"
"62731","KANONANG SATU","5257"
"62732","KANONANG TIGA","5258"
"62733","KAPATARAN SATU","5156"
"62734","KAPATARAN","5156"
"62735","KAPETA","5188"
"62736","KAPITU","5234"
"62737","KAPOYAH (KAPOYA)","5259"
"62738","KARALUNG SATU","5139"
"62739","KARALUNG","5139"
"62740","KARAME","5260"
"62741","KARATUNG I","5165"
"62742","KARATUNG II","5165"
"62743","KARATUNG SELATAN","5225"
"62744","KARATUNG TENGAH","5225"
"62745","KARATUNG","5225"
"62746","KAREGESAN","5243"
"62747","KAREKO","5180"
"62748","KARIMBOW TALIKURAN","5261"
"62749","KARIMBOW","5261"
"62750","KAROMBASAN SELATAN","5222"
"62751","KAROMBASAN UTARA","5222"
"62752","KARONDORAN","5148"
"62753","KARONDORAN","5152"
"62754","KAROR","5156"
"62755","KAROWA","5262"
"62756","KARUMENGA","5263"
"62757","KARUNGO","5212"
"62758","KASAWARI","5132"
"62759","KASIO BARAT","5240"
"62760","KASURATAN","5245"
"62761","KATINGGOLAN","5264"
"62762","KAUDITAN DUA","5243"
"62763","KAUDITAN SATU","5243"
"62764","KAUHIS","5165"
"62765","KAUNERAN SATU","5265"
"62766","KAUNERAN","5265"
"62767","KAWAHANG","5179"
"62768","KAWALUSO","5266"
"62769","KAWANGKOAN BARU","5248"
"62770","KAWANGKOAN BAWAH","5234"
"62771","KAWANGKOAN","5248"
"62772","KAWATAK","5157"
"62773","KAWENG","5267"
"62774","KAWERUAN","5178"
"62775","KAWILEY (KAWILEI)","5243"
"62776","KAWIO","5268"
"62777","KAYAWU","5246"
"62778","KAYU BESI","5249"
"62779","KAYUMOYONDI","5230"
"62780","KAYUOGU","5177"
"62781","KAYUROYA","5156"
"62782","KAYUUM (KAYUUWI)","5257"
"62783","KAYUUWI SATU","5257"
"62784","KAYUWATU","5267"
"62785","KEIMANGA","5207"
"62786","KELAPA DUA","5184"
"62787","KEMA DUA","5269"
"62788","KEMA SATU","5269"
"62789","KEMA TIGA","5269"
"62790","KEMBANG MERTHA","5146"
"62791","KEMBANG SARI","5146"
"62792","KEMBES DUA","5252"
"62793","KEMBES SATU","5252"
"62794","KEMBUAN SATU","5255"
"62795","KEMBUAN","5255"
"62796","KENDAHE DUA","5266"
"62797","KENDAHE SATU","5266"
"62798","KENDIS","5264"
"62799","KEROIT","5270"
"62800","KETANG BARU","5260"
"62801","KIAMA BARAT","5144"
"62802","KIAMA MAREDAREN","5144"
"62803","KIAMA","5144"
"62804","KIAWA DUA BARAT","5271"
"62805","KIAWA DUA TIMUR","5271"
"62806","KIAWA DUA","5271"
"62807","KIAWA SATU BARAT","5271"
"62808","KIAWA SATU UTARA","5271"
"62809","KIAWA SATU","5271"
"62810","KIAWANG","5179"
"62811","KILOMETER TIGA","5204"
"62812","KIMA ATAS","5192"
"62813","KIMA BAJO","5213"
"62814","KINABUHUTAN","5135"
"62815","KINALAWIRAN","5262"
"62816","KINALI SATU","5258"
"62817","KINALI","5258"
"62818","KINALI","5179"
"62819","KINAMANG I","5206"
"62820","KINAMANG","5206"
"62821","KINASELON (KINALEOSAN)","5249"
"62822","KINAWERUAN","5206"
"62823","KINIAR","5264"
"62824","KINILOW SATU","5246"
"62825","KINILOW","5246"
"62826","KINOMALIGAN (KINOMALINGAN)","5240"
"62827","KINUNANG","5233"
"62828","KISIHANG","5185"
"62829","KLABAT","5229"
"62830","KLEAK","5162"
"62831","KOBO BESAR","5272"
"62832","KOBO KECIL","5272"
"62833","KOHA BARAT","5133"
"62834","KOHA SELATAN","5133"
"62835","KOHA TIMUR","5133"
"62836","KOHA","5133"
"62837","KOKA","5252"
"62838","KOKAPOI TIMUR","5161"
"62839","KOKAPOI","5161"
"62840","KOKOLEH DUA","5178"
"62841","KOKOLEH SATU","5178"
"62842","KOLINGANGAAN","5199"
"62843","KOLONGAN ATAS I","5265"
"62844","KOLONGAN ATAS II","5265"
"62845","KOLONGAN BEHA BARU","5138"
"62846","KOLONGAN BEHA","5138"
"62847","KOLONGAN I","5249"
"62848","KOLONGAN MITUNG","5138"
"62849","KOLONGAN SATU","5253"
"62850","KOLONGAN TETEMPANGAN","5248"
"62851","KOLONGAN","5248"
"62852","KOLONGAN","5249"
"62853","KOLONGAN","5273"
"62854","KOLONGAN","5253"
"62855","KOMANGAAN","5171"
"62856","KOMBI","5249"
"62857","KOMBOS BARAT","5260"
"62858","KOMBOS TIMUR","5260"
"62859","KOMBOT","5241"
"62860","KOMO LUAR","5221"
"62861","KOMUS DUA (II)","5198"
"62862","KOMUS DUA TIMUR","5198"
"62863","KOMUS SATU","5177"
"62864","KONAROM BARAT","5208"
"62865","KONAROM UTARA","5208"
"62866","KONAROM","5208"
"62867","KOPANDAKAN I","5223"
"62868","KOPANDAKAN II","5129"
"62869","KOPI","5182"
"62870","KOPIWANGKER","5150"
"62871","KORDAKEL","5218"
"62872","KORENG","5256"
"62873","KOSIO TIMUR","5240"
"62874","KOSIO","5240"
"62875","KOTA MENARA","5274"
"62876","KOTABUNAN BARAT","5214"
"62877","KOTABUNAN SELATAN","5214"
"62878","KOTABUNAN","5214"
"62879","KOTAMOBAGU","5238"
"62880","KOTOBANGON (KOTABANGON)","5272"
"62881","KOTONGAN ATAS SATU","5265"
"62882","KOYA","5275"
"62883","KOYAWAS","5150"
"62884","KUALA UTARA","5198"
"62885","KUALA","5198"
"62886","KUHANGA","5182"
"62887","KULU","5213"
"62888","KULUR I","5202"
"62889","KULUR II","5202"
"62890","KUMA I","5202"
"62891","KUMA SELATAN","5145"
"62892","KUMA","5145"
"62893","KUMA","5202"
"62894","KUMELEMBUAI (KUMELEMBUAY)","5276"
"62895","KUMELEMBUAI ATAS","5277"
"62896","KUMELEMBUAI DUA","5277"
"62897","KUMELEMBUAI SATU","5277"
"62898","KUMELEMBUAI","5277"
"62899","KUMERSOT (KUMERESOT)","5152"
"62900","KUMU","5209"
"62901","KUWIL","5248"
"62902","KUYANGA SATU","5278"
"62903","KUYANGA","5278"
"62904","LABUHAN UKI (LABUAN UKI)","5187"
"62905","LAGHAENG","5188"
"62906","LAHENDONG","5254"
"62907","LAHOPANG","5169"
"62908","LAHU","5151"
"62909","LAI","5194"
"62910","LAIKIT","5229"
"62911","LAINE","5186"
"62912","LAINGPATEHI","5154"
"62913","LALOW","5187"
"62914","LALUE TENGAH","5217"
"62915","LALUE UTARA","5217"
"62916","LALUE","5217"
"62917","LALUHE","5225"
"62918","LALUMPE","5249"
"62919","LALUMPE","5279"
"62920","LAMANGGO","5212"
"62921","LANGAGON DUA","5171"
"62922","LANGAGON SATU","5171"
"62923","LANGAGON","5171"
"62924","LANGI","5207"
"62925","LANSA","5213"
"62926","LANSOT TIMUR","5256"
"62927","LANSOT","5269"
"62928","LANSOT","5256"
"62929","LANSOT","5254"
"62930","LANTUNG","5213"
"62931","LANUT","5161"
"62932","LAOTONGAN","5189"
"62933","LAPANGAN","5192"
"62934","LAPANGO I","5186"
"62935","LAPANGO","5186"
"62936","LAPEPAHE","5186"
"62937","LAWANG IRUNG","5221"
"62938","LEBO","5165"
"62939","LEHI","5219"
"62940","LEHIMI TARIANG","5186"
"62941","LEHUPU","5134"
"62942","LEILEM I","5265"
"62943","LEILEM II","5265"
"62944","LEILEM III","5265"
"62945","LELEKO","5245"
"62946","LELEMA","5280"
"62947","LELIPANG","5167"
"62948","LEMBEAN","5243"
"62949","LEMOH BARAT","5281"
"62950","LEMOH TIMUR","5281"
"62951","LEMOH UNER","5281"
"62952","LEMOH","5281"
"62953","LENGANENG","5163"
"62954","LESA","5181"
"62955","LESABE I","5189"
"62956","LESABE","5189"
"62957","LESAH RENDE","5154"
"62958","LESAH","5154"
"62959","LEWET","5204"
"62960","LIA SATU","5139"
"62961","LIA","5139"
"62962","LIANDOK","5262"
"62963","LIBA","5251"
"62964","LIBAS","5233"
"62965","LIBERIA TIMUR","5161"
"62966","LIBERIA","5161"
"62967","LIHUNU","5233"
"62968","LIKUANG","5163"
"62969","LIKUPANG DUA","5233"
"62970","LIKUPANG KAMPUNG AMBONG","5233"
"62971","LIKUPANG SATU","5233"
"62972","LILANG","5269"
"62973","LINAWAN I","5241"
"62974","LINAWAN","5241"
"62975","LINDANGAN","5262"
"62976","LINELEAN","5247"
"62977","LININGAAN","5206"
"62978","LININGAAN","5264"
"62979","LION","5183"
"62980","LIPANG (LIPAENG)","5266"
"62981","LIPU BOGU","5200"
"62982","LIRANG","5180"
"62983","LIRUNG I","5282"
"62984","LIRUNG MATANE","5282"
"62985","LIRUNG","5282"
"62986","LIWUTUNG DUA","5283"
"62987","LIWUTUNG SATU","5283"
"62988","LIWUTUNG","5283"
"62989","LOBBO I","5159"
"62990","LOBBO","5159"
"62991","LOBONG","5201"
"62992","LOBU ATAS","5284"
"62993","LOBU DUA","5284"
"62994","LOBU KOTA","5284"
"62995","LOBU SATU","5284"
"62996","LOBU","5284"
"62997","LOLAH DUA","5281"
"62998","LOLAH SATU","5281"
"62999","LOLAH TIGA","5281"
"63000","LOLAH","5281"
"63001","LOLAK II","5187"
"63002","LOLAK INDUK","5187"
"63003","LOLAK TOMBOLANGO","5187"
"63004","LOLAN DUA","5143"
"63005","LOLAN","5143"
"63006","LOLANAN","5160"
"63007","LOLAYAN","5129"
"63008","LOLOMBULAN MAKASILI","5277"
"63009","LOMPAD BARU","5195"
"63010","LOMPAD","5195"
"63011","LOPANA","5274"
"63012","LOTTA","5250"
"63013","LOWATAK (LOWANTAG)","5170"
"63014","LOWIAN SATU","5206"
"63015","LOWIAN","5150"
"63016","LOWIAN","5206"
"63017","LOWU DUA","5285"
"63018","LOWU SATU","5285"
"63019","LOWU UTARA","5285"
"63020","LOYOW","5158"
"63021","LUAAN","5264"
"63022","LUMBO","5190"
"63023","LUMPIAS","5229"
"63024","LUNGKAP","5241"
"63025","LUWOO","5183"
"63026","MAASING","5205"
"63027","MADIDIR UNET","5244"
"63028","MADIDIR URE","5244"
"63029","MADIDIR WERU","5244"
"63030","MAELANG","5160"
"63031","MAEN","5233"
"63032","MAESA UNIMA","5275"
"63033","MAHAKERET BARAT","5221"
"63034","MAHAKERET TIMUR","5221"
"63035","MAHANGIANG","5154"
"63036","MAHAWU","5205"
"63037","MAHEMBANG","5267"
"63038","MAHENA","5153"
"63039","MAHENGGETANG (MAHENGETANG)","5224"
"63040","MAHUMU I","5167"
"63041","MAHUMU II","5167"
"63042","MAHUMU","5167"
"63043","MAHUNENI","5188"
"63044","MAKAARUYEN","5247"
"63045","MAKALAKUHE","5167"
"63046","MAKALEHI TIMUR","5219"
"63047","MAKALEHI UTARA","5219"
"63048","MAKALEHI","5219"
"63049","MAKALELON","5267"
"63050","MAKALISUNG","5269"
"63051","MAKALISUNG","5249"
"63052","MAKALONSOUW","5264"
"63053","MAKALU SELATAN","5193"
"63054","MAKALU","5193"
"63055","MAKASILI","5277"
"63056","MAKATARA TIMUR","5159"
"63057","MAKATARA","5159"
"63058","MAKAWIDEY","5132"
"63059","MAKOA (MEKAR SARI)","5188"
"63060","MALA TIMUR I","5144"
"63061","MALA TIMUR","5144"
"63062","MALA","5165"
"63063","MALA","5144"
"63064","MALA","5169"
"63065","MALA","5163"
"63066","MALALAYANG DUA (II)","5162"
"63067","MALALAYANG SATU (I)","5162"
"63068","MALALAYANG SATU BARAT","5162"
"63069","MALALAYANG SATU TIMUR","5162"
"63070","MALAMENGGU","5189"
"63071","MALAT UTARA","5151"
"63072","MALAT","5151"
"63073","MALENDENG","5228"
"63074","MALENOS BARU","5274"
"63075","MALIAMBAO","5135"
"63076","MALIKU SATU","5274"
"63077","MALIKU","5274"
"63078","MALISADE","5176"
"63079","MALOLA SATU","5277"
"63080","MALOLA","5277"
"63081","MALUENG","5202"
"63082","MAMAHAN BARAT","5151"
"63083","MAMAHAN","5151"
"63084","MANADO TUA DUA","5142"
"63085","MANADO TUA SATU","5142"
"63086","MANDOI","5189"
"63087","MANEMBO NEMBO ATAS","5286"
"63088","MANEMBO NEMBO BAWAH","5286"
"63089","MANEMBO NEMBO TENGAH","5286"
"63090","MANEMBO","5157"
"63091","MANEMBO","5242"
"63092","MANENTE","5153"
"63093","MANGARAN","5218"
"63094","MANGGADAA","5183"
"63095","MANGKIT","5191"
"63096","MANTEHAGE BANGO","5213"
"63097","MANTEHAGE BUHIAS","5213"
"63098","MANTEHAGE TANGKAS","5213"
"63099","MANTEHAGE TINONGKO","5213"
"63100","MANUMPITAENG","5165"
"63101","MAPANGET BARAT","5192"
"63102","MAPANGET","5273"
"63103","MARAMPIT TIMUR","5225"
"63104","MARAMPIT","5225"
"63105","MARAWAS","5255"
"63106","MARINSOW (MARINSOUW)","5233"
"63107","MARIRI BARU","5239"
"63108","MARIRI DUA (II)","5239"
"63109","MARIRI LAMA","5239"
"63110","MARIRI SATU (I)","5239"
"63111","MARIRIK","5217"
"63112","MARORE","5268"
"63113","MASARANG","5287"
"63114","MATABULU TIMUR","5158"
"63115","MATABULU","5158"
"63116","MATAHIT","5288"
"63117","MATAINDO","5130"
"63118","MATALI BARU","5129"
"63119","MATALI","5272"
"63120","MATANDOI (MOTANDOI)","5227"
"63121","MATANI DUA","5253"
"63122","MATANI SATU","5253"
"63123","MATANI SATU","5280"
"63124","MATANI TIGA","5253"
"63125","MATANI","5280"
"63126","MATAYANGAN","5231"
"63127","MATOLE","5169"
"63128","MATUNGKAS","5229"
"63129","MATUTUANG","5268"
"63130","MAULIT","5283"
"63131","MAUMBI","5235"
"63132","MAUMBI","5248"
"63133","MAWALI","5180"
"63134","MAWIRA","5186"
"63135","MEKARUO","5231"
"63136","MELONGUANE TIMUR","5144"
"63137","MELONGUANE","5144"
"63138","MENGGAWA II","5167"
"63139","MENGGAWA","5167"
"63140","MENGKANG","5129"
"63141","MERAS","5164"
"63142","MEYAMBANGA","5183"
"63143","MIANGAS","5289"
"63144","MILANGODAA BARAT","5183"
"63145","MILANGODAA","5183"
"63146","MINAESA","5213"
"63147","MINANGA DUA","5193"
"63148","MINANGA SATU","5193"
"63149","MINANGA TIGA","5193"
"63150","MINANGA TIMUR","5193"
"63151","MINANGA","5182"
"63152","MINANGA","5193"
"63153","MINANGA","5190"
"63154","MINI","5179"
"63155","MIULU","5202"
"63156","MOADE","5163"
"63157","MOAT (MOOAT)","5161"
"63158","MOBUYA","5242"
"63159","MODAYAG II","5161"
"63160","MODAYAG III","5161"
"63161","MODAYAG","5161"
"63162","MODISI","5227"
"63163","MODOMANG","5146"
"63164","MOGOLAING","5238"
"63165","MOGOYUNGGUNG DUA","5146"
"63166","MOGOYUNGGUNG SATU","5146"
"63167","MOGOYUNGGUNG","5146"
"63168","MOHONGSAWANG","5266"
"63169","MOHONSAWANG","5154"
"63170","MOKITOMPIA","5161"
"63171","MOKOBANG","5247"
"63172","MOKODITEK (MOOKODITEK)","5200"
"63173","MOKODITEK I (MOOKODITEK I)","5200"
"63174","MOKUPA","5209"
"63175","MOKUSATO","5149"
"63176","MOLAS","5164"
"63177","MOLIBAGU","5166"
"63178","MOLINOW","5238"
"63179","MOLINOW","5211"
"63180","MOLOBOG BARAT","5158"
"63181","MOLOBOG TIMUR","5158"
"63182","MOLOBOG","5158"
"63183","MOLOMPAR ATAS","5236"
"63184","MOLOMPAR DUA SELATAN","5236"
"63185","MOLOMPAR DUA UTARA","5236"
"63186","MOLOMPAR DUA","5236"
"63187","MOLOMPAR SATU","5236"
"63188","MOLOMPAR TIMUR","5191"
"63189","MOLOMPAR UTARA","5191"
"63190","MOLOMPAR","5191"
"63191","MOLOMPAR","5236"
"63192","MOMALIA I","5183"
"63193","MOMALIA II","5183"
"63194","MOME","5182"
"63195","MONDATONG BARU","5239"
"63196","MONDATONG","5239"
"63197","MONGKOINIT","5187"
"63198","MONGKONAI BARAT","5238"
"63199","MONGKONAI","5238"
"63200","MONGONDOW","5223"
"63201","MONOMPIA","5149"
"63202","MOONOW","5172"
"63203","MOPAIT","5129"
"63204","MOPOLO","5195"
"63205","MOPUGAD SELATAN SATU","5232"
"63206","MOPUGAD SELATAN","5232"
"63207","MOPUGAD UTARA DUA","5232"
"63208","MOPUGAD UTARA SATU","5232"
"63209","MOPUGAD UTARA","5232"
"63210","MOPUSI","5129"
"63211","MOPUYA SELATAN DUA","5232"
"63212","MOPUYA SELATAN SATU","5232"
"63213","MOPUYA SELATAN","5232"
"63214","MOPUYA UTARA DUA","5232"
"63215","MOPUYA UTARA SATU","5232"
"63216","MOPUYA UTARA","5232"
"63217","MOREAH SATU","5175"
"63218","MOREAH","5175"
"63219","MORONGE I","5290"
"63220","MORONGE II","5290"
"63221","MORONGE SELATAN I","5290"
"63222","MORONGE SELATAN II","5290"
"63223","MORONGE SELATAN","5290"
"63224","MORONGE","5290"
"63225","MOTABANG","5187"
"63226","MOTOBOI BESAR","5272"
"63227","MOTOBOI KECIL","5223"
"63228","MOTOLING DUA","5279"
"63229","MOTOLING MAWALE","5279"
"63230","MOTOLING SATU","5279"
"63231","MOTOLING","5279"
"63232","MOTONGKAD SELATAN","5158"
"63233","MOTONGKAD TENGAH","5158"
"63234","MOTONGKAD UTARA","5158"
"63235","MOTONGKAD","5158"
"63236","MOTOTABIAN","5220"
"63237","MOTOTOMPIAN","5161"
"63238","MOTTO","5180"
"63239","MOYAG","5272"
"63240","MOYONGKOTA BARU","5172"
"63241","MOYONGKOTA","5172"
"63242","MUBUNE","5135"
"63243","MULENGAN (MULENGEN)","5154"
"63244","MUNDUNG SATU","5236"
"63245","MUNDUNG","5236"
"63246","MUNTE","5135"
"63247","MUNTE","5280"
"63248","MUNTOI INDUK (MUNTOY)","5201"
"63249","MUNTOI TIMUR","5201"
"63250","MUSI I","5141"
"63251","MUSI","5282"
"63252","NAGARA","5200"
"63253","NAGHA I (SATU)","5167"
"63254","NAGHA II (DUA)","5167"
"63255","NAHA (NAHASAHABE)","5163"
"63256","NAHA I","5163"
"63257","NAHEPESE","5165"
"63258","NAIN SATU","5213"
"63259","NAIN TATAMPI","5213"
"63260","NAIN","5213"
"63261","NAMENG","5179"
"63262","NANASI TIMUR","5239"
"63263","NANASI","5239"
"63264","NANEDAKELE","5215"
"63265","NANUSA","5215"
"63266","NATAAN","5285"
"63267","NGALIPAENG DUA (II)","5186"
"63268","NGALIPAENG SATU (I)","5186"
"63269","NIAMPAK UTARA","5288"
"63270","NIAMPAK","5288"
"63271","NONAPAN BARU","5239"
"63272","NONAPAN DUA","5239"
"63273","NONAPAN SATU","5239"
"63274","NONAPAN","5239"
"63275","NOONGAN I","5150"
"63276","NOONGAN II","5150"
"63277","NOONGAN III","5150"
"63278","NUANGAN BARAT","5158"
"63279","NUANGAN I","5158"
"63280","NUANGAN SELATAN","5158"
"63281","NUANGAN","5158"
"63282","NUNU UTARA","5140"
"63283","NUNU","5140"
"63284","NUNUK","5241"
"63285","NUNUKAN","5200"
"63286","NUSA","5215"
"63287","NUSU","5180"
"63288","OLLOT I","5207"
"63289","OLLOT II","5207"
"63290","OLLOT","5207"
"63291","ONDONG","5219"
"63292","ONGGUNOI","5227"
"63293","ONGKAW DUA","5131"
"63294","ONGKAW SATU","5131"
"63295","OSION","5208"
"63296","OTAM BARAT","5201"
"63297","OTAM","5201"
"63298","PAAL DUA","5228"
"63299","PAAL IV","5173"
"63300","PACEDA","5244"
"63301","PADANG BARAT","5182"
"63302","PADANG","5182"
"63303","PADANGO","5177"
"63304","PAHALETEN","5267"
"63305","PAHEPA","5169"
"63306","PAHIAMA","5154"
"63307","PAKADOODAN","5203"
"63308","PAKOWA","5222"
"63309","PAKU SELATAN","5207"
"63310","PAKU","5207"
"63311","PAKUURE DUA","5211"
"63312","PAKUURE KINAMANG","5211"
"63313","PAKUURE SATU","5211"
"63314","PAKUURE TIGA","5211"
"63315","PAKUURE TINANIAN","5211"
"63316","PAKUURE","5211"
"63317","PAKUWERU UTARA","5211"
"63318","PAKUWERU","5211"
"63319","PALAES","5135"
"63320","PALAHANAENG","5202"
"63321","PALAMBA","5157"
"63322","PALARENG","5189"
"63323","PALELON","5247"
"63324","PAMPALU (PAPMPALU)","5288"
"63325","PANANARU","5167"
"63326","PANANEKENG","5138"
"63327","PANASEN","5216"
"63328","PANCURAN","5184"
"63329","PANDU","5164"
"63330","PANGERAN","5218"
"63331","PANGI TIMU","5160"
"63332","PANGI","5160"
"63333","PANGIA","5166"
"63334","PANGIAN BARAT","5242"
"63335","PANGIAN TENGAH","5242"
"63336","PANGIAN","5242"
"63337","PANGIROLONG","5169"
"63338","PANGKUSA","5149"
"63339","PANGOLOMBIAN","5254"
"63340","PANGU DUA","5291"
"63341","PANGU SATU","5291"
"63342","PANGU","5291"
"63343","PANIKI ATAS","5273"
"63344","PANIKI BARU","5229"
"63345","PANIKI BARU","5273"
"63346","PANIKI BAWAH","5192"
"63347","PANIKI DUA","5192"
"63348","PANIKI SATU","5192"
"63349","PANIKI","5219"
"63350","PANNULAN","5218"
"63351","PANTUGE (PATUGE)","5218"
"63352","PANTUGE TIMUR (PATUGE TIMUR)","5218"
"63353","PAPAKELAN","5264"
"63354","PAPUSUNGAN","5184"
"63355","PAPUTUNGAN","5135"
"63356","PARA I","5224"
"63357","PARA","5224"
"63358","PARANGEN","5140"
"63359","PARENTEK","5156"
"63360","PAREPEI (PAREPEY)","5245"
"63361","PARET TIMUR","5214"
"63362","PARET","5214"
"63363","PASENG","5219"
"63364","PASIR PUTIH","5160"
"63365","PASIRPANJANG","5184"
"63366","PASLATEH (PASLATEN)","5150"
"63367","PASLATEN DUA","5276"
"63368","PASLATEN SATU","5155"
"63369","PASLATEN SATU","5276"
"63370","PASLATEN","5267"
"63371","PASLATEN","5243"
"63372","PASLATEN","5178"
"63373","PASLATEN","5245"
"63374","PASLATEN","5155"
"63375","PASSI 1","5201"
"63376","PASSI 2","5201"
"63377","PASSO (PASO)","5216"
"63378","PATETEN TIGA","5203"
"63379","PATOKAAN","5273"
"63380","PAUDEAN","5184"
"63381","PEHE","5219"
"63382","PELELANGEN","5202"
"63383","PELELOAN","5275"
"63384","PELING","5219"
"63385","PELINGSAWANG","5219"
"63386","PEMPALARAENG","5266"
"63387","PENAESAAN","5292"
"63388","PERET","5137"
"63389","PERKAMIL","5228"
"63390","PETETEN DUA (II)","5132"
"63391","PETETEN SATU (I)","5132"
"63392","PETTA BARAT","5163"
"63393","PETTA SELATAN","5163"
"63394","PETTA TIMUR","5163"
"63395","PETTA","5163"
"63396","PICUAN BARU","5279"
"63397","PICUAN SATU","5261"
"63398","PICUAN","5261"
"63399","PIDUNG","5227"
"63400","PILOLAHUNGA","5183"
"63401","PIMPI","5182"
"63402","PINABETENGAN SELATAN","5292"
"63403","PINABETENGAN UTARA","5292"
"63404","PINABETENGAN","5292"
"63405","PINAESAAN","5262"
"63406","PINAESAAN","5221"
"63407","PINALING","5274"
"63408","PINAMORONGAN","5256"
"63409","PINANGUNIAN","5132"
"63410","PINAPALANGKOW (PINAPALANGKON)","5259"
"63411","PINARAS","5254"
"63412","PINASUNGKULAN UTARA","5247"
"63413","PINASUNGKULAN","5247"
"63414","PINASUNGKULAN","5152"
"63415","PINASUNGKULAN","5209"
"63416","PINDANG","5186"
"63417","PINDOL","5187"
"63418","PINDOLILI","5187"
"63419","PINEBENTENGANG","5165"
"63420","PINELENG DUA INDAH","5250"
"63421","PINELENG DUA","5250"
"63422","PINELENG SATU TIMUR","5250"
"63423","PINELENG SATU","5250"
"63424","PINENEK","5233"
"63425","PINILIH","5229"
"63426","PINOGALUMAN","5187"
"63427","PINOKALAN","5152"
"63428","PINOLANTUNGAN","5166"
"63429","PINOLOSIAN SELATAN","5241"
"63430","PINOLOSIAN","5241"
"63431","PINONOBATUAN BARAT","5146"
"63432","PINONOBATUAN","5146"
"63433","PINONOBATUAN","5172"
"63434","PINTARENG","5176"
"63435","PINTUKOTA","5180"
"63436","PISA","5196"
"63437","POIGAR DUA","5131"
"63438","POIGAR II","5239"
"63439","POIGAR III","5239"
"63440","POIGAR SATU","5131"
"63441","POIGAR","5239"
"63442","POKOL","5167"
"63443","POMBUNDAYAN (POBUNDAYAN)","5223"
"63444","POMOMAN","5239"
"63445","PONDANG","5274"
"63446","PONDOS","5234"
"63447","PONIKI","5283"
"63448","PONOMPIAN","5220"
"63449","PONOSAKAN BELANG","5191"
"63450","PONOSAKAN INDAH","5191"
"63451","PONTAK SATU","5195"
"63452","PONTAK","5198"
"63453","PONTAK","5195"
"63454","PONTO","5213"
"63455","PONTODON","5197"
"63456","POOPO BARAT","5242"
"63457","POOPO BARAT","5195"
"63458","POOPO SELATAN","5242"
"63459","POOPO UTARA","5195"
"63460","POOPO","5242"
"63461","POOPO","5195"
"63462","POOPOH","5209"
"63463","POPARENG","5155"
"63464","POPODU","5166"
"63465","POPONTOLEN","5280"
"63466","POSILAGON","5227"
"63467","POSOKAN","5180"
"63468","POWALUTAN","5195"
"63469","POYOWA BESAR I","5223"
"63470","POYOWA BESAR II","5223"
"63471","POYOWA KECIL","5223"
"63472","POYUYANAN","5201"
"63473","PULISAN","5233"
"63474","PULUTAN SELATAN","5226"
"63475","PULUTAN UTARA","5226"
"63476","PULUTAN","5226"
"63477","PULUTAN","5245"
"63478","PUMPENTE","5154"
"63479","PUNGKOL","5155"
"63480","PURWOREJO TENGAH","5161"
"63481","PURWOREJO TIMUR","5161"
"63482","PURWOREJO","5161"
"63483","PUSIAN","5220"
"63484","PUSUNGE","5163"
"63485","RAANAN BARU DUA","5270"
"63486","RAANAN BARU SATU","5270"
"63487","RAANAN BARU","5270"
"63488","RAANAN LAMA","5279"
"63489","RADEY","5211"
"63490","RAE SELATAN","5159"
"63491","RAE","5159"
"63492","RAINIS BARU PENGA","5140"
"63493","RAINIS","5140"
"63494","RAKU","5163"
"63495","RAMBUNAN AMIAN","5265"
"63496","RAMBUNAN","5265"
"63497","RANOAKO","5170"
"63498","RANOKETANG ATAS SATU","5284"
"63499","RANOKETANG ATAS","5284"
"63500","RANOKETANG TUA","5204"
"63501","RANOLAMBOT","5257"
"63502","RANOMEA","5274"
"63503","RANOMERUT","5235"
"63504","RANOMUT","5228"
"63505","RANOTANA WERU","5222"
"63506","RANOTANA","5293"
"63507","RANOTONGKOR TIMUR","5281"
"63508","RANOTONGKOR","5281"
"63509","RANOWANGKO DUA","5249"
"63510","RANOWANGKO","5209"
"63511","RANOWANGKO","5264"
"63512","RANOYAPO (RANOIAPO)","5195"
"63513","RANOYAPO","5204"
"63514","RAP-RAP","5136"
"63515","RAP-RAP","5155"
"63516","RARAATEAN","5262"
"63517","RARANGE","5218"
"63518","RARANON","5150"
"63519","RARINGIS SELATAN","5150"
"63520","RARINGIS UTARA","5150"
"63521","RARINGIS","5150"
"63522","RASI SATU","5285"
"63523","RASI","5285"
"63524","RATATOTOK DUA","5175"
"63525","RATATOTOK MUARA","5175"
"63526","RATATOTOK SATU","5175"
"63527","RATATOTOK SELATAN","5175"
"63528","RATATOTOK TENGAH","5175"
"63529","RATATOTOK TENGGARA","5175"
"63530","RATATOTOK TIMUR","5175"
"63531","RATATOTOK UTARA","5175"
"63532","RATATOTOK","5175"
"63533","RENDINGAN","5202"
"63534","RERER I","5249"
"63535","RERER","5249"
"63536","REREWOKAN","5287"
"63537","RESETLEMEN","5233"
"63538","RINEGETAN","5287"
"63539","RINONDOR","5267"
"63540","RINONDORAN","5233"
"63541","RITEY","5274"
"63542","RIUNG UTARA","5147"
"63543","RIUNG","5147"
"63544","ROMOONG ATAS DUA","5256"
"63545","ROMOONG ATAS","5256"
"63546","ROONG","5287"
"63547","RUMBIA","5157"
"63548","RUMENGKOR DUA","5252"
"63549","RUMENGKOR SATU","5252"
"63550","RUMENGKOR","5252"
"63551","RUMONG BARAT","5234"
"63552","RUMOONG BAWAH","5234"
"63553","RURUKAN SATU","5276"
"63554","RURUKAN","5276"
"63555","RUSOH (RUSSOH / RUSO)","5288"
"63556","SAGERAT WERU DUA (II)","5286"
"63557","SAGERAT WERU SATU (I)","5286"
"63558","SAGERAT","5286"
"63559","SAIBUAH","5183"
"63560","SAKTI","5183"
"63561","SALEO SATU","5200"
"63562","SALEO","5200"
"63563","SALIBABU UTARA","5168"
"63564","SALIBABU","5168"
"63565","SALILI","5194"
"63566","SALONGO","5166"
"63567","SALURANG","5134"
"63568","SAMBUARA SATU","5145"
"63569","SAMBUARA","5145"
"63570","SAMPAKANG","5176"
"63571","SAMPIRI","5136"
"63572","SAMPIRO","5149"
"63573","SANDANGAN SATU","5265"
"63574","SANGKUB TIMUR","5149"
"63575","SANGKUP I (SANGKUB I)","5149"
"63576","SANGKUP II (SANGKUB II)","5149"
"63577","SANGKUP III (SANGKUB III)","5149"
"63578","SANGLUP EMPAT","5149"
"63579","SANGTOMBOLANG","5149"
"63580","SANTIAGO","5153"
"63581","SAPA BARAT","5211"
"63582","SAPA TIMUR","5211"
"63583","SAPA","5211"
"63584","SARANI MATANI","5209"
"63585","SARAWET (SERAWET)","5233"
"63586","SARIO KOTA BARU","5293"
"63587","SARIO TUMPAAN","5293"
"63588","SARIO UTARA","5293"
"63589","SARIO","5293"
"63590","SARONGSONG DUA","5136"
"63591","SARONGSONG SATU","5136"
"63592","SASARAN","5255"
"63593","SAUK","5187"
"63594","SAWANG BENDAR","5153"
"63595","SAWANG UTARA","5144"
"63596","SAWANG","5144"
"63597","SAWANG","5169"
"63598","SAWANGAN","5136"
"63599","SAWANGAN","5249"
"63600","SAWANGAN","5265"
"63601","SAWANGAN","5252"
"63602","SEA I","5250"
"63603","SEA II","5250"
"63604","SEA MITRA","5250"
"63605","SEA TUMPENGAN","5250"
"63606","SEA","5250"
"63607","SENDANGAN SELATAN","5258"
"63608","SENDANGAN TENGAH","5258"
"63609","SENDANGAN","5267"
"63610","SENDANGAN","5258"
"63611","SENDANGAN","5245"
"63612","SENDANGAN","5265"
"63613","SENDANGAN","5251"
"63614","SENDUK","5209"
"63615","SENSONG","5202"
"63616","SERASI","5220"
"63617","SEREH I","5282"
"63618","SEREH","5282"
"63619","SERETAN TIMUR","5156"
"63620","SERETAN","5156"
"63621","SEREY (SEREI)","5135"
"63622","SESIWUNG","5165"
"63623","SIA","5197"
"63624","SIDODADI","5149"
"63625","SILIAN BARAT","5294"
"63626","SILIAN DUA","5294"
"63627","SILIAN KOTA","5294"
"63628","SILIAN SATU","5294"
"63629","SILIAN SELATAN","5294"
"63630","SILIAN TENGAH","5294"
"63631","SILIAN TIGA","5294"
"63632","SILIAN TIMUR","5294"
"63633","SILIAN UTARA","5294"
"63634","SILIAN","5294"
"63635","SIMBEL","5216"
"63636","SIMUENG","5189"
"63637","SINANDAKA","5166"
"63638","SINDULANG DUA","5205"
"63639","SINDULANG SATU","5205"
"63640","SINGKIL DUA","5260"
"63641","SINGKIL SATU","5260"
"63642","SININDIAN","5272"
"63643","SINISIR","5247"
"63644","SINIYUNG SATU","5220"
"63645","SINIYUNG","5220"
"63646","SINOMBAYUGA","5183"
"63647","SINSINGON BARAT","5242"
"63648","SINSINGON TIMUR","5242"
"63649","SINSINGON","5242"
"63650","SINUIAN","5245"
"63651","SION","5262"
"63652","SOATALOARA I","5153"
"63653","SOATALOARA II","5153"
"63654","SOGUO","5166"
"63655","SOLIGIR","5198"
"63656","SOLIMANDUNGAN BARU","5171"
"63657","SOLIMANDUNGAN DUA","5171"
"63658","SOLIMANDUNGAN SATU","5171"
"63659","SOLO","5198"
"63660","SOLOG","5187"
"63661","SONDAKEN","5155"
"63662","SONDANA","5166"
"63663","SONUO","5207"
"63664","SOPUTA","5166"
"63665","SOWAENG (MAWIRA)","5186"
"63666","SOYOWAN","5175"
"63667","SUHUYON","5170"
"63668","SUKA MAKMUR","5149"
"63669","SUKUR","5136"
"63670","SULU","5155"
"63671","SULUAN","5252"
"63672","SULUUN DUA","5259"
"63673","SULUUN EMPAT","5259"
"63674","SULUUN SATU","5259"
"63675","SULUUN TIGA","5259"
"63676","SUMALANGKA","5255"
"63677","SUMARAYAR","5148"
"63678","SUMBER REJO","5161"
"63679","SUMOMPO","5205"
"63680","SUWAAN","5248"
"63681","TAAS","5173"
"63682","TABABO SELATAN","5191"
"63683","TABABO","5191"
"63684","TABANG BARAT","5140"
"63685","TABANG","5223"
"63686","TABANG","5140"
"63687","TABILAA","5166"
"63688","TADOY I","5143"
"63689","TADOY","5143"
"63690","TADUNA","5218"
"63691","TADUWALE","5137"
"63692","TALAGA TUMOAGU","5207"
"63693","TALAGA","5182"
"63694","TALAGA","5207"
"63695","TALAITAD UTARA","5259"
"63696","TALAITAD","5259"
"63697","TALAWAAN ATAS","5213"
"63698","TALAWAAN BANTIK","5213"
"63699","TALAWAAN","5273"
"63700","TALAWID","5266"
"63701","TALAWID","5188"
"63702","TALEKO BATUSAIKI","5224"
"63703","TALENGEN","5202"
"63704","TALER","5264"
"63705","TALETE DUA","5253"
"63706","TALETE SATU","5253"
"63707","TALIKURAN BARAT","5271"
"63708","TALIKURAN SATU","5265"
"63709","TALIKURAN UTARA","5271"
"63710","TALIKURAN","5267"
"63711","TALIKURAN","5271"
"63712","TALIKURAN","5245"
"63713","TALIKURAN","5265"
"63714","TALIKURAN","5251"
"63715","TALISE","5135"
"63716","TALOARANE I","5165"
"63717","TALOARANE","5165"
"63718","TALOLANG","5282"
"63719","TAMBALA","5209"
"63720","TAMBELANG","5206"
"63721","TAMBELANG","5170"
"63722","TAMBULONG PANTAI","5177"
"63723","TAMBULONG TIMUR","5177"
"63724","TAMBUNG","5134"
"63725","TAMPUSU","5245"
"63726","TANAH PUTIH","5135"
"63727","TANAKI","5188"
"63728","TANAMON","5131"
"63729","TANDENGAN SATU","5235"
"63730","TANDENGAN","5235"
"63731","TANDU RUSA","5132"
"63732","TANDU","5187"
"63733","TANGAGAH","5166"
"63734","TANGATON","5172"
"63735","TANGGARI","5136"
"63736","TANGKUNEY","5280"
"63737","TANJUNG BATU","5222"
"63738","TANJUNG BUAYA","5207"
"63739","TANJUNG LABOU","5200"
"63740","TANJUNG MARIRI","5239"
"63741","TANJUNG MERAH","5286"
"63742","TANJUNG SIDUPA","5177"
"63743","TANOYAN SELATAN","5129"
"63744","TANOYAN UTARA","5129"
"63745","TAPA AOG","5129"
"63746","TAPADAKA SATU  /  I","5208"
"63747","TAPADAKA TIMUR","5208"
"63748","TAPADAKA UTARA","5208"
"63749","TAPILE","5169"
"63750","TAPUANG","5181"
"63751","TARABITAN","5135"
"63752","TARAITAK SATU","5263"
"63753","TARAITAK","5263"
"63754","TARATARA DUA","5295"
"63755","TARATARA SATU","5295"
"63756","TARATARA TIGA","5295"
"63757","TARATARA","5295"
"63758","TARIANGBARU","5202"
"63759","TARIANGLAMA","5266"
"63760","TAROHAN SELATAN","5288"
"63761","TAROHAN","5288"
"63762","TAROLANG","5163"
"63763","TARORANE","5139"
"63764","TARUAN","5151"
"63765","TARUN SELATAN","5144"
"63766","TARUN","5144"
"63767","TATAARAN DUA (II)","5275"
"63768","TATAARAN PATAR","5275"
"63769","TATAARAN SATU (I)","5275"
"63770","TATAHADENG (TATEHADENG)","5139"
"63771","TATELI DUA","5133"
"63772","TATELI SATU","5133"
"63773","TATELI TIGA","5133"
"63774","TATELI WERU","5133"
"63775","TATELI","5133"
"63776","TATELU RONDOR","5229"
"63777","TATELU SATU","5229"
"63778","TATENGESAN SATU","5193"
"63779","TATENGESAN","5193"
"63780","TATURAN","5151"
"63781","TAWAANG","5211"
"63782","TAWOALI","5165"
"63783","TEEP WARISA","5273"
"63784","TEEP","5234"
"63785","TEEP","5148"
"63786","TELAP","5235"
"63787","TELING ATAS","5222"
"63788","TELING BAWAH","5221"
"63789","TELING","5209"
"63790","TEMBER","5251"
"63791","TEMBOAN","5157"
"63792","TEMBOAN","5206"
"63793","TEMPANG I","5263"
"63794","TEMPANG II","5263"
"63795","TEMPANG III","5263"
"63796","TEMPOK SELATAN","5251"
"63797","TEMPOK","5251"
"63798","TENDA","5134"
"63799","TENDEKI","5286"
"63800","TENGA","5211"
"63801","TERMAAL (TERMAL)","5135"
"63802","TERNATE BARU","5260"
"63803","TERNATE TANJUNG","5260"
"63804","TETEY","5229"
"63805","TEWAAN","5152"
"63806","TEWASEN","5234"
"63807","TIBERIAS","5239"
"63808","TIDORE","5181"
"63809","TIKALA ARES","5173"
"63810","TIKALA BARU","5173"
"63811","TIKALA KUMARAKA","5221"
"63812","TIKELA","5252"
"63813","TIMBELANG","5202"
"63814","TIMBUKAR","5265"
"63815","TIMU","5245"
"63816","TINCEP","5265"
"63817","TINGKULU","5222"
"63818","TINIWANGKO (TINIAWANGKO)","5131"
"63819","TINOOR DUA","5246"
"63820","TINOOR SATU","5246"
"63821","TINTULOW UTARA","5177"
"63822","TITIWUNGEN SELATAN","5293"
"63823","TITIWUNGEN UTARA","5293"
"63824","TIWOHO","5213"
"63825","TOBAYAGAN","5130"
"63826","TOBONGON","5161"
"63827","TOGID","5230"
"63828","TOKIN BARU","5261"
"63829","TOKIN","5261"
"63830","TOLA","5163"
"63831","TOLOK SATU","5251"
"63832","TOLOK","5251"
"63833","TOLOMBUKAN BARAT","5283"
"63834","TOLOMBUKAN SATU","5283"
"63835","TOLOMBUKAN","5283"
"63836","TOLONDADU I","5166"
"63837","TOLONDADU II","5166"
"63838","TOLONDADU","5166"
"63839","TOLOTOYON","5241"
"63840","TOLUAYA","5166"
"63841","TOLUTU","5183"
"63842","TOMBASIAN ATAS SATU","5257"
"63843","TOMBASIAN ATAS","5257"
"63844","TOMBASIAN BAWAH","5257"
"63845","TOMBATU DUA BARAT","5278"
"63846","TOMBATU DUA TENGAH","5278"
"63847","TOMBATU DUA UTARA","5278"
"63848","TOMBATU DUA","5278"
"63849","TOMBATU SATU","5196"
"63850","TOMBATU TIGA SELATAN","5196"
"63851","TOMBATU TIGA TENGAH","5278"
"63852","TOMBATU TIGA TIMUR","5196"
"63853","TOMBATU TIGA","5278"
"63854","TOMBATU","5196"
"63855","TOMBOLANGO","5149"
"63856","TOMBOLIKAT SELATAN","5230"
"63857","TOMBOLIKAT","5230"
"63858","TOMBULANG","5177"
"63859","TOMBULUAN","5252"
"63860","TOMPASO BARU DUA","5262"
"63861","TOMPASO BARU SATU","5262"
"63862","TOMPASO DUA UTARA","5292"
"63863","TOMPASO DUA","5292"
"63864","TONA I","5181"
"63865","TONA II","5181"
"63866","TONALA","5183"
"63867","TONDANGOW","5254"
"63868","TONDEGESAN I","5258"
"63869","TONDEGESAN II","5258"
"63870","TONDEGESAN","5258"
"63871","TONDEY (TONDEI)","5270"
"63872","TONDEY DUA","5270"
"63873","TONDEY SATU","5270"
"63874","TONGKEINA  /  TONGKAINA","5164"
"63875","TONOM","5146"
"63876","TONSAWANG SATU","5196"
"63877","TONSAWANG","5196"
"63878","TONSEA LAMA","5255"
"63879","TONSEWER SELATAN","5292"
"63880","TONSEWER","5292"
"63881","TONTAALETE ROK-ROK","5269"
"63882","TONTALETE","5269"
"63883","TONTULOW (TUNTULOW)","5177"
"63884","TOPE","5212"
"63885","TORAGET","5263"
"63886","TORAUT UTARA","5231"
"63887","TOROSIK","5130"
"63888","TOROUT","5262"
"63889","TORUAKAT","5220"
"63890","TOSURAYA BARAT","5285"
"63891","TOSURAYA SELATAN","5285"
"63892","TOSURAYA","5285"
"63893","TOTABUAN","5187"
"63894","TOTAUT  /  TORAUT","5231"
"63895","TOTE","5207"
"63896","TOTOLAN","5216"
"63897","TOULIANG OKI","5235"
"63898","TOULIANG","5216"
"63899","TOULIMEMBET","5267"
"63900","TOULOUR","5264"
"63901","TOUNDANOUW (TOUNDANOU)","5284"
"63902","TOUNDANOUW ATAS","5284"
"63903","TOUNDANOUW SATU","5284"
"63904","TOUNELET","5267"
"63905","TOUNELET","5150"
"63906","TOUNELET","5265"
"63907","TOUNKURAMBER","5287"
"63908","TOUNSARU","5275"
"63909","TOUNTIMOMOR","5216"
"63910","TOUURE DUA","5292"
"63911","TOUURE","5292"
"63912","TOWUNTU BARAT","5283"
"63913","TOWUNTU TIMUR","5283"
"63914","TOWUNTU","5283"
"63915","TOYOPON","5270"
"63916","TREMAN","5243"
"63917","TUABATU BARAT","5147"
"63918","TUABATU","5147"
"63919","TUDUAOG BARU","5199"
"63920","TUDUAOG","5199"
"63921","TULAP","5249"
"63922","TULE TENGAH","5210"
"63923","TULE UTARA","5210"
"63924","TULE","5210"
"63925","TULUSANG (TULUSAN)","5154"
"63926","TUMALEDE","5176"
"63927","TUMALUNTUNG","5243"
"63928","TUMALUNTUNG","5256"
"63929","TUMANI","5206"
"63930","TUMARATAS I","5150"
"63931","TUMARATAS II","5150"
"63932","TUMATANGTANG SATU","5254"
"63933","TUMATANGTANG","5254"
"63934","TUMBAK MADANI","5193"
"63935","TUMBAK","5193"
"63936","TUMBOHON","5273"
"63937","TUMINTING","5205"
"63938","TUMOKANG BARU","5232"
"63939","TUMOKANG TIMUR","5232"
"63940","TUMPAAN BARU","5280"
"63941","TUMPAAN DUA","5280"
"63942","TUMPAAN SATU","5280"
"63943","TUMPAAN","5267"
"63944","TUMPAAN","5280"
"63945","TUMUBUI  /  TOMOBUI (TUMOBUY)","5272"
"63946","TUMUMPA DUA","5205"
"63947","TUMUMPA SATU","5205"
"63948","TUNGOI I","5129"
"63949","TUNGOI II","5129"
"63950","TUNTUNG TIMUR","5177"
"63951","TUNTUNG","5177"
"63952","TUTUYAN II","5230"
"63953","TUTUYAN III","5230"
"63954","TUTUYAN","5230"
"63955","TUUTU","5287"
"63956","TUYAT","5187"
"63957","ULUINDANO","5254"
"63958","ULUNGPELIANG","5167"
"63959","UNER SATU","5258"
"63960","UNER","5271"
"63961","UPAI","5197"
"63962","URONGO","5275"
"63963","UTAURANO","5163"
"63964","UUWAN  /  UUAN","5231"
"63965","UWURAN DUA","5204"
"63966","UWURAN SATU","5204"
"63967","VAHUTA","5182"
"63968","VOA A","5182"
"63969","W O","5190"
"63970","WAILAN","5246"
"63971","WAILANG","5216"
"63972","WAKAN","5234"
"63973","WAKAT","5207"
"63974","WALANTAKAN","5263"
"63975","WALEO DUA","5269"
"63976","WALEO","5269"
"63977","WALEURE","5148"
"63978","WALEWANGKO","5150"
"63979","WALIAN DUA","5254"
"63980","WALIAN SATU","5254"
"63981","WALIAN","5254"
"63982","WANEA","5222"
"63983","WANGA AMONGENA","5261"
"63984","WANGA","5261"
"63985","WANGGA BARU","5231"
"63986","WANGGA SATU","5201"
"63987","WANGGA","5201"
"63988","WANGURER BARAT","5244"
"63989","WANGURER TIMUR","5244"
"63990","WANGURER UTARA","5244"
"63991","WANGURER","5237"
"63992","WANGURER","5178"
"63993","WAREMBUNGAN","5250"
"63994","WARISA KAMPUNG BARU","5229"
"63995","WARISA KAMPUNG BARU","5273"
"63996","WARISA","5273"
"63997","WARUKAPAS","5229"
"63998","WASIAN","5229"
"63999","WASIAN","5216"
"64000","WATUDAMBO DUA","5243"
