"id","nama_desa","kecamatan_id"
"32001","BUARAN","2733"
"32002","BUARAN","2824"
"32003","BUAYAN","2582"
"32004","BUBAK","2947"
"32005","BUBAKAN","2983"
"32006","BUBAKAN","2984"
"32007","BUBUTAN","2793"
"32008","BUCU","2696"
"32009","BUGANGAN","2985"
"32010","BUGANGAN / BUNGANGAN","2597"
"32011","BUGANGIN","2695"
"32012","BUGEL","2652"
"32013","BUGEL","2608"
"32014","BUGEL","2986"
"32015","BUGEL","2667"
"32016","BUGEL","2945"
"32017","BUGELAN","2987"
"32018","BUGISAN","2971"
"32019","BUGO","2975"
"32020","BUKATEJA","2678"
"32021","BUKATEJA","2661"
"32022","BUKO","2642"
"32023","BUKUR","2640"
"32024","BUKURAN","2710"
"32025","BULAK PELEM","2988"
"32026","BULAK","2989"
"32027","BULAKAMBA","2759"
"32028","BULAKAN","2646"
"32029","BULAKAN","2798"
"32030","BULAKBARU","2986"
"32031","BULAKELOR","2840"
"32032","BULAKPACING","2946"
"32033","BULAKPAREN","2759"
"32034","BULAKREJO","2798"
"32035","BULAKSARI","2803"
"32036","BULAKSARI","2988"
"32037","BULAKWARU","2978"
"32038","BULAN","2658"
"32039","BULAN","2907"
"32040","BULOH","2662"
"32041","BULU LOR","2721"
"32042","BULU","2705"
"32043","BULU","2990"
"32044","BULU","2991"
"32045","BULU","2799"
"32046","BULU","2724"
"32047","BULU","2992"
"32048","BULU","2667"
"32049","BULUGEDE","2763"
"32050","BULUKERTO","2993"
"32051","BULUMANIS KIDUL","2994"
"32052","BULUMANIS LOR","2994"
"32053","BULUMULYO","2858"
"32054","BULUNG KULON","2995"
"32055","BULUNGAN","2996"
"32056","BULUNGAN","2894"
"32057","BULUNGCANGKRING","2995"
"32058","BULUPAYUNG","2997"
"32059","BULUPAYUNG","2998"
"32060","BULUREJO","2615"
"32061","BULUREJO","2993"
"32062","BULUREJO","2999"
"32063","BULUREJO","3000"
"32064","BULUREJO","2960"
"32065","BULUREJO","2783"
"32066","BULUREJO","2877"
"32067","BULUROTO","2643"
"32068","BULUS","2896"
"32069","BULUSAN","2628"
"32070","BULUSAN","3001"
"32071","BULUSARI","2759"
"32072","BULUSARI","3002"
"32073","BULUSARI","2794"
"32074","BULUSARI","3003"
"32075","BULUSPESANTREN","2595"
"32076","BULUSTALAN","2844"
"32077","BULUSULUR","3004"
"32078","BUMEN","3005"
"32079","BUMI","3006"
"32080","BUMIAGUNG","3007"
"32081","BUMIAJI","3008"
"32082","BUMIAYU","2578"
"32083","BUMIAYU","2704"
"32084","BUMIAYU","2658"
"32085","BUMIAYU","2757"
"32086","BUMIAYU","3009"
"32087","BUMIHARJA","2978"
"32088","BUMIHARJO","2923"
"32089","BUMIHARJO","2999"
"32090","BUMIHARJO","2670"
"32091","BUMIHARJO","3010"
"32092","BUMIHARJO","2689"
"32093","BUMIHARJO","2893"
"32094","BUMIHARJO","2877"
"32095","BUMIHARJO","2942"
"32096","BUMIJAWA","2851"
"32097","BUMIMULYO","2858"
"32098","BUMIREJA","2762"
"32099","BUMIREJO","2586"
"32100","BUMIREJO","2576"
"32101","BUMIREJO","2972"
"32102","BUMIREJO","2568"
"32103","BUMIREJO","2649"
"32104","BUMIREJO","2607"
"32105","BUMIREJO","2596"
"32106","BUMIREJO","2890"
"32107","BUMIREJO","2617"
"32108","BUMIREJO","2599"
"32109","BUMIRESO","2961"
"32110","BUMIROSO","2819"
"32111","BUMISARI","2768"
"32112","BUMITIRTO","2583"
"32113","BUNDERAN","2967"
"32114","BUNGASREJO","3011"
"32115","BUNGKANEL","2780"
"32116","BUNGO","2642"
"32117","BUNGU","2733"
"32118","BUNIAYU","3012"
"32119","BUNIWAH","2852"
"32120","BUNIWAH","2861"
"32121","BUNTALAN","2838"
"32122","BUNTAR","3013"
"32123","BUNTON","2574"
"32124","BUNTU","3014"
"32125","BUNTU","2625"
"32126","BURAN","3015"
"32127","BURAT","2904"
"32128","BURIKAN","2676"
"32129","BURIKAN","2839"
"32130","BUTUH KIDUL","2968"
"32131","BUTUH","2605"
"32132","BUTUH","2968"
"32133","BUTUH","2970"
"32134","BUTUH","2826"
"32135","BUTUH","2833"
"32136","BUTUH","2843"
"32137","BUTUHAN","2707"
"32138","CABAK","2755"
"32139","CABAK","3016"
"32140","CABAWAN","3017"
"32141","CABEAN KUNTI","2672"
"32142","CABEAN","2990"
"32143","CABEAN","2754"
"32144","CABEAN","2956"
"32145","CABEYAN (CABEAN)","2699"
"32146","CABEYAN","2895"
"32147","CABLIKAN","2572"
"32148","CACABAN KIDUL","2903"
"32149","CACABAN LOR","2903"
"32150","CACABAN","3018"
"32151","CACABAN","2823"
"32152","CAMPAKOAH","2926"
"32153","CAMPURANOM","2692"
"32154","CAMPUREJO","2776"
"32155","CAMPUREJO","2902"
"32156","CAMPURSALAM","2657"
"32157","CAMPURSARI","2799"
"32158","CAMPURSARI","3014"
"32159","CAMPURSARI","2792"
"32160","CANAN","2928"
"32161","CANDEN","2629"
"32162","CANDI REJO","3019"
"32163","CANDI WULAN","2569"
"32164","CANDI","2814"
"32165","CANDI","2719"
"32166","CANDI","2738"
"32167","CANDI","3020"
"32168","CANDI","3021"
"32169","CANDI","2624"
"32170","CANDI","2583"
"32171","CANDI","2870"
"32172","CANDIARENG","2797"
"32173","CANDIGARON","3005"
"32174","CANDIGATAK","2672"
"32175","CANDIGUGUR","2863"
"32176","CANDIMULYA","2740"
"32177","CANDIMULYO","2848"
"32178","CANDIMULYO","2568"
"32179","CANDIMULYO","2767"
"32180","CANDIMULYO","2952"
"32181","CANDINATA","3022"
"32182","CANDINEGARA","2771"
"32183","CANDINGASINAN","2659"
"32184","CANDIREJO","2863"
"32185","CANDIREJO","2923"
"32186","CANDIREJO","2607"
"32187","CANDIREJO","3023"
"32188","CANDIREJO","3024"
"32189","CANDIREJO","2722"
"32190","CANDIRENGGO","2615"
"32191","CANDIRETNO","3025"
"32192","CANDIROTO","2809"
"32193","CANDIROTO","2695"
"32194","CANDISARI","2814"
"32195","CANDISARI","2692"
"32196","CANDISARI","2659"
"32197","CANDISARI","2744"
"32198","CANDISARI","3026"
"32199","CANDISARI","3025"
"32200","CANDISARI","2691"
"32201","CANDISARI","2693"
"32202","CANDIWULAN","2568"
"32203","CANDIWULAN","3022"
"32204","CANDIWULAN","2796"
"32205","CANDIYASAN","2767"
"32206","CANDUK","2920"
"32207","CANGAK","2632"
"32208","CANGAKAN","2875"
"32209","CANGGAL","2809"
"32210","CANGGAL","2859"
"32211","CANGKIRAN","2984"
"32212","CANGKOL","2886"
"32213","CANGKOL","3027"
"32214","CANGKREP KIDUL","2682"
"32215","CANGKREP LOR","2682"
"32216","CANGKRING REMBANG","2743"
"32217","CANGKRING","2964"
"32218","CANGKRING","2743"
"32219","CANGKRING","3028"
"32220","CANGKRING","2908"
"32221","CANGKRING","3029"
"32222","CANGKRINGAN","2749"
"32223","CAPAR","2614"
"32224","CAPAR","2769"
"32225","CARIKAN","2960"
"32226","CARUBAN","2569"
"32227","CARUBAN","2683"
"32228","CARUBAN","3030"
"32229","CARUL","2851"
"32230","CARUY","3031"
"32231","CATUR","2629"
"32232","CATURANOM","2657"
"32233","CAWAN","2739"
"32234","CAWAS","2676"
"32235","CAWET","2948"
"32236","CAWITALI","2851"
"32237","CEBOLEK KIDUL","2994"
"32238","CEBONGAN","3032"
"32239","CEKEL","3033"
"32240","CELEP","2900"
"32241","CELEP","2835"
"32242","CEMANI","2709"
"32243","CEMENG","2712"
"32244","CEMORO","3034"
"32245","CEMPAKA","2851"
"32246","CEMPERENG","2666"
"32247","CENANG","3035"
"32248","CENDANA","2602"
"32249","CENDANA","3022"
"32250","CENDONO","3036"
"32251","CENGGINI","2678"
"32252","CENGKALSEWU","2680"
"32253","CENGKAWAKREJO","2659"
"32254","CENING","2823"
"32255","CEPAGAN","2797"
"32256","CEPEDAK","2939"
"32257","CEPER","3037"
"32258","CEPIRING","2966"
"32259","CEPOGO","2672"
"32260","CEPOGO","2696"
"32261","CEPOKO","3038"
"32262","CEPOKO","3039"
"32263","CEPOKOKUNING","3040"
"32264","CEPOKOMULYO","3041"
"32265","CEPOKOSAWIT","2898"
"32266","CEPORAN","2856"
"32267","CEPU","2699"
"32268","CERIH","2614"
"32269","CERME","3042"
"32270","CERMO","2629"
"32271","CETAN","3037"
"32272","CIAMPEL","3043"
"32273","CIAWI","2747"
"32274","CIBALUNG","2802"
"32275","CIBANGKONG","2771"
"32276","CIBELOK","2619"
"32277","CIBENDUNG","2747"
"32278","CIBENTANG","2750"
"32279","CIBEREM","2786"
"32280","CIBERUNG","2587"
"32281","CIBEUNYING","2905"
"32282","CIBIYUK","2601"
"32283","CIBUNAR","2678"
"32284","CIBUNIWANGI","2747"
"32285","CIBUYUR","3044"
"32286","CIDADAP","2635"
"32287","CIDORA","2920"
"32288","CIDUWET","2840"
"32289","CIGADUNG","2747"
"32290","CIGEDOG","3043"
"32291","CIGINTUNG","2571"
"32292","CIHAUR","2747"
"32293","CIHONJE","3045"
"32294","CIJATI","2802"
"32295","CIJERUK","2927"
"32296","CIKADU","2948"
"32297","CIKAKAK","2747"
"32298","CIKAKAK","2808"
"32299","CIKANDANG","3043"
"32300","CIKAWUNG","2771"
"32301","CIKEDONDONG","2803"
"32302","CIKEMBULAN","2771"
"32303","CIKENDUNG","2860"
"32304","CIKEUSAL KIDUL","2840"
"32305","CIKEUSAL LOR","2840"
"32306","CIKIDANG","2850"
"32307","CIKLAPA","2762"
"32308","CIKURA","2852"
"32309","CIKUYA","2747"
"32310","CILACAP","3046"
"32311","CILANGKAP","3045"
"32312","CILAPAR","2613"
"32313","CILEMPUYANG","2802"
"32314","CILIBANG","2977"
"32315","CILIBUR","3047"
"32316","CILONGKRANG","2571"
"32317","CILONGOK","2678"
"32318","CILONGOK","2850"
"32319","CILOPADANG","2905"
"32320","CILUMPING","2927"
"32321","CIMANGGU","2802"
"32322","CIMOHONG","2759"
"32323","CIMRUTU","2998"
"32324","CIMUNDING","2747"
"32325","CINANAS","2750"
"32326","CINANGSI","3002"
"32327","CINDAGA","2579"
"32328","CINGEBUL","2920"
"32329","CINGKRONG","3026"
"32330","CINTAMANIK","2851"
"32331","CINYAWANG","2998"
"32332","CIOMAS","2750"
"32333","CIPAJANG","2747"
"32334","CIPAKU","2926"
"32335","CIPARI","3031"
"32336","CIPAWON","2661"
"32337","CIPELEM","2759"
"32338","CIPETE","2850"
"32339","CIPETUNG","3047"
"32340","CIPOROS","2635"
"32341","CIPUTIH","2769"
"32342","CIRAHAB","2920"
"32343","CIRUYUNG","2635"
"32344","CISALAK","2802"
"32345","CISEUREUH","2840"
"32346","CISUMUR","3002"
"32347","CISURU","3031"
"32348","CITEMBONG","2803"
"32349","CITEPUS","2977"
"32350","CITIMBANG","2769"
"32351","CITROSONO","2681"
"32352","CIWALEN","2927"
"32353","CIWUNI","2997"
"32354","CLAPAR","2652"
"32355","CLAPAR","2925"
"32356","CLAPAR","2805"
"32357","CLAPAR","2573"
"32358","CLEDOK","2899"
"32359","CLEKATAKAN","2860"
"32360","CLERING","2741"
"32361","CLUNTANG","3048"
"32362","CLUWUK","2573"
"32363","COKRO","2864"
"32364","COKRO","2681"
"32365","COKRO","2882"
"32366","COKROWATI","2870"
"32367","COKROYASAN","2624"
"32368","COLO","3036"
"32369","COMBONGAN","2798"
"32370","CONDONG CAMPUR","2880"
"32371","CONDONG","2567"
"32372","CONDONGCAMPUR","3049"
"32373","CONDONGSARI","2659"
"32374","CONGKRANG","2788"
"32375","CONGKRANG","2570"
"32376","CONTO","2993"
"32377","COPRAYAN","2936"
"32378","CRANGGANG","3036"
"32379","CREWEK","2654"
"32380","CRIWIK","2832"
"32381","CUCUKAN","2971"
"32382","CUKIL","2843"
"32383","CUKILAN","2876"
"32384","CUNGKUP","2662"
"32385","CURUG","2624"
"32386","CURUG","2677"
"32387","CURUG","3029"
"32388","CURUG","3050"
"32389","CURUGMUNCAR","3051"
"32390","CURUGSEWU","3052"
"32391","CURUT","2959"
"32392","DADAPAN","2952"
"32393","DADAPAYAM","2876"
"32394","DADAPMULYO","2639"
"32395","DADAPSARI","2721"
"32396","DADIREJO","2652"
"32397","DADIREJO","2649"
"32398","DADIREJO","3050"
"32399","DAGAN","2789"
"32400","DAGEN","2982"
"32401","DALANGAN","3053"
"32402","DALANGAN","2870"
"32403","DALANGAN","2882"
"32404","DALEMAN KIDUL","2828"
"32405","DALEMAN","2835"
"32406","DALEMAN","2882"
"32407","DAMARAN","2839"
"32408","DAMARJATI","2665"
"32409","DAMARJATI","2980"
"32410","DAMARKASIAN","2767"
"32411","DAMARSARI","2966"
"32412","DAMARWULAN","3010"
"32413","DAMPIT","2693"
"32414","DAMPYAK","2637"
"32415","DANAKERTA","2647"
"32416","DANARAJA","2924"
"32417","DANARAJA","3054"
"32418","DANARAJA","3055"
"32419","DANAREJA","2678"
"32420","DANASARI","2852"
"32421","DANASARI","3056"
"32422","DANASARI","2782"
"32423","DANASRI KIDUL","2775"
"32424","DANASRI LOR","2775"
"32425","DANASRI","2775"
"32426","DANAWARIH","2678"
"32427","DANGKEL","2657"
"32428","DANGURAN","3057"
"32429","DANUKUSUMAN","3058"
"32430","DANUPAYAN","2799"
"32431","DANUREJO","2740"
"32432","DANUREJO","2783"
"32433","DANYANG","3026"
"32434","DANYANGMULYO","2942"
"32435","DAPURNO","3059"
"32436","DAREN","2847"
"32437","DARI","3027"
"32438","DARMA","2567"
"32439","DARMAKRADENAN","2587"
"32440","DARMAYASA","2880"
"32441","DASEH","2828"
"32442","DASUN","2631"
"32443","DATAR","2927"
"32444","DATAR","2733"
"32445","DATAR","2786"
"32446","DATAR","3044"
"32447","DAWUHAN KULON","2845"
"32448","DAWUHAN WETAN","2845"
"32449","DAWUHAN","2924"
"32450","DAWUHAN","2805"
"32451","DAWUHAN","2954"
"32452","DAWUHAN","2861"
"32453","DAWUHAN","2908"
"32454","DAWUHAN","2700"
"32455","DAWUNG","2830"
"32456","DAWUNG","3060"
"32457","DAWUNG","2941"
"32458","DAWUNG","2827"
"32459","DAWUNGAN","2964"
"32460","DAWUNGAN","3061"
"32461","DAWUNGSARI","3062"
"32462","DAYEUHLUHUR","2927"
"32463","DAYU","3000"
"32464","DAYU","2760"
"32465","DEBONG KIDUL","2736"
"32466","DEBONG KULON","2736"
"32467","DEBONG LOR","3063"
"32468","DEBONG TENGAH","2736"
"32469","DEBONG WETAN","2723"
"32470","DEGAN","2942"
"32471","DEGAYU","2725"
"32472","DEKORO","2841"
"32473","DELANGGU","2707"
"32474","DELEGTUKANG","2906"
"32475","DELES","2863"
"32476","DELIK","3024"
"32477","DELINGAN","2875"
"32478","DEMAAN","2829"
"32479","DEMAAN","2724"
"32480","DEMAAN","2839"
"32481","DEMAKAN","2886"
"32482","DEMAKIJO","2813"
"32483","DEMANGAN","2628"
"32484","DEMANGAN","2839"
"32485","DEMANGAN","2629"
"32486","DEMANGAN","3064"
"32487","DEMANGHARJO","2766"
"32488","DEMANGSARI","2615"
"32489","DEMPEL","3065"
"32490","DEMPEL","3033"
"32491","DEMPELREJO","2831"
"32492","DEMPET","2690"
"32493","DENANYAR","3066"
"32494","DENASRI KULON","3040"
"32495","DENASRI WETAN","3040"
"32496","DENGGUNGAN","2749"
"32497","DENGKEK","2932"
"32498","DENGKENG","2928"
"32499","DEPOK","2727"
"32500","DEPOK","3065"
"32501","DEPOK","2666"
"32502","DEPOK","2800"
"32503","DEPOK","2677"
"32504","DEPOK","2930"
"32505","DEPOK","2742"
"32506","DEPOKHARJO","2657"
"32507","DEPOKREJO","2568"
"32508","DEPOKREJO","2624"
"32509","DERAS","3067"
"32510","DEREKAN","3023"
"32511","DERIK","2915"
"32512","DERMAJI","2920"
"32513","DERMASANDI","2677"
"32514","DERMASARI","2915"
"32515","DERMASUCI","2677"
"32516","DERMOLO","2696"
"32517","DERODUWUR","2607"
"32518","DERONGISOR","2607"
"32519","DERSALAM","2645"
"32520","DERSANSARI","2876"
"32521","DERUPONO / DARUPONO","3068"
"32522","DEWI","2731"
"32523","DEYANGAN","2783"
"32524","DIBAL","3069"
"32525","DIENG KULON","2663"
"32526","DIENG","3014"
"32527","DILEM","2871"
"32528","DIMORO","2742"
"32529","DINUK","2637"
"32530","DIWAK","2910"
"32531","DLANGU","2605"
"32532","DLEPIH","2811"
"32533","DLIMAS","2705"
"32534","DLIMAS","3037"
"32535","DLIMAS","2827"
"32536","DLIMOYO","2792"
"32537","DLINGO","2970"
"32538","DLISEN KULON","2935"
"32539","DLISEN WETAN","2935"
"32540","DLISEN","2600"
"32541","DOHO","2983"
"32542","DOKORO","3059"
"32543","DOLOGAN","2873"
"32544","DOLOGAN","2753"
"32545","DOMAS","2993"
"32546","DOMBO","2794"
"32547","DOMIYANG","2869"
"32548","DOMPOL","2689"
"32549","DOMPYONGAN","2674"
"32550","DONAN","3070"
"32551","DONDONG","2997"
"32552","DONGOS","2986"
"32553","DONOHUDAN","3069"
"32554","DONOMULYO","3025"
"32555","DONORATI","2682"
"32556","DONOREJO","2754"
"32557","DONOREJO","3071"
"32558","DONOREJO","2849"
"32559","DONOREJO","2600"
"32560","DONOREJO","3025"
"32561","DONOROJO","2783"
"32562","DONOROJO","2884"
"32563","DONOROJO","2827"
"32564","DONOROJO","2902"
"32565","DONOSARI","2763"
"32566","DONOSARI","3049"
"32567","DONOWANGUN","2795"
"32568","DONOYUDAN","2710"
"32569","DOPLANG","2574"
"32570","DOPLANG","2622"
"32571","DOPLANG","2752"
"32572","DOPLANG","2760"
"32573","DOPLANG","2682"
"32574","DOPLANG","2756"
"32575","DORANG","2847"
"32576","DORENG","2967"
"32577","DORO","2938"
"32578","DOROKANDANG","2631"
"32579","DOROLEGI","2608"
"32580","DOROPAYUNG","2586"
"32581","DOROPAYUNG","2832"
"32582","DOROREJO","2938"
"32583","DOROREJO","2894"
"32584","DOROWATI","2893"
"32585","DOWAN","2829"
"32586","DOYONG","2655"
"32587","DRAGAN","3048"
"32588","DRESI KULON","2627"
"32589","DRESI WETAN","2627"
"32590","DRINGO","2870"
"32591","DRINGO","2976"
"32592","DRONO","3019"
"32593","DRONO","2713"
"32594","DUDAKAWU","2696"
"32595","DUDUKULON","2585"
"32596","DUDUWETAN","2585"
"32597","DUKUH BENDA","2851"
"32598","DUKUH RINGIN (DUKUHWRINGIN)","3072"
"32599","DUKUH SALAM","3072"
"32600","DUKUH TENGAH","2840"
"32601","DUKUH TENGAH","3054"
"32602","DUKUH","2749"
"32603","DUKUH","2825"
"32604","DUKUH","2707"
"32605","DUKUH","2886"
"32606","DUKUH","2911"
"32607","DUKUH","2725"
"32608","DUKUH","3073"
"32609","DUKUH","2798"
"32610","DUKUH","3066"
"32611","DUKUHBADAG","2840"
"32612","DUKUHBANGSA","2614"
"32613","DUKUHDAMU","2679"
"32614","DUKUHDUNGUS","2585"
"32615","DUKUHJATI KIDUL","2677"
"32616","DUKUHJATI WETAN","3074"
"32617","DUKUHJERUK","2747"
"32618","DUKUHLO","2759"
"32619","DUKUHLO","2679"
"32620","DUKUHMAJA","3035"
"32621","DUKUHMALANG","2908"
"32622","DUKUHMULYO","3011"
"32623","DUKUHREJASARI","2594"
"32624","DUKUHREJO","2731"
"32625","DUKUHSALAM","2638"
"32626","DUKUHSEMBUNG","2677"
"32627","DUKUHSETI","2589"
"32628","DUKUHTENGAH","2852"
"32629","DUKUHTURI","2578"
"32630","DUKUHTURI","2723"
"32631","DUKUHTURI","2840"
"32632","DUKUHWALUH","2806"
"32633","DUKUHWARINGIN","3036"
"32634","DUKUHWARU","2946"
"32635","DUKUHWRINGIN","3075"
"32636","DUKUN","2818"
"32637","DUKUN","2849"
"32638","DUKUTALIT","2586"
"32639","DUMELING","3075"
"32640","DUMPIL","2589"
"32641","DUREN","2738"
"32642","DUREN","2788"
"32643","DUREN","2964"
"32644","DUREN","3076"
"32645","DUREN","3005"
"32646","DUREN","2843"
"32647","DURENOMBO","2573"
"32648","DURENSARI","2652"
"32649","DURENSAWIT","2885"
"32650","DURENSAWIT","2918"
"32651","DUWET","2671"
"32652","DUWET","2640"
"32653","DUWET","3019"
"32654","DUWET","2824"
"32655","DUWET","2907"
"32656","DUYUNGAN","2909"
"32657","ENTAK","2594"
"32658","EROMOKO","2684"
"32659","EROREJO","2921"
"32660","GABAHAN","2761"
"32661","GABUGAN","2962"
"32662","GABUS","2777"
"32663","GABUS","2641"
"32664","GABUS","2734"
"32665","GABUSAN","2752"
"32666","GADEN","2914"
"32667","GADING","2716"
"32668","GADING","2962"
"32669","GADINGAN","2886"
"32670","GADINGREJO","2586"
"32671","GADINGREJO","2904"
"32672","GADINGSUKUH","2904"
"32673","GADON","2699"
"32674","GADU","2715"
"32675","GADU","2929"
"32676","GADUDERO","2680"
"32677","GADUNGAN","2928"
"32678","GADUNGREJO","2893"
"32679","GAGAAN","2662"
"32680","GAGAKAN","2929"
"32681","GAGAKSIPAT","3069"
"32682","GAJAH MUNGKUR","2889"
"32683","GAJAH","2790"
"32684","GAJAHAN","2855"
"32685","GAJAHAN","2701"
"32686","GAJAHKUMPUL","2858"
"32687","GAJAHMATI","2932"
"32688","GAJI","2670"
"32689","GAJI","3029"
"32690","GAJIHAN","2715"
"32691","GALANG PENGAMPON GEDE","3077"
"32692","GALEH","3066"
"32693","GALIH","3041"
"32694","GALUH TIMUR","3078"
"32695","GALUH","2768"
"32696","GALUK","2660"
"32697","GAMBARAN","2899"
"32698","GAMBARSARI","2579"
"32699","GAMBARSARI","2673"
"32700","GAMBASAN","2658"
"32701","GAMBIRAN","2702"
"32702","GAMBIRANOM","2686"
"32703","GAMBIRANOM","2987"
"32704","GAMBIRMANIS","2711"
"32705","GAMBUHAN","2860"
"32706","GAMER","2841"
"32707","GAMONG","2669"
"32708","GANCANG","3045"
"32709","GANDARUM","2979"
"32710","GANDASULI","2789"
"32711","GANDASULI","2770"
"32712","GANDATAPA","2786"
"32713","GANDEKAN","3079"
"32714","GANDOANG","2769"
"32715","GANDON","3080"
"32716","GANDRIROJO","2952"
"32717","GANDRUNGMANGU","3002"
"32718","GANDRUNGMANIS","3002"
"32719","GANDU WETAN","2792"
"32720","GANDU","2951"
"32721","GANDU","2598"
"32722","GANDU","2713"
"32723","GANDULAN","3080"
"32724","GANDUREJO","2799"
"32725","GANDUSARI","2730"
"32726","GANDUSARI","2774"
"32727","GANGGAWANG","2769"
"32728","GANGGENG","2682"
"32729","GANTANG","2826"
"32730","GANTEN","2965"
"32731","GANTIWARNO","3060"
"32732","GANTUNGAN","2614"
"32733","GAPLOKAN","2873"
"32734","GAPURA","2948"
"32735","GAPURO","2797"
"32736","GARANGAN","2737"
"32737","GARUNG KIDUL","2669"
"32738","GARUNG LOR","2669"
"32739","GARUNG","3081"
"32740","GARUNGLOR","3082"
"32741","GARUNGWIYORO","2947"
"32742","GATAK","2707"
"32743","GATAK","3019"
"32744","GAUM","3015"
"32745","GAWAN","2962"
"32746","GAWANAN","2855"
"32747","GAYAM","2951"
"32748","GAYAM","2798"
"32749","GAYAMDOMPO","2875"
"32750","GAYAMPRIT","3057"
"32751","GAYAMSARI","3083"
"32752","GEBANG","2922"
"32753","GEBANG","2641"
"32754","GEBANG","2896"
"32755","GEBANG","3041"
"32756","GEBANG","3061"
"32757","GEBANG","2877"
"32758","GEBANG","2685"
"32759","GEBANGAN","2764"
"32760","GEBANGAN","3029"
"32761","GEBANGANOM WETAN","3084"
"32762","GEBANGANOM","2989"
"32763","GEBANGARUM","2922"
"32764","GEBANGHARJO","2711"
"32765","GEBANGKEREP","2988"
"32766","GEBANGSARI","2751"
"32767","GEBANGSARI","2893"
"32768","GEBANGSARI","3012"
"32769","GEBLOG","3080"
"32770","GEBLUG","2582"
"32771","GEBUGAN","2910"
"32772","GEBYOK","3013"
"32773","GEDANGALAS","2790"
"32774","GEDANGAN","2672"
"32775","GEDANGAN","2709"
"32776","GEDANGAN","2793"
"32777","GEDANGAN","3085"
"32778","GEDANGAN","3024"
"32779","GEDANGAN","2975"
"32780","GEDANGAN","3059"
"32781","GEDANGANAK","2883"
"32782","GEDANGDOWO","2644"
"32783","GEDAREN","2739"
"32784","GEDAWANG","2820"
"32785","GEDAWUNG","2987"
"32786","GEDEBEG","2746"
"32787","GEDEG","2598"
"32788","GEDEGAN","2691"
"32789","GEDONG","2817"
"32790","GEDONG","2875"
"32791","GEDONG","2871"
"32792","GEDONG","3086"
"32793","GEDONG","3052"
"32794","GEDONG","2711"
"32795","GEDONGAN","2671"
"32796","GEDONGAN","2855"
"32797","GEDONGAN","3027"
"32798","GEDONGJETIS","2882"
"32799","GEDONGMULYO","2631"
"32800","GEDONGREJO","2999"
"32801","GEDONGSARI","2643"
"32802","GEDONGSARI","2836"
"32803","GEGERKUNCI","3035"
"32804","GEGERSIMO","2702"
"32805","GEGUNUNG KULON","3085"
"32806","GEGUNUNG WETAN","3085"
"32807","GEJAGAN","2792"
"32808","GEJAGAN","2828"
"32809","GEJLIG","2979"
"32810","GELANG","3010"
"32811","GELANG","2575"
"32812","GELANGAN","3018"
"32813","GELAPAN","2854"
"32814","GEMAH","3087"
"32815","GEMAMPIR","2813"
"32816","GEMANTAR","2944"
"32817","GEMANTAR","3088"
"32818","GEMANTAR","3089"
"32819","GEMAWANG","2708"
"32820","GEMAWANG","2983"
"32821","GEMAWANG","2872"
"32822","GEMAWANG","3086"
"32823","GEMBLEGAN","3090"
"32824","GEMBLENGAN","3081"
"32825","GEMBLENGMULYO","2832"
"32826","GEMBOL","2951"
"32827","GEMBOL","2880"
"32828","GEMBONG KULON","2908"
"32829","GEMBONG","2768"
"32830","GEMBONG","2653"
"32831","GEMBONG","2947"
"32832","GEMBONGAN","2729"
"32833","GEMBONGDADI","2957"
"32834","GEMBYANG","2772"
"32835","GEMBYUNGAN","2888"
"32836","GEMEKSEKTI","2568"
"32837","GEMIRING KIDUL","2847"
"32838","GEMIRING LOR","2847"
"32839","GEMOLONG","2973"
"32840","GEMPOL","2752"
"32841","GEMPOL","2887"
"32842","GEMPOLAN","2965"
"32843","GEMPOLDENOK","2690"
"32844","GEMPOLREJO","2577"
"32845","GEMPOLSARI","2641"
"32846","GEMPOLSEWU","2989"
"32847","GEMPOLSONGO","2675"
"32848","GEMUH","2735"
"32849","GEMUHBLANTEN","3041"
"32850","GEMULAK","2794"
"32851","GEMULUNG","3091"
"32852","GEMURUH","2727"
"32853","GEMURUH","2954"
"32854","GENDAYAKAN","3092"
"32855","GENDONGAN","3093"
"32856","GENDOWANG","2821"
"32857","GENENG DUWUR","2973"
"32858","GENENG","2810"
"32859","GENENG","2993"
"32860","GENENG","2940"
"32861","GENENG","2644"
"32862","GENENG","2675"
"32863","GENENG","2655"
"32864","GENENG","2971"
"32865","GENENGADAL","2742"
"32866","GENENGAN","2944"
"32867","GENENGHARJO","2811"
"32868","GENENGMULYO","2586"
"32869","GENENGSARI","2866"
"32870","GENENGSARI","2667"
"32871","GENENGSARI","2742"
"32872","GENIKAN","2745"
"32873","GENITO","2693"
"32874","GENJAHAN","2755"
"32875","GENTAN BANARAN","3027"
"32876","GENTAN","2671"
"32877","GENTAN","2895"
"32878","GENTAN","2991"
"32879","GENTAN","2856"
"32880","GENTAN","2650"
"32881","GENTAN","2651"
"32882","GENTANSARI","3076"
"32883","GENTASARI","2625"
"32884","GENTAWANGI","2580"
"32885","GENTING GUNUNG","2980"
"32886","GENTING","2672"
"32887","GENTING","2872"
"32888","GENTINGSARI","2692"
"32889","GENTUNGAN","3013"
"32890","GENUK","2722"
"32891","GENUKHARJO","3094"
"32892","GENUKSARI","2751"
"32893","GENUKSURAN","3026"
"32894","GEPARANG","2793"
"32895","GERDU","2760"
"32896","GERDU","3091"
"32897","GERDUREN","3095"
"32898","GERGUNUNG","2837"
"32899","GERIT","2934"
"32900","GERITAN","2932"
"32901","GERLANG","2864"
"32902","GERSI","2644"
"32903","GESENGAN","2934"
"32904","GESI","2931"
"32905","GESIKAN","2856"
"32906","GESIKAN","2568"
"32907","GESIKAN","2871"
"32908","GESIKAN","2952"
"32909","GESING","2683"
"32910","GESING","2987"
"32911","GESING","2793"
"32912","GETAS BLAWONG","2764"
"32913","GETAS PEJATEN","3096"
"32914","GETAS","2863"
"32915","GETAS","2699"
"32916","GETAS","3080"
"32917","GETAS","3097"
"32918","GETAS","2823"
"32919","GETAS","3077"
"32920","GETAS","2967"
"32921","GETASAN","2853"
"32922","GETASKEREP","2908"
"32923","GETASRABI","2919"
"32924","GETASREJO","3098"
"32925","GEYER","2621"
"32926","GIDANGELO","2975"
"32927","GILING","2715"
"32928","GILING","2874"
"32929","GILINGAN","2815"
"32930","GILINGSARI","2833"
"32931","GILIREJO BARU","2655"
"32932","GILIREJO","2655"
"32933","GILIREJO","2737"
"32934","GILIS","2639"
"32935","GINANDONG","2925"
"32936","GINGGANGTANI","2854"
"32937","GINTUNG","2598"
"32938","GINTUNGAN","2896"
"32939","GINTUNGREJA","3002"
"32940","GIRIGONDO","2935"
"32941","GIRIHARJO","3099"
"32942","GIRIJOYO","2871"
"32943","GIRIKIKIS","2999"
"32944","GIRIKULON","3025"
"32945","GIRILAYU","3060"
"32946","GIRIMARGO","2655"
"32947","GIRIMARTO","2983"
"32948","GIRIMULYO","2687"
"32949","GIRIMULYO","2871"
"32950","GIRIMULYO","2911"
"32951","GIRIMULYO","2693"
"32952","GIRIPURNO","2923"
"32953","GIRIPURNO","3021"
"32954","GIRIPURNO","2792"
"32955","GIRIPURWO","3004"
"32956","GIRIREJO","2576"
"32957","GIRIREJO","2745"
"32958","GIRIREJO","2624"
"32959","GIRIREJO","2827"
"32960","GIRIREJO","2865"
"32961","GIRIREJO","2811"
"32962","GIRIROTO","3069"
"32963","GIRITENGAH","2923"
"32964","GIRITIRTA","2880"
"32965","GIRITIRTO","2925"
"32966","GIRITIRTO","3004"
"32967","GIRITONTRO","2867"
"32968","GIRIWARNO","2983"
"32969","GIRIWARNO","2576"
"32970","GIRIWETAN","2681"
"32971","GIRIWONDO","2664"
"32972","GIRIWONO","3004"
"32973","GIRIWOYO","2999"
"32974","GIRIYOSO","2687"
"32975","GISIKDRONO","2956"
"32976","GIWANGRETNO","3049"
"32977","GIYANTI","2848"
"32978","GIYANTI","3007"
"32979","GIYANTI","2929"
"32980","GIYANTI","2833"
"32981","GIYOMBONG","2939"
"32982","GIYONO","2836"
"32983","GLADAGSARI","2814"
"32984","GLAGAH KULON","3036"
"32985","GLAGAH WANGI","2963"
"32986","GLAGAH","2739"
"32987","GLAGAH","2822"
"32988","GLAGAHOMBO","2827"
"32989","GLAGAHWARU","2916"
"32990","GLANDANG","2787"
"32991","GLANTENGAN","2839"
"32992","GLAPANSARI","2657"
"32993","GLAWAN","2874"
"32994","GLEBEG","2950"
"32995","GLEDEG","2887"
"32996","GLEMPANG","2796"
"32997","GLEMPANG","3100"
"32998","GLEMPANG","2771"
"32999","GLEMPANGPASIR","2574"
"33000","GLESUNGREJO","2686"
"33001","GLINGGANG","2711"
"33002","GLINTANG","2629"
"33003","GLODOGAN","3057"
"33004","GLONGGONG","3008"
"33005","GLONGGONG","3011"
"33006","GLONGGONG","2891"
"33007","GLONGGONG","3075"
"33008","GLONTOR","2925"
"33009","GODAN","3101"
"33010","GODO","2942"
"33011","GODOG","2667"
"33012","GODONG","2608"
"33013","GOGIK","2722"
"33014","GOGODALEM","2726"
"33015","GOLANTEPUS","3102"
"33016","GOLO","3099"
"33017","GOLOK","2659"
"33018","GOMBANG","2951"
"33019","GOMBANG","2676"
"33020","GOMBANG","2898"
"33021","GOMBOLHARJO","2574"
"33022","GOMBONG","2646"
"33023","GOMBONG","2791"
"33024","GOMBONG","2735"
"33025","GONDANG RAWE","2604"
"33026","GONDANG SLAMET","2814"
"33027","GONDANG","2864"
"33028","GONDANG","2966"
"33029","GONDANG","3008"
"33030","GONDANG","3103"
"33031","GONDANG","2846"
"33032","GONDANG","3104"
"33033","GONDANG","2596"
"33034","GONDANG","2746"
"33035","GONDANG","2668"
"33036","GONDANG","2573"
"33037","GONDANG","2619"
"33038","GONDANG","2819"
"33039","GONDANG","3077"
"33040","GONDANGAN","2674"
"33041","GONDANGLEGI","2594"
"33042","GONDANGLEGI","2648"
"33043","GONDANGMANIS","2645"
"33044","GONDANGMANIS","2760"
"33045","GONDANGREJO","2693"
"33046","GONDANGSARI","3105"
"33047","GONDANGSARI","2960"
"33048","GONDANGSARI","2828"
"33049","GONDANGWAYANG","2740"
"33050","GONDANGWINANGUN","2792"
"33051","GONDEL","2660"
"33052","GONDO","2807"
"33053","GONDOHARUM","2995"
"33054","GONDOHARUM","2764"
"33055","GONDORIYO","2910"
"33056","GONDORIYO","2872"
"33057","GONDORIYO","2703"
"33058","GONDORIYO","2870"
"33059","GONDOSARI","2919"
"33060","GONDOSULI","2799"
"33061","GONDOSULI","2570"
"33062","GONDOSULI","2720"
"33063","GONDOWANGI","2826"
"33064","GONDOWULAN","2904"
"33065","GONGGANG","2639"
"33066","GONGSENG","2772"
"33067","GONILAN","3106"
"33068","GONOHARJO","3104"
"33069","GOSONO","2737"
"33070","GOTPUTUK","2746"
"33071","GOWAK","2631"
"33072","GOWAK","3107"
"33073","GOWONG","2939"
"33074","GRABAG","2681"
"33075","GRABAG","2585"
"33076","GRABAGAN","2654"
"33077","GRAJEGAN","3053"
"33078","GRANTING","2674"
"33079","GRANTUNG","2731"
"33080","GRANTUNG","2688"
"33081","GRAWAN","2953"
"33082","GRECOL","2633"
"33083","GREGES","2713"
"33084","GRENDENG","2718"
"33085","GRENGGENG","3021"
"33086","GRIBIG","2919"
"33087","GRINGGING","2712"
"33088","GRINGGINGSARI","2976"
"33089","GRINGSING","3108"
"33090","GRINTING","2759"
"33091","GRIPIT","2781"
"33092","GROBOG KULON","2677"
"33093","GROBOG WETAN","2677"
"33094","GROBOGAN","3098"
"33095","GROGOL","2723"
"33096","GROGOL","2709"
"33097","GROGOL","2849"
"33098","GROGOL","2880"
"33099","GROGOL","2591"
"33100","GROGOLAN","2589"
"33101","GROGOLAN","2753"
"33102","GROGOLBENINGSARI","2603"
"33103","GROGOLPENATUS","2603"
"33104","GROGOLSARI","2949"
"33105","GROWONG KIDUL","2586"
"33106","GROWONG LOR","2586"
"33107","GROWONG","2865"
"33108","GRUGU","2899"
"33109","GRUGU","2636"
"33110","GRUJUGAN","2590"
"33111","GRUJUGAN","2603"
"33112","GUBUG","2672"
"33113","GUBUG","2854"
"33114","GUBUGSARI","3062"
"33115","GUCI","2851"
"33116","GUCI","2608"
"33117","GUDANGHARJO","3092"
"33118","GULANG","3102"
"33119","GULANGPUNGGE","2715"
"33120","GULI","2891"
"33121","GULON","2857"
"33122","GUMALAR","2584"
"33123","GUMAWANG KIDUL","2819"
"33124","GUMAWANG","2774"
"33125","GUMAWANG","2735"
"33126","GUMAWANG","2906"
"33127","GUMAWANGREJO","2935"
"33128","GUMAYUN","2946"
"33129","GUMELAR KIDUL","3012"
"33130","GUMELAR LOR","3012"
"33131","GUMELAR","3045"
"33132","GUMELAR","2593"
"33133","GUMELAR","2921"
"33134","GUMELEM KULON","2915"
"33135","GUMELEM WETAN","2915"
"33136","GUMELEM","2828"
"33137","GUMELEM","3051"
"33138","GUMENG","2609"
"33139","GUMILIR","3109"
"33140","GUMINGSIR","2616"
"33141","GUMINGSIR","3110"
"33142","GUMIWANG","2728"
"33143","GUMIWANG","3055"
"33144","GUMIWANG","3082"
"33145","GUMIWANGLOR","3094"
"33146","GUMPANG","3106"
"33147","GUMUKREJO","2756"
"33148","GUMUL","2813"
"33149","GUMULAN","2838"
"33150","GUNAN","3003"
"33151","GUNDI","2608"
"33152","GUNEM","2829"
"33153","GUNO","2964"
"33154","GUNTING","2907"
"33155","GUNTUR MADU","2607"
"33156","GUNTUR","2903"
"33157","GUNTUR","2670"
"33158","GUNTUR","2833"
"33159","GUNTURHARJO","3092"
"33160","GUNUNG AGUNG","2851"
"33161","GUNUNG CONDONG","2939"
"33162","GUNUNG GAJAH","2825"
"33163","GUNUNG GEMPOL","2836"
"33164","GUNUNG JAYA","2769"
"33165","GUNUNG LARANG","2769"
"33166","GUNUNG PATI","3038"
"33167","GUNUNG SUGIH","2769"
"33168","GUNUNG TAJEM","2769"
"33169","GUNUNG TUMPENG","3033"
"33170","GUNUNG TUMPENG","2876"
"33171","GUNUNG WETAN","2580"
"33172","GUNUNG","2901"
"33173","GUNUNGAN","2913"
"33174","GUNUNGAN","2870"
"33175","GUNUNGBATU","2632"
"33176","GUNUNGGIANA","2805"
"33177","GUNUNGJATI","2852"
"33178","GUNUNGJATI","3076"
"33179","GUNUNGJAYA","2646"
"33180","GUNUNGKARANG","2789"
"33181","GUNUNGLANGIT","2623"
"33182","GUNUNGLURAH","2850"
"33183","GUNUNGMUJIL","2774"
"33184","GUNUNGMULYO","2639"
"33185","GUNUNGPANTI","2942"
"33186","GUNUNGPAYUNG","2809"
"33187","GUNUNGPRING","2570"
"33188","GUNUNGREJA","3111"
"33189","GUNUNGSARI","2692"
"33190","GUNUNGSARI","2858"
"33191","GUNUNGSARI","2863"
"33192","GUNUNGSARI","3105"
"33193","GUNUNGSARI","2627"
"33194","GUNUNGSARI","2925"
"33195","GUNUNGSARI","2860"
"33196","GUNUNGSARI","3016"
"33197","GUNUNGSARI","2693"
"33198","GUNUNGSARI","2737"
"33199","GUNUNGSIMPING","3070"
"33200","GUNUNGTAWANG","2583"
"33201","GUNUNGTEGES","2871"
"33202","GUNUNGTELU","2635"
"33203","GUNUNGTIGA","2646"
"33204","GUNUNGTUGEL","3082"
"33205","GUNUNGWANGI","3071"
"33206","GUNUNGWULED","2801"
"33207","GUNUNGWUNGKAL","2715"
"33208","GUPIT","2835"
"33209","GUTOMO","2778"
"33210","GUWO","2866"
"33211","GUWO","3016"
"33212","GUWOKAJEN","2898"
"33213","GUWOREJO","3112"
"33214","GUWOSOBOKERTO","2975"
"33215","GUWOTIRTO","2999"
"33216","GUYANGAN","2758"
"33217","GUYANGAN","2608"
"33218","GUYANGAN","2816"
"33219","GUYANGAN","2793"
"33220","GUYANGAN","2620"
"33221","GUYANGAN","2942"
"33222","HADILUWIH","3039"
"33223","HADIPOLO","2995"
"33224","HADIWARNO","3102"
"33225","HANUM","2927"
"33226","HARDIMULYO","3071"
"33227","HARGANTORO","2811"
"33228","HARGOREJO","2811"
"33229","HARGOROJO","2652"
"33230","HARGOSARI","2811"
"33231","HARJASARI","2957"
"33232","HARJOBINANGUN","2585"
"33233","HARJODOWO","2774"
"33234","HARJODOWO","2980"
"33235","HARJOSARI KIDUL","2584"
"33236","HARJOSARI LOR","2584"
"33237","HARJOSARI","2622"
"33238","HARJOSARI","2938"
"33239","HARJOSARI","2760"
"33240","HARJOWINANGUN BARAT","2807"
"33241","HARJOWINANGUN TIMUR","2807"
"33242","HARJOWINANGUN","2678"
"33243","HARJOWINANGUN","2690"
"33244","HARJOWINANGUN","2608"
"33245","HARJOWINANGUN","2873"
"33246","HONGGOSOCO","2995"
"33247","HULOSOBO","3071"
"33248","IGIRKLANCENG","2861"
"33249","IGIRMRANAK","3014"
"33250","INDRAJAYA","2769"
"33251","INDROSARI","2595"
"33252","ISER","2992"
"33253","JABRES","3049"
"33254","JABUNG","2856"
"33255","JABUNG","3027"
"33256","JABUNGAN","2820"
"33257","JADI","2953"
"33258","JAGALAN","3079"
"33259","JAGALAN","2813"
"33260","JAGALAN","2761"
"33261","JAGALEMPENI","3075"
"33262","JAGAMERTAN","2603"
"33263","JAGAN","2895"
"33264","JAGAPURA","3043"
"33265","JAGOAN","2629"
"33266","JAGONG","2662"
"33267","JAGUNG","2981"
"33268","JAJAR WAYANG","2640"
"33269","JAJAR","3006"
"33270","JAKENAN","3011"
"33271","JALATUNDA","2796"
"33272","JALI","2922"
"33273","JAMBAKAN","2825"
"33274","JAMBANAN","2909"
"33275","JAMBANGAN","2863"
"33276","JAMBANGAN","2621"
"33277","JAMBANGAN","3088"
"33278","JAMBANGAN","2639"
"33279","JAMBEAN KIDUL","2649"
"33280","JAMBEARUM","2763"
"33281","JAMBEWANGI","2828"
"33282","JAMBEWANGI","3025"
"33283","JAMBEYAN","2887"
"33284","JAMBEYAN","2941"
"33285","JAMBEYAN","2952"
"33286","JAMBON","2708"
"33287","JAMBON","3113"
"33288","JAMBU KIDUL","3037"
"33289","JAMBU KULON","3037"
"33290","JAMBU TIMUR","3114"
"33291","JAMBU","2872"
"33292","JAMBU","2859"
"33293","JAMBU","3114"
"33294","JAMBU","2571"
"33295","JAMBU","2808"
"33296","JAMBUDESA","2780"
"33297","JAMBUSARI","2977"
"33298","JAMPIREJO","2833"
"33299","JAMPIROSO","2833"
"33300","JAMUS","2744"
"33301","JAMUSAN","2836"
"33302","JAMUSKAUMAN","2937"
"33303","JANEGARA","2955"
"33304","JANGGALAN","2839"
"33305","JANGGLENGAN","2835"
"33306","JANGKRIKAN","2904"
"33307","JANGKUNGHARJO","3115"
"33308","JANGLI","3001"
"33309","JANGRANA","2997"
"33310","JANJANG","2755"
"33311","JANTI","2963"
"33312","JANTIHARJO","2875"
"33313","JAPAH","2873"
"33314","JAPAN","3036"
"33315","JAPAN","2827"
"33316","JAPANAN","2676"
"33317","JAPELEDOK","2832"
"33318","JAPEREJO","2702"
"33319","JAPOH","2830"
"33320","JARAKSARI","2961"
"33321","JARUM","2825"
"33322","JATEN","2982"
"33323","JATEN","2960"
"33324","JATEN","2648"
"33325","JATEN","3089"
"33326","JATI KULON","3096"
"33327","JATI SAWIT","2638"
"33328","JATI TENGAH","2685"
"33329","JATI WETAN","3096"
"33330","JATI","2903"
"33331","JATI","2588"
"33332","JATI","2940"
"33333","JATI","2982"
"33334","JATI","2752"
"33335","JATI","3061"
"33336","JATI","2897"
"33337","JATI","2826"
"33338","JATI","3039"
"33339","JATIBARANG KIDUL","2955"
"33340","JATIBARANG LOR","2955"
"33341","JATIBARANG","2984"
"33342","JATIBATUR","2973"
"33343","JATIBOGOR","2957"
"33344","JATIHADI","2953"
"33345","JATIHARJO","3116"
"33346","JATIHARJO","3113"
"33347","JATIJAJAR","2615"
"33348","JATIJAJAR","2910"
"33349","JATIKLAMPOK","2643"
"33350","JATIKONTAL","2793"
"33351","JATIKUWUNG","3000"
"33352","JATIKUWUNG","3116"
"33353","JATILABA","3054"
"33354","JATILAWANG","2637"
"33355","JATILAWANG","2700"
"33356","JATILAWANG","2737"
"33357","JATILOR","2608"
"33358","JATILUHUR","3021"
"33359","JATILUHUR","3007"
"33360","JATIMAKMUR","3035"
"33361","JATIMALANG","2893"
"33362","JATIMALANG","2793"
"33363","JATIMARTO","3086"
"33364","JATIMUDO","2950"
"33365","JATIMULYA","2774"
"33366","JATIMULYA","2957"
"33367","JATIMULYO","2958"
"33368","JATIMULYO","2922"
"33369","JATIMULYO","3116"
"33370","JATIMULYO","2679"
"33371","JATIMULYO","2879"
"33372","JATIMULYO","2603"
"33373","JATIMULYO","2757"
"33374","JATINEGARA","2614"
"33375","JATINEGORO","2884"
"33376","JATINGALEH","3020"
"33377","JATINGARANG","2731"
"33378","JATINGARANG","2632"
"33379","JATINGARANG","2591"
"33380","JATINOM","2739"
"33381","JATINOM","3117"
"33382","JATIPECARON","2854"
"33383","JATIPURNO","2687"
"33384","JATIPURO","3116"
"33385","JATIPURO","2914"
"33386","JATIPURUS","2933"
"33387","JATIPURWO","2687"
"33388","JATIPURWO","3116"
"33389","JATIPURWO","2989"
"33390","JATIRAWA","2978"
"33391","JATIREJO","2601"
"33392","JATIREJO","2983"
"33393","JATIREJO","2867"
"33394","JATIREJO","3038"
"33395","JATIREJO","2964"
"33396","JATIREJO","2644"
"33397","JATIREJO","2664"
"33398","JATIREJO","3071"
"33399","JATIREJO","2743"
"33400","JATIREJO","2831"
"33401","JATIREJO","2911"
"33402","JATIREJO","2898"
"33403","JATIREJO","2876"
"33404","JATIROGO","2922"
"33405","JATIROKEH","3035"
"33406","JATIROTO","2582"
"33407","JATIROTO","2964"
"33408","JATIROTO","2885"
"33409","JATIROYO","3116"
"33410","JATIROYOM","2632"
"33411","JATIRUNGGO","3023"
"33412","JATISABA","2850"
"33413","JATISABA","2717"
"33414","JATISARI","2643"
"33415","JATISARI","3011"
"33416","JATISARI","3105"
"33417","JATISARI","2568"
"33418","JATISARI","2762"
"33419","JATISARI","2984"
"33420","JATISARI","2847"
"33421","JATISARI","2629"
"33422","JATISARI","2892"
"33423","JATISARI","2573"
"33424","JATISAWIT","2578"
"33425","JATISAWIT","2917"
"33426","JATISOBO","3116"
"33427","JATISOBO","2667"
"33428","JATISONO","2790"
"33429","JATISRONO","3105"
"33430","JATISUKO","3116"
"33431","JATIWANGI","3118"
"33432","JATIWANGSAN","2871"
"33433","JATIWARNO","3116"
"33434","JATIYOSO","2917"
"33435","JAWISARI","3104"
"33436","JAYENGAN","3058"
"33437","JEBED SELATAN","2619"
"33438","JEBED UTARA","2619"
"33439","JEBENGPLAMPITAN","3082"
"33440","JEBENGSARI","2779"
"33441","JEBLOG","2887"
"33442","JEBLOGAN","3119"
"33443","JEBOL","2733"
"33444","JEBRES","3079"
"33445","JEBUGAN","2837"
"33446","JEGONG","2752"
"33447","JEJEG","2851"
"33448","JEJERUK","2606"
"33449","JEKANI","3088"
"33450","JEKAWAL","3066"
"33451","JEKETRO","2854"
"33452","JEKETRO","2859"
"33453","JEKULO","2995"
"33454","JELOBO","2907"
"33455","JELOK","2672"
"33456","JELOK","3071"
"33457","JEMASIH","2840"
"33458","JEMAWAN","2739"
"33459","JEMBANGAN","2858"
"33460","JEMBANGAN","3027"
"33461","JEMBANGAN","2933"
"33462","JEMBANGAN","2647"
"33463","JEMBAYAT","3054"
"33464","JEMBRAK","2874"
"33465","JEMBULWUNUT","2715"
"33466","JEMBUNGAN","2749"
"33467","JEMOWO","3048"
"33468","JEMUR","2568"
"33469","JEMUR","2581"
"33470","JENALAS","2973"
"33471","JENANG","2905"
"33472","JENAR KIDUL","2793"
"33473","JENAR LOR","2793"
"33474","JENAR WETAN","2793"
"33475","JENAR","2830"
"33476","JENARSARI","3041"
"33477","JENAWI","2609"
"33478","JENDI","2983"
"33479","JENDI","3089"
"33480","JENENGAN","3120"
"33481","JENENGAN","2898"
"33482","JENGGAWUR","2781"
"33483","JENGGAWUR","2677"
"33484","JENGGOT","2824"
"33485","JENGGRIK","2900"
"33486","JENGKOL","3081"
"33487","JEPALO","2715"
"33488","JEPANG","3102"
"33489","JEPANGPAKIS","3096"
"33490","JEPANGREJO","2606"
"33491","JEPARA KULON","2588"
"33492","JEPARA WETAN","2588"
"33493","JEPAT KIDUL","2894"
"33494","JEPAT LOR","2894"
"33495","JEPON","2644"
"33496","JEPORO","2687"
"33497","JEPURO","2586"
"33498","JERAKAH","3121"
"33499","JERON","2891"
"33500","JERUK","2951"
"33501","JERUK","2655"
"33502","JERUK","2832"
"33503","JERUK","2888"
"33504","JERUK","3122"
"33505","JERUKAGUNG","2893"
"33506","JERUKAGUNG","2812"
"33507","JERUKAN","3042"
"33508","JERUKEN","2624"
"33509","JERUKGILING","3068"
"33510","JERUKGULUNG","2690"
"33511","JERUKLEGI KULON","2977"
"33512","JERUKLEGI WETAN","2977"
"33513","JERUKSARI","3050"
"33514","JERUKSAWIT","3000"
"33515","JERUKWANGI","2758"
"33516","JETAK KIDUL","3077"
"33517","JETAK LENGKONG","3077"
"33518","JETAK","2853"
"33519","JETAK","2662"
"33520","JETAK","2949"
"33521","JETAK","2909"
"33522","JETAK","2757"
"33523","JETAK","2642"
"33524","JETAKSARI","3113"
"33525","JETAKSARI","2794"
"33526","JETAKWANGER","2746"
"33527","JETIS KAPUAN","3096"
"33528","JETIS KARANGPUNG","2710"
"33529","JETIS WETAN","2879"
"33530","JETIS","2671"
"33531","JETIS","2738"
"33532","JETIS","2606"
"33533","JETIS","2707"
"33534","JETIS","2982"
"33535","JETIS","2960"
"33536","JETIS","3123"
"33537","JETIS","2813"
"33538","JETIS","3033"
"33539","JETIS","2673"
"33540","JETIS","2695"
"33541","JETIS","3057"
"33542","JETIS","2816"
"33543","JETIS","2775"
"33544","JETIS","2941"
"33545","JETIS","2658"
"33546","JETIS","2798"
"33547","JIKEN","2755"
"33548","JIMBAR","2711"
"33549","JIMBARAN","2738"
"33550","JIMBARAN","2885"
"33551","JIMBARAN","2649"
"33552","JIMBUNG","3090"
"33553","JIMBUNG","2660"
"33554","JIMUS","2963"
"33555","JINANTEN","2716"
"33556","JINGGOTAN","2696"
"33557","JINGKANG","2587"
"33558","JINGKANG","3056"
"33559","JINTUNG","2615"
"33560","JIPANG","2750"
"33561","JIPANG","2699"
"33562","JIPANG","2634"
"33563","JIPANG","2959"
"33564","JIPANGAN","2749"
"33565","JIRAPAN","3061"
"33566","JIWAN","2813"
"33567","JIWO WETAN","2928"
"33568","JIWOREJO","2755"
"33569","JLADRI","2582"
"33570","JLAMPRANG","2863"
"33571","JLAMPRANG","2918"
"33572","JLAMPRANG","2961"
"33573","JLAREM","2814"
"33574","JLEGIWINANGUN","2630"
"33575","JLEGONG","2788"
"33576","JLEGONG","2593"
"33577","JLEGONG","3010"
"33578","JLEPER","2675"
"33579","JLUMPANG","2714"
"33580","JOBOKUTO","2724"
"33581","JOGOBOYO","2793"
"33582","JOGOLOYO","2967"
"33583","JOGOMULYO","2582"
"33584","JOGOMULYO","2865"
"33585","JOGONAYAN","2745"
"33586","JOGONEGORO","2783"
"33587","JOGOPATEN","2595"
"33588","JOGOPRAYAN","2856"
"33589","JOGORESAN","2793"
"33590","JOGOSETRAN","3090"
"33591","JOGOSIMO","2893"
"33592","JOGOYASAN","2745"
"33593","JOGOYITNAN","2961"
"33594","JOHO","2569"
"33595","JOHO","2727"
"33596","JOHO","2886"
"33597","JOHO","2702"
"33598","JOHO","2711"
"33599","JOHO","2971"
"33600","JOHO","2668"
"33601","JOHO","2716"
"33602","JOHO","2798"
"33603","JOHO","2833"
"33604","JOHOGUNUNG","2832"
"33605","JOHOREJO","3041"
"33606","JOHUNUT","3092"
"33607","JOJO","3102"
"33608","JOJOGAN","3014"
"33609","JOJOGAN","2948"
"33610","JOLONTORO","2822"
"33611","JOLOSEKTI","2573"
"33612","JOLOTIGO","2795"
"33613","JOLOTUNDO","2631"
"33614","JOMBANG","2624"
"33615","JOMBLANG","3020"
"33616","JOMBLANG","2644"
"33617","JOMBONG","2672"
"33618","JOMBOR","2895"
"33619","JOMBOR","3037"
"33620","JOMBOR","2836"
"33621","JOMBOR","3024"
"33622","JOMBORAN","2838"
"33623","JOMPO KULON","2773"
"33624","JOMPO","2633"
"33625","JONDANG","2986"
"33626","JONGGOLSARI","2918"
"33627","JONGGRANGAN","2837"
"33628","JONO","2731"
"33629","JONO","2962"
"33630","JONO","3101"
"33631","JONTRO","2757"
"33632","JOSO","2624"
"33633","JOTANG","2695"
"33634","JOTANGAN","2825"
"33635","JOTON","2674"
"33636","JOYOSURAN","2701"
"33637","JOYOTAKAN","3058"
"33638","JRAGAN","2713"
"33639","JRAGANAN","2632"
"33640","JRAGUNG","2972"
"33641","JRAHI","2715"
"33642","JRAKAH","2731"
"33643","JRAKAH","3122"
"33644","JRAKAH","2619"
"33645","JRAKAHPAYUNG","2573"
"33646","JREBENG KEMBANG","3124"
"33647","JUBANG","2759"
"33648","JUBELAN","3005"
"33649","JUGO","2741"
"33650","JUKUNG","2990"
"33651","JUMANTORO","2664"
"33652","JUMAPOLO","2664"
"33653","JUMO","2836"
"33654","JUMO","3067"
"33655","JUMOYO","2857"
"33656","JUNGKARE","2887"
"33657","JUNGKE","2875"
"33658","JUNGPASIR","2642"
"33659","JUNGSEMI","3084"
"33660","JUNGSEMI","2642"
"33661","JURAGAN","2666"
"33662","JURANG","2919"
"33663","JURANG","2833"
"33664","JURANGAGUNG","2897"
"33665","JURANGBAHAS","2808"
"33666","JURANGJERO","2951"
"33667","JURANGJERO","2887"
"33668","JURANGJERO","3112"
"33669","JURANGJERO","2892"
"33670","JURANGMANGU","2860"
"33671","JURANGOMBO SELATAN","3125"
"33672","JURANGOMBO UTARA","3125"
"33673","JURON","2835"
"33674","JURUG","2970"
"33675","JUWANGI","3042"
"33676","JUWIRAN","2960"
"33677","JUWIRING","2966"
"33678","JUWIRING","2960"
"33679","JUWOK","2685"
"33680","JUWORO","2621"
"33681","KABEKELAN","2656"
"33682","KABONGAN KIDUL","3085"
"33683","KABONGAN LOR","3085"
"33684","KABUARAN","2656"
"33685","KABUKAN","2978"
"33686","KABUNAN","2946"
"33687","KABUNAN","2619"
"33688","KABUNDERAN","2780"
"33689","KABUPATEN","2838"
"33690","KACANGAN","2604"
"33691","KACANGAN","3039"
"33692","KACANGAN","2870"
"33693","KADEMANGARAN","2723"
"33694","KADENGAN","2888"
"33695","KADIBOLO","2928"
"33696","KADILAJO","2813"
"33697","KADILANGGON","2928"
"33698","KADILANGU","2671"
"33699","KADILANGU","2754"
"33700","KADILANGU","3084"
"33701","KADILANGU","2620"
"33702","KADILUWIH","2857"
"33703","KADIPATEN","2604"
"33704","KADIPATEN","2583"
"33705","KADIPATEN","2906"
"33706","KADIPIRO","2815"
"33707","KADIPIRO","2664"
"33708","KADIPIRO","2941"
"33709","KADIREJO","2887"
"33710","KADIREJO","2874"
"33711","KADIRESO","2756"
"33712","KADIWONO","2990"
"33713","KADOKAN","2709"
"33714","KADUMANIS","2769"
"33715","KAGOK","3072"
"33716","KAGOKAN","2940"
"33717","KAGUNGAN","2904"
"33718","KAHUMAN","3019"
"33719","KAIBAHAN","2981"
"33720","KAIBON","2594"
"33721","KAIBONPETANGKURAN","2594"
"33722","KAJANGKOSO","2828"
"33723","KAJAR","3036"
"33724","KAJAR","2829"
"33725","KAJAR","2631"
"33726","KAJAR","2620"
"33727","KAJEKSAN","2839"
"33728","KAJEKSAN","3082"
"33729","KAJEN","3037"
"33730","KAJEN","2979"
"33731","KAJEN","2679"
"33732","KAJEN","2994"
"33733","KAJEN","2908"
"33734","KAJENENGAN","2852"
"33735","KAJENGAN","2870"
"33736","KAJONGAN","2768"
"33737","KAJONGAN","2979"
"33738","KAJORAN","2704"
"33739","KAJORAN","2925"
"33740","KAJORAN","3057"
"33741","KAJUAPAK","2667"
"33742","KALADAWA","2908"
"33743","KALANGAN","2973"
"33744","KALANGAN","2648"
"33745","KALANGAN","2879"
"33746","KALANGAN","2577"
"33747","KALANGBANCAR","2621"
"33748","KALANGDOSARI","2748"
"33749","KALANGLUNDO","2748"
"33750","KALANGREJO","2662"
"33751","KALANGSONO","2600"
"33752","KALAPACUNG","2789"
"33753","KALEGEN","2730"
"33754","KALEN","2660"
"33755","KALENG","2617"
"33756","KALI GLAGAH","2816"
"33757","KALI URIP","2903"
"33758","KALIABU","2779"
"33759","KALIAJIR","3055"
"33760","KALIALANG","2955"
"33761","KALIALANG","3065"
"33762","KALIALANG","2673"
"33763","KALIAMAN","2696"
"33764","KALIANCAR","3089"
"33765","KALIANGET","2961"
"33766","KALIANGKRIK","2576"
"33767","KALIANYAR","2986"
"33768","KALIANYAR","2967"
"33769","KALIAYU","2966"
"33770","KALIBAGOR","3126"
"33771","KALIBAGOR","2568"
"33772","KALIBAKUNG","2678"
"33773","KALIBALIK","2705"
"33774","KALIBANGER","2708"
"33775","KALIBANGKANG","2615"
"33776","KALIBANTENG KIDUL","2956"
"33777","KALIBANTENG KULON","2956"
"33778","KALIBARENG","3052"
"33779","KALIBEBER","2607"
"33780","KALIBEJI","2884"
"33781","KALIBEJI","3024"
"33782","KALIBELUK","2797"
"33783","KALIBENDA","2587"
"33784","KALIBENDA","2729"
"33785","KALIBENING","2818"
"33786","KALIBENING","2623"
"33787","KALIBENING","2925"
"33788","KALIBENING","3082"
"33789","KALIBENING","3093"
"33790","KALIBOGOR","2980"
"33791","KALIBOJA","2869"
"33792","KALIBOMBONG","2623"
"33793","KALIBOTO","2903"
"33794","KALIBOTO","3013"
"33795","KALIBOYO","2881"
"33796","KALIBUNTU WETAN","2695"
"33797","KALIBUNTU","2638"
"33798","KALICACING","3073"
"33799","KALICARI","3087"
"33800","KALICES","3052"
"33801","KALICILIK","2754"
"33802","KALICUPAK KIDUL (KALIPUCAK KIDUL)","3126"
"33803","KALICUPAK LOR (KALIPUCAK LOR)","3126"
"33804","KALIDADAP","2921"
"33805","KALIDESEL","2819"
"33806","KALIDORO","2932"
"33807","KALIERANG","2578"
"33808","KALIERANG","2583"
"33809","KALIGADING","2776"
"33810","KALIGANGSA KULON","2770"
"33811","KALIGANGSA WETAN","2770"
"33812","KALIGANGSA","3017"
"33813","KALIGARANG","3010"
"33814","KALIGAWE","3083"
"33815","KALIGAWE","3124"
"33816","KALIGAWE","2879"
"33817","KALIGAYAM","3054"
"33818","KALIGAYAM","2908"
"33819","KALIGAYAM","2928"
"33820","KALIGELANG","2619"
"33821","KALIGENDING","2765"
"33822","KALIGENTONG","2814"
"33823","KALIGESING","2732"
"33824","KALIGINTUNG","2935"
"33825","KALIGIRI","2861"
"33826","KALIGLAGAH","2871"
"33827","KALIGONDANG","2613"
"33828","KALIGONDANG","2935"
"33829","KALIGONO","3071"
"33830","KALIGOWONG","2921"
"33831","KALIGUBUK","2694"
"33832","KALIGUWO","2899"
"33833","KALIHARJO","3071"
"33834","KALIJAMBE","2903"
"33835","KALIJAMBE","2726"
"33836","KALIJAMBE","2988"
"33837","KALIJAMBE","2978"
"33838","KALIJAMBU","2852"
"33839","KALIJARAN","2780"
"33840","KALIJARAN","3100"
"33841","KALIJAYA","2958"
"33842","KALIJERING","2694"
"33843","KALIJERING","2935"
"33844","KALIJERUK","2636"
"33845","KALIJIRAK","3015"
"33846","KALIJIREK","2568"
"33847","KALIJOSO","3025"
"33848","KALIJOSO","2693"
"33849","KALIJOYO","2979"
"33850","KALIJURANG","3078"
"33851","KALIKABONG","2633"
"33852","KALIKAJAR","2613"
"33853","KALIKAJAR","2968"
"33854","KALIKALONG","2816"
"33855","KALIKALONG","2894"
"33856","KALIKANGKUNG","2677"
"33857","KALIKARUNG","3065"
"33858","KALIKAYEN","2883"
"33859","KALIKEBO","2914"
"33860","KALIKESUR","2845"
"33861","KALIKIDANG","2773"
"33862","KALIKOBOK","2962"
"33863","KALIKONDANG","2754"
"33864","KALIKOTES","3090"
"33865","KALIKOTES","2935"
"33866","KALIKUDI","2574"
"33867","KALIKUNING","2968"
"33868","KALIKURMO","2726"
"33869","KALIKUTO","2681"
"33870","KALILANDAK","3127"
"33871","KALILANGKAP","2578"
"33872","KALILEMBU","3124"
"33873","KALILOKA","2861"
"33874","KALILUMPANG","3052"
"33875","KALILUNJAR","2781"
"33876","KALILUNJAR","2880"
"33877","KALIMACAN","2710"
"33878","KALIMADE","2981"
"33879","KALIMANAH KULON","2633"
"33880","KALIMANAH WETAN","2633"
"33881","KALIMANDI","3127"
"33882","KALIMANGGIS","3080"
"33883","KALIMANGGIS","2573"
"33884","KALIMARO","3067"
"33885","KALIMAS","2772"
"33886","KALIMATI","2584"
"33887","KALIMATI","2770"
"33888","KALIMATI","3042"
"33889","KALIMATI","2935"
"33890","KALIMENDONG","2918"
"33891","KALIMENENG","2871"
"33892","KALIMIRU","2731"
"33893","KALIMOJOSARI","2938"
"33894","KALIMULYO","3011"
"33895","KALINANAS","2873"
"33896","KALINANAS","2737"
"33897","KALINEGORO","2783"
"33898","KALING","3015"
"33899","KALINONGKO","2816"
"33900","KALINUSU","2578"
"33901","KALINYAMAT KULON","3017"
"33902","KALINYAMAT WETAN","2736"
"33903","KALIOMBO","2869"
"33904","KALIOMBO","3091"
"33905","KALIOMBO","2950"
"33906","KALIORI","3126"
"33907","KALIORI","2780"
"33908","KALIPAKIS","2980"
"33909","KALIPANCUR","2864"
"33910","KALIPANCUR","2640"
"33911","KALIPANCUR","2703"
"33912","KALIPANG","2777"
"33913","KALIPANG","2639"
"33914","KALIPELUS","3055"
"33915","KALIPOH","2615"
"33916","KALIPRAU","2599"
"33917","KALIPUCANG KULON","3040"
"33918","KALIPUCANG KULON","2975"
"33919","KALIPUCANG WETAN","3040"
"33920","KALIPUCANG WETAN","2975"
"33921","KALIPUCANG","2681"
"33922","KALIPUCANG","2955"
"33923","KALIPURU","2904"
"33924","KALIPURWO","2774"
"33925","KALIPUTIH","2958"
"33926","KALIPUTIH","2630"
"33927","KALIPUTIH","3095"
"33928","KALIPUTIH","2583"
"33929","KALIPUTIH","2823"
"33930","KALIPUTU","2839"
"33931","KALIRANCANG","2958"
"33932","KALIRANDU GEDE","2966"
"33933","KALIRANDU","2992"
"33934","KALIREJO","2652"
"33935","KALIREJO","2863"
"33936","KALIREJO","2585"
"33937","KALIREJO","3084"
"33938","KALIREJO","2925"
"33939","KALIREJO","2568"
"33940","KALIREJO","2859"
"33941","KALIREJO","2779"
"33942","KALIREJO","2823"
"33943","KALIREJO","2795"
"33944","KALIREJO","2916"
"33945","KALIREJO","2883"
"33946","KALIREJO","3059"
"33947","KALISABUK","2997"
"33948","KALISALAK","3040"
"33949","KALISALAK","2579"
"33950","KALISALAK","2845"
"33951","KALISALAK","2600"
"33952","KALISALAK","3054"
"33953","KALISALAK","2779"
"33954","KALISALEH","2646"
"33955","KALISANA","2765"
"33956","KALISAPU","3072"
"33957","KALISARI","2864"
"33958","KALISARI","2850"
"33959","KALISARI","2654"
"33960","KALISARI","2888"
"33961","KALISARI","2572"
"33962","KALISARI","3007"
"33963","KALISARI","2794"
"33964","KALISARI","2865"
"33965","KALISAT KIDUL","2623"
"33966","KALISEGORO","3038"
"33967","KALISEMO","2816"
"33968","KALISIDI","2722"
"33969","KALISOGRA WETAN","3126"
"33970","KALISOKA","2946"
"33971","KALISORO","2720"
"33972","KALISUBE","2924"
"33973","KALISUMUR","2578"
"33974","KALITANJUNG","2624"
"33975","KALITAPAS","2903"
"33976","KALITAPEN","3095"
"33977","KALITENGAH","2864"
"33978","KALITENGAH","2791"
"33979","KALITENGAH","2744"
"33980","KALITENGAH","2832"
"33981","KALITENGAH","3055"
"33982","KALITENGAH","2928"
"33983","KALITENGKEK","2896"
"33984","KALITINGGAR KIDUL","2954"
"33985","KALITINGGAR","2954"
"33986","KALITLAGA","2616"
"33987","KALITORONG","2772"
"33988","KALIURANG","2812"
"33989","KALIURIP","2871"
"33990","KALIURIP","2805"
"33991","KALIURIP","3095"
"33992","KALIWADAS","2584"
"33993","KALIWADAS","2578"
"33994","KALIWADER","2903"
"33995","KALIWANGI","3095"
"33996","KALIWARENG","2797"
"33997","KALIWATUBUMI","2605"
"33998","KALIWATUKRANGGAN","2605"
"33999","KALIWEDI","3008"
"34000","KALIWEDI","2579"
