"id","nama_desa","kecamatan_id"
"60001","PASAR BATU","4947"
"60002","PASAR JATI","4874"
"60003","PASAR KEMIS","4939"
"60004","PASAR LAMA","4863"
"60005","PASAR LAMA","4827"
"60006","PASAR LAMA","4836"
"60007","PASAR PANAS","4851"
"60008","PASAR SABTU","4909"
"60009","PASAR SENIN","4867"
"60010","PASAYANGAN BARAT","4945"
"60011","PASAYANGAN SELATAN","4945"
"60012","PASAYANGAN UTARA","4945"
"60013","PASIR PUTIH","4949"
"60014","PASIRAMAN","4919"
"60015","PASTING","4838"
"60016","PASUNGKAN","4921"
"60017","PATARIKAN","4905"
"60018","PATIH MUHUR BARU","4861"
"60019","PATIH MUHUR","4861"
"60020","PATIH SALERA","4897"
"60021","PATIKALAIN","4838"
"60022","PAUH","4829"
"60023","PAUL","4891"
"60024","PAWALUTAN","4905"
"60025","PAYA BESAR","4841"
"60026","PAYA","4855"
"60027","PEGATAN BESAR","4928"
"60028","PEJALA","4868"
"60029","PEJAMBUAN","4828"
"60030","PEKAPURAN LAUT","4863"
"60031","PEKAPURAN RAYA","4942"
"60032","PEKAUMAN DALAM","4834"
"60033","PEKAUMAN ULU","4834"
"60034","PEKAUMAN","4922"
"60035","PEKAUMAN","4834"
"60036","PELAIHARI","4848"
"60037","PELAJAU","4893"
"60038","PELAJU BARU","4974"
"60039","PELAMBUAN","4923"
"60040","PELAPI","4947"
"60041","PEMAKUAN","4828"
"60042","PEMANGKIH BARU","4939"
"60043","PEMANGKIH BARU","4900"
"60044","PEMANGKIH DARAT","4900"
"60045","PEMANGKIH SEBERANG","4910"
"60046","PEMANGKIH TENGAH","4900"
"60047","PEMANGKIH","4910"
"60048","PEMATANG BARU","4834"
"60049","PEMATANG BENTENG HILIR","4909"
"60050","PEMATANG BENTENG","4909"
"60051","PEMATANG DANAU","4919"
"60052","PEMATANG HAMBAWANG","4874"
"60053","PEMATANG KARANGAN HILIR","4854"
"60054","PEMATANG KARANGAN HULU","4854"
"60055","PEMATANG KARANGAN","4854"
"60056","PEMATANG PANJANG","4828"
"60057","PEMATANG ULIN","4934"
"60058","PEMATANG","4846"
"60059","PEMATANG","4904"
"60060","PEMBAKULAN","4831"
"60061","PEMBANTANAN","4828"
"60062","PEMBATAAN","4941"
"60063","PEMBELANCANAN","4952"
"60064","PEMUDA","4848"
"60065","PEMURUS BARU","4922"
"60066","PEMURUS DALAM","4922"
"60067","PEMURUS LUAR","4942"
"60068","PEMURUS","4842"
"60069","PENDALAMAN BARU","4884"
"60070","PENDALAMAN","4884"
"60071","PENGAMBANGAN","4942"
"60072","PENGAMBAU HILIR DALAM","4853"
"60073","PENGAMBAU HULU","4853"
"60074","PENGARON","4839"
"60075","PENGGALAMAN","4865"
"60076","PENGHULU","4862"
"60077","PENYAMBARAN","4827"
"60078","PENYOLONGAN","4868"
"60079","PERAMASAN 2X 9 (SANGA / SEMBILAN)","4954"
"60080","PERAMASAN ATAS","4857"
"60081","PERAMASAN BAWAH","4857"
"60082","PERINTIS RAYA","4866"
"60083","PESAYANGAN","4945"
"60084","PIHANIN RAYA","4906"
"60085","PIHAUNG","4937"
"60086","PIMPING","4832"
"60087","PIMPING","4930"
"60088","PINANG HABANG","4867"
"60089","PINANG HABANG","4878"
"60090","PINANG KARA","4867"
"60091","PINDAHAN BARU","4881"
"60092","PINDAHAN BARU","4957"
"60093","PINGARAN ILIR","4874"
"60094","PINGARAN ULU","4874"
"60095","PIPITAK JAYA","4895"
"60096","PIYAIT","4846"
"60097","PODOK","4842"
"60098","POLEWALI MARAJAE","4935"
"60099","PONDOK BABARIS","4914"
"60100","PONDOK BUTUN","4935"
"60101","PONDOK LABU","4964"
"60102","PUAIN KANAN","4915"
"60103","PUAIN KIWA","4830"
"60104","PUALAM SARI","4826"
"60105","PUDAK STEGAL","4851"
"60106","PUDAK","4846"
"60107","PUDI SEBERANG","4976"
"60108","PUDI","4976"
"60109","PUGAAN","4965"
"60110","PULANTAN","4842"
"60111","PULANTAN","4846"
"60112","PULANTANI / POLANTANI","4937"
"60113","PULAU ALALAK","4938"
"60114","PULAU DAMAR","4905"
"60115","PULAU KERASIAN","4970"
"60116","PULAU KERAYAAN","4970"
"60117","PULAU KERUMPUTAN","4970"
"60118","PULAU KUU (KUU)","4915"
"60119","PULAU NYIUR","4827"
"60120","PULAU PANCI","4974"
"60121","PULAU PANJANG","4917"
"60122","PULAU PINANG UTARA","4826"
"60123","PULAU PINANG","4826"
"60124","PULAU SALAK","4868"
"60125","PULAU SARI","4946"
"60126","PULAU SATU","4868"
"60127","PULAU SEWANGI","4938"
"60128","PULAU SUGARA","4938"
"60129","PULAU TAMBAK","4889"
"60130","PULAU TANJUNG","4868"
"60131","PULAU","4851"
"60132","PUNCAK HARAPAN","4877"
"60133","PUNTIK DALAM","4864"
"60134","PUNTIK LUAR","4864"
"60135","PUNTIK TENGAH","4864"
"60136","PUPUYUAN","4930"
"60137","PURAI","4904"
"60138","PURUI","4958"
"60139","PURUT","4911"
"60140","PURWODADI","4858"
"60141","PURWOSARI BARU","4956"
"60142","PURWOSARI I","4956"
"60143","PURWOSARI II","4956"
"60144","PUTAT ATAS  / TATAU","4914"
"60145","PUTAT BASIUN","4846"
"60146","PUYUN","4859"
"60147","RADEN","4936"
"60148","RAMPA MANUNGGUL","4907"
"60149","RAMPA","4888"
"60150","RAMPA","4894"
"60151","RAMPACENGAL","4964"
"60152","RAMPAH","4975"
"60153","RANATU KAMINTING (RANTAU KEMINTING)","4910"
"60154","RANGAS","4855"
"60155","RANGDA MALINGKUNG","4866"
"60156","RANGGA SURYA","4897"
"60157","RANGGANG DALAM","4928"
"60158","RANGGANG","4928"
"60159","RANTAU BAKULA","4940"
"60160","RANTAU BALAI","4869"
"60161","RANTAU BAMBAN","4898"
"60162","RANTAU BUDA","4951"
"60163","RANTAU BUJUR DARAT","4909"
"60164","RANTAU BUJUR HILIR","4909"
"60165","RANTAU BUJUR HULU","4909"
"60166","RANTAU BUJUR TENGAH","4909"
"60167","RANTAU BUJUR","4869"
"60168","RANTAU BUJUR","4905"
"60169","RANTAU BUJUR","4911"
"60170","RANTAU BUJUR","4910"
"60171","RANTAU BUJUR","4975"
"60172","RANTAU JAYA","4951"
"60173","RANTAU KANAN","4866"
"60174","RANTAU KARAU HILIR","4914"
"60175","RANTAU KARAU HULU","4914"
"60176","RANTAU KARAU RAYA","4914"
"60177","RANTAU KARAU TENGAH","4914"
"60178","RANTAU KIWA","4866"
"60179","RANTAU NANGKA","4940"
"60180","RANTAU PANJANG HILIR","4868"
"60181","RANTAU PANJANG HULU","4868"
"60182","RANTAWAN","4867"
"60183","RAWANA HULU","4926"
"60184","RAWANA","4926"
"60185","RAYA BELANTI","4826"
"60186","REJO WINANGUN","4934"
"60187","REJOSARI","4950"
"60188","REMO","4857"
"60189","RIAM ADUNGAN","4949"
"60190","RIBANG","4947"
"60191","RIMBUN TULANG","4873"
"60192","RINGKIT","4961"
"60193","RINTISAN","4918"
"60194","RIWA","4893"
"60195","ROHAM RAYA","4878"
"60196","RUKAM HILIR","4889"
"60197","RUKAM HULU","4889"
"60198","RUMINTIN","4955"
"60199","RUMPIANG","4881"
"60200","SABUHUR","4843"
"60201","SAHAPI","4974"
"60202","SAKADOYAN","4964"
"60203","SAKALIMAU","4964"
"60204","SALAM BABARIS","4969"
"60205","SALAMAN","4949"
"60206","SALIKUNG","4947"
"60207","SALIMURAN","4868"
"60208","SALINO (MANIANG)","4977"
"60209","SAMBANGAN","4912"
"60210","SAMPANAHAN HILIR","4907"
"60211","SAMPANAHAN","4907"
"60212","SAMPURNA","4887"
"60213","SAMUDA","4897"
"60214","SAMUDA","4906"
"60215","SANG-SANG","4960"
"60216","SANGKING BARU","4952"
"60217","SANTUUN","4947"
"60218","SAPALA","4845"
"60219","SARAKAMAN","4894"
"60220","SARANG BURUNG","4918"
"60221","SARANG HALANG","4848"
"60222","SARANG HALANG","4872"
"60223","SARANG TIUNG","4888"
"60224","SARI GADUNG","4917"
"60225","SARI MULYA","4931"
"60226","SARI MULYA / MULIA","4950"
"60227","SARI UTAMA","4931"
"60228","SARIKANDI","4936"
"60229","SARING SEI / SUNGAI BINJAI","4868"
"60230","SARING SEI / SUNGAI BUBU","4868"
"60231","SATIUNG","4868"
"60232","SATUI BARAT","4835"
"60233","SATUI TIMUR","4835"
"60234","SAWAHAN","4882"
"60235","SAWAJA","4926"
"60236","SAWANG","4955"
"60237","SEBAMBAN BARU","4949"
"60238","SEBAMBAN BARU","4931"
"60239","SEBAMBAN LAMA","4931"
"60240","SEBANTI","4959"
"60241","SEBATUNG","4888"
"60242","SEBELIMBINGAN","4888"
"60243","SEBERANG MASJID","4863"
"60244","SEBULI","4960"
"60245","SEGUMBANG","4935"
"60246","SEI / SUNGAI ALANG","4827"
"60247","SEI / SUNGAI ALAT","4874"
"60248","SEI / SUNGAI ANYAR","4904"
"60249","SEI / SUNGAI ARFAT","4827"
"60250","SEI / SUNGAI ASAM","4827"
"60251","SEI / SUNGAI AWANG","4930"
"60252","SEI / SUNGAI BAHADANGAN","4905"
"60253","SEI / SUNGAI BAHALANG","4854"
"60254","SEI / SUNGAI BAHIM","4840"
"60255","SEI / SUNGAI BAKAR","4890"
"60256","SEI / SUNGAI BAKAU","4936"
"60257","SEI / SUNGAI BAKUNG","4828"
"60258","SEI / SUNGAI BALI","4894"
"60259","SEI / SUNGAI BAMBAN","4957"
"60260","SEI / SUNGAI BANGKAL","4828"
"60261","SEI / SUNGAI BARING","4867"
"60262","SEI / SUNGAI BARU","4863"
"60263","SEI / SUNGAI BATANG ILIR","4865"
"60264","SEI / SUNGAI BATANG","4865"
"60265","SEI / SUNGAI BATUNG","4924"
"60266","SEI / SUNGAI BESAR","4963"
"60267","SEI / SUNGAI BESAR","4827"
"60268","SEI / SUNGAI BETUNG","4907"
"60269","SEI / SUNGAI BILU","4942"
"60270","SEI / SUNGAI BINUANG","4937"
"60271","SEI / SUNGAI BULAN","4840"
"60272","SEI / SUNGAI BULUH","4851"
"60273","SEI / SUNGAI BULUH","4910"
"60274","SEI / SUNGAI CUKA","4949"
"60275","SEI / SUNGAI CUKA","4835"
"60276","SEI / SUNGAI DALAM","4880"
"60277","SEI / SUNGAI DANAU","4835"
"60278","SEI / SUNGAI DUA LAUT","4931"
"60279","SEI / SUNGAI DUA","4917"
"60280","SEI / SUNGAI DURAIT HILIR","4880"
"60281","SEI / SUNGAI DURAIT HULU","4880"
"60282","SEI / SUNGAI DURAIT TENGAH","4880"
"60283","SEI / SUNGAI DURIAN","4904"
"60284","SEI / SUNGAI GAMPA ASAHI","4957"
"60285","SEI / SUNGAI GAMPA","4957"
"60286","SEI / SUNGAI GARUDA","4921"
"60287","SEI / SUNGAI HAJI","4909"
"60288","SEI / SUNGAI HANYAR","4976"
"60289","SEI / SUNGAI HARANG","4853"
"60290","SEI / SUNGAI JARANIH","4902"
"60291","SEI / SUNGAI JATI","4919"
"60292","SEI / SUNGAI JELAI","4946"
"60293","SEI / SUNGAI JINGAH BESAR","4943"
"60294","SEI / SUNGAI JINGAH","4837"
"60295","SEI / SUNGAI KALI","4884"
"60296","SEI / SUNGAI KALI","4872"
"60297","SEI / SUNGAI KAMBAT","4882"
"60298","SEI / SUNGAI KARIAS","4867"
"60299","SEI / SUNGAI KITANO","4834"
"60300","SEI / SUNGAI KUINI","4914"
"60301","SEI / SUNGAI KUMAP","4947"
"60302","SEI / SUNGAI KUPANG JAYA","4952"
"60303","SEI / SUNGAI KUPANG","4913"
"60304","SEI / SUNGAI KUPANG","4844"
"60305","SEI / SUNGAI KUPANG","4903"
"60306","SEI / SUNGAI LAKUM","4939"
"60307","SEI / SUNGAI LANDAS","4827"
"60308","SEI / SUNGAI LANGSAT","4836"
"60309","SEI / SUNGAI LEMBU","4868"
"60310","SEI / SUNGAI LIMAS","4937"
"60311","SEI / SUNGAI LIMAU","4932"
"60312","SEI / SUNGAI LIRIK","4886"
"60313","SEI / SUNGAI LOBAN","4931"
"60314","SEI / SUNGAI LUANG HILIR","4880"
"60315","SEI / SUNGAI LUANG HULU","4880"
"60316","SEI / SUNGAI LULUT","4942"
"60317","SEI / SUNGAI LULUT","4828"
"60318","SEI / SUNGAI LUMBAH","4938"
"60319","SEI / SUNGAI LURUS","4896"
"60320","SEI / SUNGAI MALANG","4867"
"60321","SEI / SUNGAI MANDALA","4921"
"60322","SEI / SUNGAI MIAI","4837"
"60323","SEI / SUNGAI MUSANG","4842"
"60324","SEI / SUNGAI NAMANG","4918"
"60325","SEI / SUNGAI NIPAH","4952"
"60326","SEI / SUNGAI NYIUR","4880"
"60327","SEI / SUNGAI PANANGAH","4918"
"60328","SEI / SUNGAI PANDAN HILIR","4914"
"60329","SEI / SUNGAI PANDAN HULU","4914"
"60330","SEI / SUNGAI PANDAN TENGAH","4914"
"60331","SEI / SUNGAI PANTAI","4957"
"60332","SEI / SUNGAI PAPUYU","4880"
"60333","SEI / SUNGAI PARING","4844"
"60334","SEI / SUNGAI PARING","4945"
"60335","SEI / SUNGAI PASIR","4977"
"60336","SEI / SUNGAI PIMPING","4830"
"60337","SEI / SUNGAI PINANG BARU","4828"
"60338","SEI / SUNGAI PINANG LAMA","4828"
"60339","SEI / SUNGAI PINANG","4906"
"60340","SEI / SUNGAI PINANG","4960"
"60341","SEI / SUNGAI PINANG","4940"
"60342","SEI / SUNGAI PINANG","4914"
"60343","SEI / SUNGAI PINANG","4946"
"60344","SEI / SUNGAI PITUNG","4938"
"60345","SEI / SUNGAI PUMPUNG","4846"
"60346","SEI / SUNGAI PUNGGAWA","4960"
"60347","SEI / SUNGAI PUNGGU BARU","4861"
"60348","SEI / SUNGAI PUNGGU","4861"
"60349","SEI / SUNGAI PUTING","4926"
"60350","SEI / SUNGAI RAMANIA","4864"
"60351","SEI / SUNGAI RANGAS HAMBUKU","4865"
"60352","SEI / SUNGAI RANGAS TENGAH","4865"
"60353","SEI / SUNGAI RANGAS ULU","4865"
"60354","SEI / SUNGAI RANGAS","4902"
"60355","SEI / SUNGAI RANGAS","4865"
"60356","SEI / SUNGAI RASAU","4953"
"60357","SEI / SUNGAI RASAU","4882"
"60358","SEI / SUNGAI RAYA SELATAN","4872"
"60359","SEI / SUNGAI RAYA UTARA","4872"
"60360","SEI / SUNGAI RAYA","4882"
"60361","SEI / SUNGAI RAYA","4836"
"60362","SEI / SUNGAI RIAM","4848"
"60363","SEI / SUNGAI RUKAM I","4965"
"60364","SEI / SUNGAI RUKAM II","4965"
"60365","SEI / SUNGAI RUKAM","4860"
"60366","SEI / SUNGAI RUTAS HULU","4916"
"60367","SEI / SUNGAI RUTAS","4916"
"60368","SEI / SUNGAI SAHURAI","4957"
"60369","SEI / SUNGAI SALAI HILIR","4926"
"60370","SEI / SUNGAI SALAI","4926"
"60371","SEI / SUNGAI SANDUNG","4914"
"60372","SEI / SUNGAI SELUANG PASAR","4897"
"60373","SEI / SUNGAI SELUANG","4897"
"60374","SEI / SUNGAI SELUANG","4976"
"60375","SEI / SUNGAI SIPAI","4945"
"60376","SEI / SUNGAI TABUK KERAMAT","4828"
"60377","SEI / SUNGAI TABUK KOTA","4828"
"60378","SEI / SUNGAI TABUK","4930"
"60379","SEI / SUNGAI TABUK","4836"
"60380","SEI / SUNGAI TABUKAN","4909"
"60381","SEI / SUNGAI TAIB","4888"
"60382","SEI / SUNGAI TANDIPAH","4828"
"60383","SEI / SUNGAI TELAN BESAR","4943"
"60384","SEI / SUNGAI TELAN KECIL","4943"
"60385","SEI / SUNGAI TELAN MUARA","4943"
"60386","SEI / SUNGAI TERAS DALAM","4943"
"60387","SEI / SUNGAI TERAS LUAR","4943"
"60388","SEI / SUNGAI TIUNG","4901"
"60389","SEI / SUNGAI TUAN ILIR","4874"
"60390","SEI / SUNGAI TUAN ULU","4874"
"60391","SEI / SUNGAI TUNJANG","4882"
"60392","SEI / SUNGAI TURAK DALAM","4832"
"60393","SEI / SUNGAI TURAK","4832"
"60394","SEI / SUNGAI ULIN","4971"
"60395","SEI / SUNGAI ZAM ZAM","4880"
"60396","SEJAHTERA","4917"
"60397","SEJAKAH","4932"
"60398","SEKANDIS","4964"
"60399","SEKAPUK","4835"
"60400","SEKAPUNG","4894"
"60401","SEKATA BARU","4956"
"60402","SEKAYU BARU","4892"
"60403","SEKUMPUL","4945"
"60404","SELA SELILAU","4934"
"60405","SELARU","4977"
"60406","SELAT MAKMUR","4881"
"60407","SEMANGAT BAKTI","4938"
"60408","SEMANGAT DALAM","4938"
"60409","SEMANGAT KARYA","4938"
"60410","SEMARAS","4959"
"60411","SEMAYAP","4888"
"60412","SEMBILANG","4960"
"60413","SEMISIR","4977"
"60414","SENAKIN SEBERANG","4960"
"60415","SENAKIN","4960"
"60416","SENGAYAM","4933"
"60417","SEPAGAR","4959"
"60418","SEPAKAT BERSAMA","4861"
"60419","SEPAKAT","4950"
"60420","SEPAPAH","4907"
"60421","SEPUNGGUR","4868"
"60422","SERADANG","4948"
"60423","SERAWI","4854"
"60424","SERDANGAN","4868"
"60425","SERONGGA","4974"
"60426","SESULUNG","4964"
"60427","SETARAP","4835"
"60428","SETIAP","4908"
"60429","SHABAH","4911"
"60430","SI AYUH","4927"
"60431","SIANG GANTUNG","4883"
"60432","SIDO MULYO","4903"
"60433","SIDO MULYO","4950"
"60434","SIDO MULYO","4878"
"60435","SIDOMAKMUR","4862"
"60436","SIDOREJO","4956"
"60437","SIGAM","4888"
"60438","SIKONTAN","4846"
"60439","SIMPANG ARJA","4957"
"60440","SIMPANG BUMBUAN","4833"
"60441","SIMPANG EMPAT SUNGAIBARU","4843"
"60442","SIMPANG EMPAT","4889"
"60443","SIMPANG EMPAT","4939"
"60444","SIMPANG EMPAT","4836"
"60445","SIMPANG JAYA","4878"
"60446","SIMPANG LIMA","4836"
"60447","SIMPANG NADUNG / NADONG","4833"
"60448","SIMPANG NUNGKI","4882"
"60449","SIMPANG TIGA","4889"
"60450","SIMPANG TIGA","4930"
"60451","SIMPANG TIGA","4919"
"60452","SIMPANG WARGA DALAM","4842"
"60453","SIMPANG WARGA","4842"
"60454","SIMPUNG LAYUNG","4947"
"60455","SIMPUR","4850"
"60456","SINAR BARU","4957"
"60457","SINAR BULAN","4835"
"60458","SINDANG JAYA","4836"
"60459","SIRAP","4924"
"60460","SIRIH HULU","4885"
"60461","SIRIH","4885"
"60462","SOLAN","4958"
"60463","STAGEN","4888"
"60464","SUATO BARU","4969"
"60465","SUATO LAMA","4969"
"60466","SUATO TATAKAN","4955"
"60467","SUBUR MAKMUR (SEPAGAR I)","4959"
"60468","SUKA MAJU","4952"
"60469","SUKA RAMAH","4925"
"60470","SUKADAMAI","4950"
"60471","SUKADANA","4964"
"60472","SUKAMAJU","4935"
"60473","SUKAMAJU","4907"
"60474","SUKARAMAI","4897"
"60475","SUKARAMAI","4854"
"60476","SULANGKIT","4976"
"60477","SULINGAN","4941"
"60478","SUMANGGI SEMERANG  /  SEBERANG","4875"
"60479","SUMANGGI","4875"
"60480","SUMBER AGUNG","4859"
"60481","SUMBER ARUM","4835"
"60482","SUMBER BARU","4858"
"60483","SUMBER BARU","4940"
"60484","SUMBER HARAPAN","4940"
"60485","SUMBER JAYA","4949"
"60486","SUMBER MAKMUR","4835"
"60487","SUMBER MAKMUR","4931"
"60488","SUMBER MAKMUR","4928"
"60489","SUMBER MULIA","4848"
"60490","SUMBER RAHAYU","4878"
"60491","SUMBER REJEKI","4924"
"60492","SUMBER SARI (SEPAGAR II)","4959"
"60493","SUMBER SARI","4836"
"60494","SUMBER SARI","4931"
"60495","SUMBER WANGI","4934"
"60496","SUNGAI ANDAI","4837"
"60497","SUNGAI KETAPI","4879"
"60498","SUNGKAI BARU","4836"
"60499","SUNGKAI","4836"
"60500","SUNGSUM","4833"
"60501","SUNGUP KANAN","4977"
"60502","SUPUT","4948"
"60503","SURGI MUFTI","4837"
"60504","SURIAN HANYAR","4836"
"60505","SURIAN","4919"
"60506","SURIYAN","4948"
"60507","SURYA KANTA","4878"
"60508","SURYATAMA","4859"
"60509","SWARANGAN","4843"
"60510","SYAMSUDIN NOOR","4962"
"60511","TAAL","4902"
"60512","TABALONG MATI","4832"
"60513","TABANIO","4928"
"60514","TABAT PADANG","4853"
"60515","TABAT","4910"
"60516","TABATAN BARU","4873"
"60517","TABATAN","4873"
"60518","TABIHI","4929"
"60519","TABING LERING","4832"
"60520","TABING RIMBAH","4864"
"60521","TABUAN","4859"
"60522","TABUDARAT HILIR","4902"
"60523","TABUDARAT HULU","4902"
"60524","TABUKAN RAYA","4898"
"60525","TABUNGANEN KECIL","4943"
"60526","TABUNGANEN MUARA","4943"
"60527","TABUNGANEN PEMURUS","4943"
"60528","TABUNGANEN TENGAH","4943"
"60529","TAIBAH RAYA","4900"
"60530","TAJAU LANDUNG","4828"
"60531","TAJAU MULIA","4847"
"60532","TAJAU PECAH","4847"
"60533","TAKISUNG","4928"
"60534","TAKULAT","4851"
"60535","TAKUTI","4919"
"60536","TALAN","4904"
"60537","TALUK HAUR","4921"
"60538","TALUSI","4964"
"60539","TAMBA JAYA","4898"
"60540","TAMBAK ANYAR ILIR","4834"
"60541","TAMBAK ANYAR ULU","4834"
"60542","TAMBAK ANYAR","4834"
"60543","TAMBAK BARU ILIR","4945"
"60544","TAMBAK BARU ULU","4945"
"60545","TAMBAK BARU","4945"
"60546","TAMBAK BITIN","4921"
"60547","TAMBAK DANAU","4874"
"60548","TAMBAK KARYA","4936"
"60549","TAMBAK PADI","4881"
"60550","TAMBAK SARI PANJI","4937"
"60551","TAMBAK SARINAN / SARINAH","4936"
"60552","TAMBAK SIRANG BARU","4913"
"60553","TAMBAK SIRANG DARAT","4913"
"60554","TAMBAK SIRANG LAUT","4913"
"60555","TAMBALANG KECIL","4914"
"60556","TAMBALANG RAYA","4909"
"60557","TAMBALANG TENGAH","4914"
"60558","TAMBALANG","4914"
"60559","TAMBALANGAN","4867"
"60560","TAMBAN BANGUN BARU","4956"
"60561","TAMBAN BANGUN","4956"
"60562","TAMBAN KECIL","4956"
"60563","TAMBAN MUARA BARU","4956"
"60564","TAMBAN MUARA","4956"
"60565","TAMBAN RAYA BARU","4968"
"60566","TAMBAN RAYA","4968"
"60567","TAMBAN SARI BARU","4956"
"60568","TAMBANG ULANG","4946"
"60569","TAMBANGAN","4874"
"60570","TAMBANGAN","4906"
"60571","TAMBARANGAN","4955"
"60572","TAMBINGKAR","4885"
"60573","TAMIANG BAKUNG","4960"
"60574","TAMIYANG","4892"
"60575","TAMIYANG","4872"
"60576","TAMIYANG","4915"
"60577","TAMPAKANG","4845"
"60578","TAMPANG AWANG","4900"
"60579","TAMPANG","4930"
"60580","TAMPANG","4848"
"60581","TAMUNIH","4860"
"60582","TAMUNTI","4965"
"60583","TANAH ABANG","4919"
"60584","TANAH BANGKANG","4872"
"60585","TANAH HABANG KANAN","4930"
"60586","TANAH HABANG KIRI","4930"
"60587","TANAH HABANG","4855"
"60588","TANAH INTAN","4836"
"60589","TANAH RATA","4960"
"60590","TANDILANG","4831"
"60591","TANDUI","4955"
"60592","TANETTE","4868"
"60593","TANGALIN","4846"
"60594","TANGGA ULIN HILIR","4867"
"60595","TANGGA ULIN HULU","4867"
"60596","TANGGUL REJO","4943"
"60597","TANGKAS","4865"
"60598","TANGKAWANG BARU","4891"
"60599","TANGKAWANG","4891"
"60600","TANGKAWANG","4937"
"60601","TANIPAH","4842"
"60602","TANIPAH","4864"
"60603","TANIRAN KUBAH","4856"
"60604","TANIRAN SELATAN","4856"
"60605","TANJUNG BATU","4960"
"60606","TANJUNG DEWA","4925"
"60607","TANJUNG HARAPAN","4938"
"60608","TANJUNG KUNYIT","4899"
"60609","TANJUNG LALAK SELATAN","4970"
"60610","TANJUNG LALAK UTARA","4970"
"60611","TANJUNG NYIUR","4972"
"60612","TANJUNG PAGAR","4922"
"60613","TANJUNG PANGGA","4952"
"60614","TANJUNG PELAYAR","4899"
"60615","TANJUNG PENGHARAPAN","4932"
"60616","TANJUNG REMA DARAT","4945"
"60617","TANJUNG REMA","4945"
"60618","TANJUNG SAMALANTAKAN","4964"
"60619","TANJUNG SARI","4927"
"60620","TANJUNG SELAYAR","4960"
"60621","TANJUNG SELOKA UTARA","4840"
"60622","TANJUNG SELOKA","4840"
"60623","TANJUNG SELOR","4883"
"60624","TANJUNG SERUDUNG","4840"
"60625","TANJUNG SUNGKAI","4899"
"60626","TANJUNG TENGAH","4899"
"60627","TANJUNG","4890"
"60628","TANJUNG","4830"
"60629","TANTA HULU","4915"
"60630","TANTA","4915"
"60631","TANTARINGIN","4967"
"60632","TAPUK","4829"
"60633","TAPUS DALAM","4914"
"60634","TAPUS","4867"
"60635","TAPUS","4860"
"60636","TARANGAN","4920"
"60637","TARAS PADANG","4902"
"60638","TARIWIN","4893"
"60639","TARJUN","4974"
"60640","TARUNGIN","4871"
"60641","TATA MEKAR","4899"
"60642","TATAH ALAYUNG","4864"
"60643","TATAH BANGKAL","4900"
"60644","TATAH LABAN","4914"
"60645","TATAH LAYAP","4900"
"60646","TATAH MESJID","4938"
"60647","TATAKAN","4955"
"60648","TAWAHAN","4924"
"60649","TAWIA","4856"
"60650","TAYUR","4832"
"60651","TEBING SIRING","4890"
"60652","TEBING TINGGI","4960"
"60653","TEBING TINGGI","4850"
"60654","TEBING TINGGI","4833"
"60655","TEGAL REJO","4974"
"60656","TEGAL SARI","4835"
"60657","TELAGA BAMBAN","4832"
"60658","TELAGA BARU","4975"
"60659","TELAGA BIDADARI","4872"
"60660","TELAGA BIRU","4923"
"60661","TELAGA HANYAR","4889"
"60662","TELAGA LANGSAT","4928"
"60663","TELAGA LANGSAT","4849"
"60664","TELAGA MAS","4918"
"60665","TELAGA PURUN","4920"
"60666","TELAGA SARI","4889"
"60667","TELAGA SARI","4974"
"60668","TELAGA SILABA","4889"
"60669","TELAGA SILI SILI","4856"
"60670","TELAGA","4848"
"60671","TELAGAITAR","4851"
"60672","TELANG","4875"
"60673","TELAWANG","4923"
"60674","TELOK SELONG ULU","4865"
"60675","TELOK SELONG","4865"
"60676","TELUK ARU","4970"
"60677","TELUK BARU","4889"
"60678","TELUK BAYUR","4924"
"60679","TELUK BETUNG","4914"
"60680","TELUK BULUH","4905"
"60681","TELUK CATI","4909"
"60682","TELUK DALAM","4863"
"60683","TELUK DAUN","4832"
"60684","TELUK GOSONG","4932"
"60685","TELUK HAUR","4926"
"60686","TELUK HAUR","4937"
"60687","TELUK KARYA","4930"
"60688","TELUK KEMUNING","4970"
"60689","TELUK KEPAYANG","4860"
"60690","TELUK LABAK","4921"
"60691","TELUK LIMBUNG","4880"
"60692","TELUK MESJID","4893"
"60693","TELUK MESJID","4918"
"60694","TELUK MESJID","4853"
"60695","TELUK MESJID","4932"
"60696","TELUK MESJID","4914"
"60697","TELUK PARING","4889"
"60698","TELUK SARI","4889"
"60699","TELUK SARIKAT","4905"
"60700","TELUK SINAR","4914"
"60701","TELUK SIRIH","4840"
"60702","TELUK SUNGAI","4972"
"60703","TELUK TAMBA","4898"
"60704","TELUK TAMIANG  /  TAMIYANG","4899"
"60705","TELUK TIRAM","4923"
"60706","TEMBUK BAHALANG","4855"
"60707","TENGAH","4972"
"60708","TEPIAN BALAI","4959"
"60709","TERANGKIH  /  TERANGKEH","4959"
"60710","TERANTANG","4864"
"60711","TERAPU","4842"
"60712","TERATAU","4958"
"60713","TEROMBONG SARI","4951"
"60714","TIBARAU PANJANG","4860"
"60715","TIBUNG RAYA","4844"
"60716","TIGARUN","4867"
"60717","TIGARUN","4924"
"60718","TILAHAN","4838"
"60719","TIMBAAN","4955"
"60720","TIMBUN TULANG","4893"
"60721","TIMBUNG","4911"
"60722","TINGGIRAN BARU","4968"
"60723","TINGGIRAN DARAT","4968"
"60724","TINGGIRAN LUAR II","4956"
"60725","TINGGIRAN TENGAH","4968"
"60726","TIRAWAN","4888"
"60727","TIRIK","4854"
"60728","TIRTA JAYA","4890"
"60729","TIWINGAN BARU","4869"
"60730","TIWINGAN LAMA","4869"
"60731","TRI MARTANI","4931"
"60732","TRI MULYA","4931"
"60733","TUHURAN","4937"
"60734","TUMBUKAN BANYU","4906"
"60735","TUMIH","4878"
"60736","TUMINGKI","4966"
"60737","TUNDAKAN","4846"
"60738","TUNDI","4846"
"60739","TUNGGUL IRANG ILIR","4945"
"60740","TUNGGUL IRANG ULU","4945"
"60741","TUNGGUL IRANG","4945"
"60742","TUNGKAP","4826"
"60743","TUNGKARAN PANGERAN","4917"
"60744","TUNGKARAN","4945"
"60745","TUNGKARAN","4848"
"60746","TUNGKUP","4910"
"60747","UJUNG BARU","4912"
"60748","UJUNG BATU","4848"
"60749","UJUNG MURUNG","4889"
"60750","UJUNG","4912"
"60751","UJUNG","4894"
"60752","ULANG (MUARA ULANG)","4966"
"60753","ULIN","4850"
"60754","ULU BENTENG","4862"
"60755","UREN","4859"
"60756","USIH","4870"
"60757","UWIE","4947"
"60758","WALANGKIR","4915"
"60759","WALATUNG","4908"
"60760","WALING","4870"
"60761","WANASARI","4931"
"60762","WARINGIN KENCANA","4878"
"60763","WARINGIN TUNGGAL","4961"
"60764","WARINGIN","4891"
"60765","WARINGIN","4937"
"60766","WARUKIN","4915"
"60767","WASAH HILIR","4850"
"60768","WASAH HULU","4850"
"60769","WASAH TENGAH","4850"
"60770","WAWAI GARDU","4855"
"60771","WAWAI","4855"
"60772","WAYAU","4830"
"60773","WILAS","4976"
"60774","WIRANG","4948"
"60775","WIRITASI","4868"
"60776","WONOREJO","4924"
"60777","WONOREJO","4860"
"60778","WONOREJO","4892"
"60779","WONOREJO","4835"
"60780","ABIT","4978"
"60781","AIR HITAM","4979"
"60782","AIR MATI","4980"
"60783","AIR PUTIH","4979"
"60784","AMBARAWANG DARAT","4981"
"60785","AMBARAWANG LAUT","4981"
"60786","AMPEN MEDANG","4982"
"60787","ANAH","4983"
"60788","ANAN JAYA","4984"
"60789","ANGGANA","4985"
"60790","API API","4986"
"60791","API-API","4987"
"60792","ARGO MULYO","4988"
"60793","ARGOSARI","4981"
"60794","ASA","4989"
"60795","ATANG PAIT","4990"
"60796","AWAI","4991"
"60797","BAAY","4992"
"60798","BABULU DARAT","4993"
"60799","BABULU LAUT","4993"
"60800","BADAK BARU","4994"
"60801","BADAK MEKAR","4994"
"60802","BAI JAYA","4995"
"60803","BAKUNG","4996"
"60804","BAKUNGAN","4997"
"60805","BALIK KUKUK (BALIKUKUP)","4982"
"60806","BALOK ASA","4989"
"60807","BANDARA","4998"
"60808","BANGUN JAYA","4999"
"60809","BANGUN MULYA","4986"
"60810","BANGUN REJO","5000"
"60811","BANGUN SARI","5001"
"60812","BANTUAS","5002"
"60813","BAQA / BAKA / RAPAK DALAM","5003"
"60814","BARONG TONGKOK","4989"
"60815","BARU (KAMPUNG BARU)","5004"
"60816","BARU ILIR","5005"
"60817","BARU TENGAH","5005"
"60818","BARU ULU","5005"
"60819","BATOQ KELO (BATU KELAU)","5006"
"60820","BATU AMPAR","5007"
"60821","BATU BALAI","5008"
"60822","BATU BATU","4994"
"60823","BATU BUTOK","5009"
"60824","BATU LEPOQ","4992"
"60825","BATU MAJANG","5006"
"60826","BATU PUTIH","4982"
"60827","BATU SOPANG","5010"
"60828","BATU TIMBAU","5011"
"60829","BATU-BATU","5012"
"60830","BATUAH","4997"
"60831","BATUQ","5013"
"60832","BEBANIR (SEI BEBANIR BANGUN)","5014"
"60833","BEKOKONG MAKMUR (RESAK BEKOKONG)","5015"
"60834","BEKOSO","5016"
"60835","BELEMPUNG ULAQ","4989"
"60836","BELIMBING","5017"
"60837","BELIMBING","4990"
"60838","BELORO","5018"
"60839","BENA BARU","5014"
"60840","BENDANG RAYA","5004"
"60841","BENGGERIS","5019"
"60842","BENHES","5020"
"60843","BENTAS","5021"
"60844","BENTE / TUALAN","5022"
"60845","BENUA BARU ILIR","5023"
"60846","BENUA BARU ULU","5023"
"60847","BENUA BARU","5024"
"60848","BENUA BARU","5008"
"60849","BENUA HARAPAN","5011"
"60850","BENUA PUHUN","5025"
"60851","BENUNG","5026"
"60852","BEREBAS PANTAI (BERBAS PANTAI)","5027"
"60853","BEREBAS TENGAH (BERBAS TENGAH)","5027"
"60854","BERINGIN AGUNG","4981"
"60855","BERMAI","5026"
"60856","BESIQ (BESIK)","5026"
"60857","BETUNG","5021"
"60858","BIATAN BAPINANG","5028"
"60859","BIATAN BARU","5028"
"60860","BIATAN ILIR","5028"
"60861","BIATAN LEMPAKE","5028"
"60862","BIATAN ULU","5028"
"60863","BIDUK-BIDUK","5029"
"60864","BIGUNG BARU","5001"
"60865","BILA TALANG","5030"
"60866","BINANGON","5009"
"60867","BINUANG","4988"
"60868","BIRANG","5012"
"60869","BIU","5031"
"60870","BONTANG BARU","4987"
"60871","BONTANG KUALA","4987"
"60872","BONTANG LESTARI","5027"
"60873","BREWE","4990"
"60874","BUANA JAYA","5000"
"60875","BUDAYA LEKAQ KIDAU","5018"
"60876","BUGIS","5032"
"60877","BUGIS","5033"
"60878","BUKIT BIRU","5004"
"60879","BUKIT HARAPAN","5034"
"60880","BUKIT HARAPAN","4999"
"60881","BUKIT JERING","5025"
"60882","BUKIT LAYANG","5035"
"60883","BUKIT MAKMUR JAYA","5028"
"60884","BUKIT MAKMUR","4999"
"60885","BUKIT MAKMUR","5036"
"60886","BUKIT MERDEKA","4981"
"60887","BUKIT PARIAMAN","5000"
"60888","BUKIT PERMATA","5037"
"60889","BUKIT PINANG","4979"
"60890","BUKIT RAYA (SEPAKU I)","4988"
"60891","BUKIT RAYA","4981"
"60892","BUKIT RAYA","5000"
"60893","BUKIT SELOKA","4990"
"60894","BUKIT SUBUR","5038"
"60895","BUKUAN","5002"
"60896","BULU MINUNG","5038"
"60897","BULUK SEN","5030"
"60898","BUMI ETAM","5037"
"60899","BUMI HARAPAN","4988"
"60900","BUMI JAYA","5037"
"60901","BUMI JAYA","5039"
"60902","BUMI RAPAK","5037"
"60903","BUMI SEJAHTERA","4999"
"60904","BUNGA JADI","5025"
"60905","BUNGA PUTIH","5040"
"60906","BUSUI","5010"
"60907","BUYUNG-BUYUNG (RADAK)","5041"
"60908","CAMPUR SARI","5039"
"60909","CEMPEDAS","5019"
"60910","CIPARI MAKMUR","5025"
"60911","CIPTA GRAHA","5037"
"60912","CITRA MANUNGGAL JAYA","4999"
"60913","DABEQ","5020"
"60914","DADI MULYA","4979"
"60915","DAMAI BAHAGIA","5042"
"60916","DAMAI BARU","5042"
"60917","DAMAI KOTA","5026"
"60918","DAMAI SEBERANG","5026"
"60919","DAMAI","5043"
"60920","DAMIT","5016"
"60921","DANAU REDAN","5044"
"60922","DANUM PAROY / PAROI","5045"
"60923","DASAQ","5046"
"60924","DATAH BILANG BARU","5047"
"60925","DATAH BILANG ILIR","5047"
"60926","DATAH BILANG ULU","5047"
"60927","DATAH NAHA","5048"
"60928","DELANG KEROHONG","5048"
"60929","DEMPAR","4991"
"60930","DERAYA","5034"
"60931","DIAQ LAY","5020"
"60932","DILANG PUTI","4984"
"60933","DINGIN","5019"
"60934","DONDANG","5049"
"60935","DUMARING","5039"
"60936","EKA SAPTA","5039"
"60937","EMBALUT","5000"
"60938","EMPAKUQ","5050"
"60939","EMPAS","5050"
"60940","ENGGELAM","5051"
"60941","ENGKUNI PASEK","4989"
"60942","GADUR","4978"
"60943","GAS ALAM BADAK I","4994"
"60944","GAYAM","5033"
"60945","GELEO ASA","4989"
"60946","GELEO BARU","4989"
"60947","GEMAR BARU","5052"
"60948","GEMUHAN ASA","4989"
"60949","GEMURUH","4978"
"60950","GENTING TANAH","5035"
"60951","GERSIK","5038"
"60952","GERUNGGUNG","5034"
"60953","GIRI AGUNG","5018"
"60954","GIRI MUKTI","5038"
"60955","GIRING-GIRING","5029"
"60956","GIRIPURWA","5038"
"60957","GRAHA INDAH","5007"
"60958","GUNTUNG","4987"
"60959","GUNUNG BAHAGIA","5042"
"60960","GUNUNG BAYAN","5046"
"60961","GUNUNG ELAI","4987"
"60962","GUNUNG INTAN","4993"
"60963","GUNUNG KELUA","4979"
"60964","GUNUNG LINGAI","4998"
"60965","GUNUNG MAKMUR","4993"
"60966","GUNUNG MULIA","4993"
"60967","GUNUNG PANJANG","5033"
"60968","GUNUNG RAMPAH","4978"
"60969","GUNUNG SAMARINDA BARU","5007"
"60970","GUNUNG SAMARINDA","5007"
"60971","GUNUNG SARI ILIR","5053"
"60972","GUNUNG SARI ULU","5053"
"60973","GUNUNG SARI","5036"
"60974","GUNUNG SARI","5030"
"60975","GUNUNG SETELENG","5038"
"60976","GUNUNG TABUR","5012"
"60977","GUNUNGPUTAR","5022"
"60978","GURIMBANG","5014"
"60979","HAMBAU","5035"
"60980","HANDIL BAKTI","5002"
"60981","HANDIL BARU DARAT","4981"
"60982","HANDIL BARU","4981"
"60983","HANDIL TERUSAN","4985"
"60984","HARAPAN BARU","5054"
"60985","HARAPAN JAYA","5036"
"60986","HARAPAN MAJU","5041"
"60987","HIMBA LESTARI","5011"
"60988","INARAN","5014"
"60989","INTU LINGAU","4991"
"60990","JAHAB","5004"
"60991","JAK LUAY","5020"
"60992","JAMBUK MAKMUR","5034"
"60993","JAMBUK","5034"
"60994","JANJU","5055"
"60995","JANTUR BARU","5013"
"60996","JANTUR SELATAN","5013"
"60997","JANTUR","5013"
"60998","JAWA","4979"
"60999","JAWA","5056"
"61000","JELEMUQ / JELMUQ","5057"
"61001","JELMU SIBAK","4984"
"61002","JEMBAYAN DALAM","5058"
"61003","JEMBAYAN TENGAH","5058"
"61004","JEMBAYAN","5058"
"61005","JEMPARING","4990"
"61006","JENEBORA","5038"
"61007","JENGAN DANUM","5026"
"61008","JENGAN","4978"
"61009","JERANG DAYAK","5046"
"61010","JERANG MELAYU","5046"
"61011","JONE","5055"
"61012","JONGGON","5058"
"61013","JONGKANG","5058"
"61014","JONTAI","4991"
"61015","JUAQ ASA","4989"
"61016","JUHAN ASA","4989"
"61017","JUK AYAK","5059"
"61018","KADUNGAN JAYA","5037"
"61019","KAHALA ILIR","5060"
"61020","KAHALA","5060"
"61021","KALIAN LUAR","4983"
"61022","KALIORANG","4999"
"61023","KALIQ","5021"
"61024","KAMPUNG BARU","5038"
"61025","KAMPUNG BARU","5030"
"61026","KAMPUNG LAMA","4981"
"61027","KANAAN","5017"
"61028","KANDOLO","5044"
"61029","KARANG AMBUN","5033"
"61030","KARANG ANYAR","5061"
"61031","KARANG ASAM ILIR","5061"
"61032","KARANG ASAM ULU","5061"
"61033","KARANG JATI","5053"
"61034","KARANG JINAWI","4988"
"61035","KARANG JOANG","5007"
"61036","KARANG MUMUS","5032"
"61037","KARANG REJO","5053"
"61038","KARANG TUNGGAL","5000"
"61039","KARANGAN DALAM","4992"
"61040","KARANGAN HILIR","4992"
"61041","KARANGAN SEBERANG","4992"
"61042","KARANGAN","5028"
"61043","KARANGAN","4978"
"61044","KARIANGAU","5005"
"61045","KARYA BAKTI","5020"
"61046","KARYA JAYA","4981"
"61047","KARYA MERDEKA","4981"
"61048","KARYA UTAMA","5058"
"61049","KASAI","5062"
"61050","KASUNGAI","5010"
"61051","KAYU BATU","5013"
"61052","KAYU INDAH","4982"
"61053","KAYUNGO SARI","4990"
"61054","KAYUNGO","4990"
"61055","KEAY","5026"
"61056","KEBON AGUNG","5063"
"61057","KEDANG IPIL","5024"
"61058","KEDANG MURUNG","5024"
"61059","KELADEN","5064"
"61060","KELEKAT","5035"
"61061","KELIAN DALAM","5057"
"61062","KELINJAU ILIR","5052"
"61063","KELINJAU ULU","5052"
"61064","KELIWAY","4983"
"61065","KELUANG LOLO","4980"
"61066","KELUANG PASER JAYA","4980"
"61067","KELUBAQ","5057"
"61068","KELUMPANG","4978"
"61069","KEMBANG JANGGUT","5035"
"61070","KENDAROM","4980"
"61071","KENDISIQ","5021"
"61072","KENYANYAN","5021"
"61073","KEPALA TELAKE","5022"
"61074","KERAITAN","5065"
"61075","KERANG DAYO","4995"
"61076","KERANG","4995"
"61077","KERAYAAN","5023"
"61078","KERSIK","5040"
"61079","KERTA BAKTI","4990"
"61080","KERTA BUANA","5000"
"61081","KERTA BUMI","4980"
"61082","KIAQ","5021"
"61083","KLANDASAN ILIR","5043"
"61084","KLANDASAN ULU","5043"
"61085","KLEMPANG SARI","4980"
"61086","KOLEK","5023"
"61087","KONGBENG INDAH","5066"
"61088","KOTA BANGUN I (1)","5024"
"61089","KOTA BANGUN II (2)","5024"
"61090","KOTA BANGUN III (3)","5024"
"61091","KOTA BANGUN ILIR","5024"
"61092","KOTA BANGUN SEBERANG","5024"
"61093","KOTA BANGUN ULU","5024"
"61094","KRAYAN BAHAGIA","4990"
"61095","KRAYAN JAYA","4990"
"61096","KRAYAN MAKMUR","4990"
"61097","KRAYAN SENTOSA","4990"
"61098","KUARO","4980"
"61099","KUPANG BARU","5025"
"61100","KUTAI LAMA","4985"
"61101","LABANAN JAYA","5067"
"61102","LABANAN MAKARTI","5067"
"61103","LABANAN MAKMUR","5067"
"61104","LABANGKA BARAT","4993"
"61105","LABANGKA","4993"
"61106","LABUANGKALO","5064"
"61107","LABURAN BARU","5016"
"61108","LABURAN","5016"
"61109","LAHAM","5045"
"61110","LAKAN BILEM","4991"
"61111","LAMARU","5068"
"61112","LAMBING","5019"
"61113","LAMIN PULUT","5060"
"61114","LAMIN TELIHAN","5060"
"61115","LANGGAI","4995"
"61116","LATAQ / LOTAQ","5019"
"61117","LAWE LAWE","5038"
"61118","LEBAHO ULAQ","5025"
"61119","LEBAK CILONG","5051"
"61120","LEBAK MANTAN","5051"
"61121","LEGAI","5010"
"61122","LEMBONAH","5015"
"61123","LEMPAKE","5069"
"61124","LEMPER","5034"
"61125","LEMPESU","5016"
"61126","LENDIAN LIANG NAYUK / NAYUNG","5021"
"61127","LESAN DAYAK","5070"
"61128","LIANG BUAYA","5025"
"61129","LIANG ILIR","5024"
"61130","LIANG ULU","5024"
"61131","LIBUR DINDING","5031"
"61132","LINGGANG AMER","5001"
"61133","LINGGANG BIGUNG","5001"
"61134","LINGGANG KEBUT","5001"
"61135","LINGGANG MAPAN","5001"
"61136","LINGGANG MARIMUN","4978"
"61137","LINGGANG MELAPEH","5001"
"61138","LINGGANG MENCELEW","5001"
"61139","LIRUNG UBING","5048"
"61140","LIU MULANG","5048"
"61141","LOA BAKUNG","5061"
"61142","LOA BUAH","5061"
"61143","LOA DERAS","4996"
"61144","LOA DURI ILIR","4997"
"61145","LOA DURI ULU","4997"
"61146","LOA IPUH DARAT","5004"
"61147","LOA IPUH","5004"
"61148","LOA JANAN ULU","4997"
"61149","LOA KULU KOTA","5058"
"61150","LOA LEPU","5000"
"61151","LOA PARI","5000"
"61152","LOA RAYA","5000"
"61153","LOA SAKOH","5035"
"61154","LOA TEBU","5004"
"61155","LOA ULUNG","5000"
"61156","LOBANG KELATAK","4982"
"61157","LOH SUMBER","5058"
"61158","LOK BAHU","5061"
"61159","LOKTUAN (LOK TUAN)","4987"
"61160","LOLENG","5024"
"61161","LOMBOK","4990"
"61162","LOMU","4995"
"61163","LONG APARI","5071"
"61164","LONG AYAN","5036"
"61165","LONG AYAP","5036"
"61166","LONG BAGUN ILIR","5006"
"61167","LONG BAGUN ULU","5006"
"61168","LONG BELEH HALOQ","5035"
"61169","LONG BELEH MODANG","5035"
"61170","LONG BELIU","5070"
"61171","LONG BENTUK","5072"
"61172","LONG DALIQ","4983"
"61173","LONG DUHUNG","5070"
"61174","LONG FAQ / POQ BARU","5052"
"61175","LONG GELANG","4990"
"61176","LONG GELAWANG","5045"
"61177","LONG HUBUNG","5047"
"61178","LONG HURAI","5006"
"61179","LONG IKIS","4990"
"61180","LONG IRAM BAYAN","4983"
"61181","LONG IRAM ILIR","4983"
"61182","LONG IRAM KOTA","4983"
"61183","LONG ISUN","5048"
"61184","LONG KALI","5022"
"61185","LONG KELUH","5070"
"61186","LONG KERIOQ / KERIOK","5071"
"61187","LONG LAAY / LAAI","5036"
"61188","LONG LALANG","5030"
"61189","LONG LAMCIN","5070"
"61190","LONG LANUK","5014"
"61191","LONG LEES","5072"
"61192","LONG LUNUK BARU","5048"
"61193","LONG LUNUK","5048"
"61194","LONG MELAHAM","5006"
"61195","LONG MERAH","5006"
"61196","LONG NAH","5052"
"61197","LONG NORAN","5059"
"61198","LONG NYELONG","5072"
"61199","LONG PAHANGAI DUA","5048"
"61200","LONG PAHANGAI SATU","5048"
"61201","LONG PAKAQ BARU","5048"
"61202","LONG PAKAQ","5048"
"61203","LONG PEJENG","5072"
"61204","LONG PELAY","5070"
"61205","LONG PENANEH DUA","5071"
"61206","LONG PENANEH SATU","5071"
"61207","LONG PENANEH TIGA","5071"
"61208","LONG SAYO","5009"
"61209","LONG SEGAR","5059"
"61210","LONG SULUI","5070"
"61211","LONG TESAK","5052"
"61212","LONG TUYOQ","5048"
"61213","LONG WEHEA","5020"
"61214","LONGIRAM SEBERANG","4983"
"61215","LORI","5064"
"61216","LUAN (DILIBINTI)","5031"
"61217","LUMPAT DAHUQ","5026"
"61218","LUNG ANAI","5058"
"61219","LUSAN","5009"
"61220","LUTAN","5047"
"61221","MAKARTI","5040"
"61222","MAKMUR JAYA","5066"
"61223","MAKMUR JAYA","5022"
"61224","MAKROMAN","5073"
"61225","MALOY","5023"
"61226","MALUANG","5012"
"61227","MALUHU","5004"
"61228","MAMAHAK ILIR","5006"
"61229","MAMAHAK ULU","5006"
"61230","MANCONG","5015"
"61231","MANDAU PANTAI SEJAHTERA","5023"
"61232","MANDU DALAM","5023"
"61233","MANGGAR BARU","5068"
"61234","MANGGAR","5068"
"61235","MANGKURAWANG","5004"
"61236","MANTAR","5026"
"61237","MANUBAR","5074"
"61238","MANUNGGAL DAYA","5018"
"61239","MANUNGGAL JAYA","5028"
"61240","MANUNGGAL JAYA","5063"
"61241","MANUNGGAL JAYA","5000"
"61242","MAPULU","5070"
"61243","MARAH HALOQ","5059"
"61244","MARAH KENYAH (LONG MELAH)","5059"
"61245","MARATUA BOHESILIAN","5075"
"61246","MARATUA PAYUNG-PAYUNG","5075"
"61247","MARATUA TELUK ALULU","5075"
"61248","MARATUA TELUK HARAPAN","5075"
"61249","MARGA MULIA","5066"
"61250","MARGA SARI","5005"
"61251","MARGAHAYU (MARGA RAHAYU)","5058"
"61252","MARGO MULYO","5005"
"61253","MARGO MULYO","5063"
"61254","MARGOMULYO","4981"
"61255","MARIDAN","4988"
"61256","MARTADINATA","5044"
"61257","MARUAT","5022"
"61258","MARUKANGAN","5074"
"61259","MATA AIR","5037"
"61260","MATA LIBAQ","5047"
"61261","MAWAI INDAH","5011"
"61262","MEKAR BARU","5072"
"61263","MEKAR JAYA","5018"
"61264","MEKAR SARI","5053"
"61265","MELAK ILIR","5050"
"61266","MELAK ULU","5050"
"61267","MELAN","5076"
"61268","MELAPEH BARU","5001"
"61269","MELATI JAYA","5012"
"61270","MELAYU","5004"
"61271","MELINTANG","5051"
"61272","MEMAHAK TEBOQ","5047"
"61273","MENAMANG KANAN","5025"
"61274","MENAMANG KIRI","5025"
"61275","MENCIMAI","4989"
"61276","MENDIK BHAKTI","5022"
"61277","MENDIK KARYA","5022"
"61278","MENDIK MAKMUR","5022"
"61279","MENDIK","5022"
"61280","MENDIKA","5026"
"61281","MENDUNG","5046"
"61282","MENGKUDU","4995"
"61283","MENTAWIR","4988"
"61284","MERABU","5070"
"61285","MERANCANG ILIR","5012"
"61286","MERANCANG ULU","5012"
"61287","MERAPUN","5070"
"61288","MERASA","5070"
"61289","MERAYAQ","4978"
"61290","MESJID","5003"
"61291","MIAU BARU","5066"
"61292","MINTA","4996"
"61293","MODANG","4980"
"61294","MUAI","5035"
"61295","MUARA ADANG I","4990"
"61296","MUARA ADANG","4990"
"61297","MUARA ALOH","5013"
"61298","MUARA ANDEH","5031"
"61299","MUARA ASA","4989"
"61300","MUARA BADAK ILIR","4994"
"61301","MUARA BADAK ULU","4994"
"61302","MUARA BAROH","5046"
"61303","MUARA BATUQ","4978"
"61304","MUARA BEGAI","5019"
"61305","MUARA BELINAU","5030"
"61306","MUARA BELOAN","5046"
"61307","MUARA BENANGAQ","5050"
"61308","MUARA BENGALON","5065"
"61309","MUARA BENGKAL ILIR","5008"
"61310","MUARA BENGKAL ULU","5008"
"61311","MUARA BOMBOY","5026"
"61312","MUARA BUNYUT","5050"
"61313","MUARA DUN","5052"
"61314","MUARA ENGGELAM","5051"
"61315","MUARA GUSIK","5034"
"61316","MUARA JAWA ILIR","5049"
"61317","MUARA JAWA PESISIR","5049"
"61318","MUARA JAWA TENGAH","5049"
"61319","MUARA JAWA ULU","5049"
"61320","MUARA JAWAQ","4978"
"61321","MUARA KALAQ","4978"
"61322","MUARA KAMAN ILIR","5025"
"61323","MUARA KAMAN ULU","5025"
"61324","MUARA KEBAQ","5030"
"61325","MUARA KEDANG","5034"
"61326","MUARA KELAWIT","5021"
"61327","MUARA KEMBANG","5049"
"61328","MUARA KOMAM","5009"
"61329","MUARA KUARO","5009"
"61330","MUARA LAMBAKAN","5022"
"61331","MUARA LANGON","5009"
"61332","MUARA LAWA","5019"
"61333","MUARA LEBAN","4983"
"61334","MUARA LEKA","5013"
"61335","MUARA LESAN","5070"
"61336","MUARA MUJAN","5057"
"61337","MUARA MUNTAI ILIR","5013"
"61338","MUARA MUNTAI ULU","5013"
"61339","MUARA NAYAN","5015"
"61340","MUARA NILIK","5026"
"61341","MUARA NYAHING","5026"
"61342","MUARA OHONG","5015"
"61343","MUARA PANTUAN","4985"
"61344","MUARA PANTUN","5059"
"61345","MUARA PASIR","5055"
"61346","MUARA PAYANG","5009"
"61347","MUARA PEDOHON","5030"
"61348","MUARA PIAS","5022"
"61349","MUARA PONAQ","5021"
"61350","MUARA RAPAK","5007"
"61351","MUARA RATAH","5045"
"61352","MUARA RITAN","5030"
"61353","MUARA SALUNG","5030"
"61354","MUARA SEMBILANG","4981"
"61355","MUARA SIRAM","5034"
"61356","MUARA SIRAN","5025"
"61357","MUARA TAE","5015"
"61358","MUARA TELAKE","5022"
"61359","MUARA TIQ","5030"
"61360","MUARA TOKONG","5026"
"61361","MUARA TOYU","5022"
"61362","MUARA TUBOQ","5030"
"61363","MUARA WAHAU","5020"
"61364","MUARA WIS","5051"
"61365","MUARAADANG II","5022"
"61366","MUARAM SIRAM I (SIRAM MAKMUR)","5034"
"61367","MUARAM SIRAM II (SIRAM JAYA)","5034"
"61368","MUGI RAHAYU","5011"
"61369","MUGIREJO","4998"
"61370","MUHUR","5021"
"61371","MUHURAN","5024"
"61372","MUKTI JAYA","5063"
"61373","MUKTI LESTARI","4992"
"61374","MUKTI UTAMA","5076"
"61375","MULAWARMAN","5000"
"61376","MULUPAN","5008"
"61377","MUNGGU","5022"
"61378","MUSER","5031"
"61379","MUYUB / MUYUP AKET","5057"
"61380","MUYUB / MUYUP ILIR","5057"
"61381","MUYUB / MUYUP ULU","5057"
"61382","MU\UT","4991"
"61383","NAHA ARU","5048"
"61384","NAHA BUAN","5071"
"61385","NEHESLIAH BING","5020"
"61386","NENANG","5038"
"61387","NGAYAU","5008"
"61388","NGENYAN ASA","4989"
"61389","NIPAH NIPAH","5038"
"61390","NOHA SILAT","5071"
"61391","NOHA TIFAB (NAHA TIFAB)","5071"
"61392","NYARIBUNGAN","5045"
"61393","OLONG PINANG","5016"
"61394","OLUNG","4990"
"61395","OMBAU ASA","4989"
"61396","ONGKO ASA","4989"
"61397","PADANG JAYA","4980"
"61398","PADANG PENGRAPAT","5055"
"61399","PAIT","4990"
"61400","PANAAN","5070"
"61401","PANCA JAYA","5025"
"61402","PANDAN SARI","5036"
"61403","PANJI","5004"
"61404","PANTAI HARAPAN","5029"
"61405","PANTAI LANGO","5038"
"61406","PASAR PAGI","5032"
"61407","PASIR BARU","5055"
"61408","PASIR BELENGKONG","5016"
"61409","PASIR MAYANG","4980"
"61410","PAYANG","5019"
"61411","PEGAT BERTUMBUK","5062"
"61412","PEGAT BUKUR","5014"
"61413","PEJALA","5038"
"61414","PELA","5024"
"61415","PELABUHAN","5032"
"61416","PELAWAN","5023"
"61417","PELITA","5077"
"61418","PEMALUAN","4988"
"61419","PENAJAM","5038"
"61420","PENARUNG","4984"
"61421","PENAWAI","5034"
"61422","PENAWANG","5021"
"61423","PENDINGIN","5056"
"61424","PENGADAN (PENGADAAN BARU)","4992"
"61425","PENGADAN BARU","5037"
"61426","PENGGUREN JAYA","4995"
"61427","PENTAT","5015"
"61428","PENYINGGAHAN ILIR","4996"
"61429","PENYINGGAHAN ULU","4996"
"61430","PEPARA","5055"
"61431","PEPAS EHENG","4989"
"61432","PEPAS / PEPES ASA","4989"
"61433","PERANGAT BARU","5040"
"61434","PERANGAT SELATAN","5040"
"61435","PERDANA","5035"
"61436","PERENG TALIK","5034"
"61437","PERIAN","5013"
"61438","PERIDAN","5023"
"61439","PERIGIQ","5015"
"61440","PERJIWA","5000"
"61441","PERKUWIN","5022"
"61442","PERUPUK","5023"
"61443","PESAYAN","5014"
"61444","PETANGIS","4995"
"61445","PETIKU","5022"
"61446","PETUNG","5038"
"61447","PILANJAU","5014"
"61448","PINANG JATUS","5022"
"61449","PONDONG BARU","4980"
"61450","PONORAGAN","5058"
"61451","PRAPATAN","5043"
"61452","PRAYON","5009"
"61453","PUAN CEPAK","5025"
"61454","PULAU ATAS","5073"
"61455","PULAU BESING","5012"
"61456","PULAU DERAWAN","5062"
"61457","PULAU HARAPAN","5013"
"61458","PULAU LANTING","5015"
"61459","PULAU MIANG","5023"
"61460","PULAU PINANG","5035"
"61461","PULAU RANTAU","5055"
"61462","PULUNG SARI","5063"
"61463","PUNAN MAHKAM","5036"
"61464","PUNAN MALINAU","5036"
"61465","PUNAN SEGAH","5036"
"61466","PURNA SARI JAYA","5039"
"61467","PURWADADI","5001"
"61468","PURWAJAYA","4997"
"61469","PURWOREJO","5057"
"61470","PUTANG","5022"
"61471","RANDA EMPAS","4984"
"61472","RANDOM","5064"
"61473","RANGAN","4980"
"61474","RANTAU ATAS","5031"
"61475","RANTAU BINTUNGAN","5031"
"61476","RANTAU BUTA","5010"
"61477","RANTAU HEMPANG","5025"
"61478","RANTAU LAYUNG","5010"
"61479","RANTAU MAKMUR","5063"
"61480","RANTAU PANJANG","5014"
"61481","RANTAU PANJANG","5055"
"61482","RANTAU PANJANG","5059"
"61483","RANTAU SENTOSA","5072"
"61484","RAPAK DALAM","5054"
"61485","RAPAK LAMBUR","5004"
"61486","RAWA MAKMUR","5002"
"61487","RAWA MULIA","4993"
"61488","REBAQ RINDING","5013"
"61489","REJO BASUKI","4989"
"61490","REMBAYAN  /  RAMBAYAN","4978"
"61491","REMPANGA","5058"
"61492","RESAK","5034"
"61493","RIKO","5038"
"61494","RIKONG","5021"
"61495","RINDING","5067"
"61496","RINTIK","4993"
"61497","RITAN BARU","5030"
"61498","RIWANG","4995"
"61499","RUKUN DAMAI","5006"
"61500","SABINTULUNG","5025"
"61501","SAING PRUPUK","4995"
"61502","SAKA","5023"
"61503","SAKAQ LOTOQ","4978"
"61504","SAKAQ TADA","4978"
"61505","SALO CELLA","4994"
"61506","SALO PALAI","4994"
"61507","SALOK API DARAT","4981"
"61508","SALOK API LAUT","4981"
"61509","SALOLOANG","5038"
"61510","SAMBAKUNGAN","5012"
"61511","SAMBALIUNG","5014"
"61512","SAMBERA BARU","5040"
"61513","SAMBOJA KUALA","4981"
"61514","SAMBUNG","4984"
"61515","SAMBURAKAT","5012"
"61516","SAMBUTAN","5073"
"61517","SAMUNTAI","4990"
"61518","SAMURANGAU","5010"
"61519","SANDARAN","5074"
"61520","SANDELEY","4980"
"61521","SANG SANG (SANSANG)","5021"
"61522","SANGA-SANGA DALAM","5056"
"61523","SANGA-SANGA MUARA","5056"
"61524","SANGATA SELATAN","5078"
"61525","SANGATTA UTARA","5079"
"61526","SANGGULAN","5018"
"61527","SANGKIMA","5078"
"61528","SANGKULIMAN","5024"
"61529","SANGKURIMAN","5016"
"61530","SANIPAH","4981"
"61531","SANTAN ILIR","5040"
"61532","SANTAN TENGAH","5040"
"61533","SANTAN ULU","5040"
"61534","SARIJAYA","5056"
"61535","SARINADI","5024"
"61536","SATIMPO","5027"
"61537","SAWIT JAYA","4990"
"61538","SEBAKUNG IV","5022"
"61539","SEBAKUNG JAYA","4993"
"61540","SEBAKUNG MAKMUR","5022"
"61541","SEBAKUNG","5022"
"61542","SEBELANG","5046"
"61543","SEBELIMBINGAN","5024"
"61544","SEBEMBAN","5051"
"61545","SEBULU ILIR","5018"
"61546","SEBULU MODERN","5018"
"61547","SEBULU ULU","5018"
"61548","SEBUNTAL","5040"
"61549","SEDULANG","5024"
"61550","SEDULANG","5025"
"61551","SEGENDANG","4995"
"61552","SEGIHAN","5018"
"61553","SEGOI MAKMUR","5076"
"61554","SEI / SUNGAI BAWANG","4994"
"61555","SEI / SUNGAI BEDUNGUN","5033"
"61556","SEI / SUNGAI DAMA","5077"
"61557","SEI / SUNGAI KAPIH","5073"
"61558","SEI / SUNGAI KELEDANG","5003"
"61559","SEI / SUNGAI MERDEKA","4981"
"61560","SEI / SUNGAI MERIAM","4985"
"61561","SEI / SUNGAI PARIT","5038"
"61562","SEI / SUNGAI PAYANG","5058"
"61563","SEI / SUNGAI PINANG DALAM","4998"
"61564","SEI / SUNGAI PINANG LUAR","5032"
"61565","SEI / SUNGAI SELUANG","4981"
"61566","SEI / SUNGAI SIRING","5069"
"61567","SEI / SUNGAI TERIK","5010"
"61568","SEI / SUNGAI TUAK","5055"
"61569","SEKERAT","5065"
"61570","SEKOLAQ DARAT","5080"
"61571","SEKOLAQ JOLEQ","5080"
"61572","SEKOLAQ MULIAQ","5080"
"61573","SEKOLAQ ODAY","5080"
"61574","SEKUAN MAKMUR","5009"
"61575","SEKUROU JAYA","4990"
"61576","SELANGKAU","4999"
"61577","SELENGOT","5064"
"61578","SELERONG","5009"
"61579","SELERONG","5018"
"61580","SELIKI","4994"
"61581","SELILI","5077"
"61582","SEMANGKOK","5040"
"61583","SEMAYANG","5060"
"61584","SEMBUAN","4991"
"61585","SEMOI II","4988"
"61586","SEMPAJA SELATAN","5069"
"61587","SEMPAJA UTARA","5069"
"61588","SEMPATN","5026"
"61589","SEMPULANG","5055"
"61590","SEMPUYAU (SEMPAYAU)","5023"
"61591","SEMURUT","5041"
"61592","SENAKEN","5055"
"61593","SENAMBAH","5008"
"61594","SENDAWAR","4989"
"61595","SENGKOTEK","5054"
"61596","SENIPAH","5064"
"61597","SENIUNG JAYA","5016"
"61598","SENONI","5018"
"61599","SENTALAR","4991"
"61600","SENYIUR","5052"
"61601","SEPAKAT","5058"
"61602","SEPAKU","4988"
"61603","SEPAN","5038"
"61604","SEPARI","5000"
"61605","SEPASO BARAT","5065"
"61606","SEPASO INDUK","5065"
"61607","SEPASO SELATAN","5065"
"61608","SEPASO TIMUR","5065"
"61609","SEPATIN","4985"
"61610","SEPINGGAN BARU","5042"
"61611","SEPINGGAN RAYA","5042"
"61612","SEPINGGAN","5042"
"61613","SESULU","4986"
"61614","SESUMPU","5038"
"61615","SIDO BANGEN","5070"
"61616","SIDO MUKTI","5025"
"61617","SIDODADI","4979"
"61618","SIDODAMAI","5077"
"61619","SIDOMULYO","4985"
"61620","SIDOMULYO","5066"
"61621","SIDOMULYO","5077"
"61622","SIDOMULYO","5030"
"61623","SIDOREJO","5038"
"61624","SIKA MAKMUR","5076"
"61625","SIMPANG PASIR","5002"
"61626","SIMPANG RAYA","4989"
"61627","SIMPANG TIGA (LOA JANAN ILIR)","5054"
"61628","SINDANG SARI","5073"
"61629","SINGA GEMBARA","5079"
"61630","SINGA GEWEH","5078"
"61631","SIRAU","5047"
"61632","SONGKA","5010"
"61633","SOTEK","5038"
"61634","SRI MULYO","5080"
"61635","SRI PANTUN","5066"
"61636","SRI RAHARJA","4993"
"61637","SUAKONG","4984"
"61638","SUARAN","5014"
"61639","SUATANG BARU","5016"
"61640","SUATANG KETEBAN","5016"
"61641","SUATANG","5016"
"61642","SUKA DAMAI","4994"
"61643","SUKA DAMAI","5044"
"61644","SUKA MAJU","5066"
"61645","SUKA MURYA","5039"
"61646","SUKA RAHMAT","5044"
"61647","SUKABUMI","5024"
"61648","SUKAMAJU","5000"
"61649","SUKAN TENGAH","5014"
"61650","SUKARAJA (SEPAKU II)","4988"
"61651","SUKARAME","5004"
"61652","SUKO MULYO","4983"
"61653","SUKO MULYO","4988"
"61654","SULILIRAN BARU","5016"
"61655","SULILIRAN","5016"
"61656","SUMBER AGUNG","4982"
"61657","SUMBER AGUNG","5076"
"61658","SUMBER BANGUN","5080"
"61659","SUMBER MULIA","5039"
"61660","SUMBER REJO","5053"
"61661","SUMBER REJO","5080"
"61662","SUMBER SARI","4993"
"61663","SUMBER SARI","4989"
"61664","SUMBER SARI","5024"
"61665","SUMBER SARI","5058"
"61666","SUMBER SARI","5076"
"61667","SUMBER SARI","5018"
"61668","SUNGAI LANGIR","5055"
"61669","SUNGAI NANGKA","5042"
"61670","SUNGE BATU","5016"
"61671","SUSUK DALAM","5074"
"61672","SUSUK LUAR","5074"
"61673","SUWETO","5031"
"61674","SWAN SLUTUNG","5009"
"61675","SWARGA BARA","5079"
"61676","TABALAR MUARA","5041"
"61677","TABALAR ULU","5041"
"61678","TABANG LAMA","5030"
"61679","TADOAN","5074"
"61680","TAJER MULYA","4990"
"61681","TAJUR","4990"
"61682","TALISAYAN","5039"
"61683","TAMAPOLE","5049"
"61684","TAMPAKAN","4995"
"61685","TANAH ABANG","5076"
"61686","TANAH DATAR","4994"
"61687","TANAH GROGOT","5055"
"61688","TANAH MEA (TANA MEA)","5021"
"61689","TANAH MERAH","5069"
"61690","TANAH PERIUK","5055"
"61691","TANI AMAN","5054"
"61692","TANI BAKTI","4997"
"61693","TANI BAKTI","4981"
"61694","TANI BARU","4985"
"61695","TANI HARAPAN","4997"
"61696","TANJUNG ARU","5064"
"61697","TANJUNG BATU","5062"
"61698","TANJUNG BATU","5000"
"61699","TANJUNG BATUQ HARAPAN","5013"
"61700","TANJUNG HARAPAN","4981"
"61701","TANJUNG HARAPAN","5018"
"61702","TANJUNG HAUR","4996"
"61703","TANJUNG ISUY","5015"
"61704","TANJUNG JAN","5015"
"61705","TANJUNG JONE","5015"
"61706","TANJUNG LABU","5063"
"61707","TANJUNG LAONG","5046"
"61708","TANJUNG LAUT INDAH","5027"
"61709","TANJUNG LAUT","5027"
"61710","TANJUNG LIMAU","4994"
"61711","TANJUNG MANGKALIHAT","5074"
"61712","TANJUNG MANIS","5023"
"61713","TANJUNG PAGAR","5046"
"61714","TANJUNG PERANGAT","5014"
"61715","TANJUNG PEREPAT","5029"
"61716","TANJUNG PINANG","5031"
"61717","TANJUNG REDEB","5033"
"61718","TANJUNG SARI","5034"
"61719","TANJUNG SOKE","5034"
"61720","TANJUNG TENGAH","5038"
"61721","TAPIS","5055"
"61722","TASUK","5012"
"61723","TEBANGAN LEBAK / LEMBAK","5065"
"61724","TEBISAQ","5021"
"61725","TEBRU PASER DAMAI","4995"
"61726","TELAGA SARI","5043"
"61727","TELAGA","5011"
"61728","TELEMOW","4988"
"61729","TELIHAN (GUNUNG TELIHAN)","5017"
"61730","TELUK BAYUR","5067"
"61731","TELUK BINGKAI","5060"
"61732","TELUK DALAM","5049"
"61733","TELUK DALAM","5000"
"61734","TELUK LERONG ILIR","4979"
"61735","TELUK LERONG ULU","5061"
"61736","TELUK LINGGA","5079"
"61737","TELUK MUDA","5060"
"61738","TELUK PANDAN","5044"
"61739","TELUK PEMEDAS","4981"
"61740","TELUK SEMANTING","5062"
"61741","TELUK SINGKAM  /  SINGKAMA","5078"
"61742","TELUK SULAIMAN","5029"
"61743","TELUK SUMBANG","5029"
"61744","TELUK TEMPUDAU","5046"
"61745","TELUK WARU","4990"
"61746","TEMBUDAN","4982"
"61747","TEMINDUNG PERMAI","4998"
"61748","TEMULA","4991"
"61749","TENDE","4984"
"61750","TENDIQ","5021"
"61751","TENGIN BARU (SEPAKU III)","4988"
"61752","TEPIAN BARU","5065"
"61753","TEPIAN BATANG","5055"
"61754","TEPIAN BUAH","5036"
"61755","TEPIAN INDAH","5065"
"61756","TEPIAN LANGSAT","5065"
"61757","TEPIAN MAKMUR","5063"
"61758","TEPIAN TERAP","5023"
"61759","TEPIAN ULAQ","5046"
"61760","TEPULANG","5026"
"61761","TERAJUK","4991"
"61762","TERATAK","5025"
"61763","TERING BARU","5057"
"61764","TERING LAMA","5057"
"61765","TERING SEBERANG","5057"
"61766","TERING","5057"
"61767","TERITIP","5068"
"61768","TIMBAU","5004"
"61769","TIONG BUU","5071"
"61770","TIONG OHANG","5071"
"61771","TIWEI","4990"
"61772","TRIPATI MAKMUR","5047"
"61773","TUANA TUHA","5060"
"61774","TUBAAN","5041"
"61775","TUBUHAN","5060"
"61776","TUKUL","5057"
"61777","TUKUNG RITAN","5030"
"61778","TUMBIT DAYAK","5014"
"61779","TUMBIT MELAYU","5067"
"61780","TUNGGAL BUMI","5039"
"61781","TUNJUNGAN","5025"
"61782","TUQUK / TUKUQ","4984"
"61783","TUTUH (TUTUNG)","5001"
"61784","UJOH BILANG","5006"
"61785","UJOH HALANG","4983"
"61786","UKO","5009"
"61787","UMAQ BEKUAY / BEKUAI","5030"
"61788","UMAQ DIAN","5030"
"61789","UMAQ TUKUNG","5030"
"61790","WAHAU BARU","5020"
"61791","WANA PARIQ","5047"
"61792","WANA SARI","5020"
"61793","WARU","4986"
"61794","WONOSARI","5024"
"61795","WONOSARI","4988"
"61796","WONOTIRTO","4981"
"61797","AGUNG BARU","5081"
"61798","AJI KUNING","5082"
"61799","AMBALAT","5083"
"61800","ANJAR ARIP (ANJARAREF)","5083"
"61801","ANTUTAN","5084"
"61802","APAS","5085"
"61803","APAU PING MADING","5086"
"61804","APUNG","5087"
"61805","ARDI MULYA","5088"
"61806","ATAP","5089"
"61807","BA LIKU","5090"
"61808","BA SIKOR","5091"
"61809","BADAN BIKIS","5092"
"61810","BALANSIKU","5093"
"61811","BAMBANG","5083"
"61812","BAMBANGAN","5094"
"61813","BATU KAJANG","5095"
"61814","BATU LIDUNG","5096"
"61815","BATUNG","5097"
"61816","BEBAKUNG","5098"
"61817","BEBANAS","5085"
"61818","BEBATU","5092"
"61819","BEKILIU","5083"
"61820","BELAYAN","5099"
"61821","BILA BEKAYUK","5100"
"61822","BINAI","5101"
"61823","BINALAWAN","5094"
"61824","BINANUN","5089"
"61825","BINUANG (BA BINUANG)","5090"
"61826","BINUSAN","5102"
"61827","BLATIKON (BELATIKAN)","5103"
"61828","BOKOK","5097"
"61829","BUANG BARU (BUONG BARU)","5098"
"61830","BUDUK KINANGAN","5091"
"61831","BUDUK KUBUL","5091"
"61832","BUDUK TUMU","5091"
"61833","BUKIT ARU INDAH","5104"
"61834","BUKIT HARAPAN","5082"
"61835","BULAN BULAN","5105"
"61836","BULU LAUN HILIR","5097"
"61837","BULU LAUN HULU","5097"
"61838","BULU LUAN HULU","5097"
"61839","BULU MENGELOM","5097"
"61840","BUMI RAHAYU","5087"
"61841","BUNAU","5083"
"61842","BUNGAYAN","5091"
"61843","BUTAS BAGU","5089"
"61844","CINGLAT","5091"
"61845","DABULON (DUBULON)","5105"
"61846","DATA BARU","5081"
"61847","DATA DIAN","5106"
"61848","DERALON","5105"
"61849","DUMU MAHAK","5081"
"61850","DUYAN","5097"
"61851","GONG SOLOK","5095"
"61852","GUNAWAN","5107"
"61853","GUNUNG LINGKAS","5108"
"61854","GUNUNG PUTIH","5084"
"61855","GUNUNG SARI","5087"
"61856","GUNUNG SERIANG","5087"
"61857","HALANGA","5109"
"61858","HARAPAN MAJU","5110"
"61859","HARAPAN","5085"
"61860","JELARAI SELOR","5087"
"61861","JUATA KRIKIL / KERIKIL","5111"
"61862","JUATA LAUT","5111"
"61863","JUATA PERMAI","5111"
"61864","JUKUP","5097"
"61865","KABUNGALOR","5097"
"61866","KALAM BUKU","5097"
"61867","KALAMPISING","5105"
"61868","KALIAMOK","5099"
"61869","KALISUN","5097"
"61870","KAMPUNG BARU","5091"
"61871","KAMPUNG EMPAT","5108"
"61872","KAMPUNG ENAM","5108"
"61873","KAMPUNG SATU (SKIP)","5112"
"61874","KARANG AGUNG","5088"
"61875","KARANG ANYAR PANTAI","5113"
"61876","KARANG ANYAR","5084"
"61877","KARANG ANYAR","5113"
"61878","KARANG BALIK","5113"
"61879","KARANG HARAPAN","5113"
"61880","KARANG REJO","5113"
"61881","KATUL","5089"
"61882","KEKAYAP","5085"
"61883","KELAPIS","5099"
"61884","KELINCAWAN","5083"
"61885","KELISING (KELIISING)","5083"
"61886","KELUBIR","5088"
"61887","KELUMBUNAN (KELEMBUNAN)","5083"
"61888","KENDARI","5083"
"61889","KERITING","5083"
"61890","KUALA LAPANG","5114"
"61891","KUJAU","5098"
"61892","KULUNSAYAN (KALUN SAYAN)","5103"
"61893","KUNYIT","5085"
"61894","KUYO","5097"
"61895","LABAN NYARIT","5100"
"61896","LABANG","5097"
"61897","LABUK","5097"
"61898","LABUK","5089"
"61899","LAGAS","5097"
"61900","LAME","5115"
"61901","LANGAP","5100"
"61902","LANGGASON","5097"
"61903","LAPRI","5116"
"61904","LEMBADA","5091"
"61905","LEMBUDUD","5091"
"61906","LEPAGA","5097"
"61907","LEPAK ARU","5117"
"61908","LEPATAR","5091"
"61909","LIANG ALIG","5091"
"61910","LIANG BUA","5091"
"61911","LIANG BUNYU","5094"
"61912","LIANG BUTAN","5091"
"61913","LIANG LUNUK","5090"
"61914","LIANG TUER","5091"
"61915","LIANG TURAN","5091"
"61916","LIANG","5105"
"61917","LIBANG","5105"
"61918","LIDUNG KEMENCI","5110"
"61919","LIDUNG PAYAU","5118"
"61920","LIKOS","5105"
"61921","LIMBU SEDULUN / SIDULUN","5107"
"61922","LIMPAKON","5097"
"61923","LINGKAS UJUNG","5108"
"61924","LINSAYUNG","5097"
"61925","LINTONG","5105"
"61926","LIU AGU (LIAGU)","5083"
"61927","LIUK BULU","5089"
"61928","LONG ADIU","5095"
"61929","LONG ALANGO","5086"
"61930","LONG AMPUNG","5118"
"61931","LONG ARAN","5115"
"61932","LONG ATUA / LONG KEMUAT","5086"
"61933","LONG BANG HULU","5119"
"61934","LONG BANG","5119"
"61935","LONG BAWAN","5091"
"61936","LONG BELAKA PITAU","5115"
"61937","LONG BELUAH","5120"
"61938","LONG BENA","5115"
"61939","LONG BERANG","5121"
"61940","LONG BERAYANG","5091"
"61941","LONG BERINI MARARIAN","5086"
"61942","LONG BETAOH","5122"
"61943","LONG BIA DUNG","5091"
"61944","LONG BIA","5117"
"61945","LONG BILA","5114"
"61946","LONG BIRAR","5090"
"61947","LONG BISAI","5110"
"61948","LONG BUANG","5117"
"61949","LONG BUDUNG","5090"
"61950","LONG BULU","5097"
"61951","LONG GAFID","5110"
"61952","LONG JALAN","5109"
"61953","LONG JELET","5115"
"61954","LONG KABID","5091"
"61955","LONG KATUNG","5091"
"61956","LONG KEBINU","5121"
"61957","LONG KELUPAN  /  KLUPAN","5090"
"61958","LONG KENIPE","5114"
"61959","LONG KETAMAN","5115"
"61960","LONG LAKE","5109"
"61961","LONG LASAN","5117"
"61962","LONG LEBUSAN","5081"
"61963","LONG LEJU","5117"
"61964","LONG LEMBU","5119"
"61965","LONG LIAN","5117"
"61966","LONG LIKU","5110"
"61967","LONG LOREH","5100"
"61968","LONG MANGAN","5091"
"61969","LONG MATUNG","5091"
"61970","LONG MEKATIF","5121"
"61971","LONG METUN (LONG METUN II)","5106"
"61972","LONG MUTAN","5090"
"61973","LONG NAWANG","5122"
"61974","LONG NAWANG","5091"
"61975","LONG NUAT","5091"
"61976","LONG NYAU","5123"
"61977","LONG PADA","5123"
"61978","LONG PADI","5090"
"61979","LONG PALA","5121"
"61980","LONG PALIRAN","5115"
"61981","LONG PARI","5120"
"61982","LONG PASIA","5090"
"61983","LONG PAYAU","5122"
"61984","LONG PELEBAN","5117"
"61985","LONG PESO","5117"
"61986","LONG PIPA","5106"
"61987","LONG PUA","5115"
"61988","LONG PUAK","5091"
"61989","LONG PUJUNGAN","5115"
"61990","LONG PUPUNG","5090"
"61991","LONG RANAU","5123"
"61992","LONG RAT","5109"
"61993","LONG RIAN","5090"
"61994","LONG RUNGAN","5090"
"61995","LONG RUPAN","5091"
"61996","LONG SAM","5120"
"61997","LONG SEMAMU","5121"
"61998","LONG SEPAYANG","5091"
"61999","LONG SIMAU","5121"
"62000","LONG SULIT","5121"
