"id","nama_desa","kecamatan_id"
"38001","SIDALANG","2807"
"38002","SIDAMUKTI","2569"
"38003","SIDAMUKTI","2998"
"38004","SIDAMULIH","2785"
"38005","SIDAMULYA","2635"
"38006","SIDAMULYA","2590"
"38007","SIDAMULYA","3111"
"38008","SIDAMULYA","2571"
"38009","SIDAMULYA","3075"
"38010","SIDAMULYO","2569"
"38011","SIDANEGARA","3070"
"38012","SIDANEGARA","2613"
"38013","SIDANEGARA","2762"
"38014","SIDAPURNA","2723"
"38015","SIDARATA","2647"
"38016","SIDAREJA","2594"
"38017","SIDAREJA","2613"
"38018","SIDAREJA","3111"
"38019","SIDARUM","2732"
"38020","SIDASARI","3031"
"38021","SIDASARI","2974"
"38022","SIDAURIP","2588"
"38023","SIDAURIP","3002"
"38024","SIDAURIP","2636"
"38025","SIDAYU","2719"
"38026","SIDAYU","2588"
"38027","SIDAYU","2791"
"38028","SIDENGOK","2880"
"38029","SIDIGEDE","2975"
"38030","SIDO MULYO","3118"
"38031","SIDO MULYO","2682"
"38032","SIDO MULYO","2967"
"38033","SIDO REJO","2972"
"38034","SIDOAGUNG","3049"
"38035","SIDOAGUNG","2865"
"38036","SIDOARUM","3011"
"38037","SIDOBUNDER","2617"
"38038","SIDODADI","2871"
"38039","SIDODADI","3061"
"38040","SIDODADI","3052"
"38041","SIDODADI","2617"
"38042","SIDOGEDE","2681"
"38043","SIDOGEDE","2656"
"38044","SIDOGEMAH","2794"
"38045","SIDOHARJO","2863"
"38046","SIDOHARJO","2809"
"38047","SIDOHARJO","2938"
"38048","SIDOHARJO","2670"
"38049","SIDOHARJO","2932"
"38050","SIDOHARJO","2963"
"38051","SIDOHARJO","2617"
"38052","SIDOHARJO","2793"
"38053","SIDOHARJO","2909"
"38054","SIDOHARJO","3117"
"38055","SIDOHARJO","3049"
"38056","SIDOHARJO","2957"
"38057","SIDOHARJO","2651"
"38058","SIDOHARJO","2757"
"38059","SIDOHARUM","2884"
"38060","SIDOKARE","2601"
"38061","SIDOKERTO","2983"
"38062","SIDOKERTO","2932"
"38063","SIDOKERTO","3027"
"38064","SIDOKUMPUL","2670"
"38065","SIDOKUMPUL","3052"
"38066","SIDOLEREN","2896"
"38067","SIDOLUHUR","2594"
"38068","SIDOLUHUR","2618"
"38069","SIDOMAKMUR","3068"
"38070","SIDOMORO","2595"
"38071","SIDOMUKTI","2594"
"38072","SIDOMUKTI","2738"
"38073","SIDOMUKTI","2903"
"38074","SIDOMUKTI","2618"
"38075","SIDOMUKTI","2609"
"38076","SIDOMUKTI","2778"
"38077","SIDOMUKTI","2774"
"38078","SIDOMUKTI","2994"
"38079","SIDOMUKTI","3009"
"38080","SIDOMULYO","2594"
"38081","SIDOMULYO","2814"
"38082","SIDOMULYO","2643"
"38083","SIDOMULYO","2605"
"38084","SIDOMULYO","2848"
"38085","SIDOMULYO","2966"
"38086","SIDOMULYO","2707"
"38087","SIDOMULYO","2690"
"38088","SIDOMULYO","2829"
"38089","SIDOMULYO","2715"
"38090","SIDOMULYO","3011"
"38091","SIDOMULYO","2995"
"38092","SIDOMULYO","2627"
"38093","SIDOMULYO","3021"
"38094","SIDOMULYO","2981"
"38095","SIDOMULYO","2800"
"38096","SIDOMULYO","2600"
"38097","SIDOMULYO","2603"
"38098","SIDOMULYO","2779"
"38099","SIDOMULYO","3025"
"38100","SIDOMULYO","2952"
"38101","SIDOMULYO","2883"
"38102","SIDOMULYO","2766"
"38103","SIDOREJO KIDUL","3093"
"38104","SIDOREJO LOR","2945"
"38105","SIDOREJO","2730"
"38106","SIDOREJO","2895"
"38107","SIDOREJO","2943"
"38108","SIDOREJO","2598"
"38109","SIDOREJO","3108"
"38110","SIDOREJO","3105"
"38111","SIDOREJO","2704"
"38112","SIDOREJO","2660"
"38113","SIDOREJO","2689"
"38114","SIDOREJO","2702"
"38115","SIDOREJO","3113"
"38116","SIDOREJO","2682"
"38117","SIDOREJO","2794"
"38118","SIDOREJO","2952"
"38119","SIDOREJO","2583"
"38120","SIDOREJO","2827"
"38121","SIDOREJO","2833"
"38122","SIDOREJO","3050"
"38123","SIDOREJO","2811"
"38124","SIDOREJO","2797"
"38125","SIDOREKSO","2669"
"38126","SIDOSARI","2981"
"38127","SIDOSARI","2779"
"38128","SIDOTOTO","2694"
"38129","SIDOWANGI","2704"
"38130","SIDOWARNO","2907"
"38131","SIDOWAYAH","2832"
"38132","SIDOWAYAH","2963"
"38133","SIDOWAYAH","3085"
"38134","SIGALUH","2729"
"38135","SIGAMBIR","2770"
"38136","SIGAYAM","2976"
"38137","SIGEBLOG","2781"
"38138","SIGEDANG","3014"
"38139","SIGEDONG","2851"
"38140","SIGEDONG","2902"
"38141","SIGENTONG","3075"
"38142","SIGENTONG","2766"
"38143","SIGIT","3066"
"38144","SIGUCI","2735"
"38145","SIJAMBE","2611"
"38146","SIJENGGUNG","2781"
"38147","SIJERUK","2781"
"38148","SIJERUK","2695"
"38149","SIJERUK","2988"
"38150","SIJONO","2797"
"38151","SIKAMBANG","2935"
"38152","SIKAMPUH","2625"
"38153","SIKANCO","2775"
"38154","SIKAPAT","2786"
"38155","SIKASUR","2646"
"38156","SIKAYU","2582"
"38157","SIKAYU","2598"
"38158","SIKUMPUL","2623"
"38159","SIKUNANG","3014"
"38160","SILADO","2786"
"38161","SILIREJO","3050"
"38162","SILURAH","2976"
"38163","SIMA","2821"
"38164","SIMBANG KULON","2936"
"38165","SIMBANG WETAN","2936"
"38166","SIMBANG","2968"
"38167","SIMBANG","2796"
"38168","SIMBANGDESA","2881"
"38169","SIMBANGJATI","2881"
"38170","SIMBAREJO","2583"
"38171","SIMEGO","3051"
"38172","SIMO","2654"
"38173","SIMO","2901"
"38174","SIMPAR","2719"
"38175","SIMPAR","2902"
"38176","SIMPUR","2646"
"38177","SINANGGUL","3114"
"38178","SINANGOH PRENDENG","2979"
"38179","SINDANG","2946"
"38180","SINDANG","2926"
"38181","SINDANGBARANG","2635"
"38182","SINDANGHEULA","2747"
"38183","SINDANGJAYA","3043"
"38184","SINDANGJAYA","2840"
"38185","SINDANGSARI","2905"
"38186","SINDANGWANGI","2750"
"38187","SINDON","3069"
"38188","SINDUAGUNG","2583"
"38189","SINDUAJI","2878"
"38190","SINDUKARTA","2684"
"38191","SINDUPATEN","2767"
"38192","SINDURAJA","2613"
"38193","SINDUREJO","2742"
"38194","SINDURJAN","2682"
"38195","SINE","3130"
"38196","SINGASARI","2634"
"38197","SINGGET","2752"
"38198","SINGKIL KULON","2624"
"38199","SINGKIL WETAN","2624"
"38200","SINGOCANDI","2839"
"38201","SINGODUTAN","3089"
"38202","SINGOMERTO (SINGAMERTA)","2729"
"38203","SINGONEGORO","2755"
"38204","SINGOPADU","2909"
"38205","SINGOPURAN","3106"
"38206","SINGOREJO","2754"
"38207","SINGOROJO","2733"
"38208","SINGOROJO","2823"
"38209","SINGOSARI","2594"
"38210","SINGOSARI","2970"
"38211","SINGOYUDAN","3132"
"38212","SINOMAN","2932"
"38213","SINOMWIDODO","2610"
"38214","SINUNGREJA","2594"
"38215","SIPEDANG","2781"
"38216","SIRAHAN","2934"
"38217","SIRAHAN","2857"
"38218","SIRANDU","3056"
"38219","SIRANGKANG","2992"
"38220","SIRAU","2688"
"38221","SIRAU","2590"
"38222","SIREMENG","2860"
"38223","SIRKANDI","3127"
"38224","SIRNOBOYO","2698"
"38225","SIRNOBOYO","2999"
"38226","SIRONGGE","2878"
"38227","SIRUKEM","2623"
"38228","SIRUKUN","2623"
"38229","SISALAM","3075"
"38230","SISWODIPURAN","2706"
"38231","SITANGGAL","3128"
"38232","SITEMU","2619"
"38233","SITIADI","2617"
"38234","SITIBENTAR","3132"
"38235","SITIHARJO","3081"
"38236","SITILUHUR","2653"
"38237","SITIMULYO","2949"
"38238","SITIREJO","2893"
"38239","SITIREJO","2610"
"38240","SITIREJO","2577"
"38241","SITUWANGI","2575"
"38242","SIWAL","2671"
"38243","SIWAL","3123"
"38244","SIWALAN","3083"
"38245","SIWALAN","2930"
"38246","SIWARAK","3103"
"38247","SIWATU","2976"
"38248","SIWULUH","2759"
"38249","SIWUNGKUK","3075"
"38250","SIWURAN","3081"
"38251","SLAGI","2996"
"38252","SLARANG KIDUL","2679"
"38253","SLARANG LOR","2946"
"38254","SLARANG","2997"
"38255","SLATRI","2593"
"38256","SLATRI","3128"
"38257","SLAWI KULON","3072"
"38258","SLAWI WETAN","3072"
"38259","SLENDRO","2931"
"38260","SLEROK","3138"
"38261","SLINGA","2613"
"38262","SLOGO","2962"
"38263","SLOGOHIMO","3003"
"38264","SLOGORETNO","2687"
"38265","SLUKATAN","2607"
"38266","SLUKE","2892"
"38267","SLUNGKEP","2885"
"38268","SOBAYAN","2879"
"38269","SOBO","2621"
"38270","SOBOKERTO","3069"
"38271","SOBOREJO","3107"
"38272","SOCO","3036"
"38273","SOCO","3003"
"38274","SOCOKANGSI","2739"
"38275","SODITAN","2631"
"38276","SODONG","2976"
"38277","SOGO","2660"
"38278","SOJOKERTO","2918"
"38279","SOJOMERTO","3041"
"38280","SOJOMERTO","2572"
"38281","SOJOPURO","2607"
"38282","SOKA","2863"
"38283","SOKA","2628"
"38284","SOKA","2933"
"38285","SOKANANDI","2602"
"38286","SOKANEGARA","2728"
"38287","SOKANEGARA","2612"
"38288","SOKARAJA KIDUL","2773"
"38289","SOKARAJA KULON","2773"
"38290","SOKARAJA LOR","2773"
"38291","SOKARAJA TENGAH","2773"
"38292","SOKARAJA WETAN","2773"
"38293","SOKARAJA","2616"
"38294","SOKASARI","2851"
"38295","SOKATENGAH","2851"
"38296","SOKAWANGI","2619"
"38297","SOKAWATI","2601"
"38298","SOKAWERA KIDUL","3131"
"38299","SOKAWERA","2850"
"38300","SOKAWERA","2954"
"38301","SOKAWERA","3129"
"38302","SOKAYASA","2602"
"38303","SOKO KIDUL","2626"
"38304","SOKO","2652"
"38305","SOKO","2641"
"38306","SOKO","2644"
"38307","SOKO","2655"
"38308","SOKO","2824"
"38309","SOKOAGUNG","2652"
"38310","SOKOBOYO","3003"
"38311","SOKOGELAP","2871"
"38312","SOKOHARJO","2732"
"38313","SOKOKULON","2649"
"38314","SOKOPULUHAN","2949"
"38315","SOKOREJO","2841"
"38316","SOKORINI","2570"
"38317","SOKOWATEN","2659"
"38318","SOKOYOSO","2979"
"38319","SOLODIRAN","2842"
"38320","SOLOWIRE","2626"
"38321","SOMAGEDE","2884"
"38322","SOMAGEDE","3129"
"38323","SOMAKATON","3129"
"38324","SOMAWANGI","2796"
"38325","SOMOGEDE","2935"
"38326","SOMOGEDE","2921"
"38327","SOMOKATON","2813"
"38328","SOMOKATON","2937"
"38329","SOMOKETRO","2857"
"38330","SOMOLETER","2939"
"38331","SOMOMORO DUKUH","3027"
"38332","SOMONGARI","3071"
"38333","SOMOPURO","2674"
"38334","SOMOREJO","2652"
"38335","SOMOSARI","2810"
"38336","SOMOWONO","3071"
"38337","SONDAKAN","3006"
"38338","SONEYAN","2994"
"38339","SONGBLEDEG","3092"
"38340","SONGGODADI","3051"
"38341","SONGGOM LOR","3035"
"38342","SONGGOM","3035"
"38343","SONO","3088"
"38344","SONOHARJO","3004"
"38345","SONOKIDUL","2662"
"38346","SONOKULON","2870"
"38347","SONOREJO","2606"
"38348","SONOREJO","2848"
"38349","SONOREJO","3011"
"38350","SONOREJO","2798"
"38351","SOROGATEN","2882"
"38352","SORONALAN","2826"
"38353","SOROPADAN","3107"
"38354","SOROPATEN","2887"
"38355","SOROYUDAN","2827"
"38356","SOWAN KIDUL","2986"
"38357","SOWAN LOR","2986"
"38358","SRAGEN KULON","3130"
"38359","SRAGEN TENGAH","3130"
"38360","SRAGEN WETAN","3130"
"38361","SRAGI","2988"
"38362","SRANTEN","2753"
"38363","SRATEN","2940"
"38364","SRATEN","3024"
"38365","SRATI","2615"
"38366","SRAWUNG","2931"
"38367","SREBEGAN","3037"
"38368","SRENGSENG","3118"
"38369","SRIBIT","2707"
"38370","SRIBIT","2909"
"38371","SRIDADI","3085"
"38372","SRIDADI","2861"
"38373","SRIGADING","2746"
"38374","SRIKANDANG","2758"
"38375","SRIKATON","2618"
"38376","SRIKATON","2885"
"38377","SRIMULYO","3008"
"38378","SRINAHAN","2981"
"38379","SRINGIN","2944"
"38380","SRIOMBO","2631"
"38381","SRIWEDARI","2618"
"38382","SRIWEDARI","3006"
"38383","SRIWEDARI","2570"
"38384","SRIWEDARI","2779"
"38385","SRIWULAN","3104"
"38386","SRIWULAN","2794"
"38387","SRIWUNGU","2691"
"38388","SROBYONG","3114"
"38389","SRONDOL KULON","2820"
"38390","SRONDOL WETAN","2820"
"38391","SROWOT","3126"
"38392","SROYO","2982"
"38393","SRUMBUNG","2812"
"38394","SRUNI","3048"
"38395","SRUSUHJURUTENGAH","2617"
"38396","SRUWEN","2843"
"38397","SRUWENG","3049"
"38398","SRUWOH DUKUH","2605"
"38399","SRUWOH","2624"
"38400","SRUWOHREJO","2605"
"38401","SUBAH","2573"
"38402","SUCEN","2708"
"38403","SUCEN","2857"
"38404","SUCENJURU TENGAH","2731"
"38405","SUCI","2711"
"38406","SUDAGARAN","2924"
"38407","SUDAGARAN","3111"
"38408","SUDAN","2697"
"38409","SUDIMARA","2850"
"38410","SUDIMORO","2682"
"38411","SUDIMORO","2812"
"38412","SUDIMORO","2756"
"38413","SUDIMORO","2882"
"38414","SUDIPAYUNG","2831"
"38415","SUDIROPRAJAN","3079"
"38416","SUDO","2950"
"38417","SUDOROGO","3071"
"38418","SUDUNGDEWO","2767"
"38419","SUGIHAN","2895"
"38420","SUGIHAN","2993"
"38421","SUGIHAN","2964"
"38422","SUGIHAN","2843"
"38423","SUGIHAN","2742"
"38424","SUGIHAN","2942"
"38425","SUGIHARJO","2932"
"38426","SUGIHMANIK","2969"
"38427","SUGIHMAS","2681"
"38428","SUGIHREJO","2641"
"38429","SUGIHWARAS","2569"
"38430","SUGIHWARAS","2841"
"38431","SUGIHWARAS","2782"
"38432","SUKABUMI","2672"
"38433","SUKAREJA","2747"
"38434","SUKAREJA","2766"
"38435","SUKOAGUNG","2858"
"38436","SUKOBUBUK","2649"
"38437","SUKODADI","2730"
"38438","SUKODADI","3084"
"38439","SUKODADI","2823"
"38440","SUKODONO","2922"
"38441","SUKODONO","2695"
"38442","SUKODONO","3064"
"38443","SUKOHARJO","2947"
"38444","SUKOHARJO","2649"
"38445","SUKOHARJO","2874"
"38446","SUKOHARJO","3085"
"38447","SUKOHARJO","2798"
"38448","SUKOHARJO","3082"
"38449","SUKOHARJO","2811"
"38450","SUKOHARJO","2757"
"38451","SUKOLILAN","2763"
"38452","SUKOLILO","2680"
"38453","SUKOMAKMUR","2704"
"38454","SUKOMANAH","2793"
"38455","SUKOMANGLI","3052"
"38456","SUKOMANGLI","2572"
"38457","SUKOMANGU","2668"
"38458","SUKOMARTO","2836"
"38459","SUKOMULYO","2704"
"38460","SUKOMULYO","3068"
"38461","SUKOMULYO","3007"
"38462","SUKORAME","3048"
"38463","SUKOREJO","2670"
"38464","SUKOREJO","3038"
"38465","SUKOREJO","2704"
"38466","SUKOREJO","2981"
"38467","SUKOREJO","2600"
"38468","SUKOREJO","2783"
"38469","SUKOREJO","2607"
"38470","SUKOREJO","3048"
"38471","SUKOREJO","3099"
"38472","SUKOREJO","2941"
"38473","SUKOREJO","2980"
"38474","SUKOREJO","2953"
"38475","SUKOREJO","2876"
"38476","SUKOREJO","2827"
"38477","SUKOREJO","3029"
"38478","SUKOREJO","2577"
"38479","SUKOREJO","2599"
"38480","SUKOREJO","2928"
"38481","SUKOREJO","2907"
"38482","SUKORENO","2899"
"38483","SUKORINI","2842"
"38484","SUKORUKUN","2618"
"38485","SUKOSARI","2730"
"38486","SUKOSARI","2944"
"38487","SUKOSARI","2778"
"38488","SUKOSONO","2986"
"38489","SUKOWUWUH","2903"
"38490","SULANG","2950"
"38491","SULURSARI","2777"
"38492","SUMAMPIR","2718"
"38493","SUMAMPIR","2801"
"38494","SUMANDING","2696"
"38495","SUMBAGA","2851"
"38496","SUMBANG","2786"
"38497","SUMBANGREJO","2702"
"38498","SUMBARANG","2614"
"38499","SUMBER AGUNG","2648"
"38500","SUMBER JATIPOHON","3098"
"38501","SUMBER RAHAYU","3104"
"38502","SUMBER REJO","2741"
"38503","SUMBER SARI","2659"
"38504","SUMBER","2815"
"38505","SUMBER","2818"
"38506","SUMBER","3097"
"38507","SUMBER","2935"
"38508","SUMBER","2668"
"38509","SUMBER","2901"
"38510","SUMBER","2953"
"38511","SUMBER","2914"
"38512","SUMBERADI","2568"
"38513","SUMBERAGUNG","2643"
"38514","SUMBERAGUNG","2862"
"38515","SUMBERAGUNG","2608"
"38516","SUMBERAGUNG","2585"
"38517","SUMBERAGUNG","2618"
"38518","SUMBERAGUNG","2748"
"38519","SUMBERAGUNG","2832"
"38520","SUMBERAGUNG","2711"
"38521","SUMBERAGUNG","3009"
"38522","SUMBERAN","2618"
"38523","SUMBERARUM","2618"
"38524","SUMBERARUM","2865"
"38525","SUMBERDALEM","2767"
"38526","SUMBEREJO","2663"
"38527","SUMBEREJO","2862"
"38528","SUMBEREJO","2922"
"38529","SUMBEREJO","2715"
"38530","SUMBEREJO","2873"
"38531","SUMBEREJO","3105"
"38532","SUMBEREJO","3135"
"38533","SUMBEREJO","2965"
"38534","SUMBEREJO","3057"
"38535","SUMBEREJO","3088"
"38536","SUMBEREJO","2744"
"38537","SUMBEREJO","2745"
"38538","SUMBEREJO","2746"
"38539","SUMBEREJO","2624"
"38540","SUMBEREJO","2874"
"38541","SUMBEREJO","2793"
"38542","SUMBEREJO","2921"
"38543","SUMBEREJO","3094"
"38544","SUMBEREJOSARI","3033"
"38545","SUMBERGAYAM","2697"
"38546","SUMBERGIRANG","2631"
"38547","SUMBERHARJO","2684"
"38548","SUMBERJATI","2594"
"38549","SUMBERJO","2702"
"38550","SUMBERJO","2888"
"38551","SUMBERJO","3085"
"38552","SUMBERMULYO","2990"
"38553","SUMBERMULYO","2716"
"38554","SUMBERMULYO","2639"
"38555","SUMBERMULYO","3016"
"38556","SUMBERMULYO","2942"
"38557","SUMBERPITU","2699"
"38558","SUMBERREJO","2618"
"38559","SUMBERREJO","2783"
"38560","SUMBERSARI","2605"
"38561","SUMBERSARI","2885"
"38562","SUMBERSARI","2697"
"38563","SUMBERSARI","2831"
"38564","SUMBERSARI","2793"
"38565","SUMBERSARI","2921"
"38566","SUMBERSOKO","2680"
"38567","SUMBERWULAN","2583"
"38568","SUMBUNG","2672"
"38569","SUMILIR","2673"
"38570","SUMINGKIR","2977"
"38571","SUMINGKIR","3074"
"38572","SUMINGKIR","3022"
"38573","SUMOGAWE","2853"
"38574","SUMOWONO","3005"
"38575","SUMPINGHAYU","2927"
"38576","SUMPIUH","2784"
"38577","SUMUB KIDUL","2988"
"38578","SUMUB LOR","2988"
"38579","SUMUR JOMBLANGBOGO","2640"
"38580","SUMUR","2943"
"38581","SUMUR","2934"
"38582","SUMUR","3048"
"38583","SUMURARUM","2681"
"38584","SUMURBANGER","2807"
"38585","SUMURBOTO","2820"
"38586","SUMURBOTO","2644"
"38587","SUMUREJO","3038"
"38588","SUMURGEDE","2608"
"38589","SUMURKIDANG","2787"
"38590","SUMURPANGGANG","3017"
"38591","SUMURPULE","2697"
"38592","SUMURTAWANG","2697"
"38593","SUMYANG","2674"
"38594","SUNDOLUHUR","2885"
"38595","SUNGAPAN","2782"
"38596","SUNGGINGAN","2839"
"38597","SUNGGINGAN","2655"
"38598","SUNGGINGSARI","2657"
"38599","SUNGGINGWARNO","2641"
"38600","SUNIARSIH","2852"
"38601","SUNTRI","2829"
"38602","SUNYALANGU","2634"
"38603","SURABAYAN","3077"
"38604","SURADADI","2957"
"38605","SURAJAYA","2782"
"38606","SUREN","2732"
"38607","SURENGEDE","3014"
"38608","SURENGEDE","2767"
"38609","SURJO","2863"
"38610","SURO","3126"
"38611","SUROBAYAN","2594"
"38612","SURODADI","2848"
"38613","SURODADI","2790"
"38614","SURODADI","3108"
"38615","SURODADI","2986"
"38616","SURODADI","2794"
"38617","SUROJOYO","2848"
"38618","SUROJOYO","2822"
"38619","SUROKIDUL","3118"
"38620","SUROKONTO KULON","2764"
"38621","SUROKONTO WETAN","2764"
"38622","SUROREJAN","2617"
"38623","SUROREJO","2659"
"38624","SUROTELENG","3122"
"38625","SUROTRUNAN","2958"
"38626","SUROYUDAN","3082"
"38627","SURU","2787"
"38628","SURU","2621"
"38629","SURUH","2876"
"38630","SURUH","3015"
"38631","SURUHKALANG","2982"
"38632","SURUSUNDA","2635"
"38633","SUSUK","2624"
"38634","SUSUKAN","2598"
"38635","SUSUKAN","2786"
"38636","SUSUKAN","2915"
"38637","SUSUKAN","2651"
"38638","SUSUKAN","2883"
"38639","SUSUKAN","2700"
"38640","SUTAMAJA","3043"
"38641","SUTAPRANAN","2723"
"38642","SUTOPATI","2704"
"38643","SUTORAGAN","2871"
"38644","SUWADUK","2757"
"38645","SUWATU","2777"
"38646","SUWATU","2962"
"38647","SUWATU","3016"
"38648","SUWAWAL TIMUR","2996"
"38649","SUWAWAL","3114"
"38650","SUWIDAK","2700"
"38651","TABET","3104"
"38652","TAHUNAN","2777"
"38653","TAHUNAN","2716"
"38654","TAHUNAN","3064"
"38655","TAJEMSARI","3029"
"38656","TAJI","2960"
"38657","TAJI","2971"
"38658","TAJUG","2688"
"38659","TAJUK","2853"
"38660","TAJUNGSARI","3016"
"38661","TAJUR","2947"
"38662","TALAGENING","2789"
"38663","TALAKBROTO","2901"
"38664","TALANG","2825"
"38665","TALANG","2908"
"38666","TALESAN","2668"
"38667","TALOK","2677"
"38668","TALOKWOHMOJO","2746"
"38669","TALUN","2885"
"38670","TALUN","2689"
"38671","TALUN","2795"
"38672","TALUNAMBA","2805"
"38673","TALUNOMBO","2686"
"38674","TALUNOMBO","2822"
"38675","TAMAN REJO","2980"
"38676","TAMAN","2619"
"38677","TAMANAGUNG","2570"
"38678","TAMANGEDE","3041"
"38679","TAMANREJO","3104"
"38680","TAMANREJO","2577"
"38681","TAMANSARI","2605"
"38682","TAMANSARI","2618"
"38683","TAMANSARI","2614"
"38684","TAMANSARI","2634"
"38685","TAMANSARI","2688"
"38686","TAMANSARI","2965"
"38687","TAMANSARI","2744"
"38688","TAMANSARI","3016"
"38689","TAMANWINANGUN","2568"
"38690","TAMBAHAGUNG","2610"
"38691","TAMBAHARJO","2932"
"38692","TAMBAHARJO","2610"
"38693","TAMBAHMULYO","2641"
"38694","TAMBAHMULYO","3011"
"38695","TAMBAHREJO","2719"
"38696","TAMBAHREJO","2606"
"38697","TAMBAHREJO","2764"
"38698","TAMBAHREJO","2577"
"38699","TAMBAHREJO","3059"
"38700","TAMBAHSARI","3104"
"38701","TAMBAHSARI","2932"
"38702","TAMBAK HARJO","2956"
"38703","TAMBAK","2628"
"38704","TAMBAK","2970"
"38705","TAMBAKAGUNG","2627"
"38706","TAMBAKAGUNG","2893"
"38707","TAMBAKAJI","2703"
"38708","TAMBAKAN","2854"
"38709","TAMBAKAN","2674"
"38710","TAMBAKBOYO","2834"
"38711","TAMBAKBOYO","2879"
"38712","TAMBAKBOYO","2572"
"38713","TAMBAKBOYO","3053"
"38714","TAMBAKBULUSAN","2849"
"38715","TAMBAKHARJO","2569"
"38716","TAMBAKMERANG","2983"
"38717","TAMBAKMULYO","2617"
"38718","TAMBAKNEGARA","2785"
"38719","TAMBAKPROGATEN","2893"
"38720","TAMBAKREJA","3046"
"38721","TAMBAKREJA","2762"
"38722","TAMBAKREJO","2595"
"38723","TAMBAKREJO","3083"
"38724","TAMBAKREJO","2763"
"38725","TAMBAKREJO","2782"
"38726","TAMBAKREJO","2682"
"38727","TAMBAKROMO","2699"
"38728","TAMBAKROMO","2610"
"38729","TAMBAKROTO","2979"
"38730","TAMBAKROTO","2794"
"38731","TAMBAKSARI KIDUL","2806"
"38732","TAMBAKSARI","2606"
"38733","TAMBAKSARI","2762"
"38734","TAMBAKSARI","2774"
"38735","TAMBAKSARI","2989"
"38736","TAMBAKSARI","2571"
"38737","TAMBAKSELO","3059"
"38738","TAMBAKSERANG","2750"
"38739","TAMBAKSOGRA","2786"
"38740","TAMBANGAN","2984"
"38741","TAMBI","3014"
"38742","TAMBI","2948"
"38743","TAMBIREJO","2790"
"38744","TAMBIREJO","2742"
"38745","TAMBONGWETAN","3090"
"38746","TAMPING WINARNO","2980"
"38747","TAMPINGAN","2776"
"38748","TAMPINGAN","2827"
"38749","TAMPIRKULON","2848"
"38750","TAMPIRWETAN","2848"
"38751","TANAHBAYA","2772"
"38752","TANAHSARI","2568"
"38753","TANALUM","2801"
"38754","TANDANG","3001"
"38755","TANDUK","2814"
"38756","TANGGAN","2931"
"38757","TANGGEL","2888"
"38758","TANGGEL","2942"
"38759","TANGGERAN","2869"
"38760","TANGGERAN","3129"
"38761","TANGGERAN","3049"
"38762","TANGGERAN","3078"
"38763","TANGGIREJO","3029"
"38764","TANGGUL","2675"
"38765","TANGGULANGIN","3105"
"38766","TANGGULANGIN","2893"
"38767","TANGGULANOM","2658"
"38768","TANGGULREJO","2865"
"38769","TANGGULTLARE","2986"
"38770","TANGGUNGHARJO","3098"
"38771","TANGGUNGHARJO","2969"
"38772","TANGGUNGSARI","2840"
"38773","TANGKIL KULON","2597"
"38774","TANGKIL TENGAH","2597"
"38775","TANGKIL","2689"
"38776","TANGKIL","3130"
"38777","TANGKIS","2670"
"38778","TANGKISAN POS","2674"
"38779","TANGKISAN","2731"
"38780","TANGKISAN","2926"
"38781","TANGKISAN","3053"
"38782","TANJANG","2641"
"38783","TANJUNG KARANG","3096"
"38784","TANJUNG KULON","2979"
"38785","TANJUNG SARI","2788"
"38786","TANJUNG","2726"
"38787","TANJUNG","2993"
"38788","TANJUNG","2960"
"38789","TANJUNG","2660"
"38790","TANJUNG","2648"
"38791","TANJUNG","2570"
"38792","TANJUNG","2624"
"38793","TANJUNG","2835"
"38794","TANJUNG","2996"
"38795","TANJUNG","2912"
"38796","TANJUNG","2950"
"38797","TANJUNG","3134"
"38798","TANJUNG","3050"
"38799","TANJUNGAN","2697"
"38800","TANJUNGAN","2928"
"38801","TANJUNGANOM","2659"
"38802","TANJUNGANOM","2605"
"38803","TANJUNGANOM","2641"
"38804","TANJUNGANOM","2899"
"38805","TANJUNGANOM","2904"
"38806","TANJUNGANOM","2575"
"38807","TANJUNGANOM","2989"
"38808","TANJUNGANOM","2779"
"38809","TANJUNGANYAR","2790"
"38810","TANJUNGHARJA","2637"
"38811","TANJUNGHARJO","2748"
"38812","TANJUNGMAS","2721"
"38813","TANJUNGMERU","2630"
"38814","TANJUNGMOJO","3084"
"38815","TANJUNGREJO","2731"
"38816","TANJUNGREJO","2595"
"38817","TANJUNGREJO","2995"
"38818","TANJUNGREJO","2994"
"38819","TANJUNGREJO","2624"
"38820","TANJUNGREJO","2835"
"38821","TANJUNGREJO","3059"
"38822","TANJUNGSARI","2749"
"38823","TANJUNGSARI","2923"
"38824","TANJUNGSARI","2595"
"38825","TANJUNGSARI","3011"
"38826","TANJUNGSARI","3105"
"38827","TANJUNGSARI","2979"
"38828","TANJUNGSARI","2654"
"38829","TANJUNGSARI","2697"
"38830","TANJUNGSARI","2630"
"38831","TANJUNGSARI","2842"
"38832","TANJUNGSARI","2603"
"38833","TANJUNGSARI","3085"
"38834","TANJUNGSARI","2989"
"38835","TANJUNGSARI","2807"
"38836","TANJUNGSARI","2811"
"38837","TANJUNGSARI","2691"
"38838","TANJUNGSARI","3075"
"38839","TANJUNGSARI","2693"
"38840","TANJUNGSEKAR","2949"
"38841","TANJUNGSETO","2630"
"38842","TANJUNGTIRTA","2647"
"38843","TANON","2962"
"38844","TANUHARJO","2958"
"38845","TANUREJO","2692"
"38846","TAPEN","2935"
"38847","TAPEN","3110"
"38848","TARABAN","3047"
"38849","TARAMAN","2909"
"38850","TARISI","2571"
"38851","TARUB","2978"
"38852","TARUB","3101"
"38853","TARUBASAN","2887"
"38854","TARUBATANG","3122"
"38855","TARUMAN","3120"
"38856","TASIKAGUNG","3085"
"38857","TASIKHARGO","3105"
"38858","TASIKHARJO","2627"
"38859","TASIKMADU","2935"
"38860","TASIKREJO","2599"
"38861","TASIKSONO","2631"
"38862","TASKOMBANG","2842"
"38863","TAWANG","2651"
"38864","TAWANG","2591"
"38865","TAWANGHARJO","2999"
"38866","TAWANGHARJO","3101"
"38867","TAWANGHARJO","2757"
"38868","TAWANGMANGU","2720"
"38869","TAWANGMAS","2956"
"38870","TAWANGREJO","2825"
"38871","TAWANGREJO","2687"
"38872","TAWANGREJO","2662"
"38873","TAWANGREJO","2639"
"38874","TAWANGREJO","2577"
"38875","TAWANGREJO","2942"
"38876","TAWANGSARI","3071"
"38877","TAWANGSARI","2965"
"38878","TAWANGSARI","2956"
"38879","TAWANGSARI","2713"
"38880","TAWANGSARI","2756"
"38881","TAWANGSARI","3034"
"38882","TAWANGSARI","2961"
"38883","TAWENGAN","2629"
"38884","TAYEM","2635"
"38885","TAYEMTIMUR","2635"
"38886","TAYUKULON","2894"
"38887","TAYUWETAN","2894"
"38888","TEDUNAN","2986"
"38889","TEDUNAN","2807"
"38890","TEDUNAN","2642"
"38891","TEGAL SURUH","2988"
"38892","TEGALAMPEL","2628"
"38893","TEGALANDONG","2679"
"38894","TEGALAREN","2793"
"38895","TEGALARUM","2923"
"38896","TEGALARUM","2618"
"38897","TEGALARUM","2994"
"38898","TEGALARUM","2744"
"38899","TEGALDOWO","2973"
"38900","TEGALDOWO","2829"
"38901","TEGALDOWO","3050"
"38902","TEGALGANDU","3075"
"38903","TEGALGEDE","2875"
"38904","TEGALGIRI","2891"
"38905","TEGALGLAGAH","2759"
"38906","TEGALGONDO","2605"
"38907","TEGALGONDO","2907"
"38908","TEGALGOT","2904"
"38909","TEGALGUNUNG","2606"
"38910","TEGALHARJO","2684"
"38911","TEGALHARJO","3079"
"38912","TEGALHARJO","2620"
"38913","TEGALJERUK","2616"
"38914","TEGALKAMULYAN","3046"
"38915","TEGALKUNING","2659"
"38916","TEGALLURUNG","2799"
"38917","TEGALMADE","2886"
"38918","TEGALMLATI","2992"
"38919","TEGALMULYO","2689"
"38920","TEGALMULYO","2697"
"38921","TEGALOMBO","2589"
"38922","TEGALOMBO","2710"
"38923","TEGALOMBO","2968"
"38924","TEGALOMBO","2807"
"38925","TEGALONTAR","2988"
"38926","TEGALPINGEN","2868"
"38927","TEGALRANDU","2812"
"38928","TEGALREJA","2747"
"38929","TEGALREJO","3032"
"38930","TEGALREJO","2659"
"38931","TEGALREJO","2825"
"38932","TEGALREJO","2799"
"38933","TEGALREJO","3037"
"38934","TEGALREJO","3046"
"38935","TEGALREJO","3008"
"38936","TEGALREJO","2585"
"38937","TEGALREJO","2792"
"38938","TEGALREJO","2890"
"38939","TEGALREJO","2933"
"38940","TEGALREJO","2668"
"38941","TEGALREJO","2898"
"38942","TEGALREJO","2827"
"38943","TEGALREJO","2843"
"38944","TEGALREJO","3059"
"38945","TEGALRETNO","2603"
"38946","TEGALROSO","2657"
"38947","TEGALSAMBI","3064"
"38948","TEGALSARI BARAT","2601"
"38949","TEGALSARI TIMUR","2601"
"38950","TEGALSARI","2569"
"38951","TEGALSARI","2939"
"38952","TEGALSARI","2848"
"38953","TEGALSARI","3020"
"38954","TEGALSARI","3081"
"38955","TEGALSARI","2666"
"38956","TEGALSARI","2753"
"38957","TEGALSARI","2740"
"38958","TEGALSARI","3111"
"38959","TEGALSARI","3063"
"38960","TEGALSARI","2591"
"38961","TEGALSUMUR","3115"
"38962","TEGALWANGI","2908"
"38963","TEGALWATON","2843"
"38964","TEGALWERO","2949"
"38965","TEGALWULUNG","2955"
"38966","TEGALYOSO","3057"
"38967","TEGARON","2817"
"38968","TEGES WETAN","2904"
"38969","TEGIRI","2862"
"38970","TEGONGAN","3134"
"38971","TEGOREJO","3062"
"38972","TEGOWANU KULON","3029"
"38973","TEGOWANU WETAN","3029"
"38974","TEGOWANUH","3080"
"38975","TEGUHAN","3098"
"38976","TEJASARI","2613"
"38977","TEJOREJO","3030"
"38978","TEJOSARI","2745"
"38979","TELAGA","2750"
"38980","TELAWAH","3033"
"38981","TELGAWAH","2829"
"38982","TELOYO","2907"
"38983","TELUK","2972"
"38984","TELUK","2912"
"38985","TELUKAN","2709"
"38986","TELUKAWUR","3064"
"38987","TELUKWETAN","2975"
"38988","TEMANGGAL","2569"
"38989","TEMANGGAL","2865"
"38990","TEMANGGUNG I","2833"
"38991","TEMANGGUNG II","2833"
"38992","TEMANGGUNG","2576"
"38993","TEMBALANG","3001"
"38994","TEMBARAK","2713"
"38995","TEMBELANG GUNUNG","2800"
"38996","TEMBELANG","2848"
"38997","TEMBELANG","2955"
"38998","TEMBOK BANJARAN","2584"
"38999","TEMBOK KIDUL","2584"
"39000","TEMBOK LOR","2584"
"39001","TEMBOK LUWUNG","2584"
"39002","TEMBOK","2600"
"39003","TEMBONGRAJA","2769"
"39004","TEMBONGWAH","2678"
"39005","TEMBORO","3119"
"39006","TEMENGENG","2929"
"39007","TEMON","2686"
"39008","TEMON","3115"
"39009","TEMON","2901"
"39010","TEMPAK","2848"
"39011","TEMPALING","2702"
"39012","TEMPEL","2940"
"39013","TEMPEL","2642"
"39014","TEMPELAN","2606"
"39015","TEMPELLEMAHBANG","2644"
"39016","TEMPELREJO","3088"
"39017","TEMPELSARI","2902"
"39018","TEMPERAK","2639"
"39019","TEMPUR","3010"
"39020","TEMPURAN","2606"
"39021","TEMPURAN","2726"
"39022","TEMPURAN","2754"
"39023","TEMPURAN","3080"
"39024","TEMPURAN","2700"
"39025","TEMPURANDUWUR","2822"
"39026","TEMPUREJO","2606"
"39027","TEMPUREJO","2951"
"39028","TEMPUREJO","3065"
"39029","TEMPUREJO","2865"
"39030","TEMPURHARJO","2684"
"39031","TEMPURSARI","2848"
"39032","TEMPURSARI","3019"
"39033","TEMPURSARI","2629"
"39034","TEMPURSARI","2822"
"39035","TEMPURSARI","3117"
"39036","TEMUIRENG","2739"
"39037","TEMUIRENG","2992"
"39038","TEMULUS","3102"
"39039","TEMULUS","2888"
"39040","TEMUREJO","2606"
"39041","TEMUREJO","3033"
"39042","TEMUROSO","2670"
"39043","TEMUWANGI","2879"
"39044","TENDAS","2894"
"39045","TENGARAN","2843"
"39046","TENGENG WETAN","2930"
"39047","TENGENGKULON","2930"
"39048","TENGGAK","2909"
"39049","TENGGELES","3102"
"39050","TENGGER","2873"
"39051","TENGGER","3099"
"39052","TENGGER","2716"
"39053","TENGGULANGHARJO","2573"
"39054","TENGGULI","2758"
"39055","TENGGULI","3134"
"39056","TENGKI","2770"
"39057","TENGKLIK","2720"
"39058","TENING","3034"
"39059","TENOGO","2869"
"39060","TEPAKYANG","2569"
"39061","TEPANSARI","2816"
"39062","TEPISARI","2667"
"39063","TEPUS KULON","2732"
"39064","TEPUS WETAN","2732"
"39065","TEPUSEN","3080"
"39066","TERANGMAS","2916"
"39067","TERAS","2756"
"39068","TERBAN","2995"
"39069","TERBAN","2874"
"39070","TERBAN","2797"
"39071","TERBOYO KULON","2751"
"39072","TERBOYO WETAN","2751"
"39073","TERGO","3036"
"39074","TERJAN","2697"
"39075","TERKESI","3120"
"39076","TERLANGU","2770"
"39077","TERLAYA","2750"
"39078","TERMAS","3033"
"39079","TERNADI","3036"
"39080","TERSANGEDE","2857"
"39081","TERSIDI KIDUL","2935"
"39082","TERSIDI LOR","2935"
"39083","TERSOBO","2656"
"39084","TERSONO","2807"
"39085","TERTEG","2949"
"39086","TETEL","2868"
"39087","TETER","2901"
"39088","TIBAYAN","2739"
"39089","TIDAR SELATAN","3125"
"39090","TIDAR UTARA","3125"
"39091","TIDU","2661"
"39092","TIENG","3014"
"39093","TIGAJURU","2733"
"39094","TIJAYAN","2842"
"39095","TIMBANG","2705"
"39096","TIMBANG","2728"
"39097","TIMBANG","2918"
"39098","TIMBANGREJA","2679"
"39099","TIMBANGSARI","2800"
"39100","TIMBRANGAN","2829"
"39101","TIMBULSLOKO","2794"
"39102","TIMPIK","2651"
"39103","TIMURAN","2815"
"39104","TINANDING","2608"
"39105","TINAPAN","2870"
"39106","TINGGARJAYA","2580"
"39107","TINGGARJAYA","3111"
"39108","TINGKIR LOR","3093"
"39109","TINGKIR TENGAH","3093"
"39110","TINJOMOYO","2820"
"39111","TIPAR (TIPAR KIDUL)","2587"
"39112","TIPAR","2785"
"39113","TIPES","3058"
"39114","TIREM","3115"
"39115","TIREMAN","3085"
"39116","TIRIP","2921"
"39117","TIRTO","2681"
"39118","TIRTO","2890"
"39119","TIRTO","2857"
"39120","TIRTOMARTO","2676"
"39121","TIRTOMOYO","2933"
"39122","TIRTOMOYO","2811"
"39123","TIRTOMULYO","2897"
"39124","TIRTOSARI","2826"
"39125","TIRTOSUWORO","2999"
"39126","TITANG","2674"
"39127","TIWULANDU","2747"
"39128","TIYARAN","2991"
"39129","TLAGA","3045"
"39130","TLAGA","2647"
"39131","TLAGASANA","2948"
"39132","TLAGAWERA","2602"
"39133","TLAGAYASA","2789"
"39134","TLAHAB KIDUL","3103"
"39135","TLAHAB LOR","3103"
"39136","TLAHAB","3041"
"39137","TLAHAP","2859"
"39138","TLAHAP","2880"
"39139","TLAWONG","2898"
"39140","TLEPOK KULON","2585"
"39141","TLEPOK WETAN","2585"
"39142","TLEPOK","2765"
"39143","TLETER","3080"
"39144","TLILIR","2691"
"39145","TLINGSING","2676"
"39146","TLOBO","2917"
"39147","TLOBONG","2707"
"39148","TLOGO REJO","3071"
"39149","TLOGO TIRTO","3039"
"39150","TLOGO","3081"
"39151","TLOGO","2971"
"39152","TLOGO","3082"
"39153","TLOGO","2902"
"39154","TLOGO","3024"
"39155","TLOGOAYU","2641"
"39156","TLOGOBOYO","2922"
"39157","TLOGOBULU","3071"
"39158","TLOGODALEM","2767"
"39159","TLOGODEPOK","3132"
"39160","TLOGODOWO","2967"
"39161","TLOGOGUWO","3071"
"39162","TLOGOHARJO","2867"
"39163","TLOGOHARUM","2757"
"39164","TLOGOHENDRO","3051"
"39165","TLOGOJATI","2961"
"39166","TLOGOKOTES","2652"
"39167","TLOGOLELE","3122"
"39168","TLOGOMOJO","2858"
"39169","TLOGOMOJO","3085"
"39170","TLOGOMULYO","2854"
"39171","TLOGOMULYO","2767"
"39172","TLOGOMULYO","3087"
"39173","TLOGOMULYO","2691"
"39174","TLOGOPAKIS","3051"
"39175","TLOGOPANDOGAN","2790"
"39176","TLOGOPAYUNG","2897"
"39177","TLOGOPRAGOTO","3132"
"39178","TLOGOPUCANG","2683"
"39179","TLOGORANDU","2960"
"39180","TLOGOREJO","2698"
"39181","TLOGOREJO","2605"
"39182","TLOGOREJO","2681"
"39183","TLOGOREJO","2670"
"39184","TLOGOREJO","3011"
"39185","TLOGOREJO","2972"
"39186","TLOGOREJO","2793"
"39187","TLOGOREJO","3029"
"39188","TLOGOREJO","2833"
"39189","TLOGOREJO","3016"
"39190","TLOGOREJO","2942"
"39191","TLOGOREJO","2967"
"39192","TLOGOSARI KULON","3087"
"39193","TLOGOSARI WETAN","3087"
"39194","TLOGOSARI","2615"
"39195","TLOGOSARI","2867"
"39196","TLOGOSARI","3016"
"39197","TLOGOSIH","2626"
"39198","TLOGOSONO","2896"
"39199","TLOGOTIRTO","2777"
"39200","TLOGOTUNGGAL","2953"
"39201","TLOGOTUWUNG","2888"
"39202","TLOGOWATU","2689"
"39203","TLOGOWERO","2692"
"39204","TLOGOWERU","2670"
"39205","TLOGOWULUNG","2958"
"39206","TLOGOWUNGU","2873"
"39207","TLOGOWUNGU","3080"
"39208","TLOMPAKAN","3024"
"39209","TLUTUP","2620"
"39210","TLUWAH","2586"
"39211","TLUWUK","2757"
"39212","TOBO","2752"
"39213","TODANAN","2870"
"39214","TOHKUNING","2760"
"39215","TOHUDAN","2855"
"39216","TOKO","2959"
"39217","TOLOKAN","2853"
"39218","TOMBO","2719"
"39219","TOMPEGUNUNG","2680"
"39220","TOMPOMULYO","2858"
"39221","TONDOKERTO","3011"
"39222","TONDOMULYO","3011"
"39223","TONGGALAN","2838"
"39224","TONGGARA","3074"
"39225","TONJONG","3078"
"39226","TONOBOYO","2730"
"39227","TORIYO","2895"
"39228","TOSARAN","2597"
"39229","TOSARI","2943"
"39230","TOSO","2719"
"39231","TOTOGAN","2765"
"39232","TOWANGSAN","2856"
"39233","TOYAREJA","2717"
"39234","TOYAREKA","2673"
"39235","TOYOGO","2712"
"39236","TRACAP","2899"
"39237","TRAGUNG","2666"
"39238","TRAHAN","2892"
"39239","TRAJI","2657"
"39240","TRAJU","2851"
"39241","TRAJUMAS","2947"
"39242","TRANGKIL","2620"
"39243","TRANGSAN","2940"
"39244","TRASAN","2730"
"39245","TRASAN","2960"
"39246","TRATEBANG","2611"
"39247","TRATEMULYO","3009"
"39248","TRAYEMAN","3072"
"39249","TRAYU","2749"
"39250","TRAYU","2823"
"39251","TRAYU","3005"
"39252","TREKO","2596"
"39253","TREMBES","2829"
"39254","TREMBULREJO","2746"
"39255","TREMES","3117"
"39256","TRENGGULI","2609"
"39257","TRENGGULI","2967"
"39258","TRENGGULUNAN","2832"
"39259","TRENTEN","2848"
"39260","TRESNOREJO","2603"
"39261","TRETEP","2902"
"39262","TRIBUANA","2647"
"39263","TRIDADI","2816"
"39264","TRIDONOREJO","2922"
"39265","TRIGUNO","2949"
"39266","TRIHARJO","3041"
"39267","TRIKARSO","3049"
"39268","TRIKOYO","2618"
"39269","TRIMULYO","2751"
"39270","TRIMULYO","2585"
"39271","TRIMULYO","2670"
"39272","TRIMULYO","2586"
"39273","TRIMULYO","2885"
"39274","TRIMULYO","2980"
"39275","TRIMULYO","2921"
"39276","TRIREJO","2816"
"39277","TRISARI","2854"
"39278","TRISOBO","2776"
"39279","TRITIH KULON","3109"
"39280","TRITIH LOR","2977"
"39281","TRITIH WETAN","2977"
"39282","TRITIS","2847"
"39283","TRITUNGGAL","3085"
"39284","TRIWARNO","2659"
"39285","TRIWARNO","2630"
"39286","TRIYAGAN","2886"
"39287","TROBAYAN","2710"
"39288","TROKETON","2879"
"39289","TROMBOL","3088"
"39290","TROMPO","2695"
"39291","TROSEMI","2940"
"39292","TROSO","2887"
"39293","TROSO","3091"
"39294","TROSOBO","2629"
"39295","TROTOK","2928"
"39296","TRUCUK","2914"
"39297","TRUKAN","2711"
"39298","TRUKO","2726"
"39299","TRUKO","3084"
"39300","TRUNUH","3057"
"39301","TRUWOLU","2748"
"39302","TUBAN","3000"
"39303","TUBANAN","2696"
"39304","TUBOKARTO","2711"
"39305","TUGU LOR","2743"
"39306","TUGU","2582"
"39307","TUGU","2676"
"39308","TUGU","2944"
"39309","TUGU","2794"
"39310","TUGUREJO","2865"
"39311","TUGUREJO","3121"
"39312","TUKANG","2874"
"39313","TUKINGGEDONG","2617"
"39314","TUKO","3113"
"39315","TUKSARI","2859"
"39316","TUKSONGO","2923"
"39317","TUKULREJO","2999"
"39318","TULAKAN","2741"
"39319","TULAS","2628"
"39320","TULIS","2881"
"39321","TULUNG","2702"
"39322","TULUNG","2882"
"39323","TULUSREJO","2585"
"39324","TUMANGGAL","2868"
"39325","TUMBAL","2598"
"39326","TUMBREP","2719"
"39327","TUMENGGUNGAN","2624"
"39328","TUMENGGUNGAN","2583"
"39329","TUMIYANG","2579"
"39330","TUMIYANG","2771"
"39331","TUMPANG KRASAK","3096"
"39332","TUMPUKAN","2628"
"39333","TUNAHAN","3010"
"39334","TUNDAGAN","2948"
"39335","TUNGGAK","2742"
"39336","TUNGGALROSO","2656"
"39337","TUNGGARA","2729"
"39338","TUNGGORONO","2732"
"39339","TUNGGU","2959"
"39340","TUNGGUL","3008"
"39341","TUNGGULPANDEAN","2847"
"39342","TUNGGULREJO","2777"
"39343","TUNGGULREJO","2585"
"39344","TUNGGULREJO","2944"
"39345","TUNGGULREJO","2695"
"39346","TUNGGULSARI","2943"
"39347","TUNGGULSARI","2627"
"39348","TUNGGULSARI","2894"
"39349","TUNGGUR","3003"
"39350","TUNGU","2608"
"39351","TUNJUNG (TANJUNG)","2580"
"39352","TUNJUNGAN","2624"
"39353","TUNJUNGAN","2577"
"39354","TUNJUNGHARJO","3029"
"39355","TUNJUNGMULI","2688"
"39356","TUNJUNGREJO","2994"
"39357","TUNJUNGSARI","2930"
"39358","TUNJUNGSETO","2884"
"39359","TUNJUNGTEJO","2935"
"39360","TUNON","2736"
"39361","TUNTANG","3024"
"39362","TUNTUNGPAHIT","2732"
"39363","TURIREJO","2754"
"39364","TURIREJO","2644"
"39365","TURITEMPEL","2670"
"39366","TURSINO","2732"
"39367","TURUNREJO","2943"
"39368","TURUS","2871"
"39369","TURUS","2963"
"39370","TURUSGEDE","3085"
"39371","TUTUP","2577"
"39372","TUWANG","2743"
"39373","TUWEL","2852"
"39374","TUYUHAN","2832"
"39375","TWELAGIRI","3076"
"39376","UDANWUH","3123"
"39377","UJUNG NEGORO","2981"
"39378","UJUNG-UJUNG","2874"
"39379","UJUNGALANG","3139"
"39380","UJUNGBARANG","2905"
"39381","UJUNGBATU","2724"
"39382","UJUNGGAGAK","3139"
"39383","UJUNGGEDE","2601"
"39384","UJUNGMANIK","2636"
"39385","UJUNGNEGORO","2666"
"39386","UJUNGPANDAN","2975"
"39387","UJUNGRUSI","2584"
"39388","UJUNGWATU","2741"
"39389","UKIR","2716"
"39390","UKIRSARI","2585"
"39391","UMBULSARI","2693"
"39392","UNDAAN KIDUL","2743"
"39393","UNDAAN KIDUL","2916"
"39394","UNDAAN LOR","2743"
"39395","UNDAAN LOR","2916"
"39396","UNDAAN TENGAH","2916"
"39397","UNGARAN","2630"
"39398","UNGARAN","2722"
"39399","URUTSEWU","2814"
"39400","WADAS LINTANG","2921"
"39401","WADAS","2903"
"39402","WADAS","2704"
"39403","WADAS","2683"
"39404","WADAS","2897"
"39405","WADASMALANG","2765"
"39406","WADO","2660"
"39407","WADUNG GETAS","2907"
"39408","WAGIRPANDAN","3007"
"39409","WAJASARI","2569"
"39410","WALANGSANGA","2821"
"39411","WALED","2871"
"39412","WALEN","2901"
"39413","WALENG","2983"
"39414","WALIKORO","2624"
"39415","WALITELON SELATAN","2833"
"39416","WALITELON UTARA","2833"
"39417","WALUYO","2595"
"39418","WALUYOREJO","2617"
"39419","WANACALA","3035"
"39420","WANACIPTA","2729"
"39421","WANADADI","3110"
"39422","WANADRI","2727"
"39423","WANAKARSA","3110"
"39424","WANAMULYA","2782"
"39425","WANAR","2807"
"39426","WANARAJA","2700"
"39427","WANARATA","2787"
"39428","WANAREJA","2861"
"39429","WANAREJA","2571"
"39430","WANAREJAN SELATAN","2619"
"39431","WANAREJAN UTARA","2619"
"39432","WANASARI","3054"
"39433","WANASARI","3075"
"39434","WANATAWANG","3035"
"39435","WANATIRTA","3047"
"39436","WANAYASA","2700"
"39437","WANDANKEMIRI","3120"
"39438","WANGANDALEM","2770"
"39439","WANGANDAWA","2908"
"39440","WANGANDOWO","2640"
"39441","WANGEN","2963"
"39442","WANGKELANG","2947"
"39443","WANGKELANG","2821"
"39444","WANGLU","2914"
"39445","WANGON","2602"
"39446","WANGON","2808"
"39447","WANGUNREJO","2659"
"39448","WANGUNREJO","2649"
"39449","WANOGARA KULON","2801"
"39450","WANOGARA WETAN","2801"
"39451","WANOJA","2769"
"39452","WANTILGUNG","2746"
"39453","WANUREJO","2923"
"39454","WANUROJO","2871"
"39455","WANUSOBO","2986"
"39456","WANUTENGAH","2657"
"39457","WANUTUNGGAL","2608"
"39458","WARANGAN","2904"
"39459","WARENG","2605"
"39460","WARU","2671"
"39461","WARU","2750"
"39462","WARU","2644"
"39463","WARU","2592"
"39464","WARU","2744"
"39465","WARU","2935"
"39466","WARU","3085"
"39467","WARU","3003"
"39468","WARUGUNUNG","2990"
"39469","WARUGUNUNG","2832"
"39470","WARUKARANGANYAR","3026"
"39471","WARUKIDUL","2906"
"39472","WARULOR","2906"
"39473","WARUNGASEM","2797"
"39474","WARUNGPRING","3044"
"39475","WARUREJA","2766"
"39476","WASIAT","2624"
"39477","WATANGREJO","2711"
"39478","WATANGSONO","3105"
"39479","WATES","2818"
"39480","WATES","2853"
"39481","WATES","3067"
"39482","WATES","3137"
"39483","WATES","2703"
"39484","WATES","2901"
"39485","WATES","2916"
"39486","WATES","3034"
"39487","WATES","2976"
"39488","WATESALIT","3040"
"39489","WATESHAJI","2949"
"39490","WATU PAWON","2959"
"39491","WATUAGUNG","2686"
"39492","WATUAGUNG","3012"
"39493","WATUAGUNG","3024"
"39494","WATUAJI","3010"
"39495","WATUBONANG","3053"
"39496","WATUDUWUR","2939"
"39497","WATUGAJAH","2981"
"39498","WATUGEDE","2866"
"39499","WATUJAYA","3078"
"39500","WATUKELIR","2615"
"39501","WATUKUMPUL","2657"
"39502","WATUKUMPUL","2948"
"39503","WATUKURO","2793"
"39504","WATULAWANG","2581"
"39505","WATUMALANG","2819"
"39506","WATUPAYUNG","2981"
"39507","WATUPECAH","2697"
"39508","WATUROYO","2994"
"39509","WATUSALAM","2936"
"39510","WATUSOMO","3003"
"39511","WATUURIP","2727"
"39512","WEDARIJAKSA","2757"
"39513","WEDELAN","2758"
"39514","WEDING","2922"
"39515","WEDORO","2959"
"39516","WEDUNG","2642"
"39517","WEDUSAN","2589"
"39518","WEGIL","2680"
"39519","WELAHAN WETAN","2574"
"39520","WELAHAN","2975"
"39521","WELERI","3009"
"39522","WERDI","2869"
"39523","WERDI","2611"
"39524","WERDOYO","2608"
"39525","WERDOYO","2626"
"39526","WERGONAYAN","3132"
"39527","WERGU KULON","2839"
"39528","WERGU WETAN","2839"
"39529","WERO","2791"
"39530","WERO","2624"
"39531","WERU","2591"
"39532","WETON","3085"
"39533","WETONKULON","2617"
"39534","WETONWETAN","2617"
"39535","WIDARAPAYUNG KULON","2588"
"39536","WIDARAPAYUNG WETAN","2588"
"39537","WIDODAREN","2992"
"39538","WIDORO","2765"
"39539","WIDORO","3117"
"39540","WIDOROKANDANG","2932"
"39541","WIDURI","2782"
"39542","WILALUNG","2790"
"39543","WILAYU","2583"
"39544","WINDUAJI","3047"
"39545","WINDUAJI","2869"
"39546","WINDUASRI","2769"
"39547","WINDUJAYA","2845"
"39548","WINDUNEGARA","2808"
"39549","WINDUROJO","2981"
"39550","WINDUSAKTI","2769"
"39551","WINDUSARI","2693"
"39552","WINGKO SANGGRAHAN","2624"
"39553","WINGKO SIGROMULYO","2624"
"39554","WINGKO TINUMPUK","2624"
"39555","WINGKOHARJO","2624"
"39556","WINGKOMULYO","2624"
"39557","WINONG KIDUL","2896"
"39558","WINONG LOR","2896"
"39559","WINONG","2727"
"39560","WINONG","2706"
"39561","WINONG","2871"
"39562","WINONG","3132"
"39563","WINONG","2831"
"39564","WINONG","2932"
"39565","WINONG","2959"
"39566","WINONG","2942"
"39567","WINONGSARI","2899"
"39568","WIRADADI","2773"
"39569","WIRADESA","2906"
"39570","WIRAMASTRA","2727"
"39571","WIRASABA","2661"
"39572","WIRASANA","2717"
"39573","WIRO","2825"
"39574","WIRODITAN","2640"
"39575","WIROGATEN","3132"
"39576","WIROGOMO","2817"
"39577","WIROGUNAN","3106"
"39578","WIROKO","2811"
"39579","WIROMARTAN","3132"
"39580","WIRONANGGAN","2940"
"39581","WIRONATAN","2605"
"39582","WIROSARI","3052"
"39583","WIROSARI","3059"
"39584","WIROTO","2627"
"39585","WIRU","2726"
"39586","WIRUN","2732"
"39587","WIRUN","2886"
"39588","WIRUN","2942"
"39589","WISNU","2948"
"39590","WIYOROWETAN","2599"
"39591","WLAHAR KULON","3131"
"39592","WLAHAR WETAN","3126"
"39593","WLAHAR","2574"
"39594","WLAHAR","3128"
"39595","WLAHAR","2801"
"39596","WLAHAR","2808"
"39597","WOLO","2959"
"39598","WONO SARI","2863"
"39599","WONOAGUNG","2849"
"39600","WONOBODRO","2864"
"39601","WONOBOYO","2674"
"39602","WONOBOYO","2624"
"39603","WONOBOYO","3034"
"39604","WONOBOYO","3004"
"39605","WONOCOYO","3034"
"39606","WONODADI","2719"
"39607","WONODADI","2582"
"39608","WONODADI","2605"
"39609","WONODADI","2897"
"39610","WONODADI","2711"
"39611","WONODOYO","2672"
"39612","WONODRI","2844"
"39613","WONOENGGAL","2585"
"39614","WONOGIRI","2601"
"39615","WONOGIRI","2704"
"39616","WONOHARJO (WANOHARJO)","2866"
"39617","WONOHARJO","2877"
"39618","WONOHARJO","3007"
"39619","WONOHARJO","3004"
"39620","WONOKAMPIR","2819"
"39621","WONOKARTO","3004"
"39622","WONOKELING","2917"
"39623","WONOKERSO","2666"
"39624","WONOKERSO","2900"
"39625","WONOKERSO","3107"
"39626","WONOKERSO","2713"
"39627","WONOKERTO KULON","2611"
"39628","WONOKERTO WETAN","2611"
"39629","WONOKERTO","2714"
"39630","WONOKERTO","2719"
"39631","WONOKERTO","2849"
"39632","WONOKERTO","2918"
"39633","WONOKERTO","2716"
"39634","WONOKERTO","2827"
"39635","WONOKERTO","3004"
"39636","WONOKETINGAL","2743"
"39637","WONOKRIYO","2791"
"39638","WONOKROMO","2958"
"39639","WONOKROMO","2598"
"39640","WONOKROMO","2607"
"39641","WONOLELO","2826"
"39642","WONOLELO","2961"
"39643","WONOLOPO","2984"
"39644","WONOLOPO","3015"
"39645","WONOMERTO","2719"
"39646","WONOPLUMBON","2984"
"39647","WONOPRINGGO","3077"
"39648","WONOREJO KULON","2605"
"39649","WONOREJO WETAN","2605"
"39650","WONOREJO","3000"
"39651","WONOREJO","2670"
"39652","WONOREJO","2917"
"39653","WONOREJO","2724"
"39654","WONOREJO","2979"
"39655","WONOREJO","2710"
"39656","WONOREJO","3135"
"39657","WONOREJO","2743"
"39658","WONOREJO","3021"
"39659","WONOREJO","2900"
"39660","WONOREJO","2667"
"39661","WONOREJO","3023"
"39662","WONOREJO","2583"
"39663","WONOREJO","3016"
"39664","WONOREJO","3077"
"39665","WONOROJO","2864"
"39666","WONOROJO","2572"
"39667","WONOROTO","2624"
"39668","WONOROTO","2682"
"39669","WONOROTO","2819"
"39670","WONOROTO","2693"
"39671","WONOSALAM","2967"
"39672","WONOSARI (WONOSOSA)","2914"
"39673","WONOSARI","2922"
"39674","WONOSARI","2799"
"39675","WONOSARI","3000"
"39676","WONOSARI","2968"
"39677","WONOSARI","2778"
"39678","WONOSARI","2568"
"39679","WONOSARI","2871"
"39680","WONOSARI","2703"
"39681","WONOSARI","2624"
"39682","WONOSARI","2763"
"39683","WONOSARI","3062"
"39684","WONOSARI","3028"
"39685","WONOSARI","2930"
"39686","WONOSARI","2961"
"39687","WONOSEGORO","2719"
"39688","WONOSEGORO","2737"
"39689","WONOSEKAR","2653"
"39690","WONOSEKAR","2972"
"39691","WONOSEMI","2643"
"39692","WONOSIDO","2800"
"39693","WONOSIDO","2935"
"39694","WONOSIGRO","2791"
"39695","WONOSOBO BARAT","2961"
"39696","WONOSOBO TIMUR","2961"
"39697","WONOSOBO","2572"
"39698","WONOSOCO","2916"
"39699","WONOSRI","2624"
"39700","WONOSROYO","2819"
"39701","WONOSUKO","2871"
"39702","WONOTENGGANG","2989"
"39703","WONOTINGAL","3020"
"39704","WONOTIRTO","2799"
"39705","WONOTIRTO","2925"
"39706","WONOTOLO","3008"
"39707","WONOTOPO","2896"
"39708","WONOTULUS","2682"
"39709","WONOTUNGGAL","2976"
"39710","WONOWOSO","2849"
"39711","WONOYOSO","2936"
"39712","WONOYOSO","2774"
"39713","WONOYOSO","2935"
"39714","WONOYOSO","3023"
"39715","WORO","2697"
"39716","WOTAN","2680"
"39717","WOTBAKAH","2873"
"39718","WOTBUWONO","2893"
"39719","WOTGALIH","2614"
"39720","WRINGIN AGUNG","2938"
"39721","WRINGIN JAJAR","2744"
"39722","WRINGIN JENGGOT","2678"
"39723","WRINGIN PUTIH","2910"
"39724","WRINGINANOM","2767"
"39725","WRINGINGINTUNG","2881"
"39726","WRINGINHARJO","3002"
"39727","WRINGINPUTIH","2923"
"39728","WUJIL","2910"
"39729","WUKIRSARI","2610"
"39730","WUKIRSARI","2870"
"39731","WUKIRSAWIT","2917"
"39732","WULED","3050"
"39733","WULUNG GUNUNG","2826"
"39734","WULUNG","2888"
"39735","WULUNGSARI","2583"
"39736","WUNGUREJO","3030"
"39737","WUNUT","2624"
"39738","WUNUT","2882"
"39739","WURYANTORO","3094"
"39740","WURYOREJO","3004"
"39741","WUWUHARJO","2704"
"39742","WUWUR","2641"
"39743","WUWUR","2832"
"39744","YAMANSARI","2679"
"39745","YOSOREJO","3108"
"39746","YOSOREJO","2824"
"39747","YOSOREJO","3051"
"39748","YOSOREJO","2930"
"39749","AMBARKETAWANG","3140"
"39750","ARGO MULYO","3141"
"39751","ARGODADI","3142"
"39752","ARGOMULYO","3142"
"39753","ARGOREJO","3142"
"39754","ARGOSARI","3142"
"39755","BACIRO","3143"
"39756","BALECATUR","3140"
"39757","BALEHARJO","3144"
"39758","BALONG","3145"
"39759","BANARAN","3146"
"39760","BANARAN","3147"
"39761","BANDUNG","3147"
"39762","BANGUN KERTO","3148"
"39763","BANGUNCIPTO","3149"
"39764","BANGUNHARJO","3150"
"39765","BANGUNJIWO","3151"
"39766","BANGUNTAPAN","3152"
"39767","BANJARARUM","3153"
"39768","BANJARASRI","3153"
"39769","BANJAREJO","3154"
"39770","BANJARHARJO","3153"
"39771","BANJAROYO","3153"
"39772","BANJARSARI","3155"
"39773","BANTUL","3156"
"39774","BANYU REJO","3157"
"39775","BANYURADEN","3140"
"39776","BANYUROTO","3158"
"39777","BANYUSOCO","3147"
"39778","BATURETNO","3152"
"39779","BAUSASRAN","3159"
"39780","BAWURAN","3160"
"39781","BEDOYO","3161"
"39782","BEJI","3162"
"39783","BEJI","3163"
"39784","BEJIHARJO","3164"
"39785","BENDUNG","3165"
"39786","BENDUNGAN","3164"
"39787","BENDUNGAN","3166"
"39788","BENER","3167"
"39789","BIMO MARTANI","3168"
"39790","BLEBERAN","3147"
"39791","BOHOL","3169"
"39792","BOJONG","3170"
"39793","BOKO HARJO","3171"
"39794","BOTODAYAKAN (BOTODAYAAN)","3169"
"39795","BRONTOKUSUMAN","3172"
"39796","BROSOT","3146"
"39797","BUGEL","3170"
"39798","BULUREJO","3165"
"39799","BUMIJO","3173"
"39800","BUMIREJO","3174"
"39801","BUNDER","3163"
"39802","CANDEN","3175"
"39803","CANDI BINANGUN","3176"
"39804","CANDI REJO","3165"
"39805","CANDIREJO","3177"
"39806","CATUR HARJO","3178"
"39807","CATUR TUNGGAL","3179"
"39808","CATURHARJO","3180"
"39809","CERME","3170"
"39810","COKRODININGRATAN","3173"
"39811","CONDONG CATUR","3179"
"39812","DADAPAYU","3177"
"39813","DEMANGAN","3143"
"39814","DEMANGREJO","3149"
"39815","DEMEN","3181"
"39816","DENGOK","3147"
"39817","DEPOK","3170"
"39818","DLINGO","3182"
"39819","DONOHARJO","3183"
"39820","DONOKERTO","3148"
"39821","DONOMULYO","3158"
"39822","DONOTIRTO","3184"
"39823","DUWET","3144"
"39824","GADING","3147"
"39825","GADINGHARJO","3185"
"39826","GADINGSARI","3185"
"39827","GARI","3144"
"39828","GARONGAN","3170"
"39829","GAYAM HARJO","3171"
"39830","GEDANG REJO","3164"
"39831","GEDONGKIWO","3186"
"39832","GENJAHAN","3161"
"39833","GERBOSARI","3155"
"39834","GETAS","3147"
"39835","GILANGHARJO","3180"
"39836","GIRI KERTO","3148"
"39837","GIRI PENI","3166"
"39838","GIRIASIH","3187"
"39839","GIRICAHYO","3187"
"39840","GIRIHARJO","3188"
"39841","GIRIJATI","3187"
"39842","GIRIKARTO","3188"
"39843","GIRIMULYO","3188"
"39844","GIRING","3189"
"39845","GIRIPANGGUNG","3190"
"39846","GIRIPURWO","3191"
"39847","GIRIPURWO","3187"
"39848","GIRIREJO","3192"
"39849","GIRISEKAR","3188"
"39850","GIRISUKO","3188"
"39851","GIRITIRTO","3187"
"39852","GIRIWUNGU","3188"
"39853","GIWANGAN","3193"
"39854","GLAGAH HARJO","3141"
"39855","GLAGAH","3181"
"39856","GOMBANG","3161"
"39857","GOTAKAN","3170"
"39858","GOWONGAN","3173"
"39859","GROGOL","3189"
"39860","GULUREJO","3174"
"39861","GUNUNG KETUR","3194"
"39862","GUWOSARI","3195"
"39863","HARGO BINANGUN","3176"
"39864","HARGO MULYO","3196"
"39865","HARGOMULYO","3197"
"39866","HARGOREJO","3197"
"39867","HARGOSARI","3154"
"39868","HARGOTIRTO","3197"
"39869","HARGOWILIS","3197"
"39870","HARJO BINANGUN","3176"
"39871","IMOGIRI","3192"
"39872","JAGALAN","3152"
"39873","JAMBIDAN","3152"
"39874","JANGKARAN","3181"
"39875","JANTEN","3181"
"39876","JATI AYU","3164"
"39877","JATI SARONO","3158"
"39878","JATIMULYO","3182"
"39879","JATIMULYO","3191"
"39880","JATIREJO","3174"
"39881","JEPITU","3145"
"39882","JERUKWUDEL","3145"
"39883","JETIS","3198"
"39884","JOGO TIRTO","3199"
"39885","JURANG JERO","3162"
"39886","KADIPATEN","3200"
"39887","KALI DENGEN","3181"
"39888","KALI TIRTO","3199"
"39889","KALIAGUNG","3149"
"39890","KALIGINTUNG","3181"
"39891","KALIREJO","3197"
"39892","KALITEKUK","3165"
"39893","KAMPUNG","3162"
"39894","KANIGORO","3198"
"39895","KANOMAN","3170"
"39896","KARANG ASEM","3189"
"39897","KARANG ASEM","3161"
"39898","KARANG DUWET","3189"
"39899","KARANG REJEK","3144"
"39900","KARANG SARI","3165"
"39901","KARANG SEWU","3146"
"39902","KARANG TENGAH","3192"
"39903","KARANG TENGAH","3144"
"39904","KARANG WULUH","3181"
"39905","KARANG WUNI","3166"
"39906","KARANGAWEN","3145"
"39907","KARANGMOJO","3164"
"39908","KARANGSARI","3201"
"39909","KARANGTALUN","3192"
"39910","KARANGWARU","3167"
"39911","KARANGWUNI","3169"
"39912","KATONGAN","3202"
"39913","KEBON AGUNG","3192"
"39914","KEBON HARJO","3155"
"39915","KEBONREJO","3181"
"39916","KEDUNDANG","3181"
"39917","KEDUNG KERIS","3202"
"39918","KEDUNGPOH","3202"
"39919","KEDUNGSARI","3201"
"39920","KELOR","3164"
"39921","KEMADANG","3154"
"39922","KEMBANG","3158"
"39923","KEMEJING","3165"
"39924","KEMIRI","3154"
"39925","KENTENG","3161"
"39926","KEPARAKAN","3172"
"39927","KEPEK","3198"
"39928","KEPEK","3144"
"39929","KEPUH HARJO","3141"
"39930","KLITREN","3143"
"39931","KOTABARU","3143"
"39932","KRAMBIL SAWIT","3198"
"39933","KRANGGAN","3146"
"39934","KREMBANGAN","3170"
"39935","KRICAK","3167"
"39936","KULUR","3181"
"39937","KULWARU","3166"
"39938","LOGANDENG","3147"
"39939","LUMBUNG REJO","3157"
"39940","MADU REJO","3171"
"39941","MAGUWOHARJO","3179"
"39942","MANGUNAN","3182"
"39943","MANTRIJERON","3186"
"39944","MARGO REJO","3157"
"39945","MARGOAGUNG","3203"
"39946","MARGODADI","3203"
"39947","MARGOKATON","3203"
"39948","MARGOLUWIH","3203"
"39949","MARGOMULYO","3203"
"39950","MARGOSARI","3201"
"39951","MELIKAN","3169"
"39952","MERDIKO REJO","3157"
"39953","MERTELU","3196"
"39954","MINOMARTANI","3183"
"39955","MONGGOL","3198"
"39956","MORO REJO","3157"
"39957","MUJA MUJU","3193"
"39958","MULO","3144"
"39959","MULUSAN","3189"
"39960","MULYODADI","3204"
"39961","MUNTUK","3182"
"39962","MURTIGADING","3185"
"39963","NATAH","3202"
"39964","NGALANG","3196"
"39965","NGAMPILAN","3205"
"39966","NGARGOSARI","3155"
"39967","NGAWIS","3164"
"39968","NGAWU","3147"
"39969","NGENTAKREJO","3174"
"39970","NGEPOSARI","3177"
"39971","NGESTIHARJO","3151"
"39972","NGESTIHARJO","3166"
"39973","NGESTIREJO","3154"
"39974","NGIPAK","3164"
"39975","NGLANGGERAN","3163"
"39976","NGLEGI","3163"
"39977","NGLERI","3147"
"39978","NGLINDUR","3145"
"39979","NGLIPAR","3202"
"39980","NGLORA","3198"
"39981","NGORO ORO","3163"
"39982","NGUNUT","3147"
"39983","NGUPASAN","3206"
"39984","NOGOTIRTO","3140"
"39985","NOMPOREJO","3146"
"39986","NOTOPRAJAN","3205"
"39987","PACAREJO","3177"
"39988","PAGERHARJO","3155"
"39989","PAKEM BINANGUN","3176"
"39990","PAKUNCEN","3207"
"39991","PALBAPANG","3156"
"39992","PALIHAN","3181"
"39993","PAMPANG","3189"
"39994","PANDEYAN","3193"
"39995","PANDOWAN","3146"
"39996","PANDOWO HARJO","3178"
"39997","PANEMBAHAN","3200"
"39998","PANGGUNGHARJO","3150"
"39999","PANJANGREJO","3208"
"40000","PANJATAN","3170"
