"id","nama_desa","kecamatan_id"
"6001","TERUTUNG SEPERAI","137"
"6002","TETINGGI","15"
"6003","TETINGI","22"
"6004","TEUBALUI","229"
"6005","TEUBANG PHUI BARO","117"
"6006","TEUBANG PHUI MESJID","117"
"6007","TEUBANG PHUI","20"
"6008","TEUBENG TANJONG","9"
"6009","TEUDAYAH","245"
"6010","TEULADAN","100"
"6011","TEULADAN","287"
"6012","TEUMAREUM","105"
"6013","TEUMAROM","52"
"6014","TEUMEUCET","148"
"6015","TEUMIKET RANOM","51"
"6016","TEUMPEUN","149"
"6017","TEUMPEUN","54"
"6018","TEUNGKU DI BATHON","75"
"6019","TEUNGKU DI LAWEUNG","211"
"6020","TEUNGKU DIBANDA PIRAK","49"
"6021","TEUNGKU DIBANDA TEKTEK","49"
"6022","TEUNGOH BAROH","195"
"6023","TEUNGOH BLANG MEE","208"
"6024","TEUNGOH BLANG","191"
"6025","TEUNGOH DRIEN","12"
"6026","TEUNGOH GEUNTEUT","208"
"6027","TEUNGOH GLUMPANG VII","71"
"6028","TEUNGOH ILOT","148"
"6029","TEUNGOH KUTA BATEE","207"
"6030","TEUNGOH MANGKI","238"
"6031","TEUNGOH MUSA","1"
"6032","TEUNGOH PA","74"
"6033","TEUNGOH PANTEE RAJA","276"
"6034","TEUNGOH PIRAK","71"
"6035","TEUNGOH REUBA","207"
"6036","TEUNGOH SEULEUMAK","71"
"6037","TEUNGOH SUWIEK","191"
"6038","TEUNGOH","101"
"6039","TEUNGOH","209"
"6040","TEUNGOH","110"
"6041","TEUNGOH","12"
"6042","TEUNGOH","80"
"6043","TEUNOM","111"
"6044","TEUPIN ARA","228"
"6045","TEUPIN ARA","34"
"6046","TEUPIN BANJA","262"
"6047","TEUPIN BATEE","244"
"6048","TEUPIN BATEE","67"
"6049","TEUPIN BAYU","84"
"6050","TEUPIN BEULANGAN","228"
"6051","TEUPIN BREUH","55"
"6052","TEUPIN DRUM","62"
"6053","TEUPIN GAJAH","278"
"6054","TEUPIN GAJAH","84"
"6055","TEUPIN GAPEUH","31"
"6056","TEUPIN JEUE","97"
"6057","TEUPIN JOK","57"
"6058","TEUPIN KEUBEU","6"
"6059","TEUPIN KEUBUE","71"
"6060","TEUPIN KEUPULA","98"
"6061","TEUPIN KUYUN","43"
"6062","TEUPIN MAMPLAM","55"
"6063","TEUPIN MANEE","3"
"6064","TEUPIN PANAH","100"
"6065","TEUPIN PANAH","192"
"6066","TEUPIN PEURAHO","39"
"6067","TEUPIN PEURAHO","226"
"6068","TEUPIN PUKAT","114"
"6069","TEUPIN RAYA","97"
"6070","TEUPIN RAYA","61"
"6071","TEUPIN RAYA","78"
"6072","TEUPIN REUDEUP","235"
"6073","TEUPIN RUSEP / REUSEP","7"
"6074","TEUPIN SIRON","103"
"6075","TEUPIN U","58"
"6076","TEUPOK BAROH","8"
"6077","TEUPOK TUNONG","8"
"6078","TEUREUBEH","173"
"6079","TGK DIBALE","74"
"6080","TIBA RAYA","33"
"6081","TIBANG","9"
"6082","TIBANG","106"
"6083","TIJIN DABOH","93"
"6084","TIJIN HUSEN","93"
"6085","TIJUE","9"
"6086","TIM PLEUNG","88"
"6087","TIMANG GAJAH","26"
"6088","TIMANG KHASE","119"
"6089","TIMANG RASA","168"
"6090","TIMANG RASA","202"
"6091","TIMANGAN GADING","247"
"6092","TIMBANG LANGSA","66"
"6093","TIMUR JAYA","174"
"6094","TINGKEM ASLI","179"
"6095","TINGKEM BENYER","179"
"6096","TINGKEM BERSATU","179"
"6097","TINGKEM","24"
"6098","TINGKEUM BARO","175"
"6099","TINGKEUM MANYANG","175"
"6100","TINGKEUM PANYANG","52"
"6101","TINGKEUM","218"
"6102","TINGKEUM","50"
"6103","TIRMI ARA","158"
"6104","TITAI HAKHAPEN","28"
"6105","TITI BARO","67"
"6106","TITI BARUEH / BAROEH","55"
"6107","TITI MAS","28"
"6108","TITI PASIR","280"
"6109","TITI POBEN","121"
"6110","TJ. TEUNGKU KARI","71"
"6111","TOKOH","110"
"6112","TONG PRIA","33"
"6113","TONG WENG","33"
"6114","TOWEREN ANTARA","163"
"6115","TOWEREN TOA","163"
"6116","TOWEREN UKEN","163"
"6117","TRANS BARU","132"
"6118","TRANS JERNGE","132"
"6119","TRANS MARANTI","132"
"6120","TRIENG CUDO BAROH","242"
"6121","TRIENG CUDO TUNONG","242"
"6122","TRIENG GADENG","62"
"6123","TRIENG KRUENG KREH","58"
"6124","TRIENG LHOKSUKON SELATAN","65"
"6125","TRIENG MATANG UBI","6"
"6126","TRIENG MEUDURO BAROH","237"
"6127","TRIENG MEUDURO TUNONG","237"
"6128","TRIENG MEUDUROU","29"
"6129","TRIENG PANTANG","6"
"6130","TRIENG TEUPIN KEUBUE","71"
"6131","TRIENG","12"
"6132","TRIENG","74"
"6133","TRIENGGADENG","70"
"6134","TU","276"
"6135","TUAH MESADE","28"
"6136","TUALADA","1"
"6137","TUALANG BARU","122"
"6138","TUALANG BARU","85"
"6139","TUALANG DALAM","282"
"6140","TUALANG LAMA","224"
"6141","TUALANG PATENG","53"
"6142","TUALANG SEMBILAR","137"
"6143","TUALANG TEUNGOH","48"
"6144","TUALANG TUHA","6"
"6145","TUALANG","207"
"6146","TUALANG","68"
"6147","TUALANG","183"
"6148","TUALANG","154"
"6149","TUALANG","18"
"6150","TUFAH JEULATANG","138"
"6151","TUFAH","98"
"6152","TUGAN","258"
"6153","TUH TUHAN","258"
"6154","TUHA BIHEUE","211"
"6155","TUHA GOGO","12"
"6156","TUHA KP / GP GAJAH","190"
"6157","TUHA LALA","148"
"6158","TUHA SUWIEK","191"
"6159","TUHA","97"
"6160","TUHA","12"
"6161","TUHA","251"
"6162","TUHI JONGKAT","28"
"6163","TULAAN","243"
"6164","TUMBO BARO","245"
"6165","TUMPEUN (GAMPONG TUMPEUN)","29"
"6166","TUMPOK 40","9"
"6167","TUMPOK ACEH","74"
"6168","TUMPOK BARAT","71"
"6169","TUMPOK BEURANDANG","262"
"6170","TUMPOK LADANG","100"
"6171","TUMPOK LAMPOH","150"
"6172","TUMPOK LAWEUNG","9"
"6173","TUMPOK MESJID","49"
"6174","TUMPOK PERLAK","71"
"6175","TUMPOK TEUNGKU","207"
"6176","TUMPOK TEUNGOH","199"
"6177","TUMPOK TEUNGOH","60"
"6178","TUMPOK TEUNGOH","61"
"6179","TUNAS HARAPAN","243"
"6180","TUNAS MUDE","23"
"6181","TUNGEL BARU","136"
"6182","TUNGEL","136"
"6183","TUNGKLUET (TUNG KLEUT)","251"
"6184","TUNGKOP CUT","191"
"6185","TUNGKOP","142"
"6186","TUNGKOP","266"
"6187","TUNONG BUGENG","115"
"6188","TUNONG KRUENG KALA","208"
"6189","TUNONG KRUENG","49"
"6190","TUNONG PANTEE RAJA","276"
"6191","TUNONG PAYA KRUEP","115"
"6192","TUNONG ULEE GAJAH","115"
"6193","TUNONG","101"
"6194","TUNONG","250"
"6195","TUNONG","161"
"6196","TUNONG","148"
"6197","TUNONG","12"
"6198","TUNYANG","202"
"6199","TURAM","229"
"6200","TURUE CUT","236"
"6201","TUTONG (MEUNASAH TUTONG)","74"
"6202","TUTONG","1"
"6203","TUTONG","210"
"6204","TUTONG","71"
"6205","TUTUI / TUTUE","189"
"6206","TUTUT","266"
"6207","TUWI BUNTA","176"
"6208","TUWI BUYA","47"
"6209","TUWI BUYA","146"
"6210","TUWI EMPEUK","32"
"6211","TUWI EMPEUK","51"
"6212","TUWI KAREUNG I","88"
"6213","TUWI KAREUNG PANGA","32"
"6214","TUWI KAYEE","32"
"6215","TUWI MEULEUSONG","233"
"6216","TUWI PERYA","88"
"6217","TUWI SAYA","266"
"6218","U BARO (MEUNASAH U BARO)","65"
"6219","U BUNGKOK (U BANGKOK)","193"
"6220","U GADENG","161"
"6221","UBIT PAYA ITEK","207"
"6222","UDE GAMPONG","138"
"6223","UDE","71"
"6224","UDEUNG","1"
"6225","UJONG BAROH B.","74"
"6226","UJONG BAROH SB","74"
"6227","UJONG BAROH","234"
"6228","UJONG BAROH","238"
"6229","UJONG BAYU","103"
"6230","UJONG BEUSA","39"
"6231","UJONG BLANG MESJID","194"
"6232","UJONG BLANG","199"
"6233","UJONG BLANG","176"
"6234","UJONG BLANG","194"
"6235","UJONG BLANG","150"
"6236","UJONG BLANG","175"
"6237","UJONG DAMA","35"
"6238","UJONG DRIEN","196"
"6239","UJONG FATIHAH","82"
"6240","UJONG GAMPONG","238"
"6241","UJONG KAREUNG (KAREUENG)","144"
"6242","UJONG KEUPULA","76"
"6243","UJONG KRUENG","177"
"6244","UJONG KULAM","71"
"6245","UJONG LAMIE","47"
"6246","UJONG LANGGO","9"
"6247","UJONG LEUBAT","1"
"6248","UJONG MESJID LAMPANAH","76"
"6249","UJONG MESJID T. ABEE","76"
"6250","UJONG MULOH","105"
"6251","UJONG NGA","112"
"6252","UJONG PACU","215"
"6253","UJONG PADANG","82"
"6254","UJONG PASI","82"
"6255","UJONG PIE","211"
"6256","UJONG RAJA","146"
"6257","UJONG REUBA","207"
"6258","UJONG RIMBA","72"
"6259","UJONG SIKUNENG","82"
"6260","UJONG SIMPANG","39"
"6261","UJONG SUDEUN","113"
"6262","UJONG TANJONG","47"
"6263","UJONG TANJONG","85"
"6264","UJONG TANJONG","196"
"6265","UJONG TANOH DARAT","196"
"6266","UJONG TUNONG","61"
"6267","UJONG XII","20"
"6268","UJONG","228"
"6269","UJONG / UJUNG TANOH","277"
"6270","UJUNG BARAT","27"
"6271","UJUNG BARU","253"
"6272","UJUNG BATEE / BATU","278"
"6273","UJUNG BATU","147"
"6274","UJUNG BAWANG","283"
"6275","UJUNG GELE","179"
"6276","UJUNG GELE","152"
"6277","UJUNG GUNONG RAYEK","124"
"6278","UJUNG GUNUNG CUT","124"
"6279","UJUNG HARAPAN","133"
"6280","UJUNG KALAK","234"
"6281","UJUNG KAMPUNG","19"
"6282","UJUNG KARANG","237"
"6283","UJUNG KARANG","154"
"6284","UJUNG KUTA BATEE","207"
"6285","UJUNG LIMUS","258"
"6286","UJUNG MANGKI","263"
"6287","UJUNG PADANG ASAHAN","278"
"6288","UJUNG PADANG RASIAN","278"
"6289","UJUNG PADANG","263"
"6290","UJUNG PADANG","206"
"6291","UJUNG PADANG","210"
"6292","UJUNG PADANG","237"
"6293","UJUNG PADANG","187"
"6294","UJUNG PANDANG  /  PADANG","134"
"6295","UJUNG PASIR","206"
"6296","UJUNG PULO CUT","279"
"6297","UJUNG PULO RAYEUK","279"
"6298","UJUNG SALANG","30"
"6299","UJUNG SIALIT","162"
"6300","UJUNG TANAH","260"
"6301","UJUNG TANAH","110"
"6302","UJUNG TANAH","19"
"6303","UJUNG TANAH","63"
"6304","UJUNG TANOH","124"
"6305","UJUNG TINGGI","17"
"6306","UJUNG","206"
"6307","UJUNG","283"
"6308","UKEE","193"
"6309","UKEE","118"
"6310","UKEKH DELENG","28"
"6311","UKHAT PESELUK","23"
"6312","ULEE ALUE","41"
"6313","ULEE ATEUNG","61"
"6314","ULEE ATEUNG","4"
"6315","ULEE BARAT (MEUNASAH ULEE BARAT)","6"
"6316","ULEE BARAT","238"
"6317","ULEE BIRAH","191"
"6318","ULEE BLANG MANE","101"
"6319","ULEE BLANG","40"
"6320","ULEE BLANG","67"
"6321","ULEE BLANG","98"
"6322","ULEE BLANG","61"
"6323","ULEE BLANG","50"
"6324","ULEE BLANG","58"
"6325","ULEE BUKET","74"
"6326","ULEE CEU KEULIBEUT","9"
"6327","ULEE CEUBREK","207"
"6328","ULEE CEUE","5"
"6329","ULEE CEUETEUBENG","9"
"6330","ULEE COT SEUPENG","195"
"6331","ULEE GAJAH","98"
"6332","ULEE GAMPONG","65"
"6333","ULEE GAMPONG","33"
"6334","ULEE GAMPONG","29"
"6335","ULEE GEUDONG","7"
"6336","ULEE GLE","70"
"6337","ULEE GLE","84"
"6338","ULEE GLEE","282"
"6339","ULEE GUNONG","6"
"6340","ULEE GUNONG","59"
"6341","ULEE JALAN","241"
"6342","ULEE JALAN","199"
"6343","ULEE JALAN","235"
"6344","ULEE JEUMATAN","41"
"6345","ULEE KAREUNG","140"
"6346","ULEE KAREUNG","99"
"6347","ULEE LHAT","117"
"6348","ULEE LHEUE","64"
"6349","ULEE LUENG","218"
"6350","ULEE MADON","262"
"6351","ULEE MATANG","43"
"6352","ULEE MEURIA","207"
"6353","ULEE MEURIA","29"
"6354","ULEE NYEU","95"
"6355","ULEE OE","140"
"6356","ULEE PASI ARA","94"
"6357","ULEE PATA","232"
"6358","ULEE PAYA","111"
"6359","ULEE PULO","203"
"6360","ULEE PULO","94"
"6361","ULEE PUSONG","175"
"6362","ULEE RABO","98"
"6363","ULEE REULEUNG","203"
"6364","ULEE RUBEK BARAT","43"
"6365","ULEE RUBEK TIMUR","43"
"6366","ULEE TANOH","61"
"6367","ULEE TANOH","31"
"6368","ULEE TITI","43"
"6369","ULEE TUI / THUI","218"
"6370","ULEE TUTUE RAYA","250"
"6371","ULEE TUTUE","33"
"6372","ULEE TUTUE","195"
"6373","ULEE TUTUE","9"
"6374","ULEE UE","41"
"6375","ULON TANOH","219"
"6376","ULU NARON","153"
"6377","ULU NUWIH / NUIH","167"
"6378","ULUL MAYANG (MANYANG)","132"
"6379","UMAH BESI","26"
"6380","UMAH TARING","154"
"6381","UMANG","167"
"6382","UMANG","145"
"6383","UME LAH","22"
"6384","UMONG SEUREBEE","208"
"6385","UNING BERAWANG RAMUNG","155"
"6386","UNING BERSAH","179"
"6387","UNING GELUNG","181"
"6388","UNING MAS","153"
"6389","UNING PEGANTUNGEN","157"
"6390","UNING PUNE","275"
"6391","UNING SEJUK","174"
"6392","UNING SEPAKAT","181"
"6393","UNING SIGUGUR","28"
"6394","UNING TERITIT","179"
"6395","UNING","152"
"6396","UNING","240"
"6397","UPAH","60"
"6398","URAM JALAN","241"
"6399","URAM JALAN","36"
"6400","URING","179"
"6401","URING","152"
"6402","URING","267"
"6403","UTAMONG","208"
"6404","UTEUN BAYI","199"
"6405","UTEUN BAYU","10"
"6406","UTEUN BUNTA","77"
"6407","UTEUN DAMA","68"
"6408","UTEUN GEULINGGANG","203"
"6409","UTEUN GHATOM","235"
"6410","UTEUN KOT","37"
"6411","UTEUN KRUET","86"
"6412","UTEUN PULO","233"
"6413","UTEUN PUPALEH","98"
"6414","UTEUN RAYA","235"
"6415","UTEUN REUTOH","230"
"6416","UTEUN RUNGKOM","192"
"6417","UTEUN SIKUMBONG","192"
"6418","UYEM BERIRING","254"
"6419","WAKEUEH","191"
"6420","WAKEUH (NIBONG WAKHEUH)","57"
"6421","WAKIL JALIL","170"
"6422","WAQ PONDOK SAYUR","179"
"6423","WAQ TOWEREN","163"
"6424","WARABO","117"
"6425","WEL WEL","265"
"6426","WELLANG KUM (WEL LANGKOM)","265"
"6427","WER TINGKEM","135"
"6428","WEU  /  WEUE GAJAH","34"
"6429","WEU BADA","117"
"6430","WEU JANGKA","194"
"6431","WEU KRUENG","117"
"6432","WEU RAYA","166"
"6433","WEU","173"
"6434","WEUSITEH","139"
"6435","WIH BERSIH","156"
"6436","WIH ILANG","152"
"6437","WIH LAH","152"
"6438","WIH NAREH","152"
"6439","WIH NONGKAL TUA","168"
"6440","WIH NONGKAL","168"
"6441","WIH PESAM","156"
"6442","WIH PESAM","201"
"6443","WIH PORAK","153"
"6444","WIH PORAK","156"
"6445","WIH RESAP (PINTU WIH RESAP)","135"
"6446","WIH SAGI INDAH","156"
"6447","WIH TENANG TOA","174"
"6448","WIH TENANG UKEN","174"
"6449","WIH TERJUN","152"
"6450","WIHLAH SETIE","170"
"6451","WIHNI BAKONG","156"
"6452","WIHNI DURIN","156"
"6453","WIHNI DURIN","240"
"6454","WONO SARI","131"
"6455","WONOSARI","188"
"6456","WONOSOBO","201"
"6457","WUE LHOK","117"
"6458","YUB MEE","191"
"6459","ADAM","290"
"6460","ADIAN JIOR","291"
"6461","ADIAN NANGKA","292"
"6462","ADIAN TOROP","293"
"6463","ADIANKOTING","294"
"6464","ADIL MAKMUR","295"
"6465","ADIN TENGAH","296"
"6466","ADOLINA","297"
"6467","AEK BADAK JAE","298"
"6468","AEK BADAK JULU","298"
"6469","AEK BAMBAN","299"
"6470","AEK BANGE","300"
"6471","AEK BANIR","291"
"6472","AEK BARGOT","301"
"6473","AEK BARGOT","302"
"6474","AEK BATANG PAYA","303"
"6475","AEK BATU","304"
"6476","AEK BAYUR","305"
"6477","AEK BAYUR","306"
"6478","AEK BOLON JAE","307"
"6479","AEK BOLON JULU","307"
"6480","AEK BONBAN","308"
"6481","AEK BONTAR","309"
"6482","AEK BUATON","308"
"6483","AEK DAKKA","310"
"6484","AEK GAMBIR","311"
"6485","AEK GAMBIR","305"
"6486","AEK GARINGGIN","312"
"6487","AEK GARUT","313"
"6488","AEK GER GER SIDODADI","314"
"6489","AEK GODANG","315"
"6490","AEK GODANG","316"
"6491","AEK GOTI","317"
"6492","AEK GOTI","318"
"6493","AEK GUNUNG","319"
"6494","AEK GUO","320"
"6495","AEK HABIL","321"
"6496","AEK HARUAYA","322"
"6497","AEK HARUYA","323"
"6498","AEK HITETORAS","324"
"6499","AEK HOLBUNG","320"
"6500","AEK HORSIK","325"
"6501","AEK ILUNG","322"
"6502","AEK JABUT","326"
"6503","AEK JANGKANG","305"
"6504","AEK KAHOMBU","327"
"6505","AEK KANAN","326"
"6506","AEK KANOPAN TIMUR","328"
"6507","AEK KANOPAN","328"
"6508","AEK KORSIK","329"
"6509","AEK KORSIK","300"
"6510","AEK KOTA BATU","330"
"6511","AEK KUNDUR","326"
"6512","AEK LANCAT","331"
"6513","AEK LATONG","332"
"6514","AEK LEDONG","300"
"6515","AEK LIBUNG","298"
"6516","AEK LOBA AFDELING I","333"
"6517","AEK LOBA PEKAN","333"
"6518","AEK LOBA","333"
"6519","AEK LUNG","334"
"6520","AEK MANGGIS","320"
"6521","AEK MANIS","321"
"6522","AEK MANYURUK","312"
"6523","AEK MARIAN MG","335"
"6524","AEK MATA","291"
"6525","AEK MUAL","313"
"6526","AEK MUARA PINANG","321"
"6527","AEK NABARA JAE","308"
"6528","AEK NABARA JULU","308"
"6529","AEK NABARA TONGA","308"
"6530","AEK NABARA","336"
"6531","AEK NABARA","320"
"6532","AEK NABARA","337"
"6533","AEK NABARA","338"
"6534","AEK NABARA","339"
"6535","AEK NABUNTU","300"
"6536","AEK NADUA","340"
"6537","AEK NAGALI","341"
"6538","AEK NAJAJI","306"
"6539","AEK NANGALI","320"
"6540","AEK NATAS","342"
"6541","AEK NATOLU JAYA","343"
"6542","AEK NAULI I","344"
"6543","AEK NAULI I","345"
"6544","AEK NAULI II","344"
"6545","AEK NAULI II","345"
"6546","AEK NAULI III","345"
"6547","AEK NAULI IV","345"
"6548","AEK NAULI","319"
"6549","AEK NAULI","346"
"6550","AEK NAULI","315"
"6551","AEK NAULI","347"
"6552","AEK NAULI","348"
"6553","AEK NAULI","349"
"6554","AEK NGALI","350"
"6555","AEK PAING","351"
"6556","AEK PANCUR","352"
"6557","AEK PARDOMUAN","353"
"6558","AEK PAROMBUNAN","321"
"6559","AEK PARUPUK","327"
"6560","AEK PINING","346"
"6561","AEK RAJA","354"
"6562","AEK RAJA","298"
"6563","AEK RAO TAPIAN NADENGGAN","322"
"6564","AEK RARU","355"
"6565","AEK RASO","356"
"6566","AEK RASO","304"
"6567","AEK SABAON","337"
"6568","AEK SIALA","357"
"6569","AEK SIALA","323"
"6570","AEK SIANSIMUN  /  SIAMSIMUN","358"
"6571","AEK SIMANAT","326"
"6572","AEK SIMOTUNG","359"
"6573","AEK SIPITUDAI","360"
"6574","AEK SITIO TIO","361"
"6575","AEK SONGSONGAN","299"
"6576","AEK SORIK","362"
"6577","AEK SUHAT JAE","322"
"6578","AEK SUHAT","305"
"6579","AEK SUHUT TR","322"
"6580","AEK SUNDUR","322"
"6581","AEK TAMPANG","363"
"6582","AEK TANDUK","357"
"6583","AEK TANGGA","322"
"6584","AEK TANGGA","364"
"6585","AEK TAPA","324"
"6586","AEK TINGA","365"
"6587","AEK TOLANG","305"
"6588","AEK TOLANG","361"
"6589","AEK TOROP","323"
"6590","AEK TUHUL","306"
"6591","AEK TUNJANG","357"
"6592","AEK ULOK","366"
"6593","AEK UNCIM","327"
"6594","AEK UNSIM","367"
"6595","AEK URAT","332"
"6596","AEKHARUAYA","368"
"6597","AER BALE","365"
"6598","AFDELING VI DOLOK ILIR","369"
"6599","AFDELING VII DOLOK ILIR","369"
"6600","AFIA","370"
"6601","AFIA","371"
"6602","AFORE GOBO","372"
"6603","AFULU","373"
"6604","AHEDANO","374"
"6605","AIR GENTING","375"
"6606","AIR HITAM","376"
"6607","AIR HITAM","377"
"6608","AIR HITAM","378"
"6609","AIR JOMAN BARU","379"
"6610","AIR JOMAN","379"
"6611","AIR MERAH","380"
"6612","AIR PUTIH","381"
"6613","AIR TELUK HESSA","375"
"6614","AIR TELUK KIRI","382"
"6615","AIRAPA","383"
"6616","AJAMU (PERKEBUNAN IV AJAMU)","384"
"6617","AJI BAHO","385"
"6618","AJIBUHARA","386"
"6619","AJIJAHE","386"
"6620","AJIJULU","386"
"6621","AJIMBELANG","386"
"6622","AJINEMBAH","387"
"6623","AKHELAUME","388"
"6624","ALAHAN KAE","389"
"6625","ALANG BOMBON (BONBON)","333"
"6626","ALI AGA","390"
"6627","ALOBAN","323"
"6628","ALOBAN","391"
"6629","ALOOA","392"
"6630","ALUR CEMPEDAK","393"
"6631","ALUR DUA BARU","394"
"6632","ALUR DUA","394"
"6633","ALUR GADUNG","395"
"6634","ALUR MELATI","395"
"6635","AMAN DAMAI / DAME","396"
"6636","AMANDRAYA ULUSUSUA","397"
"6637","AMANDRAYA","398"
"6638","AMBALUTU","399"
"6639","AMBAR HALIM","400"
"6640","AMBARISAN","401"
"6641","AMBARITA","402"
"6642","AMBASANG NATIGOR","305"
"6643","AMBOBI PARANGINAN","403"
"6644","AMBORGANG","404"
"6645","AMBOROKAN PANE RAYA","405"
"6646","AMBUKHA SATU","406"
"6647","AMBUKHA","407"
"6648","AMBUKHA","408"
"6649","AMBURUDI (MBURIDI)","409"
"6650","AMOROSA","406"
"6651","AMPLAS","410"
"6652","AMPLAS","411"
"6653","AMPOLU","365"
"6654","AMPUNG JULU","320"
"6655","AMPUNG PADANG","320"
"6656","AMPUNG SIALA","320"
"6657","AMURI","412"
"6658","ANAOMA","413"
"6659","ANAOMA","414"
"6660","ANGGOLI","415"
"6661","ANGGRUNG","416"
"6662","ANGIN BARAT","417"
"6663","ANGIN NAULI","418"
"6664","ANGORUDUA BALAEKHA","419"
"6665","ANJUNG GADANG","420"
"6666","ANTARA","378"
"6667","AORNAKAN I","421"
"6668","AORNAKAN II","421"
"6669","ARA CONDONG","422"
"6670","ARA PAYUNG","423"
"6671","ARAMO","424"
"6672","ARAS KABU","425"
"6673","ARAS PANJANG","426"
"6674","ARAS","427"
"6675","ARITONANG","428"
"6676","ARSE HANOPAN","429"
"6677","ARSE SIMATORKIS","430"
"6678","ARSE","429"
"6679","ARSE","322"
"6680","ARUAN","431"
"6681","ASAHAN MATI","432"
"6682","ASAM JAWA","304"
"6683","ASAM KUMBANG","433"
"6684","ASUHAN","434"
"6685","ATUALUO","435"
"6686","AUR","436"
"6687","AWAAI","437"
"6688","AWELA","438"
"6689","AWONI LAUSO","374"
"6690","AWONI","439"
"6691","BABURA SUNGGAL","440"
"6692","BABURA","441"
"6693","BABUSSALAM","324"
"6694","BADAK BEJUANG","442"
"6695","BAGAN ARYA","443"
"6696","BAGAN ASAHAN BARU","432"
"6697","BAGAN ASAHAN PEKAN","432"
"6698","BAGAN ASAHAN","432"
"6699","BAGAN BARU","443"
"6700","BAGAN BILAH","444"
"6701","BAGAN DALAM","443"
"6702","BAGAN DELI","445"
"6703","BAGAN KUALA","446"
"6704","BAGAN SERDANG","447"
"6705","BAGAS LOMBANG","303"
"6706","BAGAS NAGODANG III","303"
"6707","BAGELEN","448"
"6708","BAGERPANG","449"
"6709","BAGOA","424"
"6710","BAH BAH BUNTU","450"
"6711","BAH BALUA","449"
"6712","BAH BIAK","401"
"6713","BAH BIRONG ULU","451"
"6714","BAH BOLON TONGAH","452"
"6715","BAH BOLON","453"
"6716","BAH BULIAN","405"
"6717","BAH BUTONG 1","401"
"6718","BAH BUTONG 2","401"
"6719","BAH DAMAR","369"
"6720","BAH GUNUNG","454"
"6721","BAH JAMBI I","455"
"6722","BAH JAMBI II","456"
"6723","BAH JAMBI III","456"
"6724","BAH JOGA","455"
"6725","BAH KAPUL","457"
"6726","BAH KERAPUH","426"
"6727","BAH KISAT","456"
"6728","BAH LIAS","458"
"6729","BAH PERAK","449"
"6730","BAH SAMPURAN","451"
"6731","BAH SARIMAH","459"
"6732","BAH SIDUA DUA","460"
"6733","BAH SORMA","457"
"6734","BAH SUMBU","461"
"6735","BAH TOBU","462"
"6736","BAH TONANG","405"
"6737","BAHAL BATU I","463"
"6738","BAHAL BATU II","463"
"6739","BAHAL BATU III","463"
"6740","BAHAL BATU","357"
"6741","BAHAL BATU","464"
"6742","BAHAL GAJAH","401"
"6743","BAHAL","323"
"6744","BAHALAT BAYU","455"
"6745","BAHAP","322"
"6746","BAHAPAL RAYA","453"
"6747","BAHILANG","465"
"6748","BAHO","466"
"6749","BAHUNG HULUAN","462"
"6750","BAHUNG KAHEAN","462"
"6751","BAHUNG SIBATU-BATU","467"
"6752","BAIR","391"
"6753","BAIS BARU","290"
"6754","BAIS","290"
"6755","BAJA DOLOK","468"
"6756","BAJA DOLOK","456"
"6757","BAJA KUNING","469"
"6758","BAJA RONGGI","426"
"6759","BAJAMAS","470"
"6760","BAKAL GAJAH","471"
"6761","BAKAL JULU","472"
"6762","BAKARAN BATU","473"
"6763","BAKARAN BATU","474"
"6764","BAKARAN BATU","475"
"6765","BAKARAN BATU","476"
"6766","BAKKUDU (BANGKUDU)","357"
"6767","BALAI KASIH","477"
"6768","BALAKKA (BALANGKA)","301"
"6769","BALAKKA TOROP (BALANGKA TOROP)","323"
"6770","BALALE TOBA\A","478"
"6771","BALANGKA","317"
"6772","BALE-BALE SIBOHOU","372"
"6773","BALE-BALE","372"
"6774","BALEFADORO TUHO","371"
"6775","BALIGE I","307"
"6776","BALIGE II","307"
"6777","BALIGE III","307"
"6778","BALIJU","456"
"6779","BALIMBING JAE","301"
"6780","BALIMBING JULU","301"
"6781","BALIMBING","479"
"6782","BALIMBING","480"
"6783","BALIMBINGAN","456"
"6784","BALODANO","481"
"6785","BALODANO","435"
"6786","BALOGIA","482"
"6787","BALOHILI BOTOMUZOI","483"
"6788","BALOHILI GOMO","484"
"6789","BALOHILI MOLA","408"
"6790","BALOHILI O\O\U","485"
"6791","BALOMBARUZO ORAHUA","439"
"6792","BALOWONDRATE","486"
"6793","BALUTA","487"
"6794","BANDAR BARU","488"
"6795","BANDAR BARU","489"
"6796","BANDAR BAYU","490"
"6797","BANDAR BETSY I","454"
"6798","BANDAR BETSY II","454"
"6799","BANDAR DOLOK","491"
"6800","BANDAR DOLOK","492"
"6801","BANDAR DURIAN II","293"
"6802","BANDAR DURIAN","293"
"6803","BANDAR GUNUNG","449"
"6804","BANDAR HAPINIS","493"
"6805","BANDAR HUTA USANG","494"
"6806","BANDAR JAWA","458"
"6807","BANDAR KHALIFAH (KLIPPA)","411"
"6808","BANDAR KHALIPAH KEBON","411"
"6809","BANDAR KUALA (KWALA)","449"
"6810","BANDAR KUALA","495"
"6811","BANDAR KUMBUL","496"
"6812","BANDAR LABUHAN","352"
"6813","BANDAR LAMA","497"
"6814","BANDAR LIMABUN","312"
"6815","BANDAR MAGONDANG (NAGODANG)","498"
"6816","BANDAR MALELA","499"
"6817","BANDAR MANIK","500"
"6818","BANDAR MANIS","501"
"6819","BANDAR MARUHUR","459"
"6820","BANDAR MASILAM II","502"
"6821","BANDAR MASILAM","502"
"6822","BANDAR MERIAH","449"
"6823","BANDAR MERIAH","503"
"6824","BANDAR NAGORI","459"
"6825","BANDAR NAULI","322"
"6826","BANDAR NEGERI","498"
"6827","BANDAR PANJANG TUO","504"
"6828","BANDAR PANJANG","504"
"6829","BANDAR PASIR MANDOGE","505"
"6830","BANDAR PINANG KEBUN / KEBON","498"
"6831","BANDAR PINANG RAMBE","498"
"6832","BANDAR PULAU PEKAN","341"
"6833","BANDAR PULO","458"
"6834","BANDAR PURBA","506"
"6835","BANDAR RAHMAT","443"
"6836","BANDAR RAKYAT","458"
"6837","BANDAR REJO","502"
"6838","BANDAR SAKTI","507"
"6839","BANDAR SELAMAT","329"
"6840","BANDAR SELAMAT","462"
"6841","BANDAR SELAMAT","508"
"6842","BANDAR SENEMBAH","509"
"6843","BANDAR SETIA","411"
"6844","BANDAR SIANTAR","510"
"6845","BANDAR SILOU","502"
"6846","BANDAR SONO","443"
"6847","BANDAR TARUTUNG","353"
"6848","BANDAR TENGAH","511"
"6849","BANDAR TINGGI","502"
"6850","BANDAR TINGGI","512"
"6851","BANDAR TONGAH","454"
"6852","BANDAR TONGGING","387"
"6853","BANDAR UTAMA","442"
"6854","BANDARAWAN","369"
"6855","BANDARSONO","513"
"6856","BANE","514"
"6857","BANGAI","304"
"6858","BANGE NAULI","515"
"6859","BANGE","515"
"6860","BANGE","298"
"6861","BANGKELANG","320"
"6862","BANGKUANG","308"
"6863","BANGKUDU (BAKKUDU)","323"
"6864","BANGUN BARU","516"
"6865","BANGUN DASMARIAH","452"
"6866","BANGUN MARIAH / MERIAH","517"
"6867","BANGUN MULIA","410"
"6868","BANGUN PANE","518"
"6869","BANGUN PURBA TENGAH","449"
"6870","BANGUN PURBA","449"
"6871","BANGUN PURBA","335"
"6872","BANGUN PURBA","305"
"6873","BANGUN RAKYAT","452"
"6874","BANGUN RAYA","430"
"6875","BANGUN RAYA","405"
"6876","BANGUN REJO","330"
"6877","BANGUN REJO","352"
"6878","BANGUN SARI BARU","352"
"6879","BANGUN SARI","519"
"6880","BANGUN SARI","520"
"6881","BANGUN SARI","521"
"6882","BANGUN SARI","352"
"6883","BANGUN SAROHA","522"
"6884","BANGUN SEJATI","523"
"6885","BANGUN SORDANG","314"
"6886","BANGUN","510"
"6887","BANGUN","524"
"6888","BANGUN","525"
"6889","BANJAR AUR UTARA","383"
"6890","BANJAR AUR","526"
"6891","BANJAR GANJANG","527"
"6892","BANJAR JAYA","528"
"6893","BANJAR LANCAT","338"
"6894","BANJAR MAGA","522"
"6895","BANJAR MALAYU","320"
"6896","BANJAR TOBA","529"
"6897","BANJAR","379"
"6898","BANJAR","530"
"6899","BANJARAN GODANG","490"
"6900","BANTAN TIMUR","508"
"6901","BANTAN","426"
"6902","BANTAN","508"
"6903","BANTAN","530"
"6904","BANUA HUTA","531"
"6905","BANUA LUHU","532"
"6906","BANUA RAKYAT","533"
"6907","BANUA SIBOHOU BOTOMUZOI","483"
"6908","BANUA SIBOHOU I","413"
"6909","BANUA SIBOHOU II","413"
"6910","BANUA SIBOHOU III","534"
"6911","BANUA SIBOHOU SILIMA EWALI","478"
"6912","BANUA SIBOHOU","535"
"6913","BANUA SIMANOSOR","533"
"6914","BANUA TONGA","536"
"6915","BANUA TONGA","302"
"6916","BANUAGEA","392"
"6917","BANUAJI I","294"
"6918","BANUAJI II","294"
"6919","BANUAJI IV","294"
"6920","BANUAREA","403"
"6921","BANUH RAYA","537"
"6922","BANYUMAS","422"
"6923","BAOHAO","424"
"6924","BARA BATU","357"
"6925","BARA","323"
"6926","BARAMBANG","538"
"6927","BARBARAN JAE","539"
"6928","BARBARAN","539"
"6929","BARGOT TOPONG","319"
"6930","BARGOT TOPONG","306"
"6931","BARIBA NIAEK","428"
"6932","BARINGIN NATAM","540"
"6933","BARINGIN PANCUR NAULI (BP NAULI)","541"
"6934","BARINGIN SIL","322"
"6935","BARINGIN SIP","322"
"6936","BARINGIN","540"
"6937","BARINGIN","303"
"6938","BARINGIN","538"
"6939","BARNANG / BARNAG KOLING","303"
"6940","BARTONG","468"
"6941","BARU (DESA BARU)","542"
"6942","BARU (KAMPUNG BARU)","473"
"6943","BARU ARA","307"
"6944","BARU PASAR VIII (8)","543"
"6945","BARU TITI BESI","495"
"6946","BARU","525"
"6947","BARU","514"
"6948","BARUAS","306"
"6949","BARUMUN TUA (BARINGIN TUA)","359"
"6950","BARUNG KERSAP","503"
"6951","BARUNG-BARUNG","378"
"6952","BARUS JAHE","544"
"6953","BARUS JULU","544"
"6954","BARUYU LASARA","482"
"6955","BARUYU SIBOHOU","545"
"6956","BARUZO","374"
"6957","BARUZO","546"
"6958","BASILAM BARU","319"
"6959","BATAHAN I","526"
"6960","BATAHAN II","526"
"6961","BATAHAN III","526"
"6962","BATAHAN IV","526"
"6963","BATAHAN","547"
"6964","BATANG AYUMI JAE","548"
"6965","BATANG AYUMI JULU","548"
"6966","BATANG BAHAL","306"
"6967","BATANG BARUHAR JAE","305"
"6968","BATANG BARUHAR JULU","305"
"6969","BATANG BERUH","549"
"6970","BATANG BULU BARU","536"
"6971","BATANG BULU JAE","331"
"6972","BATANG BULU LAMA","536"
"6973","BATANG BULU TANGGAL","331"
"6974","BATANG GADIS","539"
"6975","BATANG KUIS PEKAN","473"
"6976","BATANG NADENGGAN","550"
"6977","BATANG ONANG BARU","551"
"6978","BATANG ONANG LAMA","551"
"6979","BATANG PANE I","305"
"6980","BATANG PANE II","305"
"6981","BATANG PANE III","305"
"6982","BATANG PARSULUMAN","359"
"6983","BATANG SERANGAN","552"
"6984","BATANG TANGGAL BARU","331"
"6985","BATANG TERAP","297"
"6986","BATANG TURA JULU","303"
"6987","BATANG TURA SIRUMAMBE","553"
"6988","BATANG TURA","303"
"6989","BATOM BAWO","554"
"6990","BATU 12","426"
"6991","BATU 13","426"
"6992","BATU ANAM","555"
"6993","BATU ARIMO","354"
"6994","BATU BINUMBUN","428"
"6995","BATU GAJAH","312"
"6996","BATU GAJAH","365"
"6997","BATU GANA","301"
"6998","BATU GEMUK","556"
"6999","BATU GINGGING","449"
"7000","BATU GODANG","353"
"7001","BATU GUN-GUN","557"
"7002","BATU HIBUL","326"
"7003","BATU HORING","346"
"7004","BATU HORPAK","327"
"7005","BATU HULA","346"
"7006","BATU JONGJONG","558"
"7007","BATU LAYAN","559"
"7008","BATU LAYANG","488"
"7009","BATU LOKONG","495"
"7010","BATU MADINDING","320"
"7011","BATU MAMAK","551"
"7012","BATU MAMAK","560"
"7013","BATU MAMAK","305"
"7014","BATU MANUMPAK","561"
"7015","BATU MASAGI","562"
"7016","BATU MBELIN","556"
"7017","BATU MBELIN","488"
"7018","BATU MELENGGANG","543"
"7019","BATU MUNDAM","563"
"7020","BATU NABOLON","366"
"7021","BATU NADUA","564"
"7022","BATU NAGAJAR","565"
"7023","BATU NAGODANG SIATAS","316"
"7024","BATU NANGGAR","551"
"7025","BATU PENJEMURAN","556"
"7026","BATU PULUT","551"
"7027","BATU RANCANG","301"
"7028","BATU RATA","449"
"7029","BATU REJO","556"
"7030","BATU RUNDING","322"
"7031","BATU SATAIL","303"
"7032","BATU SILANGIT","566"
"7033","BATU SONDAT","526"
"7034","BATU SUNDUNG","357"
"7035","BATU SUNDUNG","305"
"7036","BATU TAMBUN","305"
"7037","BATU TUNGGAL","479"
"7038","BATU TUNGGAL","330"
"7039","BATU TUNGGAL","305"
"7040","BATUKARANG","567"
"7041","BATUMANAK","568"
"7042","BATUMANUMPAK","564"
"7043","BATUNADUA JAE","306"
"7044","BATUNADUA JULU","306"
"7045","BAWAHOSI HURUNA","569"
"7046","BAWANG","570"
"7047","BAWASALO\O DAO-DAO","571"
"7048","BAWASAWA","486"
"7049","BAWO AMA HELATO","482"
"7050","BAWO ANALITA SAERU","487"
"7051","BAWO DOBARA","572"
"7052","BAWO LOLOMATUA","406"
"7053","BAWO LOWALANI","572"
"7054","BAWO NIFAOSO","572"
"7055","BAWO OFULOA","487"
"7056","BAWO OMASIO","482"
"7057","BAWO ORUDUA","487"
"7058","BAWO ZAUA","572"
"7059","BAWODESOLO (BAWADESOLO)","573"
"7060","BAWODESOLO","437"
"7061","BAWODOBARA","482"
"7062","BAWOFANAYAMA","574"
"7063","BAWOGANOWO","575"
"7064","BAWOGOSALI","576"
"7065","BAWOHOSI MANIAMOLO","576"
"7066","BAWOHOSI","412"
"7067","BAWOLAHUSA DOLI-DOLI","577"
"7068","BAWOLAHUSA","577"
"7069","BAWOLATO","419"
"7070","BAWOLAWINDRA","578"
"7071","BAWOMAENAMOLO","576"
"7072","BAWOMATALUO","574"
"7073","BAWONAHONO","574"
"7074","BAWONIFAOSO","545"
"7075","BAWOOTALUA","419"
"7076","BAWOSALOO SIWALAWA  /  SOWALAWA","412"
"7077","BAWOSALOO","486"
"7078","BAWOSALO\O BAWOLUO","485"
"7079","BAWOSAODANO","576"
"7080","BAWOSITORA","578"
"7081","BAWOZAMAIWO","579"
"7082","BAWOZIHONO","419"
"7083","BAYU BAGASAN","456"
"7084","BEGANDING","580"
"7085","BEKERAH","581"
"7086","BEKILANG","560"
"7087","BEKIUNG","477"
"7088","BEKUKUL","556"
"7089","BEKULAP","582"
"7090","BELA RAKYAT","477"
"7091","BELANG MALUM","549"
"7092","BELAWAN BAHAGIA","445"
"7093","BELAWAN BAHARI","445"
"7094","BELAWAN I","445"
"7095","BELAWAN II","445"
"7096","BELAWAN SICANANG","445"
"7097","BELINTENG","583"
"7098","BELONGKUT","324"
"7099","BENGABING","584"
"7100","BENGKEL","297"
"7101","BENGKURUNG","488"
"7102","BENTENG HURABA","319"
"7103","BENTENG JAYA","585"
"7104","BENTENG","521"
"7105","BERAMPU (BRAMPU)","529"
"7106","BERAS BASAH","393"
"7107","BERASTEPU","580"
"7108","BERINGIN JAYA","304"
"7109","BERINGIN","425"
"7110","BERINGIN","433"
"7111","BERINGIN / BARINGIN JAYA","586"
"7112","BERNGAM","587"
"7113","BEROHOL","507"
"7114","BERTAH","386"
"7115","BERTUNGEN JULU","588"
"7116","BERUA SIWALAWA","414"
"7117","BERUA","535"
"7118","BERUAM","477"
"7119","BESADI","477"
"7120","BESAR 2 TERJUN","423"
"7121","BESAR","589"
"7122","BESILAM BUKIT LEMBASA","590"
"7123","BESILAM","528"
"7124","BETIMUS BARU","488"
"7125","BETING KWALA / KUALA KAPIAS","591"
"7126","BHAKTI KARYA","592"
"7127","BIAK NAMPE","503"
"7128","BINA RAGA (RINARAGA)","351"
"7129","BINABO JAE","430"
"7130","BINABO JULU","430"
"7131","BINAKA","437"
"7132","BINANGA DUA","318"
"7133","BINANGA GUMBOT","322"
"7134","BINANGA TOLU","593"
"7135","BINANGA TOLU","302"
"7136","BINANGA","357"
"7137","BINANGA","586"
"7138","BINASI","356"
"7139","BINCAR","548"
"7140","BINGAI","590"
"7141","BINGKAT","584"
"7142","BINGKAWAN","488"
"7143","BINJAI BAKUNG","447"
"7144","BINJAI BARU","521"
"7145","BINJAI ESTATE","592"
"7146","BINJAI SERBANGAN","379"
"7147","BINJAI","587"
"7148","BINJAI","594"
"7149","BINJAI","465"
"7150","BINJOHARA","595"
"7151","BINTAIS JULU","322"
"7152","BINTANG BARU","596"
"7153","BINTANG BAYU","498"
"7154","BINTANG HULU","549"
"7155","BINTANG MERIAH","473"
"7156","BINTANG MERIAH","597"
"7157","BINTANG MERIAH","409"
"7158","BINTANG MERIAH","542"
"7159","BINTANG","549"
"7160","BINTUANG","578"
"7161","BINTUAS","480"
"7162","BINTUJU","319"
"7163","BINTUNGAN BEJANGKAR BARU","383"
"7164","BINTUNGAN BEJANGKAR","526"
"7165","BIOUTI TIMUR","374"
"7166","BIOUTI","374"
"7167","BIRE","357"
"7168","BIRONG ULU MANRIAH","401"
"7169","BIRU","332"
"7170","BIRU-BIRU","385"
"7171","BITAYA","413"
"7172","BIUS GU BARAT","527"
"7173","BLANGKAHAN / BELANGKAHAN","477"
"7174","BLOK SEPULUH","426"
"7175","BOANGMANALU SALAK","598"
"7176","BOBOZIOLI LOLOANAA","374"
"7177","BOGAK BESAR","599"
"7178","BOGAK","443"
"7179","BOHALU","484"
"7180","BOHO","360"
"7181","BOHOLU","398"
"7182","BOLATAN","479"
"7183","BOLUK","295"
"7184","BONA LUMBAN","309"
"7185","BONAL","331"
"7186","BONAN DOLOK I","307"
"7187","BONAN DOLOK I","565"
"7188","BONAN DOLOK II","307"
"7189","BONAN DOLOK II","565"
"7190","BONAN DOLOK III","307"
"7191","BONAN DOLOK","551"
"7192","BONAN DOLOK","600"
"7193","BONAN DOLOK","548"
"7194","BONAN DOLOK","313"
"7195","BONAN DOLOK","360"
"7196","BONAN DOLOK","365"
"7197","BONANDOLOK","601"
"7198","BONANI DOLOK","602"
"7199","BONANI ONAN","334"
"7200","BONCA BAYUON","312"
"7201","BONDA KASE","480"
"7202","BONDAR SIHUDON I","603"
"7203","BONDAR SIHUDON II","603"
"7204","BONGKARAS","471"
"7205","BONIA HILISIMAETANO","576"
"7206","BONIAN","471"
"7207","BORGOT / BARGOT TOPONG JAE","479"
"7208","BORGOT / BARGOT TOPONG JULU","479"
"7209","BOROWOSI","406"
"7210","BOSAR BAYU","464"
"7211","BOSAR GALUGUR","456"
"7212","BOSAR MALIGAS","295"
"7213","BOSAR NAULI","604"
"7214","BOTOHAENGA","478"
"7215","BOTOHILI NDRURIA","605"
"7216","BOTOHILI SILAMBO","574"
"7217","BOTOHILI SORAKE","574"
"7218","BOTOHILI","412"
"7219","BOTOHILISALO\O","574"
"7220","BOTOHILITANO","574"
"7221","BOTOLAKHA","392"
"7222","BOTONA\AI","606"
"7223","BOTOT","607"
"7224","BOTUNG","362"
"7225","BOTUNG","547"
"7226","BOTUNG","305"
"7227","BOYO","573"
"7228","BOZIHONA","374"
"7229","BRANDAN BARAT","608"
"7230","BRANDAN TIMUR BARU","608"
"7231","BRANDAN TIMUR","608"
"7232","BROHOL","609"
"7233","BUAH NABAR","488"
"7234","BUAH RAYA","409"
"7235","BUBUN","469"
"7236","BUBURAN","480"
"7237","BUHAWA","439"
"7238","BUKIT CERMIN HILIR","426"
"7239","BUKIT JENGKOL","393"
"7240","BUKIT KUBU","610"
"7241","BUKIT LAU KERSIK","557"
"7242","BUKIT MARAJA","510"
"7243","BUKIT MAS","610"
"7244","BUKIT MELINTANG","590"
"7245","BUKIT MENGKIRAI","376"
"7246","BUKIT RAYA SEDANG  /  SORDANG","305"
"7247","BUKIT SARI","528"
"7248","BUKIT SELAMAT","610"
"7249","BUKIT SOFA / SHOFA","457"
"7250","BUKIT TINGGI","322"
"7251","BUKIT TINGGI","611"
"7252","BUKIT TUJUH","304"
"7253","BUKIT","612"
"7254","BUKITBURASI","414"
"7255","BUKITTINGGI","494"
"7256","BUKUM","488"
"7257","BULAN BARU","580"
"7258","BULAN JAHE","544"
"7259","BULAN JULU","544"
"7260","BULAN-BULAN","378"
"7261","BULIAN","507"
"7262","BULU CINA","613"
"7263","BULU CINA","593"
"7264","BULU DURI","614"
"7265","BULU GADING","298"
"7266","BULU MARIO","303"
"7267","BULU SOMA","320"
"7268","BULU SONIK","430"
"7269","BULUH AWAR","488"
"7270","BULUH DURI","468"
"7271","BULUH NAMAN","503"
"7272","BULUH PANCUR","560"
"7273","BULUH PANCUR","615"
"7274","BULUH TELANG","528"
"7275","BULUH TELLANG","616"
"7276","BULUNG GIHIT (BULUNGIHIT)","324"
"7277","BUNGA BARU","568"
"7278","BUNGA BONDAR","303"
"7279","BUNGA TANJUNG","617"
"7280","BUNGO TANJUNG","310"
"7281","BUNTU BADIMBAR (BEDIMBAR)","352"
"7282","BUNTU MARAJA","341"
"7283","BUNTU MAULI","618"
"7284","BUNTU PANE","399"
"7285","BUNTURAJA","292"
"7286","BUNURAYA","386"
"7287","BUNUT BARAT","619"
"7288","BUNUT SEBERANG","620"
"7289","BUNUT","322"
"7290","BUNUT","619"
"7291","BUNUT","304"
"7292","BUTTU BAYU (BUNTU BAYU)","604"
"7293","BUTTU BAYU","459"
"7294","BUTTU TURUNAN (BUNTU TURUNAN)","604"
"7295","BUTU BAYU PANEI RAJA","518"
"7296","CAHAYA PARDOMUAN","378"
"7297","CANDI REJO","385"
"7298","CARITAS SOGAWUNASI","605"
"7299","CELAWAN","423"
"7300","CEMARA","474"
"7301","CEMPA","543"
"7302","CEMPEDAK LOBANG","621"
"7303","CENDANA","351"
"7304","CENGKEH TURI","622"
"7305","CENGKERING PEKAN","347"
"7306","CIKAOK","623"
"7307","CIMAHI (CIMAHE)","449"
"7308","CIMBANG","567"
"7309","CINGKES","570"
"7310","CINTA AIR","297"
"7311","CINTA DAMAI (DAME)","411"
"7312","CINTA DAMAI","624"
"7313","CINTA DAMAI","561"
"7314","CINTA DAME","402"
"7315","CINTA MAJU","618"
"7316","CINTA MAKMUR","384"
"7317","CINTA RAJA","625"
"7318","CINTA RAKYAT","556"
"7319","CINTA RAKYAT","411"
"7320","CINTA RAKYAT","488"
"7321","CINTA RAYAT","626"
"7322","CITAMAN JERNIH","297"
"7323","DADI MULYO","619"
"7324","DAGANG KELAMBIR","352"
"7325","DAGANG KRAWAN (KERAWAN)","352"
"7326","DAHADANO BOTOMBAWO","438"
"7327","DAHADANO GAWU GAWU","573"
"7328","DAHADANO","466"
"7329","DAHANA ALASA","413"
"7330","DAHANA BAWOLATO","478"
"7331","DAHANA HILIGODU","535"
"7332","DAHANA TABALOHO","573"
"7333","DAHANA TUGALA OYO","413"
"7334","DAHANA","437"
"7335","DAHARI INDAH","521"
"7336","DAHARI SELEBAR","521"
"7337","DALAN LIDANG","312"
"7338","DALAN NAMAN (DALAM DAMAN)","477"
"7339","DALIG RAYA","453"
"7340","DALIHAN NATOLU","322"
"7341","DALIHAN NATOLU","627"
"7342","DALU X A (DALU SEPULUH A)","352"
"7343","DALU X B (DALU SEPULUH B)","352"
"7344","DAMAI","622"
"7345","DAMAI","439"
"7346","DAMAK KURAT","468"
"7347","DAMAK MALIHO","449"
"7348","DAMAK TOLONG BUHO","498"
"7349","DAMAR CONDONG","628"
"7350","DAMAR SARI","448"
"7351","DAMARITANG","459"
"7352","DAME","426"
"7353","DAMPARAN HAUNATAS","359"
"7354","DAMULI KEBUN (PERKEBUNAN DAMULI)","497"
"7355","DAMULI PEKAN","497"
"7356","DANAU SIJABUT","375"
"7357","DANOBALE","475"
"7358","DAO-DAO SOWO","571"
"7359","DAO-DAO ZANUWO IDANO TAE","439"
"7360","DAO-DAO ZANUWO","596"
"7361","DAO-DAO","424"
"7362","DARAT","441"
"7363","DARUSSALAM","291"
"7364","DATARAN TINGGI","629"
"7365","DEBLOD SUNDORO","448"
"7366","DEKHA","435"
"7367","DELI MUDA ILIR","297"
"7368","DELI MUDA ULU","297"
"7369","DELI TUA BARAT","630"
"7370","DELI TUA TIMUR","630"
"7371","DELI TUA","630"
"7372","DELI TUA","556"
"7373","DEMAK / DAMAK GELUGUR","562"
"7374","DENAI KUALA","447"
"7375","DENAI LAMA","447"
"7376","DENAI SARANG BURUNG","447"
"7377","DENAI","594"
"7378","DENDANG","422"
"7379","DERAM","626"
"7380","DESA LAMA (KAMPUNG LAMA)","613"
"7381","DIMA","631"
"7382","DIPAR HATARAN","451"
"7383","DOGANG","376"
"7384","DOKAN","387"
"7385","DOLAT RAYAT","612"
"7386","DOLI-DOLI IDANO TAE","439"
"7387","DOLI-DOLI","632"
"7388","DOLOG KATARAN (HATARAN)","462"
"7389","DOLOK GADANG  /  GODANG","342"
"7390","DOLOK HATARAN","633"
"7391","DOLOK HULUAN","453"
"7392","DOLOK ILIR DUA","462"
"7393","DOLOK ILIR SATU","462"
"7394","DOLOK JIOR","531"
"7395","DOLOK KAHEAN","566"
"7396","DOLOK MAINU","462"
"7397","DOLOK MALELA","510"
"7398","DOLOK MANAMPANG","426"
"7399","DOLOK MARAJA","566"
"7400","DOLOK MARAWA","459"
"7401","DOLOK MARGU (DOLOK MARDUGA)","600"
"7402","DOLOK MARIAH","570"
"7403","DOLOK MARLAWAN","451"
"7404","DOLOK MARLAWAN","633"
"7405","DOLOK MARTUMBUR","428"
"7406","DOLOK MASANGO","498"
"7407","DOLOK MERANGIR DUA","462"
"7408","DOLOK MERANGIR SATU","462"
"7409","DOLOK MERAWAN","369"
"7410","DOLOK NAGODANG","634"
"7411","DOLOK NAULI","294"
"7412","DOLOK NAULI","527"
"7413","DOLOK PANTIS","607"
"7414","DOLOK PARMONANGAN","454"
"7415","DOLOK PARMONANGAN","491"
"7416","DOLOK RAJA","635"
"7417","DOLOK SAE","305"
"7418","DOLOK SAGALA","426"
"7419","DOLOK SANGGUL (PASAR DOLOK SANGGUL)","334"
"7420","DOLOK SANGGUL","322"
"7421","DOLOK SANGGUL","339"
"7422","DOLOK SARIBU BANGUN","459"
"7423","DOLOK SARIBU JANJI MATOGU","634"
"7424","DOLOK SARIBU LUMBAN NABOLON","634"
"7425","DOLOK SARIBU","518"
"7426","DOLOK SARIBU","532"
"7427","DOLOK SAUT","339"
"7428","DOLOK SINUMBAH","464"
"7429","DOLOK SORDANG JULU","303"
"7430","DOLOK SORDANG","303"
"7431","DOLOK TENERA","462"
"7432","DOLOK TOLONG","636"
"7433","DOLOK TOMUAN","491"
"7434","DOLOK ULU","566"
"7435","DORIN TONGGAL (DURIN TUNGGAL)","542"
"7436","DOSROHA","402"
"7437","DOULU (DAULU)","637"
"7438","DURIA","407"
"7439","DURIAN BANGGAL","405"
"7440","DURIAN EMPAT MBELANG","450"
"7441","DURIAN JANGAK","542"
"7442","DURIAN KONDOT","490"
"7443","DURIAN LINGGA","583"
"7444","DURIAN PULOAN","426"
"7445","DURIAN","507"
"7446","DURIAN","638"
"7447","DURIAN","347"
"7448","DURIAN","447"
"7449","DURIAN","585"
"7450","DURIN RUGUN","615"
"7451","DURIN SERUGUN","488"
"7452","DURIN SIMBELANG A","542"
"7453","DURIN TINGGUNG","450"
"7454","DURU","545"
"7455","DUSUN PENGKOLAN","295"
"7456","DUSUN ULU","314"
"7457","DWI KORA","624"
"7458","DWI SRI","609"
"7459","DWIKORA","530"
"7460","EHO BALUTA","487"
"7461","EHO HILISIMAETANO","576"
"7462","EHO ORAHILI","574"
"7463","EHO","545"
"7464","EHOSAKHOZI","438"
"7465","EHOSAKHOZI","569"
"7466","EMPAT NEGERI","378"
"7467","EMPLASMEN AEK NABARA","512"
"7468","EMPLASMEN KUALA NAMU","425"
"7469","EMPUS","558"
"7470","ENDA PORTIBI","639"
"7471","ESIWA","535"
"7472","ETE BATU","574"
"7473","EWO","605"
"7474","FABALIWA OYO","606"
"7475","FADORO BAHILI","632"
"7476","FADORO FULOLO","466"
"7477","FADORO HILIHAMBAWA","371"
"7478","FADORO HILIMBOWO","640"
"7479","FADORO HILIMBOWO","371"
"7480","FADORO HUNOGOA","438"
"7481","FADORO LALAI","438"
"7482","FADORO LASARA","573"
"7483","FADORO LAURU","631"
"7484","FADORO SIFULU BANUA","641"
"7485","FADORO SITOLU HILI","371"
"7486","FADORO TUHEMBERUA","569"
"7487","FADORO YOU","640"
"7488","FADORO","437"
"7489","FADORO","632"
"7490","FADORO","486"
"7491","FADORO\EWO","642"
"7492","FAEKHU","643"
"7493","FAEKHUNAA","373"
"7494","FAHANDRONA","644"
"7495","FAJAR","607"
"7496","FANEDANU SIBOHOU","439"
"7497","FANEDANU","645"
"7498","FAOMASI HILISIMAETANO","576"
"7499","FATODANO","644"
"7500","FINO","392"
"7501","FIRDAUS ESTATE","621"
"7502","FIRDAUS","621"
"7503","FODO","643"
"7504","FOIKHU FONDRAKO","397"
"7505","FOIKHUGAGA","408"
"7506","FONDRAKORAYA","397"
"7507","FONEDANU","439"
"7508","FOWA","437"
"7509","FUGE","578"
"7510","FULOLO BOTOMUZOI","483"
"7511","FULOLO LALAI","438"
"7512","FULOLO SALOO","554"
"7513","FULOLO","413"
"7514","GABUNGAN HASANG","310"
"7515","GABUNGAN TASUA","645"
"7516","GADA","646"
"7517","GADING BAIN","547"
"7518","GADING","357"
"7519","GADING","647"
"7520","GADU","303"
"7521","GADUNG HOLBUNG","326"
"7522","GAHARU","638"
"7523","GAJAH SAKTI","341"
"7524","GAJAH","381"
"7525","GAJAH","580"
"7526","GAJING","499"
"7527","GALA BONANG","593"
"7528","GALA GALA PANGKAILAN","404"
"7529","GALANG BARAT","495"
"7530","GALANG KOTA","495"
"7531","GALANG SUKA","495"
"7532","GALANGGANG","551"
"7533","GALANGGANG","359"
"7534","GAMBER","580"
"7535","GAMBIR BARU","648"
"7536","GAMBUS LAUT","378"
"7537","GANAL","593"
"7538","GANG BUNTU","638"
"7539","GANOWO SAUA","572"
"7540","GAPUK TUA","337"
"7541","GARIANG","301"
"7542","GARINGGING","387"
"7543","GAROGA SIBARGOT","364"
"7544","GAROGA","346"
"7545","GAROGA","305"
"7546","GAROGA","402"
"7547","GARONGGANG","305"
"7548","GARUNGGANG","477"
"7549","GASA RIBU","431"
"7550","GAWU GAWU BOUSO / BAUSO","370"
"7551","GAZAMANU","478"
"7552","GEDANGAN","620"
"7553","GEDUNG JOHOR","649"
"7554","GELAM SEI SARIMAH","511"
"7555","GEMPOLAN","476"
"7556","GERGAS","590"
"7557","GERIAHAN (GREAHAN)","449"
"7558","GINDUANG BATU","357"
"7559","GINOLAT","360"
"7560","GIRSANG","650"
"7561","GLUGUR DARAT I","638"
"7562","GLUGUR DARAT II","638"
"7563","GLUGUR KOTA","651"
"7564","GLUGUR MAKMUR","521"
"7565","GOBO BARU","652"
"7566","GOBO","652"
"7567","GODUNG BOROTAN","564"
"7568","GOHOR LAMA","590"
"7569","GOLAMBANUA I","419"
"7570","GOLAMBANUA II","645"
"7571","GOMIT","292"
"7572","GONDIA","652"
"7573","GONGSOL","626"
"7574","GONTING BANGE","326"
"7575","GONTING GAROGA","364"
"7576","GONTING JAE","593"
"7577","GONTING JULU","593"
"7578","GONTING MAHE","607"
"7579","GONTING MALAHA","341"
"7580","GONTING SALAK","364"
"7581","GONTING","522"
"7582","GORAK","500"
"7583","GORAT PALLOMBUAN","653"
"7584","GOTI","654"
"7585","GOTTING SIDODADI","505"
"7586","GUDANG GARAM","498"
"7587","GUIGUI","655"
"7588","GUKGUK / GURGUR AEK RAJA","656"
"7589","GULANGAN","305"
"7590","GULANGAN","317"
"7591","GUMA RUPU LAMA","323"
"7592","GUMARUNTAR","322"
"7593","GUMARUPU BARU","323"
"7594","GUMBOT","322"
"7595","GUNDALING I","637"
"7596","GUNDALING II","637"
"7597","GUNDALING","557"
"7598","GUNG LETO","657"
"7599","GUNG NEGERI","657"
"7600","GUNG PINTO","581"
"7601","GUNTING SAGA","497"
"7602","GUNTUNG","378"
"7603","GUNTUNG","443"
"7604","GUNUNG AMBAT","583"
"7605","GUNUNG BANDUNG","378"
"7606","GUNUNG BARANI","536"
"7607","GUNUNG BARANI","291"
"7608","GUNUNG BARINGIN","342"
"7609","GUNUNG BARINGIN","357"
"7610","GUNUNG BARINGIN","338"
"7611","GUNUNG BARINGIN","323"
"7612","GUNUNG BARINGIN","365"
"7613","GUNUNG BARU","658"
"7614","GUNUNG BAYU","295"
"7615","GUNUNG BERITA","556"
"7616","GUNUNG BERKAT","341"
"7617","GUNUNG CAHAYA","486"
"7618","GUNUNG DATAS","405"
"7619","GUNUNG HASAHATAN","306"
"7620","GUNUNG INTAN","536"
"7621","GUNUNG INTAN","362"
"7622","GUNUNG INTAN","479"
"7623","GUNUNG JUHAR","560"
"7624","GUNUNG KATARAN","461"
"7625","GUNUNG KELAMBU","325"
"7626","GUNUNG KLAWAS (KELAWAS)","556"
"7627","GUNUNG MALINTANG","357"
"7628","GUNUNG MANAKO","468"
"7629","GUNUNG MANAON HR","593"
"7630","GUNUNG MANAON II","305"
"7631","GUNUNG MANAON III","479"
"7632","GUNUNG MANAON SIM","355"
"7633","GUNUNG MANAON UB","355"
"7634","GUNUNG MANAON UR","357"
"7635","GUNUNG MANAON","362"
"7636","GUNUNG MANAON","291"
"7637","GUNUNG MANAON","323"
"7638","GUNUNG MANOBOT","331"
"7639","GUNUNG MANUMPAK A","450"
"7640","GUNUNG MANUMPAK B","450"
"7641","GUNUNG MANUMPAK","503"
"7642","GUNUNG MANUNGKAP","553"
"7643","GUNUNG MARIA","322"
"7644","GUNUNG MARIAH","491"
"7645","GUNUNG MARIJO","659"
"7646","GUNUNG MARTUA","323"
"7647","GUNUNG MATINGGI","593"
"7648","GUNUNG MELAYU","497"
"7649","GUNUNG MELAYU","555"
"7650","GUNUNG MERIAH","597"
"7651","GUNUNG MERIAH","409"
"7652","GUNUNG MERIAH","472"
"7653","GUNUNG MERLAWAN","660"
"7654","GUNUNG MULIA","390"
"7655","GUNUNG PANE","468"
"7656","GUNUNG PARA II","369"
"7657","GUNUNG PARIBUAN","597"
"7658","GUNUNG RANTE","521"
"7659","GUNUNG RINTIS","661"
"7660","GUNUNG SALAMAT","322"
"7661","GUNUNG SARIBU","503"
"7662","GUNUNG SELAMAT","512"
"7663","GUNUNG SERAWAN","502"
"7664","GUNUNG SERIBU","597"
"7665","GUNUNG SINEMBAH","597"
"7666","GUNUNG SITEMBER","557"
"7667","GUNUNG SORMIN","326"
"7668","GUNUNG TINGGI","542"
"7669","GUNUNG TINGGI","396"
"7670","GUNUNG TUA BARU","305"
"7671","GUNUNG TUA BATANG ONANG","551"
"7672","GUNUNG TUA JAE","305"
"7673","GUNUNG TUA JAE","291"
"7674","GUNUNG TUA JATI (TUMBUJAT)","551"
"7675","GUNUNG TUA JULU","551"
"7676","GUNUNG TUA JULU","305"
"7677","GUNUNG TUA JULU","291"
"7678","GUNUNG TUA LABUAN PASIR","291"
"7679","GUNUNG TUA MS","547"
"7680","GUNUNG TUA SM","547"
"7681","GUNUNG TUA TONGA","305"
"7682","GUNUNG TUA TONGA","291"
"7683","GUNUNG TUA","365"
"7684","GUNUNG TUA","662"
"7685","GUNUNG TUA","606"
"7686","GUNUNG","568"
"7687","GUNUNGGABUNGAN","439"
"7688","GUO BATU","320"
"7689","GURILLA","457"
"7690","GURUBENUA","503"
"7691","GURUKINAYAN","567"
"7692","GURUSINGA","637"
"7693","HABEAHAN","600"
"7694","HABINCARAN","389"
"7695","HADANGKAHAN","320"
"7696","HADUNDUNG","663"
"7697","HADUNGDUNG AEK RAMPA","308"
"7698","HADUNGDUNG PINTU PADANG","308"
"7699","HADUNGDUNG","323"
"7700","HAJORAN","305"
"7701","HAJORAN","361"
"7702","HAJORAN","550"
"7703","HALABAN","610"
"7704","HALADO","400"
"7705","HALAMONA","486"
"7706","HALE BALUTA","487"
"7707","HALONGONAN","479"
"7708","HAMBAWA","370"
"7709","HAMBIRI BODING","305"
"7710","HAMBULO","479"
"7711","HAMDAN","436"
"7712","HAMPARAN PERAK","613"
"7713","HANDANG KOPO","368"
"7714","HANDEL","664"
"7715","HANDIO","365"
"7716","HANDIS JULU","430"
"7717","HANOFA","486"
"7718","HANOPAN","363"
"7719","HAPESONG BARU","346"
"7720","HAPESONG LAMA","346"
"7721","HAPOLTAHAN","358"
"7722","HAPUNG TOROP","365"
"7723","HAPUNG","365"
"7724","HARANG JAE","365"
"7725","HARANG JULU","365"
"7726","HARANGGAOL","665"
"7727","HARAPAN BARU","394"
"7728","HARAPAN JAYA","394"
"7729","HARAPAN MAJU","394"
"7730","HARAPAN MAKMUR","394"
"7731","HARAPAN","662"
"7732","HAREAN","327"
"7733","HAREFA ORAHUA","439"
"7734","HAREFA","606"
"7735","HAREFANAESE","534"
"7736","HARENORO","419"
"7737","HAREWAKHE","373"
"7738","HARIAN","666"
"7739","HARIANJA","564"
"7740","HARIARA POHAN","635"
"7741","HARJOSARI I","410"
"7742","HARJOSARI II","410"
"7743","HARUNGGUAN","667"
"7744","HASAHATAN (HASATAN)","479"
"7745","HASAHATAN JAE","430"
"7746","HASAHATAN JULU","430"
"7747","HASAHATAN","326"
"7748","HASAMBI","301"
"7749","HASANG MARSADA","303"
"7750","HASANG","497"
"7751","HASIBUAN","532"
"7752","HASINGGAAN","360"
"7753","HATAPANG","330"
"7754","HATINGGIAN","343"
"7755","HATIRAN","326"
"7756","HATOGUAN","653"
"7757","HATONGGA","362"
"7758","HATUPANGAN","320"
"7759","HAUAGONG","403"
"7760","HAUNATAS I","431"
"7761","HAUNATAS II","431"
"7762","HAUNATAS","337"
"7763","HAVEA","426"
"7764","HAYO","632"
"7765","HAYO","578"
"7766","HAYURAJA","350"
"7767","HELEFANIKHA","437"
"7768","HELEFANIKHA","642"
"7769","HELVETIA TENGAH","624"
"7770","HELVETIA TIMUR","624"
"7771","HELVETIA","668"
"7772","HELVETIA","624"
"7773","HELVETIA","669"
"7774","HESSA AIR GENTING","375"
"7775","HESSA PERLOMPONGAN","375"
"7776","HIAMBANUA","481"
"7777","HILI AMO DULA","482"
"7778","HILI FADOLO","412"
"7779","HILI GAWOLO","371"
"7780","HILI GODUHOYA","371"
"7781","HILI HAO","573"
"7782","HILI HATI","371"
"7783","HILI MAYO","481"
"7784","HILI OTALUA","605"
"7785","HILI SOROMI","658"
"7786","HILI WAELE","658"
"7787","HILIABOLATA","419"
"7788","HILIADOLOWA","424"
"7789","HILIADULO","571"
"7790","HILIADULO","579"
"7791","HILIADULOSOI","596"
"7792","HILIALAWA","478"
"7793","HILIALAWA","645"
"7794","HILIALAWA","575"
"7795","HILIALITO SAUA","572"
"7796","HILIALO\OA","439"
"7797","HILIAMAETALUO","575"
"7798","HILIAMAETANIHA","574"
"7799","HILIAMBOWO BOTOMUZOI","483"
"7800","HILIAMOZULA  /  HILIAMAUZULA","424"
"7801","HILIAMURI","572"
"7802","HILIANAA GOMO","439"
"7803","HILIANAA SUSUA","596"
"7804","HILIANA\A","572"
"7805","HILIANOMBASELA","545"
"7806","HILIASI","575"
"7807","HILIAURIFA HILISIMAETANO","576"
"7808","HILIBADALU","546"
"7809","HILIBADALU","611"
"7810","HILIBADALU","644"
"7811","HILIBADALU","408"
"7812","HILIBANUA","535"
"7813","HILIBORODANO","670"
"7814","HILIDANAYAO","596"
"7815","HILIDAURA","641"
"7816","HILIDOHONA","671"
"7817","HILIDUHO","631"
"7818","HILIDULO","414"
"7819","HILIDUNDRA","466"
"7820","HILIDURUWA","672"
"7821","HILIFADOLO","398"
"7822","HILIFADOLO","424"
"7823","HILIFADOLO","658"
"7824","HILIFAKHE","406"
"7825","HILIFALAGO RAYA","572"
"7826","HILIFALAGO","572"
"7827","HILIFALAWU","569"
"7828","HILIFALAWU","576"
"7829","HILIFAONDRATO","605"
"7830","HILIFAOSI","478"
"7831","HILIFAROKHA","574"
"7832","HILIFARONO","572"
"7833","HILIFONDEGE HILIZOROILAWA","577"
"7834","HILIGABUNGAN","439"
"7835","HILIGAFOA","424"
"7836","HILIGAFOA","644"
"7837","HILIGAMBUKHA","419"
"7838","HILIGANOITA","478"
"7839","HILIGANOWO SALO\O","572"
"7840","HILIGANOWO","572"
"7841","HILIGARA","643"
"7842","HILIGAWONI","413"
"7843","HILIGEHO SOGAWU","487"
"7844","HILIGEHO","572"
"7845","HILIGEO AFIA","466"
"7846","HILIGITO","574"
"7847","HILIGODU BOTOMUZOI","483"
"7848","HILIGODU OMBOLATA","643"
"7849","HILIGODU SOMOLO-MOLO","670"
"7850","HILIGODU TANOSEO","631"
"7851","HILIGODU ULU","370"
"7852","HILIGODU","414"
"7853","HILIGODU","466"
"7854","HILIGOGOWAYA MALIWA\A","374"
"7855","HILIGUMBU","424"
"7856","HILIHAMBAWA","437"
"7857","HILIHAO CUGALA","478"
"7858","HILIHORU","398"
"7859","HILIHORU","478"
"7860","HILIKANA","545"
"7861","HILIKARA MAHA","574"
"7862","HILIKARA","412"
"7863","HILIKARA","572"
"7864","HILILAORA","671"
"7865","HILILAWAE","374"
"7866","HILILAZA HILINAWALO MAZINO","577"
"7867","HILILAZA","572"
"7868","HILIMAE NAMOLO","576"
"7869","HILIMAERA","398"
"7870","HILIMAERA","406"
"7871","HILIMAGARI","575"
"7872","HILIMAGIAO","424"
"7873","HILIMANAWA","569"
"7874","HILIMASIO","487"
"7875","HILIMAUFA","655"
"7876","HILIMBANA","546"
"7877","HILIMBARUZO","573"
"7878","HILIMBARUZO","481"
"7879","HILIMBARUZO","655"
"7880","HILIMBAWO DESOLO","437"
"7881","HILIMBERUA","486"
"7882","HILIMBOE","596"
"7883","HILIMBOHO","596"
"7884","HILIMBOSI","554"
"7885","HILIMBOWO BOTOMUZOI","483"
"7886","HILIMBOWO IDANO TAE","439"
"7887","HILIMBOWO IDANOI","437"
"7888","HILIMBOWO KARE","534"
"7889","HILIMBOWO MAU","407"
"7890","HILIMBOWO OLORA","370"
"7891","HILIMBOWO SIWALAWA","412"
"7892","HILIMBOWO","398"
"7893","HILIMBOWO","424"
"7894","HILIMBOWO","481"
"7895","HILIMBOWO","485"
"7896","HILIMBOWO","644"
"7897","HILIMBUASI","407"
"7898","HILIMBUASI","485"
"7899","HILIMBULAWA","398"
"7900","HILIMEZAYA","424"
"7901","HILIMOASIO DUA","374"
"7902","HILIMOASIO","374"
"7903","HILIMONDREGERAYA","572"
"7904","HILINA A","534"
"7905","HILINA A","573"
"7906","HILINA A","371"
"7907","HILINAA TAFUO","374"
"7908","HILINAKHE","646"
"7909","HILINAMONIHA","575"
"7910","HILINAMOZAUA RAYA","572"
"7911","HILINAMOZAUA","572"
"7912","HILINAMOZIHONO MOALE","485"
"7913","HILINAMOZIHONO","485"
"7914","HILINAWALO BALAEKHA","419"
"7915","HILINAWALO MAZINO  /  MAZINGO","577"
"7916","HILINDRASO RAYA","575"
"7917","HILINDRASO","398"
"7918","HILINDRASONIHA","575"
"7919","HILINIFAESE","545"
"7920","HILINIFAOSO","397"
"7921","HILIOFONALUO","574"
"7922","HILIONAHA","572"
"7923","HILIONOZEGA","374"
"7924","HILIORAHUA TASUA","645"
"7925","HILIORAHUA","596"
"7926","HILIORO DUA TEBOLO","545"
"7927","HILIORO MAO","545"
"7928","HILIORU DUA","424"
"7929","HILIORU DUA","485"
"7930","HILIORU DUA","596"
"7931","HILIORUDUA","419"
"7932","HILIOTALUA","388"
"7933","HILIOTALUA","482"
"7934","HILISALAWA","574"
"7935","HILISALOO","554"
"7936","HILISALO\O","398"
"7937","HILISALO\O","439"
"7938","HILISANEKHEHOSI","572"
"7939","HILISANGAWOLA","611"
"7940","HILISANGOWOLA","605"
"7941","HILISAOOTONIHA","572"
"7942","HILISAO\OTO","671"
"7943","HILISATARO EHO SOFAYO","575"
"7944","HILISATARO GEWA","575"
"7945","HILISATARO NANDISA","575"
"7946","HILISATARO RAYA","575"
"7947","HILISATARO","575"
"7948","HILISAWATO","424"
"7949","HILISEBUA","388"
"7950","HILISERANGKAI","439"
"7951","HILISIBOHOU","596"
"7952","HILISIMAETANO","419"
"7953","HILISIMAETANO","576"
"7954","HILISONDREKHA","572"
"7955","HILISOROMI","575"
"7956","HILITATAO","424"
"7957","HILITOBARA SUSUA","596"
"7958","HILITOBARA","572"
"7959","HILITOESE","571"
"7960","HILIUSO","569"
"7961","HILIUSO","407"
"7962","HILIUSO","408"
"7963","HILIWAEBU","596"
"7964","HILIWAEBU","406"
"7965","HILIWAELE I","483"
"7966","HILIWAELE II","483"
"7967","HILIWALOO II","658"
"7968","HILIWALO\O I","632"
"7969","HILIWAROKHA","478"
"7970","HILIWATEMA","419"
"7971","HILIWETO GELA (SOMOLOMOLO)","644"
"7972","HILIWETO GIDO","388"
"7973","HILIWETO IDANOI","437"
"7974","HILIWETO","642"
"7975","HILIWOSI","397"
"7976","HILIZALO\OTANO LAOWO","577"
"7977","HILIZALO\OTANO LARONO","577"
"7978","HILIZALO\OTANO","577"
"7979","HILIZAMOROGOTANO","578"
"7980","HILIZAMURUGO","596"
"7981","HILIZANUWO","671"
"7982","HILIZIA LAURU","438"
"7983","HILIZIHONO","574"
"7984","HILIZOI","388"
"7985","HILIZOLIGA","569"
"7986","HILIZOMBOI","419"
"7987","HILIZOROILAWA","577"
"7988","HILIZUKHU","371"
"7989","HILI\ADULO","374"
"7990","HINAI KANAN","543"
"7991","HINAI KIRI","625"
"7992","HINAKO","486"
"7993","HINALANG (KINALANG)","673"
"7994","HINALANG BAGASAN","307"
"7995","HINAWALO FAU","574"
"7996","HITETANO (TITE TANO)","366"
"7997","HITEURAT","479"
"7998","HOLBUNG","618"
"7999","HOLI","371"
"8000","HOLI","644"
