"id","nama_desa","kecamatan_id"
"16001","MERLUNG (KELURAHAN)","1070"
"16002","MERSAM II (BELANTI JAYA)","1137"
"16003","MERSAM IV (BUKIT KEMUNING)","1137"
"16004","MERSAM","1137"
"16005","MERSIP","1141"
"16006","MINGKUNG JAY","1187"
"16007","MOENTI","1141"
"16008","MUAK","1146"
"16009","MUARA BANTAN","1073"
"16010","MUARA BUAT","1095"
"16011","MUARA BULIAN","1093"
"16012","MUARA DANAU","1131"
"16013","MUARA DANAU","1149"
"16014","MUARA DELANG","1160"
"16015","MUARA HEMAT","1120"
"16016","MUARA JANGGA","1098"
"16017","MUARA JAYA","1083"
"16018","MUARA JERNIH","1184"
"16019","MUARA KELUKUP","1171"
"16020","MUARA KETALO","1154"
"16021","MUARA KETALO","1143"
"16022","MUARA KIBUL","1081"
"16023","MUARA KILIS","1198"
"16024","MUARA KUAMANG","1113"
"16025","MUARA KUMPEH","1091"
"16026","MUARA LENGAYO","1171"
"16027","MUARA LIMUN","1141"
"16028","MUARA MADRAS (MANDERAS / MANDRAS)","1195"
"16029","MUARA MANSAO","1141"
"16030","MUARA NIRO","1096"
"16031","MUARA PANGI","1171"
"16032","MUARA PIJOAN (MUARO PIJOAN)","1169"
"16033","MUARA SABAK ILIR","1086"
"16034","MUARA SABAK ULU","1086"
"16035","MUARA SEBERANG","1179"
"16036","MUARA SEKALO","1170"
"16037","MUARA SEKETUK","1184"
"16038","MUARA SEMERAH MUDIK","1084"
"16039","MUARA SEMERAH","1084"
"16040","MUARA SIAU","1080"
"16041","MUARA SINGOAN","1093"
"16042","MUARA TABUN","1096"
"16043","MUARA TEBO","1068"
"16044","MUARA / MUARO BELENGO","1177"
"16045","MUARA / MUARO JAMBI","1108"
"16046","MUARA / MUARO TEBO PANDAK","1118"
"16047","MUARALATI","1114"
"16048","MUARO LANGEH","1081"
"16049","MUARO LULO","1146"
"16050","MUARO SEBAPO","1125"
"16051","MUARO / MUARA AIR DUA","1128"
"16052","MUARO / MUARA CUBAN","1128"
"16053","MUARO / MUARA PEMUAT","1128"
"16054","MUDO (DUSUN MUDO)","1172"
"16055","MUDO","1189"
"16056","MUDUNG DARAT","1108"
"16057","MUDUNG LAUT","1090"
"16058","MUHAJIRIN","1169"
"16059","MUKAI HILIR","1194"
"16060","MUKAI MUDIK","1194"
"16061","MUKAI PINTU","1194"
"16062","MUKAI SEBERANG","1194"
"16063","MUKAI TENGAH","1194"
"16064","MUKAI TINGGI","1194"
"16065","MULYA BAKTI","1109"
"16066","MULYA JAYA","1105"
"16067","MULYA JAYA","1109"
"16068","MUNTIALO","1161"
"16069","MURNI","1159"
"16070","NAGA SARI","1125"
"16071","NALO BARU (BARU NALO)","1094"
"16072","NALO GEDANG","1094"
"16073","NAPAL MELINTANG","1141"
"16074","NAPAL PUTIH","1153"
"16075","NAPAL SISIK","1093"
"16076","NGAOL ILIR","1081"
"16077","NGAOL","1081"
"16078","NIASO","1108"
"16079","NIBUNG PUTIH","1182"
"16080","NILO DINGIN","1171"
"16081","NIPAH PANJANG I","1162"
"16082","NIPAH PANJANG II","1162"
"16083","NYOGAN","1125"
"16084","OLAK BESAR","1098"
"16085","OLAK KEMANG","1199"
"16086","OLAK KEMANG","1132"
"16087","OLAK KEMANG","1112"
"16088","OLAK RAMBAHAN","1101"
"16089","OLAK","1093"
"16090","ORANG KAYO HITAM","1140"
"16091","PAAL LIMA","1104"
"16092","PAAL MERAH","1175"
"16093","PADANG JANTUNG","1085"
"16094","PADANG JERING","1128"
"16095","PADANG KELAPO","1132"
"16096","PADANG PALANGEH","1113"
"16097","PAGAR PUDING LAMO","1153"
"16098","PAGAR PUDING","1163"
"16099","PAHLAWAN BELUI","1117"
"16100","PAKU AJI","1098"
"16101","PAKU AJI","1176"
"16102","PAKUAN BARU","1175"
"16103","PALING SERUMPUN","1168"
"16104","PALIPAN","1138"
"16105","PAMENANG","1177"
"16106","PANCA BAKTI","1107"
"16107","PANCA KARYA","1141"
"16108","PANCA MULYA","1107"
"16109","PANCURAN BANGKO","1136"
"16110","PANCURAN TIGA","1136"
"16111","PANDAN JAYA","1191"
"16112","PANDAN LAGAN / LOGAN","1191"
"16113","PANDAN MAKMUR","1191"
"16114","PANDAN SEJAHTERA","1191"
"16115","PANGKAL BULIAN","1129"
"16116","PANGKAL DURI ILIR","1145"
"16117","PANGKALAN / PANGKAL DURI","1145"
"16118","PANIBAN BARU","1128"
"16119","PANJANG","1152"
"16120","PANTAI GADING","1147"
"16121","PANTI","1100"
"16122","PAPIT","1185"
"16123","PARIT BILAL","1186"
"16124","PARIT CULUM I","1182"
"16125","PARIT CULUM II","1182"
"16126","PARIT PUDIN","1186"
"16127","PARIT SIDANG","1186"
"16128","PARIT UJUNG TANJUNG","1073"
"16129","PARIT","1187"
"16130","PASAR ATAS BANGKO","1172"
"16131","PASAR BANGKO","1172"
"16132","PASAR BARU RANTAU","1134"
"16133","PASAR BARU","1093"
"16134","PASAR BARU","1087"
"16135","PASAR JAMBI","1140"
"16136","PASAR JUJUN","1136"
"16137","PASAR KERMAN","1146"
"16138","PASAR LUBUK LANDAI","1164"
"16139","PASAR MASURAI","1171"
"16140","PASAR MINGGU","1130"
"16141","PASAR MUARA SIAU","1080"
"16142","PASAR MUARA TEMBESI","1089"
"16143","PASAR PELAWAN","1131"
"16144","PASAR RANTAU EMBACANG","1164"
"16145","PASAR RANTAU PANJANG","1134"
"16146","PASAR SAROLANGUN","1100"
"16147","PASAR SEMERAP","1136"
"16148","PASAR SEMURUP","1084"
"16149","PASAR SENEN","1085"
"16150","PASAR SENIN","1186"
"16151","PASAR SINGKUT","1092"
"16152","PASAR SIULAK GEDANG","1085"
"16153","PASAR SORE SELEMAN","1072"
"16154","PASAR SUNGAI PENUH","1087"
"16155","PASAR SUNGAI TANDUK","1127"
"16156","PASAR TAMIAI","1120"
"16157","PASAR TERUSAN","1093"
"16158","PASEBAN","1110"
"16159","PASIR JAYA","1194"
"16160","PASIR MAYANG","1110"
"16161","PASIR PANJANG","1199"
"16162","PASIR PUTIH","1175"
"16163","PASIR PUTIH","1165"
"16164","PATOK EMPAT","1130"
"16165","PATUNAS","1181"
"16166","PAUH AGUNG","1118"
"16167","PAUH MENANG","1177"
"16168","PAUH TINGGI","1135"
"16169","PAUH","1129"
"16170","PAYO LEBAR","1167"
"16171","PAYO LEBAR","1092"
"16172","PAYO SELINCAH / SILINCAH","1148"
"16173","PEDUKUN","1152"
"16174","PEKAN GEDANG","1128"
"16175","PEKAN JUM\AT","1121"
"16176","PELABUHAN DAGANG","1103"
"16177","PELAK GEDANG","1085"
"16178","PELAKAR JAYA","1177"
"16179","PELANGKI","1188"
"16180","PELAWAN JAYA","1131"
"16181","PELAWAN","1131"
"16182","PELAYANG RAYA","1173"
"16183","PELAYANG","1200"
"16184","PELAYANG","1068"
"16185","PELAYANGAN","1089"
"16186","PELEMPANG","1125"
"16187","PELOMPEK PASAR BARU","1135"
"16188","PELOMPEK","1135"
"16189","PEMATANG BALAM","1151"
"16190","PEMATANG BULUH","1161"
"16191","PEMATANG GADUNG","1137"
"16192","PEMATANG GAJAH","1169"
"16193","PEMATANG JERING","1169"
"16194","PEMATANG KABAU","1156"
"16195","PEMATANG KANCIL","1177"
"16196","PEMATANG KANDIS","1172"
"16197","PEMATANG KOLIM / KULIM","1131"
"16198","PEMATANG LINGKUNG","1120"
"16199","PEMATANG LUMUT","1161"
"16200","PEMATANG MAYAN","1111"
"16201","PEMATANG PANJANG","1176"
"16202","PEMATANG PAUH","1126"
"16203","PEMATANG PAUH","1103"
"16204","PEMATANG PULAI / PULE","1139"
"16205","PEMATANG RAHIM","1158"
"16206","PEMATANG RAMAN","1144"
"16207","PEMATANG SAPAT","1201"
"16208","PEMATANG SULUR","1159"
"16209","PEMATANG TEMBESU","1103"
"16210","PEMAYUNGAN (PEMAYONGAN)","1170"
"16211","PEMBENGIS","1147"
"16212","PEMUNCAK (PEMANCAK)","1183"
"16213","PEMUNDURAN","1091"
"16214","PEMUNYIAN","1118"
"16215","PEMUSIRAN","1154"
"16216","PEMUSIRAN","1162"
"16217","PENAPALAN","1198"
"16218","PENARUN","1114"
"16219","PENAWAR TINGGI","1088"
"16220","PENDUNG HIANG","1116"
"16221","PENDUNG HILIR","1084"
"16222","PENDUNG HILIR","1088"
"16223","PENDUNG MUDIK","1084"
"16224","PENDUNG TALANG GENTING","1072"
"16225","PENDUNG TENGAH","1084"
"16226","PENDUNG TENGAH","1088"
"16227","PENEGAH","1131"
"16228","PENEROKAN","1106"
"16229","PENGASI BARU","1146"
"16230","PENGASI LAMA","1146"
"16231","PENGIDARAN (PANGIDARAN)","1129"
"16232","PENINJAU","1200"
"16233","PENINJAUAN","1132"
"16234","PENYABUNGAN","1070"
"16235","PENYENGAT OLAK","1169"
"16236","PENYENGAT RENDAH","1159"
"16237","PERADUN TEMERAS","1080"
"16238","PERDAMAIAN","1092"
"16239","PERENTI LUEH / LUWEH","1152"
"16240","PERIKAN TENGAH","1082"
"16241","PERINTIS","1201"
"16242","PERMAI BARU","1136"
"16243","PERMAI INDAH","1122"
"16244","PERMANTI","1097"
"16245","PESISIR BUKIT","1135"
"16246","PETAJEN (PETAJIN)","1106"
"16247","PETALING JAYA","1187"
"16248","PETANANG","1144"
"16249","PETIDURAN BARU","1154"
"16250","PIDUNG","1136"
"16251","PIJOAN","1169"
"16252","PINANG BELAI / BALAI","1153"
"16253","PINANG GADING","1070"
"16254","PINANG MERAH","1185"
"16255","PINANG TINGGI","1105"
"16256","PINGGIR AIR","1083"
"16257","PINTAS TUO","1112"
"16258","PLAK NANEH","1085"
"16259","POMPA AIR","1106"
"16260","PONDOK AGUNG","1097"
"16261","PONDOK BERINGIN","1088"
"16262","PONDOK MEJA","1125"
"16263","PONDOK SIGUANG","1136"
"16264","PONDOK SUNGAI ABU","1078"
"16265","PONDOK TINGGI","1097"
"16266","PONDOK","1146"
"16267","PUCUK JAMBI","1096"
"16268","PUDAK","1091"
"16269","PUDING","1144"
"16270","PUGU","1075"
"16271","PULAU ARO","1131"
"16272","PULAU ARO","1184"
"16273","PULAU BARU","1188"
"16274","PULAU BATU","1099"
"16275","PULAU BAYUR","1202"
"16276","PULAU BETUNG","1101"
"16277","PULAU BUAYO","1114"
"16278","PULAU JELMU","1115"
"16279","PULAU JELMU","1163"
"16280","PULAU KAYU ARO","1139"
"16281","PULAU KERAKAP","1200"
"16282","PULAU LAYANG","1188"
"16283","PULAU LEBAR","1081"
"16284","PULAU LINTANG","1114"
"16285","PULAU MELAKO / MALAKO","1114"
"16286","PULAU MENTARO","1144"
"16287","PULAU PANDAN","1141"
"16288","PULAU PANJANG","1163"
"16289","PULAU PAUH","1149"
"16290","PULAU PEKAN","1203"
"16291","PULAU RAMAN","1080"
"16292","PULAU RAMAN","1101"
"16293","PULAU RENGAS ULU","1133"
"16294","PULAU RENGAS","1133"
"16295","PULAU SALAK BARU","1128"
"16296","PULAU TEMIANG","1163"
"16297","PULAU TENGAH","1195"
"16298","PULAU TERBAKAR","1081"
"16299","PULAU","1089"
"16300","PULAUPANDAN","1146"
"16301","PULAUSANGKAR","1146"
"16302","PULAUTENGAH","1136"
"16303","PULAUTUJUH","1185"
"16304","PULUNG REJO","1178"
"16305","PUNAI MERINDU","1136"
"16306","PUNGUT HILIR","1078"
"16307","PUNGUT MUDIK","1078"
"16308","PUNGUT TENGAH","1078"
"16309","PUNTIKALO","1170"
"16310","PURWASARI","1113"
"16311","PURWO BAKTI","1077"
"16312","PURWO HARJO","1201"
"16313","PURWODADI","1069"
"16314","RADEN ANOM","1128"
"16315","RAJAWALI","1148"
"16316","RAMBAH","1152"
"16317","RAMBAHAN (PELAYANGAN RAMBAHAN)","1093"
"16318","RAMBUTAN MASAM","1089"
"16319","RAMIN","1091"
"16320","RANCAN","1171"
"16321","RANGGO","1141"
"16322","RANGKILING SIMPANG","1154"
"16323","RANGKILING","1154"
"16324","RANO","1182"
"16325","RANTAU ALAI","1188"
"16326","RANTAU API","1198"
"16327","RANTAU BADAK LAMO","1151"
"16328","RANTAU BADAK","1151"
"16329","RANTAU BAYUR","1080"
"16330","RANTAU BENAR","1149"
"16331","RANTAU BIDARO (RANTAI BEDARO)","1080"
"16332","RANTAU DUKU","1196"
"16333","RANTAU EMBACANG","1176"
"16334","RANTAU GEDANG","1114"
"16335","RANTAU GEDANG","1137"
"16336","RANTAU IKIL","1115"
"16337","RANTAU INDAH","1166"
"16338","RANTAU JAYA","1111"
"16339","RANTAU JERING","1171"
"16340","RANTAU KAPAS MUDO","1089"
"16341","RANTAU KAPAS TUO","1089"
"16342","RANTAU KARYA","1191"
"16343","RANTAU KELOYANG","1109"
"16344","RANTAU KEMBANG","1178"
"16345","RANTAU KERMAS","1195"
"16346","RANTAU LANGKAP","1163"
"16347","RANTAU LIMAU KAPAS","1124"
"16348","RANTAU LIMAU MANIS","1074"
"16349","RANTAU MACANG","1080"
"16350","RANTAU MAJO","1139"
"16351","RANTAU MAKMUR","1204"
"16352","RANTAU MAKMUR","1176"
"16353","RANTAU NGARAU  /  NGARO","1184"
"16354","RANTAU PANDAN","1196"
"16355","RANTAU PANJANG","1128"
"16356","RANTAU PANJANG","1115"
"16357","RANTAU PANJANG","1144"
"16358","RANTAU PANJANG","1080"
"16359","RANTAU PURI","1093"
"16360","RANTAU RASAU I","1111"
"16361","RANTAU RASAU II","1111"
"16362","RANTAU RASAU","1204"
"16363","RANTAU SULI","1126"
"16364","RANTAU TENANG (RANTANU TENANG)","1131"
"16365","RANTAU TIPU","1118"
"16366","RANTEL","1109"
"16367","RASAU","1150"
"16368","RAWA JAYA","1160"
"16369","RAWA MEDANG","1174"
"16370","RAWA SARI","1104"
"16371","RAWANG KEMPAS","1174"
"16372","RAWASARI","1204"
"16373","REJO SARI","1074"
"16374","REJOSARI","1177"
"16375","REMAU BAKU TUO","1079"
"16376","RENAH ALAI","1195"
"16377","RENAH JELMU","1152"
"16378","RENAH KASAK","1127"
"16379","RENAH KAYU EMBUN","1083"
"16380","RENAH KEMUMU","1195"
"16381","RENAH MEDAN","1073"
"16382","RENAH PELAAN","1195"
"16383","RENAH SUNGAI BESAR","1118"
"16384","RENAH SUNGAI IPUH","1118"
"16385","RENGAS BANDUNG","1169"
"16386","RENGAS CONDONG","1093"
"16387","RENGAS SEMBILAN","1132"
"16388","RIMBO MULYO","1201"
"16389","RONDANG","1144"
"16390","RUKAM","1189"
"16391","SAKEAN","1091"
"16392","SAKO DUO / DUA","1130"
"16393","SAKO MAKMUR","1153"
"16394","SALAM BUKU","1188"
"16395","SANDARAN GALEH","1083"
"16396","SANGGARAN AGUNG","1072"
"16397","SANGIR TENGAH","1127"
"16398","SANGIR","1127"
"16399","SAPTA MULYO / MULIA","1201"
"16400","SARANA JAYA","1077"
"16401","SARANG BURUNG","1169"
"16402","SARI MULYA","1099"
"16403","SARI MULYO / MULYA","1178"
"16404","SARINGAT / SERINGAT","1138"
"16405","SAROLANGUN KEMBANG","1100"
"16406","SAWAKAN JAYA","1084"
"16407","SAWAKAN KOTO MAJIDIN","1084"
"16408","SEBAPO","1125"
"16409","SEBERANG JAYA","1200"
"16410","SEBERANG MERANGIN","1120"
"16411","SEBERANG","1193"
"16412","SEBUKAR","1088"
"16413","SEI KANCING (SEKANCING)","1124"
"16414","SEI / SUNGAI BAUNG","1100"
"16415","SEI / SUNGAI BENGKAL BARAT","1143"
"16416","SEI / SUNGAI BENGKAL","1143"
"16417","SEI / SUNGAI ROTAN","1149"
"16418","SEI / SUNGAI SERINDIT","1186"
"16419","SEKAMIS","1183"
"16420","SEKAMPIL","1109"
"16421","SEKANCING ILIR","1124"
"16422","SEKAR MENGKUANG","1118"
"16423","SEKERNAN","1139"
"16424","SEKO BESAR","1129"
"16425","SEKUMBUNG","1189"
"16426","SEKUNGKUNG","1117"
"16427","SEKUTUR JAYA","1153"
"16428","SELAMAT","1159"
"16429","SELAMPAUNG","1082"
"16430","SELANGO","1202"
"16431","SELAT","1101"
"16432","SELEMAN","1072"
"16433","SELING","1134"
"16434","SEMABU","1068"
"16435","SEMARAN","1129"
"16436","SEMAU","1147"
"16437","SEMBILAN","1116"
"16438","SEMBUBUK","1169"
"16439","SEMERAH","1088"
"16440","SEMERAP","1136"
"16441","SEMUMU","1117"
"16442","SEMURUNG","1156"
"16443","SENAMAT ULU","1095"
"16444","SENAMAT","1109"
"16445","SENANING","1101"
"16446","SENAUNG","1169"
"16447","SENDANG SARI","1092"
"16448","SENGETI","1139"
"16449","SENGKATI BARU","1137"
"16450","SENGKATI GEDANG","1137"
"16451","SENGKATI KECIL","1137"
"16452","SENIMPIK","1194"
"16453","SENYERANG","1190"
"16454","SEPAKAT BERSATU","1178"
"16455","SEPANTAI RENAH","1080"
"16456","SEPINTUN","1129"
"16457","SEPONJEN","1144"
"16458","SEPUNGGUR","1102"
"16459","SERASAH","1101"
"16460","SERDANG JAYA","1161"
"16461","SERUMPUN PAUH","1136"
"16462","SETIRIS","1108"
"16463","SIALANG","1177"
"16464","SIAU DALAM","1086"
"16465","SIDO HARJO","1192"
"16466","SIDO LEGO","1192"
"16467","SIDO MAKMUR","1192"
"16468","SIDO MUKTI","1166"
"16469","SIDO MUKTI","1187"
"16470","SIDO REJO","1178"
"16471","SIDO RUKUN","1197"
"16472","SIDO RUKUN","1205"
"16473","SIJENJANG (SIJINJANG)","1148"
"16474","SILIWANGI","1092"
"16475","SIMBUR NAIK","1086"
"16476","SIMPANG BABEKO","1102"
"16477","SIMPANG BELUI","1117"
"16478","SIMPANG DATUK","1162"
"16479","SIMPANG EMPAT SIPIN","1159"
"16480","SIMPANG EMPAT SUNGAI TUTUNG","1078"
"16481","SIMPANG EMPAT","1072"
"16482","SIMPANG GURUN TUO","1154"
"16483","SIMPANG JELITA","1162"
"16484","SIMPANG JELUTIH","1098"
"16485","SIMPANG KARMEO","1098"
"16486","SIMPANG KERTOPATI","1154"
"16487","SIMPANG KUBU KANDANG","1101"
"16488","SIMPANG LIMBUR MERANGIN","1185"
"16489","SIMPANG LIMO","1169"
"16490","SIMPANG MUARO PANCO TIMUR","1073"
"16491","SIMPANG NARSO","1128"
"16492","SIMPANG NIBUNG","1092"
"16493","SIMPANG PARIT","1073"
"16494","SIMPANG RANTAU GEDANG","1137"
"16495","SIMPANG SUNGAI RENGAS","1132"
"16496","SIMPANG SUNGAI / SEI DUREN","1169"
"16497","SIMPANG TALANG TEMBAGO","1126"
"16498","SIMPANG TERUSAN","1093"
"16499","SIMPANG TIGA MUARA PANCO","1073"
"16500","SIMPANG TIGA RAWANG","1168"
"16501","SIMPANG TIGA SIPIN","1104"
"16502","SIMPANG TUAN","1158"
"16503","SIMPANG TUTUP","1076"
"16504","SIMPANG","1204"
"16505","SINAR GADING","1160"
"16506","SINAR KALIMANTAN","1145"
"16507","SINAR WAJO","1158"
"16508","SINGKAWANG","1093"
"16509","SIPIN TELUK DUREN","1091"
"16510","SIRIH SEKAPUR PERKEMBANGAN","1115"
"16511","SIRIH SEKAPUR","1115"
"16512","SIULAK DERAS MUDIK","1076"
"16513","SIULAK DERAS","1076"
"16514","SIULAK GEDANG","1085"
"16515","SIULAK KECIL HILIR","1085"
"16516","SIULAK KECIL MUDIK","1085"
"16517","SIULAK PANJANG","1085"
"16518","SIULAK TENANG","1076"
"16519","SOGO","1144"
"16520","SOLOK SIPIN","1159"
"16521","SOLOK","1091"
"16522","SRI AGUNG","1174"
"16523","SRI SEMBILAN","1157"
"16524","SRIDADI","1093"
"16525","SRIWIJAYA","1181"
"16526","SUAK LABU","1142"
"16527","SUAK PUTAT","1139"
"16528","SUAK SAMIN","1186"
"16529","SUBAN","1174"
"16530","SUKA DAMAI","1141"
"16531","SUKA DAMAI","1125"
"16532","SUKA DAMAI","1205"
"16533","SUKA JAYA","1121"
"16534","SUKA KARYA","1104"
"16535","SUKA MAJU","1191"
"16536","SUKA MAJU","1154"
"16537","SUKA MAJU","1125"
"16538","SUKA MAJU","1205"
"16539","SUKA MAKMUR","1102"
"16540","SUKA MAKMUR","1107"
"16541","SUKADAMAI","1069"
"16542","SUKAJADI","1114"
"16543","SUKARAMAI","1089"
"16544","SUKASARI","1100"
"16545","SUKO AWIN JAYA","1139"
"16546","SUKO PANGKAT","1076"
"16547","SUKO REJO","1197"
"16548","SULAN JANA","1148"
"16549","SUMBER AGUNG","1197"
"16550","SUMBER AGUNG","1178"
"16551","SUMBER AGUNG","1187"
"16552","SUMBER HARAPAN","1113"
"16553","SUMBER JAYA","1105"
"16554","SUMBER MULYA","1105"
"16555","SUMBER MULYA","1113"
"16556","SUMBER SARI","1205"
"16557","SUMUR ANYIR","1173"
"16558","SUMUR GEDANG","1193"
"16559","SUMUR JAUH","1136"
"16560","SUNGAI ABANG","1100"
"16561","SUNGAI ABANG","1096"
"16562","SUNGAI ABU","1078"
"16563","SUNGAI ALAI","1068"
"16564","SUNGAI ARANG","1203"
"16565","SUNGAI ARO","1143"
"16566","SUNGAI ASAM","1130"
"16567","SUNGAI ASAM","1140"
"16568","SUNGAI AUR","1144"
"16569","SUNGAI BADAR","1174"
"16570","SUNGAI BATU GANTIH HILIR","1076"
"16571","SUNGAI BATU GANTIH","1076"
"16572","SUNGAI BAUNG","1128"
"16573","SUNGAI BAUNG","1093"
"16574","SUNGAI BAUNG","1186"
"16575","SUNGAI BEMBAN","1128"
"16576","SUNGAI BENDUNG AIR","1127"
"16577","SUNGAI BENTENG","1092"
"16578","SUNGAI BENUH","1079"
"16579","SUNGAI BERAS","1158"
"16580","SUNGAI BERINGIN","1109"
"16581","SUNGAI BERTAM","1169"
"16582","SUNGAI BETUNG HILIR","1076"
"16583","SUNGAI BETUNG MUDIK","1076"
"16584","SUNGAI BINJAI","1077"
"16585","SUNGAI BULIAN","1157"
"16586","SUNGAI BULUH","1093"
"16587","SUNGAI BULUH","1165"
"16588","SUNGAI BUNGUR","1144"
"16589","SUNGAI BUTANG","1154"
"16590","SUNGAI CEMARA","1079"
"16591","SUNGAI DALAM","1127"
"16592","SUNGAI DAYO","1105"
"16593","SUNGAI DERAS","1078"
"16594","SUNGAI DUALAP","1142"
"16595","SUNGAI DUNGUN","1142"
"16596","SUNGAI DUREN","1169"
"16597","SUNGAI DUSUN","1111"
"16598","SUNGAI GAMBIR","1164"
"16599","SUNGAI GEBAR BARAT","1142"
"16600","SUNGAI GEBAR","1142"
"16601","SUNGAI GEDANG","1092"
"16602","SUNGAI GELAM","1187"
"16603","SUNGAI GELAMPEH","1076"
"16604","SUNGAI GURUN","1109"
"16605","SUNGAI HANGAT","1082"
"16606","SUNGAI HITAM","1195"
"16607","SUNGAI ITIK","1079"
"16608","SUNGAI JAMBAT","1079"
"16609","SUNGAI JAMBU","1130"
"16610","SUNGAI JERING","1119"
"16611","SUNGAI JERING","1186"
"16612","SUNGAI JERNIH","1135"
"16613","SUNGAI JERNIH","1112"
"16614","SUNGAI JERNIH","1097"
"16615","SUNGAI JERUK","1162"
"16616","SUNGAI KAPAS","1172"
"16617","SUNGAI KARANG","1110"
"16618","SUNGAI KAYU ARO","1190"
"16619","SUNGAI KEPAYANG","1190"
"16620","SUNGAI KERADAK","1128"
"16621","SUNGAI KERING","1130"
"16622","SUNGAI KERJAN","1203"
"16623","SUNGAI KERUH","1068"
"16624","SUNGAI KUNING","1194"
"16625","SUNGAI LALANG","1171"
"16626","SUNGAI LANDAI","1125"
"16627","SUNGAI LANDAK","1190"
"16628","SUNGAI LANGKAP","1194"
"16629","SUNGAI LEBUH","1085"
"16630","SUNGAI LILIN","1176"
"16631","SUNGAI LIMAU","1157"
"16632","SUNGAI LINGKAR","1132"
"16633","SUNGAI LINTANG","1130"
"16634","SUNGAI LISAI","1195"
"16635","SUNGAI LIUK","1193"
"16636","SUNGAI LOKAN","1079"
"16637","SUNGAI MANAU","1138"
"16638","SUNGAI MANCUR","1176"
"16639","SUNGAI MEDANG","1078"
"16640","SUNGAI MENGKUANG","1165"
"16641","SUNGAI MERAH","1131"
"16642","SUNGAI MULUK","1151"
"16643","SUNGAI NILAU","1138"
"16644","SUNGAI NING","1173"
"16645","SUNGAI PAMPANG","1186"
"16646","SUNGAI PANDAN","1205"
"16647","SUNGAI PAPAUH","1151"
"16648","SUNGAI PAU","1149"
"16649","SUNGAI PEGEH","1085"
"16650","SUNGAI PENOBAN","1174"
"16651","SUNGAI PENUH","1087"
"16652","SUNGAI PINANG","1203"
"16653","SUNGAI PUAR","1137"
"16654","SUNGAI PULAU / PULAI","1089"
"16655","SUNGAI PURI","1176"
"16656","SUNGAI PUTIH","1133"
"16657","SUNGAI PUTRI","1159"
"16658","SUNGAI RAMBAI","1190"
"16659","SUNGAI RAMBAI","1163"
"16660","SUNGAI RAMBUT","1204"
"16661","SUNGAI RAYA","1162"
"16662","SUNGAI RAYA","1186"
"16663","SUNGAI RENAH","1130"
"16664","SUNGAI RUAN ILIR","1132"
"16665","SUNGAI RUAN ULU","1132"
"16666","SUNGAI RUMPUN","1135"
"16667","SUNGAI SAHUT","1160"
"16668","SUNGAI SAMPUN","1127"
"16669","SUNGAI SAYANG","1079"
"16670","SUNGAI SIKAI","1135"
"16671","SUNGAI TABIR","1081"
"16672","SUNGAI TANDUK","1127"
"16673","SUNGAI TAWAR","1145"
"16674","SUNGAI TELANG","1095"
"16675","SUNGAI TEMBANG","1176"
"16676","SUNGAI TERA","1161"
"16677","SUNGAI TERAP","1091"
"16678","SUNGAI TERING","1162"
"16679","SUNGAI TOMAN","1158"
"16680","SUNGAI TUTUNG","1078"
"16681","SUNGAI UDANG","1177"
"16682","SUNGAI ULAK","1094"
"16683","SUNGAI ULAR","1086"
"16684","SUNGAI ULAS","1080"
"16685","SUNGAI / SEI PINANG","1138"
"16686","SUNGAIKERAMAT","1183"
"16687","SUNGAIKERUH","1069"
"16688","SUNGAINIBUNG","1181"
"16689","SUNGAIROTAN","1154"
"16690","SUNGKAI","1106"
"16691","SUNGSANG","1190"
"16692","SUO SUO","1170"
"16693","TABUN","1096"
"16694","TAHTUL YAMAN","1090"
"16695","TALAGO PULAU TENGAH","1136"
"16696","TALANG ASAL","1171"
"16697","TALANG BABAT","1182"
"16698","TALANG BAKUNG","1175"
"16699","TALANG BANJAR","1148"
"16700","TALANG BELIDO","1187"
"16701","TALANG BUKIT","1105"
"16702","TALANG DATAR","1105"
"16703","TALANG DUKU","1189"
"16704","TALANG JAUH","1167"
"16705","TALANG KEMULUN","1072"
"16706","TALANG KEMUNING","1146"
"16707","TALANG KERINCI","1187"
"16708","TALANG LINDUNG","1136"
"16709","TALANG LINDUNG","1173"
"16710","TALANG MAKMUR","1069"
"16711","TALANG PANTAI","1203"
"16712","TALANG PARUH","1171"
"16713","TALANG PEMESUN (PAMESUN)","1115"
"16714","TALANG SEGEGAH","1073"
"16715","TALANG SERDANG","1154"
"16716","TALANG SILUNGKO","1200"
"16717","TALANG SUNGAI BUNGO","1196"
"16718","TALANG TEMBAGO","1126"
"16719","TALANG TINGGI","1194"
"16720","TAMAN BANDUNG","1129"
"16721","TAMAN DEWA (DESA TAMAN DEWA)","1154"
"16722","TAMAN JERNIH SUNGAITUTUNG","1078"
"16723","TAMAN RAJA","1103"
"16724","TAMBAK RATU","1128"
"16725","TAMBAK SARI","1175"
"16726","TAMBAK TINGGI","1117"
"16727","TAMBANG BARU","1192"
"16728","TAMBANG BESI","1188"
"16729","TAMBANG EMAS","1202"
"16730","TAMBANG NIBUNG","1188"
"16731","TAMBANG TINGGI","1183"
"16732","TAMBUN ARANG","1112"
"16733","TAMBUN ARANG","1170"
"16734","TAMIAI","1120"
"16735","TANAH ABANG","1177"
"16736","TANAH BEKALI","1164"
"16737","TANAH GARO","1112"
"16738","TANAH PERIUK","1176"
"16739","TANAH TUMBUH","1149"
"16740","TANAH TUMBUH","1152"
"16741","TANGKIL","1135"
"16742","TANGKIT BARU","1187"
"16743","TANGKIT","1187"
"16744","TANJUNG AGUNG","1121"
"16745","TANJUNG ALAM","1126"
"16746","TANJUNG AUR SEBERANG","1153"
"16747","TANJUNG AUR","1163"
"16748","TANJUNG BARU","1071"
"16749","TANJUNG BATU","1136"
"16750","TANJUNG BELIT","1115"
"16751","TANJUNG BENANAK","1070"
"16752","TANJUNG BENUANG","1202"
"16753","TANJUNG BERINGIN","1081"
"16754","TANJUNG BERUANG","1126"
"16755","TANJUNG BERUGO","1171"
"16756","TANJUNG BOJO","1174"
"16757","TANJUNG BUNGA / BUNGO","1116"
"16758","TANJUNG BUNGO","1127"
"16759","TANJUNG BUNGO","1118"
"16760","TANJUNG DALAM","1171"
"16761","TANJUNG GAGAK","1114"
"16762","TANJUNG GEDANG","1177"
"16763","TANJUNG GEDANG","1123"
"16764","TANJUNG GENTING","1076"
"16765","TANJUNG HARAPAN","1107"
"16766","TANJUNG ILIR","1134"
"16767","TANJUNG JOHOR","1090"
"16768","TANJUNG KARANG","1116"
"16769","TANJUNG KASRI","1195"
"16770","TANJUNG KATUNG","1108"
"16771","TANJUNG LAMIN","1185"
"16772","TANJUNG LANJUT","1139"
"16773","TANJUNG LEBAR","1071"
"16774","TANJUNG MAKMUR","1070"
"16775","TANJUNG MARWO","1089"
"16776","TANJUNG MENANTI","1102"
"16777","TANJUNG MUDA / MUDO","1168"
"16778","TANJUNG MUDO","1119"
"16779","TANJUNG MUDO","1088"
"16780","TANJUNG MUDO","1126"
"16781","TANJUNG PAKU","1070"
"16782","TANJUNG PASIR","1199"
"16783","TANJUNG PASIR","1142"
"16784","TANJUNG PAUH HILIR","1136"
"16785","TANJUNG PAUH KM. 39","1125"
"16786","TANJUNG PAUH MUDIK","1136"
"16787","TANJUNG PAUH","1125"
"16788","TANJUNG PINANG","1148"
"16789","TANJUNG PUTUS","1081"
"16790","TANJUNG RADEN","1199"
"16791","TANJUNG RADEN","1141"
"16792","TANJUNG REJO","1197"
"16793","TANJUNG SARI","1071"
"16794","TANJUNG SARI","1148"
"16795","TANJUNG SENJULANG","1147"
"16796","TANJUNG SOLOK","1180"
"16797","TANJUNG SYAM","1146"
"16798","TANJUNG TANAH","1072"
"16799","TANJUNG TAYAS","1103"
"16800","TANJUNG","1114"
"16801","TANJUNG","1168"
"16802","TANJUNG","1144"
"16803","TANJUNG","1164"
"16804","TANJUNGGENTING MUDIK","1076"
"16805","TANJUNGHARAPAN","1072"
"16806","TANJUNGMULYA (TANJUNG MULIA)","1071"
"16807","TANJUNGPAUH TALANG PELITA","1125"
"16808","TANTAN","1139"
"16809","TAPAH / TAPAK SARI","1137"
"16810","TARIKAN","1091"
"16811","TARUTUNG","1120"
"16812","TEBAT IJUK DILI","1117"
"16813","TEBAT PATAH","1189"
"16814","TEBAT","1121"
"16815","TEBAT / TEBAK IJUK","1117"
"16816","TEBING TINGGI ULEH","1152"
"16817","TEBING TINGGI","1072"
"16818","TEBING TINGGI","1132"
"16819","TEBING TINGGI","1121"
"16820","TEBING TINGGI","1101"
"16821","TEBING TINGGI","1194"
"16822","TEBING TINGGI","1176"
"16823","TEBING TINGGI","1069"
"16824","TEBING TINGGI","1068"
"16825","TEBO JAYA","1118"
"16826","TEGAL ARUM","1201"
"16827","TEGAL REJO","1197"
"16828","TELAGA LIMA (TELAGO LIMO)","1204"
"16829","TELAGO BIRU","1085"
"16830","TELANAIPURA","1159"
"16831","TELENTAM","1081"
"16832","TELENTAM","1164"
"16833","TELUK DAWAN","1182"
"16834","TELUK JAMBU","1189"
"16835","TELUK KASAI RAMBAHAN","1163"
"16836","TELUK KAYU PUTIH","1096"
"16837","TELUK KECIMBUNG (SIKUMBANG)","1114"
"16838","TELUK KECIMBUNG","1152"
"16839","TELUK KEMBANG JAMBU","1163"
"16840","TELUK KENALI","1159"
"16841","TELUK KEPAYANG PULAU INDAH","1110"
"16842","TELUK KETAPANG","1101"
"16843","TELUK KETAPANG","1190"
"16844","TELUK KIJING","1162"
"16845","TELUK KUALI","1163"
"16846","TELUK LANCANG","1096"
"16847","TELUK LANGKAP","1170"
"16848","TELUK LEBAN","1132"
"16849","TELUK MAJELIS","1180"
"16850","TELUK MANCUR","1114"
"16851","TELUK MELINTANG","1137"
"16852","TELUK MELINTANG","1153"
"16853","TELUK NILAU","1186"
"16854","TELUK PANDAK","1164"
"16855","TELUK PANDAK","1068"
"16856","TELUK PANDAN RAMBAHAN","1163"
"16857","TELUK PANJANG","1077"
"16858","TELUK PULAI RAYA","1179"
"16859","TELUK RAYA","1091"
"16860","TELUK RENDAH ILIR","1143"
"16861","TELUK RENDAH PASAR","1143"
"16862","TELUK RENDAH ULU","1143"
"16863","TELUK RENDAH","1183"
"16864","TELUK SIALANG","1181"
"16865","TELUK SIKUMBANG","1080"
"16866","TELUK SINGKAWANG","1170"
"16867","TELUK TIGO","1183"
"16868","TELUK","1101"
"16869","TELUKKULBI","1161"
"16870","TELUKPENGKAH","1069"
"16871","TELUN BERASAP","1135"
"16872","TELUN","1094"
"16873","TEMALANG","1141"
"16874","TEMENGGUNG","1141"
"16875","TEMPINO","1125"
"16876","TENAM","1093"
"16877","TENAM","1164"
"16878","TENDAH","1183"
"16879","TENGAH ULU","1068"
"16880","TENGAH","1090"
"16881","TEPIAN DANTO","1099"
"16882","TERATAI","1093"
"16883","TERENTANG BARU","1098"
"16884","TERITI","1170"
"16885","TERJUN GAJAH","1161"
"16886","TERUSAN","1155"
"16887","THE HOK","1175"
"16888","TIANG PUMPUNG","1124"
"16889","TIANGKO","1138"
"16890","TIARO","1080"
"16891","TIDAR KURANJI","1155"
"16892","TIGA / TIGO ALUR PANGKALAN JAMBU","1119"
"16893","TIMBOLASI","1095"
"16894","TINGTING","1100"
"16895","TIRTA MULYA","1113"
"16896","TIRTAKENCANA","1201"
"16897","TITIAN TERAS","1188"
"16898","TRI MULYA / MULYO","1111"
"16899","TRIJAYA","1071"
"16900","TRIMULYA JAYA","1187"
"16901","TUNAS BARU","1139"
"16902","TUNAS MUDO","1139"
"16903","TUNGGUL BULIN","1074"
"16904","TUNGKAL EMPAT (IV) DESA","1179"
"16905","TUNGKAL EMPAT KOTA","1181"
"16906","TUNGKAL HARAPAN","1181"
"16907","TUNGKAL I","1181"
"16908","TUNGKAL II","1181"
"16909","TUNGKAL III","1181"
"16910","TUNGKAL LIMA (V)","1179"
"16911","TUO (DUSUN TUO)","1171"
"16912","TUO LIMBUR","1118"
"16913","TUO LUBUK MENGKUANG","1118"
"16914","TUO SEPUNGGUR","1102"
"16915","TUO SUMAY","1170"
"16916","TURE","1101"
"16917","TUTUNG BUNGKUK","1085"
"16918","UJUNG LADANG","1076"
"16919","UJUNG PASIR","1072"
"16920","UJUNG TANJUNG","1071"
"16921","UJUNG TANJUNG","1115"
"16922","UJUNG TANJUNG","1100"
"16923","ULAK BANJIR RAMBAHAN","1163"
"16924","ULAK MAKAM","1074"
"16925","ULU AIR","1083"
"16926","ULU GEDONG","1199"
"16927","WANAREJA","1205"
"16928","WIJAYA PURA","1175"
"16929","WIRTHO / WIROTHO AGUNG","1201"
"16930","1 ILIR","1206"
"16931","1 ULU","1207"
"16932","10 ILIR","1206"
"16933","11 ILIR","1206"
"16934","11 ULU","1208"
"16935","12 ULU","1208"
"16936","13 ILIR","1209"
"16937","13 ULU","1208"
"16938","14 ILIR","1209"
"16939","14 ULU","1208"
"16940","15 ILIR","1209"
"16941","15 ULU","1207"
"16942","16 ILIR","1209"
"16943","16 ULU","1208"
"16944","17 ILIR","1209"
"16945","18 ILIR","1209"
"16946","19 ILIR","1210"
"16947","2 ILIR","1206"
"16948","2 ULU","1207"
"16949","20 ILIR I","1209"
"16950","20 ILIR II","1211"
"16951","20 ILIR III","1209"
"16952","20 ILIR IV","1209"
"16953","22 ILIR","1210"
"16954","23 ILIR","1210"
"16955","24 ILIR","1210"
"16956","26 ILIR D. I","1212"
"16957","26 ILIR","1210"
"16958","27 ILIR","1213"
"16959","28 ILIR","1213"
"16960","29 ILIR","1213"
"16961","3 ILIR","1206"
"16962","3-4 ULU","1207"
"16963","30 ILIR","1213"
"16964","32 ILIR","1213"
"16965","35 ILIR","1213"
"16966","36 ILIR","1214"
"16967","5 ILIR","1206"
"16968","5 ULU","1207"
"16969","7 ULU","1207"
"16970","8 ILIR","1206"
"16971","8 ULU","1207"
"16972","9 ILIR","1206"
"16973","9 / 10 ULU","1207"
"16974","ACEH","1215"
"16975","ADU MANIS","1216"
"16976","AGUNG JATI","1217"
"16977","AGUNG JAYA","1218"
"16978","AGUNG LAWANGAN","1219"
"16979","AIR ALUN","1220"
"16980","AIR BALUI","1221"
"16981","AIR BARU","1222"
"16982","AIR BARU","1223"
"16983","AIR BATU","1224"
"16984","AIR BELITI","1225"
"16985","AIR BENING","1226"
"16986","AIR CEKDAM","1227"
"16987","AIR DINGIN BARU","1228"
"16988","AIR DINGIN LAMA","1228"
"16989","AIR ENAU","1227"
"16990","AIR GADING","1229"
"16991","AIR GADING","1230"
"16992","AIR ITAM BARAT","1231"
"16993","AIR ITAM TIMUR","1231"
"16994","AIR ITAM","1232"
"16995","AIR ITAM","1221"
"16996","AIR KANDIS","1233"
"16997","AIR KATI","1234"
"16998","AIR KELIAN","1235"
"16999","AIR KELINSAR","1236"
"17000","AIR KERUH","1237"
"17001","AIR KUMBANG BAKTI","1238"
"17002","AIR KUTI","1239"
"17003","AIR LESING","1240"
"17004","AIR LIMAU","1227"
"17005","AIR LINGKAR","1241"
"17006","AIR LINTANG","1242"
"17007","AIR MAYAN","1243"
"17008","AIR PAOH / PAUH","1244"
"17009","AIR PEDARA","1245"
"17010","AIR PUAR","1246"
"17011","AIR PUTIH ILIR","1247"
"17012","AIR PUTIH ULU","1247"
"17013","AIR RUMBAI","1245"
"17014","AIR RUPIK","1248"
"17015","AIR SATAN","1240"
"17016","AIR SENGGERIS","1249"
"17017","AIR SOLOK BATU","1250"
"17018","AIR TALAS","1227"
"17019","AIR TEMAM","1234"
"17020","AIR WALL","1251"
"17021","ALAI","1252"
"17022","ALANG-ALANG LEBAR","1253"
"17023","ALUN DUA","1254"
"17024","ALUN DUA","1255"
"17025","AMAN JAYA","1256"
"17026","ANAK PETAI","1257"
"17027","ANUGERAH KEMU","1258"
"17028","ANYAR","1259"
"17029","ANYAR","1260"
"17030","ANYAR","1261"
"17031","ARAHAN","1262"
"17032","AREMANTAI","1263"
"17033","ARGO MULYO","1264"
"17034","ARGO MULYO","1265"
"17035","ARINGIN","1266"
"17036","ARIO KEMUNING","1211"
"17037","ARISAN BUNTAL","1260"
"17038","ARISAN DERAS","1267"
"17039","ARISAN GADING","1268"
"17040","ARISAN JAYA","1269"
"17041","ARISAN MUSI TIMUR","1270"
"17042","ARISAN MUSI","1270"
"17043","AROMANTAI","1271"
"17044","AROMANTAI","1258"
"17045","ATUNG BUNGSU","1272"
"17046","AUR DURI","1227"
"17047","AUR GADING","1273"
"17048","AUR","1274"
"17049","AURSTANDING","1275"
"17050","AWAL TERUSAN","1276"
"17051","BABAT BANYUASIN","1277"
"17052","BABAT BARU","1278"
"17053","BABAT LAMA","1279"
"17054","BABAT RAMBA JAYA","1277"
"17055","BABAT","1280"
"17056","BABAT","1252"
"17057","BABAT","1231"
"17058","BABAT","1281"
"17059","BABATAN SAUDAGAR","1275"
"17060","BABATAN","1282"
"17061","BABATAN","1246"
"17062","BABATAN","1283"
"17063","BAGUS KUNING","1284"
"17064","BAILANGU TIMUR","1285"
"17065","BAILANGU","1285"
"17066","BAKUNG","1286"
"17067","BALAI AGUNG","1285"
"17068","BALAYAN","1220"
"17069","BALIAN MAKMUR","1287"
"17070","BALIAN","1287"
"17071","BAMASKO","1225"
"17072","BANBAN REJO","1288"
"17073","BANDAR AGUNG RANAU","1248"
"17074","BANDAR AGUNG","1289"
"17075","BANDAR AGUNG","1218"
"17076","BANDAR AGUNG","1251"
"17077","BANDAR AGUNG","1243"
"17078","BANDAR AGUNG","1290"
"17079","BANDAR AJI","1291"
"17080","BANDAR ALAM BARU","1254"
"17081","BANDAR ALAM LAMA","1220"
"17082","BANDAR JAYA","1292"
"17083","BANDAR JAYA","1293"
"17084","BANDAR JAYA","1289"
"17085","BANDAR JAYA","1294"
"17086","BANDAR JAYA","1285"
"17087","BANDAR TENGGULANG","1277"
"17088","BANDAR","1295"
"17089","BANDAR","1296"
"17090","BANDARAJI","1271"
"17091","BANDARJAYA","1278"
"17092","BANDING AGUNG","1248"
"17093","BANDING AGUNG","1297"
"17094","BANDING ANYAR","1260"
"17095","BANDU AGUNG","1298"
"17096","BANDUNG AGUNG","1241"
"17097","BANDUNG KANAN","1299"
"17098","BANDUNG KIRI","1300"
"17099","BANDUNG UJUNG","1300"
"17100","BANGKE","1301"
"17101","BANGKIT JAYA","1302"
"17102","BANGSA NEGARA","1303"
"17103","BANGSAL","1304"
"17104","BANGUN HARJO","1305"
"17105","BANGUN HARJO / HARJA","1247"
"17106","BANGUN JAYA","1306"
"17107","BANGUN JAYA","1255"
"17108","BANGUN JAYA","1307"
"17109","BANGUN REJO","1308"
"17110","BANGUN REJO","1255"
"17111","BANGUN REJO","1309"
"17112","BANGUN SARI","1280"
"17113","BANGUN SARI","1310"
"17114","BANGUN SARI","1311"
"17115","BANGUN SARI","1312"
"17116","BANJAR AGUNG","1313"
"17117","BANJAR JAYA","1314"
"17118","BANJAR NEGARA","1289"
"17119","BANJAR REJO","1264"
"17120","BANJAR SARI","1262"
"17121","BANJAR SARI","1315"
"17122","BANJARSARI (AIR SENDA IV)","1316"
"17123","BANPRES","1225"
"17124","BANTAN PELITA","1293"
"17125","BANTAN","1293"
"17126","BANTUNAN","1215"
"17127","BANU AYU","1251"
"17128","BANUAYU","1293"
"17129","BANUAYU","1317"
"17130","BANUAYU","1227"
"17131","BANUMAS","1293"
"17132","BANYU BIRU","1292"
"17133","BANYU URIP","1312"
"17134","BANYUMAS ASRI","1305"
"17135","BANYUMAS","1318"
"17136","BARU JAYA","1302"
"17137","BARU RAMBANG","1237"
"17138","BARUGE / BERUGE TENGAH","1290"
"17139","BATANG HARI","1315"
"17140","BATAY","1319"
"17141","BATTU WINANGUN","1320"
"17142","BATU AMPAR","1282"
"17143","BATU AMPAR","1276"
"17144","BATU BANDUNG","1321"
"17145","BATU BELANG DUA","1322"
"17146","BATU BELANG JAYA","1322"
"17147","BATU BIDUNG","1236"
"17148","BATU CAWANG","1290"
"17149","BATU GAJAH BARU","1323"
"17150","BATU GAJAH","1323"
"17151","BATU GALANG","1324"
"17152","BATU GANE","1325"
"17153","BATU JUNGUL","1324"
"17154","BATU KUCING","1226"
"17155","BATU KUNING","1229"
"17156","BATU LINTANG","1236"
"17157","BATU MAS","1308"
"17158","BATU PANCEH","1273"
"17159","BATU PUTIH","1229"
"17160","BATU RADEN","1320"
"17161","BATU RAJA BARU","1273"
"17162","BATU RAJA LAMA","1273"
"17163","BATU RAJA","1227"
"17164","BATU RANCING","1326"
"17165","BATU RUSA","1241"
"17166","BATU SURAU","1327"
"17167","BATU URIP TABA","1239"
"17168","BATU URIP","1279"
"17169","BATU URIP","1328"
"17170","BATUMARTA I","1320"
"17171","BATUMARTA II","1320"
"17172","BATUMARTA VI","1297"
"17173","BATUMARTA X","1297"
"17174","BATUNIDING","1329"
"17175","BATURAJA BUNGIN","1330"
"17176","BATURAJA LAMA","1244"
"17177","BATURAJA PERMAI","1244"
"17178","BAYAT ILIR","1331"
"17179","BAYAU","1290"
"17180","BAYUNG LENCIR INDAH","1331"
"17181","BAYUNG LENCIR","1331"
"17182","BAYUR TENGAH","1254"
"17183","BD PJKA LAHAT","1289"
"17184","BEDEGUNG","1315"
"17185","BEDEGUNG","1332"
"17186","BEDENG BLAMBANGAN","1333"
"17187","BEDENG TIGA","1334"
"17188","BEDILAN","1335"
"17189","BEJI MULYO","1314"
"17190","BELALAU I","1336"
"17191","BELALAU II","1336"
"17192","BELAMBANGAN","1333"
"17193","BELAMBANGAN","1337"
"17194","BELANDANG","1338"
"17195","BELANI","1226"
"17196","BELANTI","1276"
"17197","BELANTI","1339"
"17198","BELATUNG","1251"
"17199","BELIMBING","1310"
"17200","BELIMBING","1324"
"17201","BELIMBING","1340"
"17202","BELITI JAYA","1341"
"17203","BENAKAT MINYAK","1342"
"17204","BENAWA","1343"
"17205","BENDI","1313"
"17206","BENGKUANG","1249"
"17207","BENTAYAN","1344"
"17208","BENTENG","1345"
"17209","BENUA RAJA","1215"
"17210","BENUANG","1342"
"17211","BERASANG","1220"
"17212","BERINGIN AGUNG","1265"
"17213","BERINGIN DALAM","1346"
"17214","BERINGIN JAYA","1317"
"17215","BERINGIN JAYA","1347"
"17216","BERINGIN JAYA","1255"
"17217","BERINGIN JAYA","1323"
"17218","BERINGIN MAKMUR I","1226"
"17219","BERINGIN MAKMUR II","1226"
"17220","BERINGIN SAKTI","1226"
"17221","BERINGIN","1274"
"17222","BERINGIN","1348"
"17223","BERKAT","1276"
"17224","BERLIAN JAYA","1314"
"17225","BERLIAN MAKMUR","1349"
"17226","BEROJAYA TIMUR","1314"
"17227","BERUGA  /  BERUGE","1280"
"17228","BERUGE ILIR","1290"
"17229","BERUGO","1310"
"17230","BESEMAH SERASAN","1350"
"17231","BETI","1268"
"17232","BETUNG BARAT","1351"
"17233","BETUNG I","1352"
"17234","BETUNG II","1352"
"17235","BETUNG TIMUR","1216"
"17236","BETUNG","1351"
"17237","BETUNG","1353"
"17238","BETUNG","1354"
"17239","BETUNG","1216"
"17240","BIARO BARU","1266"
"17241","BIARO LAMA","1266"
"17242","BINA AMARTA","1297"
"17243","BINA KARYA","1266"
"17244","BINAKARSA (BHINA KARSA)","1347"
"17245","BINDU","1340"
"17246","BINGIN JANGGUT","1341"
"17247","BINGIN RUPIT ULU","1323"
"17248","BINGIN TELUK","1226"
"17249","BINJAI","1279"
"17250","BINJAI","1341"
"17251","BINTARAN","1250"
"17252","BINTUHAN","1301"
"17253","BITIS","1355"
"17254","BIYUKU","1249"
"17255","BUANA MURTI (AIR SENDA III)","1316"
"17256","BUBUSAN","1232"
"17257","BUDI ASIH","1316"
"17258","BUDI MULYO","1238"
"17259","BUKIT BARU","1212"
"17260","BUKIT BATU","1292"
"17261","BUKIT INDAH","1247"
"17262","BUKIT JAYA","1349"
"17263","BUKIT LAMA","1212"
"17264","BUKIT LANGKAP","1356"
"17265","BUKIT PANGKUASAN","1357"
"17266","BUKIT SANGKAL","1358"
"17267","BUKIT SARI","1359"
"17268","BUKIT SEJAHTERA","1357"
"17269","BUKIT SELABU","1357"
"17270","BUKIT ULU","1356"
"17271","BUKIT","1354"
"17272","BULANG","1310"
"17273","BULUH CAWANG","1260"
"17274","BUMI AGUNG JAYA","1313"
"17275","BUMI AGUNG","1219"
"17276","BUMI AGUNG","1218"
"17277","BUMI AGUNG","1360"
"17278","BUMI AGUNG","1240"
"17279","BUMI AGUNG","1322"
"17280","BUMI AGUNG","1334"
"17281","BUMI ARJO","1360"
"17282","BUMI AYU","1361"
"17283","BUMI GENAP","1223"
"17284","BUMI HARAPAN","1343"
"17285","BUMI KAWA","1294"
"17286","BUMI KENCANA","1349"
"17287","BUMI MAKMUR JAYA","1261"
"17288","BUMI MAKMUR","1287"
"17289","BUMI MAKMUR","1362"
"17290","BUMI PRATAMA MANDIRA","1363"
"17291","BUMI REJO","1364"
"17292","BUMI REJO","1316"
"17293","BUMI SERDANG","1344"
"17294","BUMIAGUNG","1365"
"17295","BUMIAYU","1366"
"17296","BUMIJAYA","1313"
"17297","BUNGA KARANG","1312"
"17298","BUNGA MAS","1367"
"17299","BUNGA MAS","1279"
"17300","BUNGA MAYANG","1368"
"17301","BUNGA TANJUNG","1294"
"17302","BUNGIN CAMPANG","1369"
"17303","BUNGIN JAYA","1370"
"17304","BUNGIN TINGGI","1276"
"17305","BUNGLAI","1340"
"17306","BUNUT","1222"
"17307","BURAI","1307"
"17308","BURNAI JAYA","1370"
"17309","BURNAI MULYA","1370"
"17310","BURNAI TIMUR","1371"
"17311","BURUNG DINANG","1219"
"17312","CAHAYA ALAM","1263"
"17313","CAHAYA MARGA","1372"
"17314","CAHAYA MAS","1347"
"17315","CAHAYA MULYA","1347"
"17316","CAHAYA / CAHYA NEGERI","1373"
"17317","CAHYA BUMI","1360"
"17318","CAHYA MAJU","1360"
"17319","CAMBAI","1374"
"17320","CAMBAI","1375"
"17321","CAMPANG JAYA","1376"
"17322","CAMPANG TIGA ILIR","1377"
"17323","CAMPANG TIGA JAYA","1377"
"17324","CAMPANG TIGA ULU","1377"
"17325","CAMPUR SARI","1378"
"17326","CANDI JAYA","1379"
"17327","CANGGU","1380"
"17328","CATUR TUNGGAL","1347"
"17329","CECAR","1279"
"17330","CELIKAH","1260"
"17331","CEMPAKA SAKTI","1279"
"17332","CEMPAKA WANGI","1262"
"17333","CEMPAKA","1377"
"17334","CENDANA","1265"
"17335","CENGAL","1381"
"17336","CEREME TABA","1382"
"17337","CINTA DAMAI","1349"
"17338","CINTA JAYA","1371"
"17339","CINTA KARYA","1247"
"17340","CINTA KASIH","1310"
"17341","CINTA MANIS BARU","1238"
"17342","CINTA MANIS LAMA","1383"
"17343","CINTA RAJA / RAYA","1260"
"17344","CINTAMARGA","1343"
"17345","CIPTA MUDA","1256"
"17346","CIPTA PRAJA","1384"
"17347","CIPTA SARI","1287"
"17348","CIPTODADI","1309"
"17349","CONDONG","1368"
"17350","CUKOH NAU (CUKUH / CUKO NAU)","1385"
"17351","CURUP JARE","1255"
"17352","CURUP","1366"
"17353","DABUK MAKMUR","1287"
"17354","DABUK REJO","1360"
"17355","DADI MULYO","1288"
"17356","DADI REJO","1386"
"17357","DALAM","1310"
"17358","DAMARPURA","1295"
"17359","DAMARWULAN","1250"
"17360","DANA MULYA","1316"
"17361","DANAU BELIDANG","1246"
"17362","DANAU CALA","1387"
"17363","DANAU JAYA","1235"
"17364","DANAU RATA","1220"
"17365","DANAU RATA","1388"
"17366","DANAU TAMPANG","1388"
"17367","DANAU","1241"
"17368","DANGKU","1227"
"17369","DARAT","1245"
"17370","DARMA BUANA","1308"
"17371","DARMA RAHARJA","1278"
"17372","DARMO KASIH","1310"
"17373","DARMO","1319"
"17374","DARMO","1389"
"17375","DATAR BALAM","1246"
"17376","DATAR LEBAR","1263"
"17377","DATAR SERDANG","1279"
"17378","DATAR","1322"
"17379","DAWAS","1384"
"17380","DAYA BANGUN HARJO","1265"
"17381","DAYA KUSUMA / KESUMA","1265"
"17382","DAYA MAKMUR","1230"
"17383","DAYA MURNI","1265"
"17384","DAYA UTAMA","1230"
"17385","DELING","1245"
"17386","DELTA UPANG","1390"
"17387","DEMANG LEBAR DAUN","1212"
"17388","DEMPO MAKMUR","1255"
"17389","DEMPO","1382"
"17390","DESA BARU","1391"
"17391","DHARMA / DARMA SAKTI","1225"
"17392","DONOREJO (DONOROJO)","1364"
"17393","DUKU","1206"
"17394","DUREN IJO","1383"
"17395","DURIAN DANGKAL","1246"
"17396","DURIAN DAUN","1249"
"17397","DURIAN GADIS","1391"
"17398","DURIAN RAMPAK","1336"
"17399","DURIAN REMUK","1240"
"17400","DURIAN SEMBILAN","1235"
"17401","DURIAN","1340"
"17402","DUSUN MARTAPURA","1359"
"17403","DUSUN TENGAH","1254"
"17404","DWIJAYA","1392"
"17405","EKA MARGA","1393"
"17406","EMBACANG BARU","1356"
"17407","EMBACANG KELEKAR","1394"
"17408","EMBACANG LAMA","1356"
"17409","EMBACANG PERMAI","1287"
"17410","EMBACANG","1352"
"17411","EMBACANG","1287"
"17412","EMBAWANG","1332"
"17413","ENDALO","1282"
"17414","ENDIKAT ILIR","1319"
"17415","ENGGALREJO","1250"
"17416","EPIL","1387"
"17417","FAJAR INDAH","1310"
"17418","FAJAR JAYA","1294"
"17419","FAJAR / PAJAR BAKTI","1273"
"17420","GADING JAYA","1363"
"17421","GADING REJO","1395"
"17422","GADING SARI","1347"
"17423","GAJAH MAKMUR","1363"
"17424","GAJAH MATI","1277"
"17425","GAJAH MATI","1302"
"17426","GAJAH MATI","1363"
"17427","GALANG TINGGI","1396"
"17428","GALANG TINGGI","1222"
"17429","GALANG","1236"
"17430","GALI SARI","1218"
"17431","GANDUS","1214"
"17432","GANESHA MUKTI","1265"
"17433","GANJAR AGUNG","1256"
"17434","GANTI WARNO","1386"
"17435","GARMIDAR ILIR","1241"
"17436","GARMIDAR ULU","1241"
"17437","GASING","1224"
"17438","GAUNG ASAM","1252"
"17439","GAUNG TELANG","1355"
"17440","GEDONG / GEDUNG BARU","1397"
"17441","GEDUNG AGUNG","1279"
"17442","GEDUNG AGUNG","1301"
"17443","GEDUNG AGUNG","1262"
"17444","GEDUNG AGUNG","1324"
"17445","GEDUNG BURUK","1270"
"17446","GEDUNG LEPIHAN","1322"
"17447","GEDUNG NYAWA","1223"
"17448","GEDUNG PAKUAN / PEKUON","1294"
"17449","GEDUNG RANAU","1334"
"17450","GEDUNG REJO","1335"
"17451","GEDUNG REJO","1287"
"17452","GEDUNG WANI","1223"
"17453","GELEBAK DALAM","1391"
"17454","GELUMBANG","1355"
"17455","GELUMBANG","1279"
"17456","GELUNG SAKTI","1215"
"17457","GEMAWANG","1227"
"17458","GEMIUNG","1295"
"17459","GENTING / GENTENG","1326"
"17460","GERAMAT","1398"
"17461","GERAMAT","1246"
"17462","GERINAM","1227"
"17463","GILIRANG","1265"
"17464","GIRI MULYO","1264"
"17465","GIRIMULIYA","1289"
"17466","GIRIYOSO","1364"
"17467","GUCI","1399"
"17468","GUMAI","1355"
"17469","GUMAWANG","1335"
"17470","GUNA MAKMUR","1315"
"17471","GUNTUNG JAYA","1385"
"17472","GUNUNG AGUNG","1400"
"17473","GUNUNG AGUNG","1327"
"17474","GUNUNG AGUNG","1345"
"17475","GUNUNG AJI","1279"
"17476","GUNUNG AJI","1334"
"17477","GUNUNG AYU","1326"
"17478","GUNUNG BATU","1377"
"17479","GUNUNG BATU","1258"
"17480","GUNUNG CAHYA","1313"
"17481","GUNUNG DEMPO","1350"
"17482","GUNUNG GAJAH","1289"
"17483","GUNUNG GARE","1254"
"17484","GUNUNG IBUL BARAT","1401"
"17485","GUNUNG IBUL","1401"
"17486","GUNUNG JATI","1377"
"17487","GUNUNG KARTO","1279"
"17488","GUNUNG KAYA","1271"
"17489","GUNUNG KEMALA","1402"
"17490","GUNUNG KEMBANG BARU","1306"
"17491","GUNUNG KEMBANG LAMA","1306"
"17492","GUNUNG KEMBANG","1279"
"17493","GUNUNG KEMBANG","1262"
"17494","GUNUNG KEMBANG","1345"
"17495","GUNUNG KERTO","1345"
"17496","GUNUNG KURIPAN","1337"
"17497","GUNUNG LEWAT","1301"
"17498","GUNUNG LIWAT","1337"
"17499","GUNUNG LIWAT","1403"
"17500","GUNUNG MAS","1335"
"17501","GUNUNG MEGANG DALAM","1310"
"17502","GUNUNG MEGANG LUAR","1310"
"17503","GUNUNG MEGANG","1271"
"17504","GUNUNG MEGANG","1220"
"17505","GUNUNG MENANG","1231"
"17506","GUNUNG MERAKSA BARU","1290"
"17507","GUNUNG MERAKSA LAMA","1290"
"17508","GUNUNG MERAKSA","1251"
"17509","GUNUNG MERAKSA","1337"
"17510","GUNUNG MERAKSA","1326"
"17511","GUNUNG RAJA","1274"
"17512","GUNUNG RAJA","1231"
"17513","GUNUNG RAJA","1227"
"17514","GUNUNG RAYA","1326"
"17515","GUNUNG RAYA","1334"
"17516","GUNUNG SUGIH","1373"
"17517","GUNUNG TERANG","1367"
"17518","GUNUNG TERANG","1217"
"17519","GUNUNG TIGA","1322"
"17520","GUNUNG TIGA","1338"
"17521","GURU AGUNG","1403"
"17522","HANDAYANI MULYA","1342"
"17523","HANGKUSA / LINGKUSA","1397"
"17524","HARAPAN JAYA","1242"
"17525","HARAPAN JAYA","1370"
"17526","HARAPAN JAYA","1363"
"17527","HARAPAN JAYA","1366"
"17528","HARAPAN MAKMUR","1261"
"17529","HARAPAN MULYA / MULIA","1270"
"17530","HARAPAN","1275"
"17531","HARIMAU TANDANG","1372"
"17532","HARISAN JAYA","1377"
"17533","HARJO MULYO","1217"
"17534","HARJO WINANGUN","1335"
"17535","HIDUP BARU","1353"
"17536","IBUL BESAR I","1275"
"17537","IBUL BESAR II","1275"
"17538","IBUL BESAR III","1275"
"17539","IBUL DALAM","1346"
"17540","IBUL","1252"
"17541","INDRALAYA INDAH","1404"
"17542","INDRALAYA MULIA","1404"
"17543","INDRALAYA RAYA","1404"
"17544","INDRAMAYU","1332"
"17545","INDRAPURA","1265"
"17546","JADI MULYA I","1362"
"17547","JADI MULYA","1292"
"17548","JADI MULYA","1362"
"17549","JADIAN BARU","1246"
"17550","JADIAN LAMA","1246"
"17551","JAGABAYA","1317"
"17552","JAGALANO (JAGALANA)","1267"
"17553","JAGARAGA","1295"
"17554","JAGARAJO (JAGA RAYA)","1267"
"17555","JAJARAN BARU II","1378"
"17556","JAJARAN BARU","1278"
"17557","JAJARAN BARU","1378"
"17558","JAJARAN LAMA","1278"
"17559","JALUR MULYA","1265"
"17560","JAMBE (TALANG JAMBE)","1405"
"17561","JAMBU ILIR","1365"
"17562","JAMBU","1355"
"17563","JAMBUREJO","1406"
"17564","JANGKAR MAS","1219"
"17565","JANGKAT","1407"
"17566","JARAI","1271"
"17567","JARAKAN","1290"
"17568","JATI MULYO I","1303"
"17569","JATI MULYO II (MULYA II)","1288"
"17570","JATI SARI","1408"
"17571","JATI","1409"
"17572","JATISARI","1217"
"17573","JAWA KANAN SS","1382"
"17574","JAWA KANAN","1382"
"17575","JAWA KIRI","1382"
"17576","JAYA AGUNG","1218"
"17577","JAYA BAKTI","1217"
"17578","JAYA BAKTI","1225"
"17579","JAYA BHAKTI","1410"
"17580","JAYA LOKA","1273"
"17581","JAYA MULIA / MULYA","1373"
"17582","JAYA TUNGGAL","1225"
"17583","JAYAPURA","1368"
"17584","JEJAWI","1232"
"17585","JEMARING","1271"
"17586","JEMBATAN GANTUNG","1302"
"17587","JEMENANG","1227"
"17588","JENTIAN","1215"
"17589","JEPARA","1397"
"17590","JERAMBAH RENGAS","1375"
"17591","JERMUN","1304"
"17592","JIRAK","1302"
"17593","JIWA BARU","1274"
"17594","JOGOBOYO (JOYOBOYO)","1328"
"17595","JOKOH","1379"
"17596","JUA JUA","1260"
"17597","JUD I","1221"
"17598","JUD II","1221"
"17599","JUKDADAK","1365"
"17600","JUKUNG","1234"
"17601","JUNGAI","1411"
"17602","JUNGKAL","1304"
"17603","JURU TARO (TAROH)","1265"
"17604","KAGELANG BLAMBANGAN","1333"
"17605","KAHURIPAN BARU","1227"
"17606","KAHURIPAN SELATAN","1227"
"17607","KALAMPADU (KELAMPADU)","1412"
"17608","KALI BENING","1392"
"17609","KALI BERAU","1331"
"17610","KALI DERAS","1410"
"17611","KALI SERAYU","1328"
"17612","KALIDONI","1358"
"17613","KAMAL","1269"
"17614","KAMBANG","1368"
"17615","KAMPAI","1340"
"17616","KAMPUNG BARU","1347"
"17617","KANCE DIWE","1272"
"17618","KANDIS I","1413"
"17619","KANDIS II","1413"
"17620","KANDIS","1304"
"17621","KANGKUNG ILIR","1216"
"17622","KANGKUNG","1216"
"17623","KAPITAN","1403"
"17624","KAPUK","1372"
"17625","KARANG AGUNG","1351"
"17626","KARANG AGUNG","1229"
"17627","KARANG AGUNG","1232"
"17628","KARANG AGUNG","1301"
"17629","KARANG AGUNG","1218"
"17630","KARANG AGUNG","1274"
"17631","KARANG AGUNG","1241"
"17632","KARANG AGUNG","1369"
"17633","KARANG AGUNG","1326"
"17634","KARANG ANYAR","1214"
"17635","KARANG ANYAR","1289"
"17636","KARANG ANYAR","1361"
"17637","KARANG ANYAR","1230"
"17638","KARANG ANYAR","1323"
"17639","KARANG ANYAR","1370"
"17640","KARANG ANYAR","1291"
"17641","KARANG ANYAR","1414"
"17642","KARANG ANYAR","1344"
"17643","KARANG ARE","1380"
"17644","KARANG ASEM","1344"
"17645","KARANG BARU","1289"
"17646","KARANG BARU","1414"
"17647","KARANG BINANGUN","1303"
"17648","KARANG BINDU","1411"
"17649","KARANG CAHAYA","1317"
"17650","KARANG CAYA","1233"
"17651","KARANG CAYA","1403"
"17652","KARANG DALAM","1409"
"17653","KARANG DALO","1379"
"17654","KARANG DAPO BARU","1291"
"17655","KARANG DAPO I","1266"
"17656","KARANG DAPO II","1266"
"17657","KARANG DAPO LAMA","1291"
"17658","KARANG DAPO","1340"
"17659","KARANG ENDAH SELATAN","1355"
"17660","KARANG ENDAH","1229"
"17661","KARANG ENDAH","1355"
"17662","KARANG ENDAH","1279"
"17663","KARANG ENDAH","1301"
"17664","KARANG ENDAH","1294"
"17665","KARANG ENDAH","1400"
"17666","KARANG ENDAH","1223"
"17667","KARANG ENDAH","1373"
"17668","KARANG GEDE","1291"
"17669","KARANG INDAH","1248"
"17670","KARANG JADI","1386"
"17671","KARANG JAYA","1308"
"17672","KARANG JAYA","1214"
"17673","KARANG JAYA","1356"
"17674","KARANG JAYA","1401"
"17675","KARANG KEMIRI","1335"
"17676","KARANG KETUAN","1393"
"17677","KARANG LANTANG","1348"
"17678","KARANG LEBAK","1246"
"17679","KARANG MAKMUR","1218"
"17680","KARANG MANIK","1308"
"17681","KARANG MANUNGGAL","1316"
"17682","KARANG MARGA","1373"
"17683","KARANG MELATI","1370"
"17684","KARANG MENJANGAN","1370"
"17685","KARANG MUKTI","1218"
"17686","KARANG MULIA","1274"
"17687","KARANG MULYA","1370"
"17688","KARANG MULYA","1344"
"17689","KARANG NEGARA","1288"
"17690","KARANG PANGGUNG","1325"
"17691","KARANG PENDETA","1415"
"17692","KARANG RAJA","1242"
"17693","KARANG RAJA","1401"
"17694","KARANG REJO","1218"
"17695","KARANG REJO","1400"
"17696","KARANG RINGIN I","1361"
"17697","KARANG RINGIN II","1361"
"17698","KARANG SARI","1408"
"17699","KARANG SARI","1386"
"17700","KARANG SARI","1218"
"17701","KARANG SARI","1274"
"17702","KARANG TANDING","1271"
"17703","KARANG TANDING","1282"
"17704","KARANG TANDING","1416"
"17705","KARANG TENGAH","1305"
"17706","KARANG TIRTA","1218"
"17707","KARANG WARU","1361"
"17708","KARANG WARU","1323"
"17709","KARANGAN","1411"
"17710","KARANGSIA","1363"
"17711","KARET JAYA","1235"
"17712","KARSA JAYA","1264"
"17713","KARTA MULIA","1251"
"17714","KARTA MULYA","1217"
"17715","KARTAMULIA / KERTA MULIA","1355"
"17716","KARYA BAKTI","1382"
"17717","KARYA BARU","1253"
"17718","KARYA JAYA","1417"
"17719","KARYA JAYA","1347"
"17720","KARYA JAYA","1418"
"17721","KARYA MAJU","1386"
"17722","KARYA MAJU","1384"
"17723","KARYA MAKMUR","1264"
"17724","KARYA MAKMUR","1297"
"17725","KARYA MAKMUR","1362"
"17726","KARYA MUKTI","1218"
"17727","KARYA MUKTI","1410"
"17728","KARYA MUKTI","1341"
"17729","KARYA MUKTI","1418"
"17730","KARYA MULYA","1378"
"17731","KARYA MULYA","1411"
"17732","KARYA MULYA","1419"
"17733","KARYA NYATA","1283"
"17734","KARYA SAKTI","1341"
"17735","KARYA TELADAN","1341"
"17736","KARYA USAHA","1347"
"17737","KARYADADI","1311"
"17738","KASAH","1412"
"17739","KASAI","1388"
"17740","KASIH DEWA","1227"
"17741","KASIH RAJA","1352"
"17742","KASMARAN","1280"
"17743","KAYU AGUNG","1260"
"17744","KAYU ARA BATU","1270"
"17745","KAYU ARA SAKTI","1310"
"17746","KAYU ARA","1300"
"17747","KAYU ARA","1346"
"17748","KAYU ARA","1375"
"17749","KAYU LABU","1395"
"17750","KAYUARA KUNING","1396"
"17751","KAYUARA","1285"
"17752","KEBAN AGUNG SP I","1317"
"17753","KEBAN AGUNG","1317"
"17754","KEBAN AGUNG","1376"
"17755","KEBAN AGUNG","1389"
"17756","KEBAN AGUNG","1246"
"17757","KEBAN I","1221"
"17758","KEBAN II","1221"
"17759","KEBAN RAYA","1317"
"17760","KEBAN","1289"
"17761","KEBON AGUNG","1315"
"17762","KEBON JATI (KEBAN JATI)","1243"
"17763","KEBON JATI","1301"
"17764","KEBON SAHANG","1391"
"17765","KEBON","1420"
"17766","KEBUN BUNGA","1405"
"17767","KEBUN JATI","1315"
"17768","KEBUR","1400"
"17769","KEBUR","1321"
"17770","KEDATON TIMUR","1340"
"17771","KEDATON","1271"
"17772","KEDATON","1260"
"17773","KEDATON","1241"
"17774","KEDATON","1340"
"17775","KEDONDONG RAYE","1396"
"17776","KEDONDONG","1340"
"17777","KEDU","1305"
"17778","KEDUKAN BUJANG","1275"
"17779","KEDUNG REJO","1305"
"17780","KELAMPAIAN","1421"
"17781","KELAPA DUA","1316"
"17782","KELI REJO","1308"
"17783","KELUANG","1384"
"17784","KELUANG","1344"
"17785","KELUMPANG JAYA","1362"
"17786","KELUMPANG","1338"
"17787","KEMALA JAYA","1348"
"17788","KEMALA RAJA","1244"
"17789","KEMAN","1304"
"17790","KEMANG AGUNG","1417"
"17791","KEMANG BANDUNG","1222"
"17792","KEMANG BEJALU","1422"
"17793","KEMANG INDAH","1287"
"17794","KEMANG MANIS","1213"
"17795","KEMANG MANIS","1273"
"17796","KEMANG","1252"
"17797","KEMANG","1221"
"17798","KEMAS RINDO","1417"
"17799","KEMBAHANG BARU","1380"
"17800","KEMBAHANG LAMA","1380"
"17801","KEMBANG AYUN","1326"
"17802","KEMBANG JAJAR","1410"
"17803","KEMBANG TANDUK","1411"
"17804","KEMBANG TANJUNG","1306"
"17805","KEMBANG TINGGI","1235"
"17806","KEMELAK BINDUNG LANGIT","1244"
"17807","KEMU ULU","1258"
"17808","KEMU","1258"
"17809","KEMUNING JAYA","1308"
"17810","KENALI","1367"
"17811","KENANGA","1328"
"17812","KENCANA MULIA","1237"
"17813","KENCANA SARI","1279"
"17814","KENTEN LAUT","1224"
"17815","KENTEN","1224"
"17816","KEPAHYANG","1360"
"17817","KEPALA SIRING","1318"
"17818","KEPALA SIRING","1326"
"17819","KEPANDEAN BARU","1209"
"17820","KEPAYANG","1331"
"17821","KEPAYANG","1222"
"17822","KEPAYANG","1340"
"17823","KEPUR","1242"
"17824","KEPUTRAAN","1299"
"17825","KERAMASAN","1417"
"17826","KERAMAT JAYA","1302"
"17827","KERANI / KRANI JAYA","1362"
"17828","KERINJING","1339"
"17829","KEROMONGAN","1359"
"17830","KERTA DEWA","1423"
"17831","KERTA JAYA","1302"
"17832","KERTA MUKTI","1292"
"17833","KERTA MUKTI","1287"
"17834","KERTABAYANG","1421"
"17835","KERTADEWA","1342"
"17836","KERTANEGARA","1288"
"17837","KERTAPATI","1417"
"17838","KERTASARI","1266"
"17839","KERTAYU","1302"
"17840","KERTOSARI","1311"
"17841","KERTOSONO","1364"
"17842","KERUNG","1409"
"17843","KESAMBI RATA","1337"
"17844","KETAPANG I","1267"
"17845","KETAPANG II","1267"
"17846","KETIAU","1352"
"17847","KETUAN JAYA","1240"
"17848","KIJANG ULU","1260"
"17849","KISAU","1322"
"17850","KIWIS RAYA","1334"
"17851","KOMPERTA","1284"
"17852","KOSGORO","1281"
"17853","KOTA AGUNG","1301"
"17854","KOTA AGUNG","1327"
"17855","KOTA AGUNG","1415"
"17856","KOTA AMAN","1333"
"17857","KOTA BARU BARAT","1359"
"17858","KOTA BARU SELATAN","1359"
"17859","KOTA BARU","1306"
"17860","KOTA BARU","1289"
"17861","KOTA BARU","1274"
"17862","KOTA BARU","1359"
"17863","KOTA BARU","1222"
"17864","KOTA BARU","1410"
"17865","KOTA BARU","1416"
"17866","KOTA BATU","1334"
"17867","KOTA DALAM","1222"
"17868","KOTA DARO I","1267"
"17869","KOTA DARO II","1267"
"17870","KOTA GADING","1273"
"17871","KOTA JAYA","1289"
"17872","KOTA KARANG","1367"
"17873","KOTA MULYA","1370"
"17874","KOTA NEGARA","1289"
"17875","KOTA NEGARA","1288"
"17876","KOTA PADANG","1220"
"17877","KOTA PADANG","1327"
"17878","KOTA RAYA DARAT","1215"
"17879","KOTA RAYA LEMBAK","1215"
"17880","KOTA RAYA","1260"
"17881","KOTA RAYA","1289"
"17882","KOTA TANAH","1370"
"17883","KOTA WAY","1235"
"17884","KOTABUMI","1365"
"17885","KRUJON","1373"
"17886","KUALA PUNTIAN","1312"
"17887","KUALA SUNGAI JERUJU","1381"
"17888","KUALA SUNGAI PASIR","1381"
"17889","KUALA / KUALO SUGIHAN","1265"
"17890","KUANG ANYAR","1412"
"17891","KUANG DALAM BARAT","1346"
"17892","KUANG DALAM TIMUR","1346"
"17893","KUBA","1409"
"17894","KUMBANG ILIR","1413"
"17895","KUMBANG PADANG PERMATA","1238"
"17896","KUMBANG ULU","1413"
"17897","KUMPUL REJO","1305"
"17898","KUNDURAN","1236"
"17899","KUNGKILAN (NUNGKILAN)","1233"
"17900","KUNGKILAN","1296"
"17901","KUPANG","1241"
"17902","KUPANG","1273"
"17903","KURIPAN BABAS","1255"
"17904","KURIPAN II  /  DUA","1415"
"17905","KURIPAN","1377"
"17906","KURIPAN","1227"
"17907","KURIPAN","1343"
"17908","KURIPAN","1415"
"17909","KURO","1304"
"17910","KURUNGAN NYAWA I","1256"
"17911","KURUNGAN NYAWA I","1359"
"17912","KURUNGAN NYAWA II","1256"
"17913","KURUNGAN NYAWA III","1256"
"17914","KURUNGAN NYAWA","1256"
"17915","KURUP","1251"
"17916","KUTA PANDAN","1360"
"17917","KUTO BATU","1206"
"17918","KUTO TANJUNG","1407"
"17919","KUTOSARI","1386"
"17920","LABUHAN JAYA","1347"
"17921","LAHAT TENGAH","1289"
"17922","LAIS","1387"
"17923","LALANG SEMBAWA","1424"
"17924","LAMBUR","1332"
"17925","LAMPAR BARU TALANG PADANG","1380"
"17926","LAMPAR BARU","1273"
"17927","LANDUR","1290"
"17928","LANGKAN","1396"
"17929","LANGKAP","1277"
"17930","LAWANG AGUNG BARU","1298"
"17931","LAWANG AGUNG LAMA","1298"
"17932","LAWANG AGUNG MULAK","1246"
"17933","LAWANG AGUNG","1301"
"17934","LAWANG AGUNG","1254"
"17935","LAWANG AGUNG","1243"
"17936","LAWANG AGUNG","1323"
"17937","LAWANG KIDUL","1206"
"17938","LAYA","1229"
"17939","LAYAN","1302"
"17940","LEBAK BUDI","1400"
"17941","LEBAK BUDI","1332"
"17942","LEBAK PERING","1372"
"17943","LEBANJAYA","1225"
"17944","LEBONG / LEBUNG GAJAH","1419"
"17945","LEBUAY BANDUNG","1262"
"17946","LEBUNG BANDUNG","1421"
"17947","LEBUNG BATANG","1245"
"17948","LEBUNG GAJAH","1375"
"17949","LEBUNG ITAM","1375"
"17950","LEBUNG JANGKAR","1275"
"17951","LEBUNG","1422"
"17952","LECAH","1274"
"17953","LEKIS REJO","1320"
"17954","LEMATANG JAYA","1262"
"17955","LEMBAK","1252"
"17956","LEMPUING INDAH","1425"
"17957","LESUNG BATU MUDA","1423"
"17958","LESUNG BATU","1282"
"17959","LESUNG BATU","1246"
"17960","LESUNG BATU","1241"
"17961","LESUNG BATU","1423"
"17962","LESUNG BATU","1332"
"17963","LETANG","1277"
"17964","LIMANSARI","1305"
"17965","LIMAU","1424"
"17966","LIMBANG JAYA I","1307"
"17967","LIMBANG JAYA II","1307"
"17968","LIMBANG MULYA","1424"
"17969","LINGGA","1389"
"17970","LINGGAR JAYA","1279"
"17971","LINGGE","1233"
"17972","LINGGO SARI","1349"
"17973","LINGKIS","1232"
"17974","LIRIK","1245"
"17975","LOKA JAYA (PELANCU INDAH)","1384"
"17976","LONTAR","1348"
"17977","LOROK PAKJO","1212"
"17978","LOROK","1286"
"17979","LUBAI MAKMUR","1274"
"17980","LUBAI PERSADA","1274"
"17981","LUBAR","1369"
"17982","LUBUK AMAN","1300"
"17983","LUBUK ATUNG","1329"
"17984","LUBUK BANDUNG","1426"
"17985","LUBUK BANJAR","1251"
"17986","LUBUK BANJAR","1320"
"17987","LUBUK BARU","1296"
"17988","LUBUK BATANG BARU","1251"
"17989","LUBUK BATANG LAMA","1251"
"17990","LUBUK BESAR","1321"
"17991","LUBUK BETUNG","1398"
"17992","LUBUK BINJAI","1234"
"17993","LUBUK BINTIALO","1357"
"17994","LUBUK BUAH","1357"
"17995","LUBUK BUNTAK","1272"
"17996","LUBUK BUNTAK","1380"
"17997","LUBUK CIK","1282"
"17998","LUBUK DALAM","1260"
"17999","LUBUK DALAM","1294"
"18000","LUBUK DALAM","1345"
