"id","nama_desa","kecamatan_id"
"68001","PASANG","5730"
"68002","PASANG","5581"
"68003","PASANG","5680"
"68004","PASELE","5752"
"68005","PASELLORENG","5473"
"68006","PASEMPE","5539"
"68007","PASIMARANNU","5671"
"68008","PASIPASI","5528"
"68009","PASIR PUTIH","5563"
"68010","PASIR PUTIH","5595"
"68011","PASSENO","5597"
"68012","PASSIPPO","5539"
"68013","PASUI","5729"
"68014","PATALLASSANG","5589"
"68015","PATAMPANUA","5527"
"68016","PATANGKAI","5761"
"68017","PATANGNGA","5483"
"68018","PATANI","5558"
"68019","PATARO","5689"
"68020","PATA\ PADANG","5728"
"68021","PATEKE","5680"
"68022","PATENGKO / PATTENGKO","5488"
"68023","PATIKARYA","5514"
"68024","PATILA","5472"
"68025","PATILA","5722"
"68026","PATILERENG","5514"
"68027","PATIMPENG","5630"
"68028","PATIONGI","5630"
"68029","PATOBONG","5758"
"68030","PATOLOAN","5585"
"68031","PATONDON SALU","5581"
"68032","PATONGLOAN","5603"
"68033","PATONGLOAN","5566"
"68034","PATTALASSANG","5708"
"68035","PATTALASSANG","5671"
"68036","PATTALLASSANG","5540"
"68037","PATTALLASSANG","5572"
"68038","PATTALLIKANG","5663"
"68039","PATTAN ULUSALU","5625"
"68040","PATTANETEANG","5572"
"68041","PATTANGNGAE (PATANGAE)","5563"
"68042","PATTANYAMANG","5651"
"68043","PATTAPANG","5690"
"68044","PATTAPPA","5536"
"68045","PATTE NE","5699"
"68046","PATTEDONG SELATAN","5550"
"68047","PATTEDONG","5550"
"68048","PATTE\NE","5633"
"68049","PATTIMANG","5652"
"68050","PATTIMPA","5678"
"68051","PATTINGALLOANG BARU","5606"
"68052","PATTINGALLOANG","5606"
"68053","PATTINOANG","5674"
"68054","PATTIRO BAJO","5482"
"68055","PATTIRO DECENG","5651"
"68056","PATTIRO RIOLO","5482"
"68057","PATTIRO SOMPE","5482"
"68058","PATTIRO","5584"
"68059","PATTIRO","5735"
"68060","PATTIRO","5622"
"68061","PATTIROANG","5632"
"68062","PATTIROLOKKA","5532"
"68063","PATTIROSOMPE","5526"
"68064","PATTOJO","5513"
"68065","PATTONGKO","5607"
"68066","PATTONGKO","5711"
"68067","PATTONTONGAN","5541"
"68068","PATTOPPAKANG","5580"
"68069","PATTUKU LIMPOE","5761"
"68070","PATTUKU","5578"
"68071","PATTUNUANG","5734"
"68072","PA\BATANGANG","5558"
"68073","PA\LALAKKANG","5674"
"68074","PA\RASANGANG BERU","5674"
"68075","PA\TENGKO","5726"
"68076","PEKALOA","5525"
"68077","PEKALOBEAN","5576"
"68078","PEKKABATA","5533"
"68079","PELALAN","5716"
"68080","PEMANUKAN","5642"
"68081","PEMBUNIANG","5522"
"68082","PENANIAN","5752"
"68083","PENCONG","5631"
"68084","PENEKI","5485"
"68085","PENGGOLI","5633"
"68086","PENGKAJOANG","5522"
"68087","PENGKAROAN MANUK (PANGKOROAN MANUK)","5621"
"68088","PENGKENDEKAN","5750"
"68089","PENGKENDEKAN","5549"
"68090","PENRANG","5656"
"68091","PENRANG","5659"
"68092","PEPANDUNGAN","5565"
"68093","PEPURO BARAT","5538"
"68094","PERANGIAN (PARANGIAN)","5565"
"68095","PERINDINGAN","5642"
"68096","PERTASI KENCANA","5519"
"68097","PESSE","5743"
"68098","PETA","5768"
"68099","PETONJANGAN","5626"
"68100","PETTA LANDUNG","5652"
"68101","PETTUADAE","5477"
"68102","PINANG","5738"
"68103","PINCARA","5562"
"68104","PINCARA","5655"
"68105","PINCE PUTE","5652"
"68106","PINCENG PUTE","5496"
"68107","PINCENGPUTE","5524"
"68108","PIONGAN","5730"
"68109","PISANG SELATAN","5608"
"68110","PISANG UTARA","5608"
"68111","PISING (SOLIE)","5743"
"68112","PITU SUNGGU","5491"
"68113","PITUE","5491"
"68114","PITUMPIDANGE","5602"
"68115","PITUNG PENANIAN","5676"
"68116","POLASSI","5514"
"68117","POLE JIWA","5522"
"68118","POLEBUNGIN","5612"
"68119","POLEONRO","5473"
"68120","POLEONRO","5593"
"68121","POLEONRO","5602"
"68122","POLEONRO","5570"
"68123","POLEONRO","5678"
"68124","POLEWALI","5537"
"68125","POLEWALI","5604"
"68126","POLEWALI","5476"
"68127","POLEWALI","5602"
"68128","POLEWALI","5482"
"68129","POLEWALI","5490"
"68130","POLEWALI","5760"
"68131","POLEWALI","5718"
"68132","POLEWALI","5624"
"68133","POLEWALI","5503"
"68134","POLEWALIE","5473"
"68135","POLO PADANG","5645"
"68136","POMBAKKA","5522"
"68137","POMBAKKA","5562"
"68138","POMPANIKI","5549"
"68139","POMPANUA RIATTANG (SALEWANGENG)","5496"
"68140","POMPANUA","5496"
"68141","POMPENGAN PANTAI","5716"
"68142","POMPENGAN TENGAH","5716"
"68143","POMPENGAN TIMUR","5716"
"68144","POMPENGAN","5716"
"68145","PONDINGAO","5637"
"68146","PONGBEMBE","5764"
"68147","PONGKA","5483"
"68148","PONGKERU","5528"
"68149","PONGKO","5585"
"68150","PONGKO","5679"
"68151","PONGLU","5621"
"68152","PONGO","5562"
"68153","PONGSAMELUNG","5531"
"68154","PONJALAE","5657"
"68155","PONRE-PONRE","5602"
"68156","PONRENGAE","5484"
"68157","PONTAP","5657"
"68158","POPO","5594"
"68159","POREANG","5722"
"68160","PORINGAN","5725"
"68161","POSI","5605"
"68162","POSSI TANAH","5632"
"68163","POTOK ULLIN","5729"
"68164","POTON","5634"
"68165","PRAJA MAJU","5735"
"68166","PUANG BEMBE MESAKADA (PONGHEMBE)","5764"
"68167","PUCAK","5643"
"68168","PUDE","5476"
"68169","PUJANANTING","5536"
"68170","PULAU BUHUNG PITUE","5769"
"68171","PULAU HARAPAN","5769"
"68172","PULAU PADAELO","5769"
"68173","PULAU PERSATUAN","5769"
"68174","PULO MADU","5745"
"68175","PULU PULU","5621"
"68176","PUNAGA","5580"
"68177","PUNAGAYA","5650"
"68178","PUNCAK HARAPAN","5581"
"68179","PUNCAK INDAH","5528"
"68180","PUNCAK","5490"
"68181","PUNDATA BAJI","5589"
"68182","PUNDILEMO","5738"
"68183","PUNRANGA","5491"
"68184","PURANGI","5768"
"68185","PURNA KARYA","5494"
"68186","PURWOSARI","5488"
"68187","PUSERREN","5733"
"68188","PUSUNGNGE","5480"
"68189","PUTABANGUN","5695"
"68190","PUTE MATA","5652"
"68191","PUTY","5605"
"68192","RADDA","5537"
"68193","RADDAE","5656"
"68194","RAJA","5605"
"68195","RAJA","5476"
"68196","RAJAMAWELANG (RAJAMAWELLANG)","5563"
"68197","RAJANG","5548"
"68198","RAJAYA","5699"
"68199","RAJUNI","5617"
"68200","RAMPI","5742"
"68201","RAMPOANG","5553"
"68202","RAMPOANG","5722"
"68203","RAMPUNAN","5623"
"68204","RANDAN BATU","5680"
"68205","RANDANAN","5726"
"68206","RANGA","5733"
"68207","RANNALOE","5673"
"68208","RANO TENGAH","5770"
"68209","RANO TIMUR","5770"
"68210","RANO UTARA","5770"
"68211","RANO","5770"
"68212","RANTE ALANG","5665"
"68213","RANTE ALANG","5628"
"68214","RANTE ANGIN","5525"
"68215","RANTE DAMAI","5754"
"68216","RANTE KALUA","5726"
"68217","RANTE KURRA","5577"
"68218","RANTE LIMBONG","5577"
"68219","RANTE MARIO","5693"
"68220","RANTE MARIO","5583"
"68221","RANTE PASELE","5752"
"68222","RANTE UMA","5621"
"68223","RANTE","5520"
"68224","RANTE","5615"
"68225","RANTEBALLA","5683"
"68226","RANTEBELU","5665"
"68227","RANTEBUA SANGGALAGI","5676"
"68228","RANTEBUA SUMALU","5676"
"68229","RANTEBUA","5676"
"68230","RANTEDADA","5726"
"68231","RANTEPAKU TALLUNGLIPU","5731"
"68232","RANTEPAO","5752"
"68233","RANTETAYO","5762"
"68234","RAPPA","5535"
"68235","RAPPANG","5714"
"68236","RAPPOA","5610"
"68237","RAPPOALA","5697"
"68238","RAPPOCINI","5567"
"68239","RAPPOJAWA","5715"
"68240","RAPPOKALLING","5715"
"68241","RAPPOLEMBA","5697"
"68242","RARU SIBUNUAN","5628"
"68243","RATELE BI KAMBISA","5635"
"68244","RATTE BUTTU","5634"
"68245","RATTE TALONGE","5625"
"68246","RATTE","5637"
"68247","RAWAMANGUN","5588"
"68248","RAYA","5477"
"68249","RA\BUNG","5625"
"68250","REA TULAK LANGI","5625"
"68251","REMBO-REMBO","5566"
"68252","REMBON","5579"
"68253","REWATAYA","5558"
"68254","RIJANG PANUA","5474"
"68255","RIJANG PITTU","5495"
"68256","RINDING ALLO","5750"
"68257","RINDING BATU","5507"
"68258","RINDING KILA\ BALABATU","5748"
"68259","RINDINGALLO","5502"
"68260","RINJANI","5538"
"68261","RIWANG SELATAN","5665"
"68262","RIWANG","5665"
"68263","ROMANG LOMPOA","5666"
"68264","ROMANGLASA","5600"
"68265","ROMANGLOE","5666"
"68266","ROMANGPOLONG","5618"
"68267","ROMPE GADING","5543"
"68268","ROMPEGADING","5513"
"68269","ROMPU","5562"
"68270","ROROAN BARA-BARA","5621"
"68271","ROSSOAN","5733"
"68272","RUMAJU","5546"
"68273","RUMANDAN","5770"
"68274","RUMBIA","5687"
"68275","RUMPIA","5710"
"68276","SABALANA","5570"
"68277","SABARU","5741"
"68278","SABARU","5570"
"68279","SABBAMPARU (SAABBANG BARU)","5633"
"68280","SABBANG PARU","5548"
"68281","SABBANG","5549"
"68282","SABE","5756"
"68283","SABILA","5611"
"68284","SABINTANG","5540"
"68285","SADAR","5585"
"68286","SADAR","5624"
"68287","SAGA","5546"
"68288","SAILONG","5735"
"68289","SAILUS","5570"
"68290","SAKKOLI","5487"
"68291","SAKTI","5605"
"68292","SALAJENGKI (SALAJANGKI)","5703"
"68293","SALAJO","5703"
"68294","SALAKA","5540"
"68295","SALAMA","5549"
"68296","SALAMPE","5678"
"68297","SALASSA","5537"
"68298","SALASSA","5724"
"68299","SALASSAE","5557"
"68300","SALEBBA","5678"
"68301","SALEKOE","5652"
"68302","SALEKOE","5657"
"68303","SALEMBA","5569"
"68304","SALENRANG","5504"
"68305","SALI SALI","5548"
"68306","SALIPOLO","5737"
"68307","SALO DUA","5581"
"68308","SALO KARAJA","5662"
"68309","SALO","5659"
"68310","SALOBUKKANG","5661"
"68311","SALOBULO","5487"
"68312","SALOBULO","5633"
"68313","SALOHE","5671"
"68314","SALOMALORI","5661"
"68315","SALOMENRALENG","5526"
"68316","SALOSO","5752"
"68317","SALOTELLUE","5657"
"68318","SALOTENGNGA","5646"
"68319","SALU BORONAN","5625"
"68320","SALU DEWATA","5576"
"68321","SALU JAMBU","5531"
"68322","SALU PAO","5716"
"68323","SALU PAREMANG","5721"
"68324","SALU RANTE","5759"
"68325","SALU SOPAI","5759"
"68326","SALU","5625"
"68327","SALU","5759"
"68328","SALUALLO","5635"
"68329","SALUBARANI","5642"
"68330","SALUBATTANG","5626"
"68331","SALUBUA","5596"
"68332","SALUBUA","5725"
"68333","SALUINDUK","5575"
"68334","SALUKANAN","5565"
"68335","SALULEMO","5537"
"68336","SALULEMO","5588"
"68337","SALULINO","5679"
"68338","SALUPAREMANG SELATAN","5721"
"68339","SALUSANA","5534"
"68340","SALUTANDUNG","5625"
"68341","SALUTUBU","5679"
"68342","SAMAELO","5512"
"68343","SAMAENRE","5641"
"68344","SAMAENRE","5611"
"68345","SAMAENRE","5758"
"68346","SAMAENRE","5607"
"68347","SAMAENRE","5624"
"68348","SAMAENRE","5535"
"68349","SAMALEWA","5670"
"68350","SAMANGKI","5692"
"68351","SAMATA","5618"
"68352","SAMATARING","5691"
"68353","SAMATARING","5671"
"68354","SAMATURUE","5711"
"68355","SAMAULUE","5501"
"68356","SAMBALI","5620"
"68357","SAMBUEJA","5692"
"68358","SAMBUNG JAWA","5542"
"68359","SAMPA","5546"
"68360","SAMPANO","5534"
"68361","SAMPEANG","5682"
"68362","SAMPODDO","5667"
"68363","SAMPULUNGAN","5478"
"68364","SAMULANG","5546"
"68365","SANDABILIK","5680"
"68366","SANDANA","5566"
"68367","SANGBUA (SANGUBUA)","5507"
"68368","SANGIASSERI","5490"
"68369","SANGKALA","5632"
"68370","SANGLEPONGAN","5724"
"68371","SANGPEPARIKAN (SENGPOARIKAN)","5732"
"68372","SANGTANDUNG","5679"
"68373","SANJAI","5671"
"68374","SANRANGENG","5735"
"68375","SANREGO","5517"
"68376","SANRESENG ADE","5563"
"68377","SANROBONE","5587"
"68378","SAOHIRING","5607"
"68379","SAOTANRE","5607"
"68380","SAOTENGAH","5711"
"68381","SAOTENGNGA","5607"
"68382","SAPAN KUA KUA","5748"
"68383","SAPAN","5621"
"68384","SAPANANG","5555"
"68385","SAPANANG","5670"
"68386","SAPANANG","5632"
"68387","SAPAYA","5673"
"68388","SAPO BONTO","5557"
"68389","SAPOLOHE","5515"
"68390","SAPPA","5638"
"68391","SAPPE WALIE","5736"
"68392","SAPTAMARGA","5588"
"68393","SAPUKA","5570"
"68394","SARAGI","5590"
"68395","SARAMBU","5621"
"68396","SARAPEANG","5579"
"68397","SARIRA","5723"
"68398","SARONDA","5682"
"68399","SARURAN","5576"
"68400","SARUTANGA","5657"
"68401","SASAK","5566"
"68402","SASSA","5537"
"68403","SATANGER","5570"
"68404","SAUKANG","5671"
"68405","SAWAKONG","5594"
"68406","SAWARU","5651"
"68407","SAWERIGADING","5608"
"68408","SAWITO","5613"
"68409","SAWITTO","5659"
"68410","SA\ DAN ANDULAN","5771"
"68411","SA\ DAN BALLOPASANGE","5771"
"68412","SA\ DAN LIKU LAMBE","5771"
"68413","SA\ DAN MALIMBONG","5771"
"68414","SA\ DAN MATALLO","5771"
"68415","SA\ DAN PEBULIAN","5771"
"68416","SA\ DAN PESONDONGAN","5771"
"68417","SA\ DAN SANGKAROPI","5771"
"68418","SA\ DAN TIROALLO","5771"
"68419","SA\ DAN ULUSALU","5771"
"68420","SA\TANDUNG","5625"
"68421","SE PONG","5531"
"68422","SEBA-SEBA","5754"
"68423","SEBERANG","5593"
"68424","SEGERI","5601"
"68425","SELLI","5641"
"68426","SENDANA","5768"
"68427","SENGA SELATAN","5571"
"68428","SENGA","5571"
"68429","SENGENG PALIE","5593"
"68430","SENGENG PALIE","5761"
"68431","SENGKA","5703"
"68432","SEPAKAT","5562"
"68433","SEPEE","5505"
"68434","SEPPANG","5569"
"68435","SEPPONG","5756"
"68436","SEREALE","5644"
"68437","SEREANG","5495"
"68438","SERING","5743"
"68439","SERITI","5716"
"68440","SESE SALU (SESE\ALU)","5637"
"68441","SESEAN MATALLO","5757"
"68442","SETIAREJO","5531"
"68443","SE\SENG","5566"
"68444","SIAMBO","5576"
"68445","SIAME","5539"
"68446","SIAWUNG","5505"
"68447","SIBATUA","5510"
"68448","SICINI","5664"
"68449","SIDDO","5479"
"68450","SIDENRE","5555"
"68451","SIDENRENG (WATANG SIDENRENG)","5486"
"68452","SIDOBINANGUN","5722"
"68453","SIDOMAKMUR","5722"
"68454","SIDOMUKTI","5585"
"68455","SIDORAHARJO","5588"
"68456","SIENGKANG","5526"
"68457","SIJELLING","5483"
"68458","SIKKUALE","5737"
"68459","SIKUKU","5645"
"68460","SILLANAN","5642"
"68461","SIMA","5764"
"68462","SIMBANG","5692"
"68463","SIMBUANG BATUALLO","5764"
"68464","SIMBUANG","5726"
"68465","SIMBUANG","5764"
"68466","SIMPELLU","5468"
"68467","SIMPURSIA (SIMPURUSIA)","5472"
"68468","SINAJI","5506"
"68469","SINDU AGUNG","5551"
"68470","SINGA","5689"
"68471","SINGKI","5576"
"68472","SINGKI","5752"
"68473","SINRI JALA","5751"
"68474","SIPAENRE","5509"
"68475","SIPARAPPE","5659"
"68476","SIPATOKKONG","5659"
"68477","SIPATUO","5655"
"68478","SIPODECENG","5597"
"68479","SITAMPAE","5526"
"68480","SITEBA","5679"
"68481","SIWA","5468"
"68482","SIWOLONG POLONG","5758"
"68483","SOGA","5592"
"68484","SOGI","5471"
"68485","SOKKOLIA","5666"
"68486","SOLO","5564"
"68487","SOLO","5563"
"68488","SOLO","5735"
"68489","SOMBA PALIOLI","5509"
"68490","SOMBALA BELLA","5540"
"68491","SOMPE","5646"
"68492","SONGING","5490"
"68493","SONGKA","5667"
"68494","SOPA","5509"
"68495","SOREANG","5497"
"68496","SOREANG","5558"
"68497","SORO","5485"
"68498","SOROAKO / SOROAKU","5763"
"68499","SUBUR","5588"
"68500","SUDIANG RAYA","5719"
"68501","SUDIANG","5719"
"68502","SUDIRMAN","5494"
"68503","SUGIALE","5512"
"68504","SUKADAMAI","5588"
"68505","SUKADAMAI","5754"
"68506","SUKAHARAPAN","5588"
"68507","SUKAMAJU","5588"
"68508","SUKAMAJU","5711"
"68509","SUKAMUKTI","5588"
"68510","SUKARAYA","5585"
"68511","SULAKU","5742"
"68512","SULI","5709"
"68513","SULOARA","5757"
"68514","SUMABU","5546"
"68515","SUMALING","5622"
"68516","SUMARAMBU","5626"
"68517","SUMBANG","5724"
"68518","SUMBER AGUNG","5519"
"68519","SUMBER ALAM","5583"
"68520","SUMBER BARU","5588"
"68521","SUMBER HARUM","5654"
"68522","SUMBER MAKMUR","5519"
"68523","SUMBER WANGI","5654"
"68524","SUMBERDADI","5722"
"68525","SUMILLAN","5677"
"68526","SUMILLIN","5562"
"68527","SUMPANG BINANGAE","5505"
"68528","SUMPANG MINANGAE","5720"
"68529","SUMPANG MINANGAE","5482"
"68530","SUMPANGMANGO","5484"
"68531","SUMPIRA","5537"
"68532","SUNGGUMANAI","5708"
"68533","SUNGGUMINASA","5618"
"68534","SUPPIRANG","5548"
"68535","SUWA","5602"
"68536","SUWANGGA","5715"
"68537","SU\RULANGI","5699"
"68538","SWADAYA","5602"
"68539","SWATANI","5508"
"68540","TA","5672"
"68541","TABA (TABAH)","5754"
"68542","TABANG","5683"
"68543","TABARANO","5552"
"68544","TABARINGAN","5606"
"68545","TABAROGE","5538"
"68546","TABBAJA","5721"
"68547","TABBINJAI","5560"
"68548","TABI","5506"
"68549","TABO-TABO","5670"
"68550","TACCIMPO","5661"
"68551","TACCORONG","5604"
"68552","TACIPONG","5481"
"68553","TADANG PALIE","5737"
"68554","TADANG PALIE","5472"
"68555","TADANG PALIE","5656"
"68556","TADANG PALIE","5482"
"68557","TADANG PALIE","5736"
"68558","TADANGPALIE","5646"
"68559","TADOKKONG","5548"
"68560","TADONGKON","5507"
"68561","TADULAKO","5583"
"68562","TAENG","5694"
"68563","TAGARI TALLUNGLIPU","5731"
"68564","TAGARI","5529"
"68565","TAJO","5710"
"68566","TAJONG","5483"
"68567","TAKALAR KOTA","5558"
"68568","TAKKALALA","5652"
"68569","TAKKALALA","5667"
"68570","TAKKALASI","5574"
"68571","TAKKALASI","5495"
"68572","TALABANGI","5630"
"68573","TALAKA","5491"
"68574","TALAWE","5486"
"68575","TALIMBANGAN","5621"
"68576","TALION","5579"
"68577","TALLANG BULAWANG","5546"
"68578","TALLANG RILAU","5613"
"68579","TALLANG SURA\","5748"
"68580","TALLANG","5725"
"68581","TALLE","5490"
"68582","TALLO","5715"
"68583","TALLU BAMBA","5733"
"68584","TALLULOLO","5507"
"68585","TALLUNG PENANIAN","5728"
"68586","TALLUNG TONDOK","5693"
"68587","TALLUNGLIPU MATALLO","5731"
"68588","TALLUNGLIPU","5731"
"68589","TALLUNGURA","5724"
"68590","TALOTO","5660"
"68591","TALUMAE","5486"
"68592","TALUNGENG","5512"
"68593","TAMALABBA","5606"
"68594","TAMALANREA INDAH","5668"
"68595","TAMALANREA JAYA","5668"
"68596","TAMALANREA","5598"
"68597","TAMALANREA","5616"
"68598","TAMALANREA","5668"
"68599","TAMALATE","5478"
"68600","TAMALATEA","5663"
"68601","TAMALLAYANG","5600"
"68602","TAMAMAUNG","5751"
"68603","TAMAN ROYA","5698"
"68604","TAMANGAPA","5511"
"68605","TAMANGAPA","5491"
"68606","TAMANNYELENG","5649"
"68607","TAMAONA","5509"
"68608","TAMAONA","5560"
"68609","TAMARUNANG","5704"
"68610","TAMARUNANG","5618"
"68611","TAMARUPA","5653"
"68612","TAMASAJU","5478"
"68613","TAMATTO","5569"
"68614","TAMBANGAN","5632"
"68615","TAMBOKE","5588"
"68616","TAMBOLONGAN","5514"
"68617","TAMBUNA","5617"
"68618","TAMBUNAN","5723"
"68619","TAMMUA","5715"
"68620","TAMPA","5727"
"68621","TAMPAANG","5570"
"68622","TAMPAN BONGA","5582"
"68623","TAMPARANG KEKE","5542"
"68624","TAMPINNA","5564"
"68625","TAMPO MAKALE","5520"
"68626","TAMPO TALLUNGLIPU","5731"
"68627","TAMPO","5576"
"68628","TAMPO","5726"
"68629","TAMPUMIA RADDA","5571"
"68630","TAMPUMIA","5575"
"68631","TAMUKU","5585"
"68632","TANA RIGELLAN (TANAH RIGELLA)","5605"
"68633","TANABANGKA","5701"
"68634","TANABATUE","5602"
"68635","TANAH BERU","5515"
"68636","TANAH HARAPAN","5508"
"68637","TANAH JAYA","5632"
"68638","TANAH KONGKONG","5658"
"68639","TANAH LEMO","5515"
"68640","TANAH TENGA","5539"
"68641","TANAH TOWA","5632"
"68642","TANAHLOE","5545"
"68643","TANAKKARAENG","5663"
"68644","TANAMA KALEANG","5660"
"68645","TANAMALALA","5706"
"68646","TANAMANAI","5571"
"68647","TANAMMAWANG","5573"
"68648","TANATORO","5627"
"68649","TANCUNG","5524"
"68650","TANDUNG LA\BO\","5728"
"68651","TANDUNG NANGGALA","5615"
"68652","TANDUNG","5652"
"68653","TANDUNG","5549"
"68654","TANETE HARAPAN","5475"
"68655","TANETE","5576"
"68656","TANETE","5598"
"68657","TANETE","5557"
"68658","TANETE","5475"
"68659","TANETE","5581"
"68660","TANETE","5732"
"68661","TANETE","5495"
"68662","TANETE","5692"
"68663","TANETE","5740"
"68664","TANETE","5697"
"68665","TANETE","5754"
"68666","TANGKEBAJENG","5681"
"68667","TANGKOLI","5471"
"68668","TANGKORO","5468"
"68669","TANGRU","5693"
"68670","TANJONG","5575"
"68671","TANJONGA","5702"
"68672","TANJUNG MERDEKA","5554"
"68673","TANRA TUO","5737"
"68674","TANRARA","5703"
"68675","TANRONGI","5468"
"68676","TANRU TEDONG","5661"
"68677","TANTANAN TALLUNGLIPU","5731"
"68678","TANUNTUNG","5689"
"68679","TAPARAN UTARA","5762"
"68680","TAPONG","5581"
"68681","TAPONG","5624"
"68682","TAPPALE","5602"
"68683","TAPPANJENG","5753"
"68684","TAPPARAN","5762"
"68685","TAPPORANG","5629"
"68686","TARABBI","5528"
"68687","TARASU","5476"
"68688","TARAWEANG","5589"
"68689","TARENGGE TIMUR","5538"
"68690","TARENGGE","5538"
"68691","TARING","5631"
"68692","TARIPA","5564"
"68693","TAROADA","5477"
"68694","TAROBOK","5537"
"68695","TARONGKO","5520"
"68696","TAROWANG","5594"
"68697","TAROWANG","5499"
"68698","TARRA TALLU","5654"
"68699","TARRAMATEKKENG","5550"
"68700","TARUPA","5617"
"68701","TASANGTONGKONAN","5596"
"68702","TASIWALIE","5760"
"68703","TASSESE","5663"
"68704","TASSILILU","5516"
"68705","TASSIPI","5481"
"68706","TATAE","5533"
"68707","TAULAN","5738"
"68708","TAULO","5677"
"68709","TAWAKUA","5564"
"68710","TAWAROE","5735"
"68711","TA\BA","5596"
"68712","TEA MALALA","5736"
"68713","TEAMUSU","5736"
"68714","TEBBA","5639"
"68715","TEDDAOPU","5526"
"68716","TEDE","5596"
"68717","TEDEBOE","5742"
"68718","TEKOLABBUA","5510"
"68719","TELLANGKERE","5624"
"68720","TELLE","5496"
"68721","TELLESANG","5468"
"68722","TELLO BARU","5751"
"68723","TELLONGENG","5622"
"68724","TELLU BOCCOE","5622"
"68725","TELLU BOCCOE","5678"
"68726","TELLU LIMPOE","5710"
"68727","TELLU LIMPOE","5711"
"68728","TELLULIMPOE","5527"
"68729","TELLUMPANUA","5760"
"68730","TELLUMPANUA","5740"
"68731","TELLUMPANUAE","5611"
"68732","TELLUMPOCCOE","5467"
"68733","TELUK KAMPE","5706"
"68734","TEMAPPADDUAE","5467"
"68735","TEMBAN","5733"
"68736","TEMBOE","5534"
"68737","TEMMABARANG","5656"
"68738","TEMMALEBBA","5553"
"68739","TEMMASSARANGNGE","5647"
"68740","TEMPE","5735"
"68741","TEMPE","5526"
"68742","TENGAN","5726"
"68743","TENGNGA","5710"
"68744","TENRI PAKKUA","5761"
"68745","TENRIGANGKAE","5541"
"68746","TEPPO","5655"
"68747","TEPPO","5503"
"68748","TERANG-TERANG","5658"
"68749","TERASA","5516"
"68750","TEROMU","5551"
"68751","TERPEDO JAYA","5549"
"68752","TETE URI","5549"
"68753","TETEAJI","5503"
"68754","TETEBATU","5694"
"68755","TETEKANG","5682"
"68756","TETEWATU","5470"
"68757","TETTIKENGRARAE","5592"
"68758","TIBOJONG","5547"
"68759","TIBONA","5557"
"68760","TIBUSSAN","5683"
"68761","TIDUNG","5567"
"68762","TIKALA","5644"
"68763","TIMAMPU","5525"
"68764","TIMBUSENG","5708"
"68765","TIMBUSENG","5559"
"68766","TIMORENG PANUA","5714"
"68767","TIMPUSENG","5651"
"68768","TIMUNGAN LOMPOA","5599"
"68769","TIMURUNG","5496"
"68770","TIMUSU","5513"
"68771","TIMUSU","5736"
"68772","TINCO","5739"
"68773","TINDALLUN","5576"
"68774","TINDANG","5703"
"68775","TINGGIMAE","5649"
"68776","TINGKARA (TINGKARAN)","5652"
"68777","TINO","5499"
"68778","TIRO SOMPE","5720"
"68779","TIRO WALI","5565"
"68780","TIROAN","5566"
"68781","TIROANG","5765"
"68782","TIROBALI","5660"
"68783","TIROMANDA","5605"
"68784","TIROMANDA","5680"
"68785","TIRONG","5539"
"68786","TIROWALI","5727"
"68787","TO BALO","5550"
"68788","TO LADA","5652"
"68789","TO LEMO","5716"
"68790","TO LONG","5506"
"68791","TO PONGO","5531"
"68792","TOBALU","5733"
"68793","TOBARAKKA","5468"
"68794","TOBARU","5683"
"68795","TOBATANG","5472"
"68796","TOBULUNG","5553"
"68797","TOCINA","5735"
"68798","TOCINNONG","5481"
"68799","TODANG PULU","5503"
"68800","TODDO PULIA","5494"
"68801","TODDOLIMAE","5643"
"68802","TODDOPULI","5605"
"68803","TODDOTOA","5694"
"68804","TOGO-TOGO","5705"
"68805","TOKALIMBO","5525"
"68806","TOKASENG","5483"
"68807","TOKESAN","5628"
"68808","TOKKE","5652"
"68809","TOKKONAN","5733"
"68810","TOLANGI","5588"
"68811","TOLE","5525"
"68812","TOLO BARAT","5691"
"68813","TOLO SELATAN","5691"
"68814","TOLO TIMUR","5691"
"68815","TOLO UTARA","5691"
"68816","TOLO","5691"
"68817","TOLOTENRENG (TALOTENRENG)","5646"
"68818","TOMARUNDUNG","5619"
"68819","TOMBANG LANGDA","5759"
"68820","TOMBANG","5590"
"68821","TOMBO-TOMBOLO","5650"
"68822","TOMBOLO (TOMBO)","5691"
"68823","TOMBOLO","5545"
"68824","TOMBOLO","5618"
"68825","TOMENAWA","5565"
"68826","TOMONI","5583"
"68827","TOMPO BALANG","5599"
"68828","TOMPO BULU","5568"
"68829","TOMPO BULU","5643"
"68830","TOMPO TIKKA","5500"
"68831","TOMPO","5505"
"68832","TOMPOBALANG","5618"
"68833","TOMPOBULU","5717"
"68834","TOMPOBULU","5602"
"68835","TOMPOBULU","5687"
"68836","TOMPONG PATU","5517"
"68837","TOMPOTANA","5558"
"68838","TONASA","5568"
"68839","TONASA","5587"
"68840","TONASA","5560"
"68841","TONDON LANGI","5772"
"68842","TONDON MAMULLU","5520"
"68843","TONDON MATALLO","5772"
"68844","TONDON SIBA TA","5772"
"68845","TONDON","5772"
"68846","TONDONG","5624"
"68847","TONDONGKURA","5586"
"68848","TONGA RIU","5757"
"68849","TONGKE-TONGKE","5671"
"68850","TONGKO SARAPUNG","5713"
"68851","TONGKO","5603"
"68852","TONGKONAN BASSE","5748"
"68853","TONGKONAN BASSE","5623"
"68854","TONGLO","5762"
"68855","TONRALIPUE","5524"
"68856","TONROKASSI BARAT","5698"
"68857","TONROKASSI TIMUR","5698"
"68858","TONROKASSI","5698"
"68859","TONRONG RIJANG","5597"
"68860","TONRONGE","5597"
"68861","TONRONGE","5761"
"68862","TONRORITA","5631"
"68863","TONYAMANG","5655"
"68864","TOPANDA","5508"
"68865","TOPEJAWA","5580"
"68866","TORADDA (TORADA)","5562"
"68867","TORO","5547"
"68868","TOSORA","5710"
"68869","TOTAKA","5606"
"68870","TOTTONG","5743"
"68871","TOWALIDA","5487"
"68872","TOWATA","5559"
"68873","TOWONDO (TOWONDU)","5709"
"68874","TOYASA AKUNG","5582"
"68875","TO\ PAO","5579"
"68876","TO\ SAPAN","5680"
"68877","TO\BIA","5550"
"68878","TO\LAJUK","5683"
"68879","TRITIRO","5616"
"68880","TUA","5710"
"68881","TUARA","5733"
"68882","TUBAJENG","5681"
"68883","TUGONDENG","5689"
"68884","TUJU","5584"
"68885","TUKAMASEA","5489"
"68886","TULAK TALLU","5549"
"68887","TULUNG INDAH","5588"
"68888","TULUNG SARI","5588"
"68889","TUMALE","5727"
"68890","TUMAMPUA","5510"
"68891","TUMBANG DATU","5635"
"68892","TUMBU BARAK","5682"
"68893","TUNCUNG","5581"
"68894","TUNGKA","5733"
"68895","TUNGKE","5641"
"68896","TUNIKAMASEANG","5504"
"68897","TUNRENG TELLUE","5482"
"68898","TUPABIRING","5504"
"68899","TURATEA TIMUR","5698"
"68900","TURATEA","5698"
"68901","TURIKALE","5477"
"68902","TURU ADAE","5678"
"68903","TURUCINNAE","5593"
"68904","TURUNAN","5713"
"68905","TURUNGAN BAJI","5516"
"68906","TUWUNG","5505"
"68907","UGI","5646"
"68908","UJUNG BAJI","5587"
"68909","UJUNG BARU","5712"
"68910","UJUNG BARU","5524"
"68911","UJUNG BARU","5583"
"68912","UJUNG BULU","5687"
"68913","UJUNG BULU","5755"
"68914","UJUNG LABUANG","5760"
"68915","UJUNG LAMURU","5761"
"68916","UJUNG LARE","5712"
"68917","UJUNG MATTAJANG","5654"
"68918","UJUNG PANDANG BARU (MAKASSARDANG BARU)","5715"
"68919","UJUNG SABBANG","5755"
"68920","UJUNG SALANGKETO","5622"
"68921","UJUNG TANAH","5563"
"68922","UJUNG TANAH","5480"
"68923","UJUNG TANAH","5622"
"68924","UJUNG TANAH","5606"
"68925","UJUNG","5735"
"68926","UJUNG","5470"
"68927","UJUNG","5696"
"68928","UJUNGE","5524"
"68929","UJUNGE","5535"
"68930","UJUNGPERO","5646"
"68931","ULAWENG CINNONG","5736"
"68932","ULAWENG RIAJA","5481"
"68933","ULLIN","5579"
"68934","ULO","5483"
"68935","ULOE","5735"
"68936","ULU BALANG","5639"
"68937","ULUALE","5518"
"68938","ULUDAYA","5611"
"68939","ULUGALUNG","5609"
"68940","ULUJANGAN","5700"
"68941","ULUSADDANG","5548"
"68942","ULUSALU","5683"
"68943","ULUWAY (ULUWAI)","5726"
"68944","ULUWAY BARAT","5726"
"68945","UMPUNGENG","5662"
"68946","UNNYI","5735"
"68947","UNRA","5469"
"68948","UNTIA","5719"
"68949","URAIANG","5710"
"68950","URASO","5654"
"68951","URASU (URASO)","5596"
"68952","URENG","5539"
"68953","USA","5539"
"68954","USSU","5528"
"68955","WAE TUWOE","5501"
"68956","WAEKECCEE","5761"
"68957","WAELAWI","5522"
"68958","WAEMPUBBUE","5481"
"68959","WAEMPUTTANGE","5481"
"68960","WAETUO (WAETUWO)","5522"
"68961","WAETUO","5547"
"68962","WAETUWO (WAETUO)","5476"
"68963","WAETUWO","5524"
"68964","WAGE","5646"
"68965","WAJI","5483"
"68966","WAJO BARU","5599"
"68967","WAJORIAJA","5524"
"68968","WALA","5495"
"68969","WALA-WALAYA","5715"
"68970","WALANGA","5656"
"68971","WALENNAE (WALENAE)","5646"
"68972","WALENNAE","5672"
"68973","WALENRANG","5590"
"68974","WALIMPONG","5641"
"68975","WANASARI","5564"
"68976","WANIO TIMORENG","5498"
"68977","WANIO","5498"
"68978","WANUA WARU","5611"
"68979","WANUAWARU","5602"
"68980","WARA","5721"
"68981","WARA","5522"
"68982","WASUPONDA","5552"
"68983","WATALLIPUE","5526"
"68984","WATAMPANUA","5472"
"68985","WATAMPONE","5672"
"68986","WATAN RUMPIA","5710"
"68987","WATANG KASSA (MATTIROWALI)","5629"
"68988","WATANG PADACENGA (TURUMAME / PADACENGNGA)","5735"
"68989","WATANG PALAKKA","5718"
"68990","WATANG PULU","5760"
"68991","WATANG SUPPA","5760"
"68992","WATANG TA","5480"
"68993","WATANGCANI","5578"
"68994","WATANGPANUA","5564"
"68995","WATTANG BACUKIKI","5744"
"68996","WATTANG SOREANG","5712"
"68997","WATU","5512"
"68998","WATU","5480"
"68999","WATU","5592"
"69000","WATUTOA","5592"
"69001","WAWONDULA","5525"
"69002","WECUDAI","5472"
"69003","WELADO","5496"
"69004","WELE","5638"
"69005","WELENRENG","5475"
"69006","WELLULANG","5481"
"69007","WETTEE","5498"
"69008","WEWANGREWU","5524"
"69009","WEWANGRIU","5528"
"69010","WIRA KARYA","5613"
"69011","WIRINGPALENNAE","5526"
"69012","WIRINGTASI","5760"
"69013","WIWITAN","5531"
"69014","WOLLANGI","5512"
"69015","WONO","5660"
"69016","WONOKERTO","5588"
"69017","WONOREJO TIMUR","5551"
"69018","WONOREJO","5551"
"69019","WONOSARI","5588"
"69020","WORONGNGE","5646"
"69021","19 NOPEMBER","5773"
"69022","ABADI JAYA","5774"
"69023","ABEKO","5775"
"69024","ABELI DALAM","5776"
"69025","ABELI SAWA (ABELISAWAH)","5777"
"69026","ABELI","5778"
"69027","ABENGGI","5779"
"69028","ABOLA","5780"
"69029","ABUKI","5781"
"69030","ADAKA JAYA","5782"
"69031","ADAYU INDAH","5783"
"69032","ADAYU INDAH","5782"
"69033","ADINETE","5784"
"69034","AEPODU","5785"
"69035","AERE","5786"
"69036","AHILULU","5787"
"69037","AHUANGGULURI","5788"
"69038","AHUANGGULURI","5789"
"69039","AHUAWALI","5790"
"69040","AHUAWATU","5791"
"69041","AHUHU","5792"
"69042","AINANI TAJRIANI","5793"
"69043","AIR BAJO","5794"
"69044","AKACIPONG","5795"
"69045","AKUNI","5796"
"69046","ALAAHA","5787"
"69047","ALADADIO","5786"
"69048","ALAKAYA","5789"
"69049","ALANGGA","5783"
"69050","ALEBO","5797"
"69051","ALENGGE AGUNG","5783"
"69052","ALENGGO","5798"
"69053","ALEUTI","5781"
"69054","ALIPATO","5793"
"69055","ALO-ALO","5799"
"69056","ALO-OLOHO","5800"
"69057","ALOLAMA","5801"
"69058","ALOSI","5784"
"69059","ALOSIKA","5781"
"69060","AMANDETE","5802"
"69061","AMAROA","5800"
"69062","AMBAIPUA","5803"
"69063","AMBAKUMINA (AMBUKUMINA)","5785"
"69064","AMBALODANGGE","5785"
"69065","AMBAPA","5804"
"69066","AMBEKAERI UTAMA","5805"
"69067","AMBEKAIRI","5806"
"69068","AMBERI","5807"
"69069","AMBESEA","5785"
"69070","AMBEUA RAYA","5808"
"69071","AMBEUA","5808"
"69072","AMBODIAA","5809"
"69073","AMBOLOLI","5797"
"69074","AMBONIKI","5805"
"69075","AMBOPI","5810"
"69076","AMBUAU INDAH","5811"
"69077","AMBUAU TOGO","5811"
"69078","AMBULANU","5791"
"69079","AMERORO","5804"
"69080","AMERORO","5800"
"69081","AMESIU","5791"
"69082","AMOHALO","5797"
"69083","AMOHOLA","5812"
"69084","AMOITO JAYA","5813"
"69085","AMOITO SIAMA","5803"
"69086","AMOITO","5803"
"69087","AMOKUNI","5775"
"69088","AMOLAME","5814"
"69089","AMOLENGU","5784"
"69090","AMOMUTU","5815"
"69091","AMONDO (AMONDA)","5816"
"69092","AMONGGEDO BARU","5802"
"69093","AMONGGEDO","5802"
"69094","AMORERE (AMOROME)","5817"
"69095","AMOROME UTAMA","5817"
"69096","AMOSARA (AMASARA)","5788"
"69097","AMOSILU","5818"
"69098","AMOTOWO","5779"
"69099","AMOWE (AMOE)","5819"
"69100","AMPERA","5784"
"69101","ANAHINUNU","5802"
"69102","ANAIWOI","5820"
"69103","ANAIWOI","5821"
"69104","ANALAHUMBUTI","5822"
"69105","ANAWAI","5823"
"69106","ANAWUA","5824"
"69107","ANDABIA","5825"
"69108","ANDADOWI","5777"
"69109","ANDALAMBE","5810"
"69110","ANDAROA","5777"
"69111","ANDEO","5780"
"69112","ANDEPALI","5777"
"69113","ANDEPOSUNDE","5810"
"69114","ANDOLO UTAMA","5782"
"69115","ANDOLO","5783"
"69116","ANDOLUTO","5805"
"69117","ANDOMESINGGO","5818"
"69118","ANDOWENGGA","5826"
"69119","ANDOWIA","5814"
"69120","ANDUMOWU","5780"
"69121","ANDUNA","5785"
"69122","ANDUONOHU","5827"
"69123","ANEKA MARGA","5828"
"69124","ANESE","5783"
"69125","ANGATA","5829"
"69126","ANGGABERI","5825"
"69127","ANGGALOMELAI (ANGGOLOMELAI)","5778"
"69128","ANGGALOMOARE","5777"
"69129","ANGGALOOSI","5830"
"69130","ANGGILOWU","5801"
"69131","ANGGOEYA","5827"
"69132","ANGGOHU","5810"
"69133","ANGGOKOTI","5782"
"69134","ANGGOLOHIPO","5814"
"69135","ANGGONDARA","5789"
"69136","ANGGOPIU","5800"
"69137","ANGGOROBOTI","5785"
"69138","ANGGOTOA","5822"
"69139","ANGOHI","5809"
"69140","ANUGERAH","5831"
"69141","AOMA","5813"
"69142","AONUPE","5797"
"69143","AOPA","5829"
"69144","AOREO","5832"
"69145","AOSOLE","5789"
"69146","AROMBU","5806"
"69147","ARONGO","5779"
"69148","ARUBIA","5781"
"69149","ASAKI (ISAKI)","5807"
"69150","ASAMBU","5806"
"69151","ASAO","5810"
"69152","ASARIA","5779"
"69153","ASEMBU MULYA","5782"
"69154","ASEMI NUNULAI (ASEMINULAI)","5817"
"69155","ASERA","5817"
"69156","ASINGI","5796"
"69157","ASINOWOWO","5833"
"69158","ASINUA JAYA","5809"
"69159","ASINUA","5806"
"69160","ASIPAKO","5809"
"69161","ASOLU","5781"
"69162","ASUNDE","5818"
"69163","ATAKU","5783"
"69164","ATARI INDAH","5834"
"69165","ATARI JAYA","5834"
"69166","ATODOPOI","5781"
"69167","ATOLANU","5786"
"69168","ATOWATU","5835"
"69169","ATULA","5830"
"69170","AUNUPE","5813"
"69171","AWA","5815"
"69172","AWAINULU","5836"
"69173","AWALO","5837"
"69174","AWILA PUNCAK","5838"
"69175","AWILA","5838"
"69176","AWIU","5786"
"69177","AWO","5839"
"69178","AWOLO","5782"
"69179","AWUA JAYA","5809"
"69180","AWUA SARI","5809"
"69181","AWULITI (WAWULITI)","5807"
"69182","AWUNIO","5784"
"69183","BAADIA","5840"
"69184","BABA MOLINGKU","5841"
"69185","BABUSSALAM","5842"
"69186","BAHARI DUA","5843"
"69187","BAHARI MAKMUR","5844"
"69188","BAHARI TIGA","5843"
"69189","BAHARI","5843"
"69190","BAHARI","5845"
"69191","BAHARI","5846"
"69192","BAHARI","5847"
"69193","BAHO BUBU","5848"
"69194","BAHUTARA","5849"
"69195","BAINI","5777"
"69196","BAITO","5788"
"69197","BAITO","5785"
"69198","BAJO BAHARI","5850"
"69199","BAJO INDAH","5835"
"69200","BAJOE","5835"
"69201","BAKEALU","5851"
"69202","BAKERAMBA","5852"
"69203","BAKU-BAKU","5853"
"69204","BAKUTARU","5812"
"69205","BALANDETE","5854"
"69206","BALASARI","5841"
"69207","BALASUNA SELATAN","5808"
"69208","BALASUNA","5808"
"69209","BALIARA KEPULAUAN","5855"
"69210","BALIARA SELATAN","5855"
"69211","BALIARA","5855"
"69212","BALIMU","5811"
"69213","BALO","5856"
"69214","BALOBONE","5794"
"69215","BALUARA","5857"
"69216","BALUARA","5858"
"69217","BAMBAEA","5859"
"69218","BANABUNGI SELATAN","5860"
"69219","BANABUNGI","5860"
"69220","BANABUNGI","5836"
"69221","BANDAEHA","5838"
"69222","BANDAEHA","5861"
"69223","BANDAR BATAUGA","5862"
"69224","BANGA","5794"
"69225","BANGGAI","5863"
"69226","BANGGAREMA","5814"
"69227","BANGGINA (BANGGIMA)","5864"
"69228","BANGKALI","5865"
"69229","BANGKO","5774"
"69230","BANGKUDU (EREKE)","5866"
"69231","BANGSALA","5867"
"69232","BANGUN JAYA","5832"
"69233","BANGUN MEKAR","5848"
"69234","BANGUN SARI","5868"
"69235","BANGUN","5843"
"69236","BANTEA","5869"
"69237","BANU-BANUA JAYA","5866"
"69238","BAO-BAO","5777"
"69239","BARAKKAH","5870"
"69240","BARANGGA","5871"
"69241","BARANGKA","5872"
"69242","BARANGKA","5873"
"69243","BARASANGA","5780"
"69244","BAROWILA","5810"
"69245","BARUGA","5874"
"69246","BARUGA","5800"
"69247","BARUGA","5875"
"69248","BARUTA ANALAKI","5876"
"69249","BARUTA LESTARI","5876"
"69250","BARUTA","5876"
"69251","BASALA","5877"
"69252","BASULE","5780"
"69253","BATARAGURU","5878"
"69254","BATU ATAS LIWU","5879"
"69255","BATU GANDA PERMAI","5842"
"69256","BATU LAMBURI","5880"
"69257","BATU PUTIH","5793"
"69258","BATU PUTIH","5784"
"69259","BATU PUTIH","5795"
"69260","BATUAPI","5793"
"69261","BATUATAS BARAT","5879"
"69262","BATUATAS TIMUR","5879"
"69263","BATUAWU","5881"
"69264","BATUAWU","5882"
"69265","BATUBANAWA","5883"
"69266","BATULO","5878"
"69267","BATUMEA","5884"
"69268","BATUSAME INDAH","5885"
"69269","BAULA","5886"
"69270","BEA","5887"
"69271","BEKENGGASU INDAH","5783"
"69272","BELALO","5780"
"69273","BELATU","5791"
"69274","BENDE","5820"
"69275","BENDE","5864"
"69276","BENDE","5773"
"69277","BENDEWUTA","5861"
"69278","BENDEWUTA","5875"
"69279","BENTE","5887"
"69280","BENTE","5858"
"69281","BENTENG","5888"
"69282","BENU-BENUA","5889"
"69283","BENUA NIRAE","5778"
"69284","BENUA UTAMA","5837"
"69285","BENUA","5802"
"69286","BENUA","5837"
"69287","BERINGIN","5890"
"69288","BERO","5891"
"69289","BESU","5892"
"69290","BESULUTU","5818"
"69291","BIMA MAROA","5783"
"69292","BIRA","5893"
"69293","BIRU","5859"
"69294","BISIKORI","5812"
"69295","BIWINAPADA","5882"
"69296","BOBOLIO","5853"
"69297","BOEARA","5871"
"69298","BOENAGA","5780"
"69299","BOEPINANG BARAT","5871"
"69300","BOEPINANG","5871"
"69301","BOKORI","5835"
"69302","BOLA","5862"
"69303","BOLO","5894"
"69304","BOLOSO","5829"
"69305","BOMBA-BOMBA","5796"
"69306","BOMBONAWULU","5869"
"69307","BONDOALA","5777"
"69308","BONE BONE","5857"
"69309","BONE KANCITALA","5895"
"69310","BONE LOLIBU","5895"
"69311","BONE MARAMBE","5883"
"69312","BONE TONDO","5895"
"69313","BONE-BONE","5896"
"69314","BONEA","5868"
"69315","BONEATIRO BARAT","5873"
"69316","BONEATIRO","5873"
"69317","BONEGUNU","5897"
"69318","BONELALO","5888"
"69319","BONELIPU","5866"
"69320","BONEOGE","5898"
"69321","BONGGOEYA","5823"
"69322","BORO-BORO LAMEURU","5775"
"69323","BORO-BORO R","5803"
"69324","BOSE BOSE","5822"
"69325","BOU","5786"
"69326","BUBU BARAT","5858"
"69327","BUBU","5858"
"69328","BUGI","5899"
"69329","BUKE","5782"
"69330","BUKIT ASRI","5873"
"69331","BUKIT BARU","5793"
"69332","BUKIT PERMAI","5900"
"69333","BUKIT TINGGI","5793"
"69334","BUKIT WOLIO INDAH","5878"
"69335","BULUMANAI","5841"
"69336","BUMBU","5901"
"69337","BUMI INDAH","5902"
"69338","BUMI LAPERO / LAPERA","5903"
"69339","BUMI RAYA","5783"
"69340","BUNGGUOSU","5833"
"69341","BUNGGUOSU","5799"
"69342","BUNGI","5904"
"69343","BUNGI","5883"
"69344","BUNGI","5905"
"69345","BUNGI-BUNGI","5856"
"69346","BUNGIN PERMAI","5796"
"69347","BUNGKOLO","5872"
"69348","BUNGKUTOKO","5778"
"69349","BURANGA","5897"
"69350","BURANGA","5808"
"69351","BURANGASI RUMBIA","5906"
"69352","BURANGASI","5906"
"69353","BUSOA","5862"
"69354","BUTUNG-BUTUNG","5907"
"69355","CEMPEDAK","5908"
"69356","CIALAM JAYA","5797"
"69357","CULAMBATU","5909"
"69358","DAMAI LABORONA","5897"
"69359","DANA","5865"
"69360","DANAGOA","5910"
"69361","DANGIA","5830"
"69362","DAPU-DAPURA","5889"
"69363","DARAWA","5911"
"69364","DARIANGO","5794"
"69365","DAWI-DAWI","5912"
"69366","DAWI-DAWI","5875"
"69367","DELANG DELANG","5793"
"69368","DETE","5846"
"69369","DIMBA","5848"
"69370","DIOLO","5892"
"69371","DODA BAHARI","5876"
"69372","DOMPO-DOMPO JAYA","5913"
"69373","DONGGALA","5914"
"69374","DONGKALA","5856"
"69375","DONGKALA","5836"
"69376","DONGKALAEA","5915"
"69377","DOULE","5916"
"69378","DUDURIA","5803"
"69379","DUNGGUA","5802"
"69380","DURIAASI","5875"
"69381","EELAHAJI","5866"
"69382","EEMOKOLO (EEOMOKOLA)","5917"
"69383","EEN SUMALA","5897"
"69384","EEWA","5789"
"69385","ENANO","5918"
"69386","ENDANGA","5779"
"69387","EPEESI","5877"
"69388","EPEEYA","5781"
"69389","E\ERINERE","5893"
"69390","FONGKANIWA","5910"
"69391","GALA","5774"
"69392","GALANTI","5905"
"69393","GALU","5777"
"69394","GARUDA","5781"
"69395","GAYABARU","5906"
"69396","GERAK MAKMUR","5843"
"69397","GHONSUME","5863"
"69398","GONDA BARU","5899"
"69399","GONE BALANO","5863"
"69400","GUALI","5852"
"69401","GUMAMANO","5794"
"69402","GUNDU GUNDU","5919"
"69403","GUNUNG JATI","5920"
"69404","GUNUNG JAYA","5830"
"69405","GUNUNG JAYA","5844"
"69406","GUNUNG SARI","5897"
"69407","GUNUNG SARI","5921"
"69408","GUNUNG SEJUK","5843"
"69409","HAKA","5922"
"69410","HAKATUTOBU","5912"
"69411","HAMBAWA INDAH","5885"
"69412","HARAPAN JAYA","5811"
"69413","HENDEA","5843"
"69414","HIALU UTAMA","5909"
"69415","HOLIMOMBO JAYA","5836"
"69416","HOLIMOMBO","5850"
"69417","HONGOA","5791"
"69418","HOPA-HOPA","5822"
"69419","HORODOPI","5837"
"69420","HORODOPI","5923"
"69421","HORUO (HARUO)","5808"
"69422","HUDOA","5833"
"69423","HUKAEA","5828"
"69424","HUKO HUKO","5912"
"69425","INALAHI","5822"
"69426","INDUHA","5924"
"69427","INEBENGGI","5923"
"69428","INOLOBU","5822"
"69429","INOLOBUNGGADUE","5806"
"69430","INOTU","5786"
"69431","INULU","5883"
"69432","IWOI MENDORO","5877"
"69433","IWOIKONDO","5925"
"69434","IWOIMEA JAYA","5786"
"69435","IWOIMENDA","5914"
"69436","IWOIMENGGURA","5786"
"69437","IWOIMOPURO","5914"
"69438","JABAL KUBIS","5839"
"69439","JABAL NUR","5839"
"69440","JAMPAKA","5866"
"69441","JATI BALI","5775"
"69442","JATI MEKAR","5920"
"69443","JAYA BAKTI","5843"
"69444","JAYA MAKMUR","5926"
"69445","KABANGKA","5927"
"69446","KABAWAKOLE","5836"
"69447","KABITA TOGO","5928"
"69448","KABITA","5928"
"69449","KADACUA","5866"
"69450","KADIA","5820"
"69451","KADOLO KATAPI","5878"
"69452","KADOLO","5929"
"69453","KADOLOMOKO","5929"
"69454","KAFO FOO","5849"
"69455","KAHIYANGA (KAHIANGA)","5846"
"69456","KAHULUNGAYA","5836"
"69457","KAIMBULAWA","5882"
"69458","KAINDI","5832"
"69459","KAISABU BARU","5899"
"69460","KAKENAUWE","5888"
"69461","KALAERO","5831"
"69462","KALAHUNDE","5793"
"69463","KALI BARU","5795"
"69464","KALIA LIA","5930"
"69465","KALIBU","5866"
"69466","KALIDAWA","5931"
"69467","KALIMAS","5808"
"69468","KALO","5819"
"69469","KALO-KALO","5832"
"69470","KALOLOA","5815"
"69471","KALU-KALUKU","5839"
"69472","KAMAMA MEKAR","5869"
"69473","KAMARU","5888"
"69474","KAMBAWUNA","5887"
"69475","KAMBOWA","5858"
"69476","KAMBU","5932"
"69477","KAMBULABULANA","5836"
"69478","KAMELANTA","5873"
"69479","KAMISI","5839"
"69480","KAMOALI","5933"
"69481","KAMOSOPE","5901"
"69482","KAMPANI","5934"
"69483","KAMPEONAHO","5935"
"69484","KAMPO-KAMPO (KOMPO-KOMPO)","5926"
"69485","KAMPOBALANO","5936"
"69486","KAMPOBUNGA","5780"
"69487","KAMPUNG BARU","5937"
"69488","KAMPUNG SALO","5920"
"69489","KANAPA-NAPA","5794"
"69490","KANCE BUNGI","5794"
"69491","KANCINAA","5836"
"69492","KANDAI","5920"
"69493","KANGKUNAWE (LANGKUNAWE)","5774"
"69494","KANTALAI","5930"
"69495","KAOBULA","5896"
"69496","KAOFE","5860"
"69497","KAONGKEONGKEA","5836"
"69498","KAPOA BARAT","5860"
"69499","KAPOA","5860"
"69500","KAPOIALA BARU","5938"
"69501","KAPOIALA","5938"
"69502","KAPOLANO","5939"
"69503","KAPOTA UTARA","5928"
"69504","KAPOTA","5928"
"69505","KAPU JAYA","5789"
"69506","KAPUWILA","5834"
"69507","KARAE","5882"
"69508","KARANDU","5822"
"69509","KARYA BAKTI","5903"
"69510","KARYA BARU","5940"
"69511","KARYA BARU","5899"
"69512","KARYA JAYA","5844"
"69513","KARYA MULYA","5903"
"69514","KASABOLO","5871"
"69515","KASAKA","5887"
"69516","KASAKAMU","5852"
"69517","KASEBO","5829"
"69518","KASIMPA JAYA","5870"
"69519","KASIPUTE","5916"
"69520","KASTARIB","5871"
"69521","KASTURA","5921"
"69522","KASULATOMBI","5903"
"69523","KASUMEETO","5941"
"69524","KASUMEIA","5942"
"69525","KASUMOKUNI","5875"
"69526","KASUPUTE","5822"
"69527","KASUWARI (KASUARI / KASWARI)","5911"
"69528","KASUWURA INDAH","5781"
"69529","KATAMPE","5933"
"69530","KATANGANA","5870"
"69531","KATELA","5943"
"69532","KATILOMBU","5843"
"69533","KATOBENGKE","5944"
"69534","KATOBU","5934"
"69535","KATOI","5945"
"69536","KATUKOBARI","5919"
"69537","KAUMBU","5905"
"69538","KAWITE WITE","5887"
"69539","KEISIO","5946"
"69540","KEMARAYA","5889"
"69541","KEMBANG MOMINASA","5774"
"69542","KENDARI CADDI","5920"
"69543","KESSILAMPE","5920"
"69544","KIAEA","5789"
"69545","KILAMBIBITO","5849"
"69546","KINAPANI MAKMUR","5811"
"69547","KOBORUNO","5897"
"69548","KOEONO","5816"
"69549","KOEPISINO","5897"
"69550","KOHOLIFANO","5901"
"69551","KOHOLIMOMBONA","5850"
"69552","KOKAPI","5939"
"69553","KOKOE","5947"
"69554","KOLAKAASIH","5924"
"69555","KOLASA","5948"
"69556","KOLESE","5930"
"69557","KOLESE","5949"
"69558","KOLLO SOHA","5950"
"69559","KOLOMBI MATAUSU","5951"
"69560","KOLONO","5784"
"69561","KOLOSUA","5909"
"69562","KOLOWA","5869"
"69563","KOMALA","5928"
"69564","KOMBA-KOMBA","5927"
"69565","KOMBELI","5836"
"69566","KOMBIKUNO","5952"
"69567","KOMBUNGO","5868"
"69568","KONAWE","5833"
"69569","KONAWE","5852"
"69570","KONAWEHA","5815"
"69571","KONDA","5797"
"69572","KONDARA","5941"
"69573","KONDO","5858"
"69574","KONDOANO","5953"
"69575","KONDONGIA","5894"
"69576","KONDONO","5908"
"69577","KONDOWA","5836"
"69578","KONGGAMEA","5777"
"69579","KONTU KOWUNA","5849"
"69580","KONTUMERE","5887"
"69581","KONTUMOLEPE","5910"
"69582","KONTUNAGA","5904"
"69583","KOREIHA","5890"
"69584","KORIHI","5894"
"69585","KOROE ONAWE","5954"
"69586","KOROHA","5839"
"69587","KORONUA","5779"
"69588","KORUMBA","5801"
"69589","KORUMBA","5822"
"69590","KOSALI","5941"
"69591","KOSAMBI","5837"
"69592","KOTA BANGUN","5803"
"69593","KOTA MAJU","5861"
"69594","KOTA MULYA","5817"
"69595","KOTANO WUNA","5910"
"69596","KOTAWO (KOTAWA)","5903"
"69597","KOWIOHA","5773"
"69598","KUKUTIO","5921"
"69599","KULAHI","5822"
"69600","KULATI (KULATE)","5846"
"69601","KUMAPO","5781"
"69602","KUMAPO","5942"
"69603","KUMBEWAHA","5844"
"69604","KUMORO","5912"
"69605","KURAA","5844"
"69606","KURATAO","5909"
"69607","KUROLABU","5893"
"69608","KUSAMBI","5852"
"69609","LA EA","5795"
"69610","LAANGKE","5866"
"69611","LAANOIPI","5897"
"69612","LAANOSANGIA (LANOSANGIA)","5893"
"69613","LABA JAYA","5955"
"69614","LABAHA","5865"
"69615","LABALAWA","5944"
"69616","LABARAGA","5955"
"69617","LABASA","5931"
"69618","LABEAU","5915"
"69619","LABELA","5818"
"69620","LABELETE","5893"
"69621","LABENGKI","5780"
"69622","LABIBIA","5801"
"69623","LABIPI","5956"
"69624","LABISA","5915"
"69625","LABOKEO","5785"
"69626","LABOKOLO","5957"
"69627","LABONE","5868"
"69628","LABOTAONE","5908"
"69629","LABOTOY","5938"
"69630","LABUAN BAJO","5955"
"69631","LABUAN BEROPA","5908"
"69632","LABUAN WALIO","5955"
"69633","LABUAN","5955"
"69634","LABUANDIRI","5844"
"69635","LABUKO","5955"
"69636","LABULANDA","5903"
"69637","LABULAWA","5901"
"69638","LABULU-BULU","5948"
"69639","LABUNGGA","5814"
"69640","LABUNIA","5851"
"69641","LABUNTI","5868"
"69642","LABURUNCI","5836"
"69643","LADAHAI","5914"
"69644","LADIANTA","5848"
"69645","LADONGI (JAYA)","5830"
"69646","LADUMPI","5958"
"69647","LAEA","5955"
"69648","LAENDE","5907"
"69649","LAEYA","5785"
"69650","LAFINDE","5872"
"69651","LAGADI","5959"
"69652","LAGASA","5863"
"69653","LAGHONTOGHE  /  LAHONTOHE","5910"
"69654","LAGILI","5883"
"69655","LAGIWAE","5808"
"69656","LAGONGGA (LONGONGGA)","5926"
"69657","LAGUNDI","5858"
"69658","LAHABARU","5960"
"69659","LAHAJI","5952"
"69660","LAHAMOKO JAYA","5858"
"69661","LAHIMBUA","5814"
"69662","LAHONGGUMBI","5791"
"69663","LAHORIO","5849"
"69664","LAHUNDAPE","5889"
"69665","LAHUTUTU","5875"
"69666","LAIBA","5948"
"69667","LAIKAHA","5803"
"69668","LAIKANDONGA","5775"
"69669","LAILANGGA","5934"
"69670","LAIMEO","5939"
"69671","LAIMPI","5887"
"69672","LAINEA","5832"
"69673","LAIWORU","5961"
"69674","LAKABU","5957"
"69675","LAKALAMBA","5936"
"69676","LAKAMBAU","5862"
"69677","LAKANAHA","5934"
"69678","LAKANDITO","5927"
"69679","LAKAPERA","5869"
"69680","LAKAPODO","5865"
"69681","LAKARA","5816"
"69682","LAKARAMA","5847"
"69683","LAKARINTA","5894"
"69684","LAKAUDUMA","5904"
"69685","LAKAUDUMA","5865"
"69686","LAKAWOGHE","5852"
"69687","LAKITO","5824"
"69688","LAKOLOGOU (LAKOLOGUO)","5929"
"69689","LAKOLOGOU","5910"
"69690","LAKOMEA","5779"
"69691","LAKOMEA","5812"
"69692","LAKOMEA","5958"
"69693","LAKOMEA","5777"
"69694","LAKONEA","5866"
"69695","LAKUDO","5898"
"69696","LAKUROA (LAKORUA)","5919"
"69697","LALEMBA","5959"
"69698","LALEMBO","5939"
"69699","LALEMBU JAYA","5834"
"69700","LALIBO","5919"
"69701","LALIMBUE JAYA","5938"
"69702","LALIMBUE","5938"
"69703","LALINGATO","5962"
"69704","LALO WATU","5796"
"69705","LALOA","5885"
"69706","LALOBAO","5783"
"69707","LALODATI","5776"
"69708","LALOEHA","5854"
"69709","LALOHAO","5875"
"69710","LALOLAE","5946"
"69711","LALOLARA","5932"
"69712","LALOLE","5933"
"69713","LALOLERE","5786"
"69714","LALOMBAA","5854"
"69715","LALOMBONDA","5902"
"69716","LALOMBUNDI","5941"
"69717","LALONAHA","5914"
"69718","LALONGGALUKU","5892"
"69719","LALONGGAPU","5779"
"69720","LALONGGASU","5796"
"69721","LALONGGATU","5790"
"69722","LALONGGOLOSUA","5821"
"69723","LALONGGOMBU","5783"
"69724","LALONGGOMBU","5832"
"69725","LALONGGOMBUNO","5938"
"69726","LALONGGOPI","5914"
"69727","LALONGGOWUNA","5810"
"69728","LALONONA","5802"
"69729","LALOONAHA","5790"
"69730","LALOSABILA","5822"
"69731","LALOSINGI","5946"
"69732","LALOSINGI","5953"
"69733","LALOUESAMBA","5834"
"69734","LALOUMERA","5818"
"69735","LALOUSU","5875"
"69736","LALOWARU","5780"
"69737","LALOWARU","5963"
"69738","LALOWATA","5805"
"69739","LALOWIU","5797"
"69740","LALOWOSULA / LALOWOSUKA","5830"
"69741","LALOWUA","5816"
"69742","LALOWURA","5925"
"69743","LALUME","5793"
"69744","LAMAEO","5887"
"69745","LAMALUO (LAMOLUO)","5900"
"69746","LAMANGGA","5840"
"69747","LAMANGGAU","5950"
"69748","LAMANINGGARA","5933"
"69749","LAMAPU","5784"
"69750","LAMARA","5837"
"69751","LAMBAI","5964"
"69752","LAMBAKARA","5785"
"69753","LAMBALE","5856"
"69754","LAMBALE","5903"
"69755","LAMBANDIA","5877"
"69756","LAMBANDIA","5834"
"69757","LAMBANDIA","5786"
"69758","LAMBANGI","5784"
"69759","LAMBANGI","5875"
"69760","LAMBELU","5949"
"69761","LAMBIKU","5965"
"69762","LAMBODI JAYA","5834"
"69763","LAMBOLEMO","5815"
"69764","LAMBOO","5812"
"69765","LAMBOPINI","5914"
"69766","LAMBUDONI","5814"
"69767","LAMBULUO","5864"
"69768","LAMBUNO","5945"
"69769","LAMBUSA","5797"
"69770","LAMBUSANGO TIMUR","5873"
"69771","LAMBUSANGO","5873"
"69772","LAMBUYA","5807"
"69773","LAMEBARA (LAMIBARA)","5953"
"69774","LAMEDAI","5821"
"69775","LAMEKONGGA","5773"
"69776","LAMELAY","5792"
"69777","LAMELORI (LAMOLORI)","5953"
"69778","LAMENDORA","5938"
"69779","LAMEONG-MEONG","5841"
"69780","LAMEORU","5861"
"69781","LAMERORO","5916"
"69782","LAMERURU (LAMEURU)","5775"
"69783","LAMERURU","5798"
"69784","LAMETONO","5780"
"69785","LAMETUNA","5839"
"69786","LAMOAHI","5893"
"69787","LAMOARE","5925"
"69788","LAMOARE","5966"
"69789","LAMOEN","5829"
"69790","LAMOERI","5829"
"69791","LAMOIKO","5821"
"69792","LAMOKATO","5854"
"69793","LAMOKULA","5963"
"69794","LAMOKUNI","5875"
"69795","LAMOMEA","5797"
"69796","LAMONAE UTAMA","5909"
"69797","LAMONAE","5909"
"69798","LAMONDOWO","5814"
"69799","LAMONG JAYA","5785"
"69800","LAMONGGI","5918"
"69801","LAMONGUPA","5884"
"69802","LAMOOSO","5829"
"69803","LAMORENDE","5910"
"69804","LAMOTAU","5784"
"69805","LAMPALA JAYA (DAMPALA JAYA)","5903"
"69806","LAMPARINGA","5909"
"69807","LAMPATA","5937"
"69808","LAMPEANTANI","5958"
"69809","LAMPEAPI","5884"
"69810","LAMPOPALA","5916"
"69811","LAMUNDE","5804"
"69812","LAMUNDE","5921"
"69813","LAMURU","5951"
"69814","LANA","5914"
"69815","LANDABARO","5829"
"69816","LANDAWE UTAMA","5909"
"69817","LANDAWE","5861"
"69818","LANDIPO","5812"
"69819","LANDIWO","5909"
"69820","LANDOLIA","5967"
"69821","LANDONO DUA","5779"
"69822","LANDONO","5779"
"69823","LANGARA BAJO","5900"
"69824","LANGARA INDAH","5900"
"69825","LANGARA IWAWO","5900"
"69826","LANGARA LAUT","5900"
"69827","LANGERE","5897"
"69828","LANGGAPULU","5784"
"69829","LANGGE","5911"
"69830","LANGGEA INDAH","5829"
"69831","LANGGEA","5781"
"69832","LANGGEA","5803"
"69833","LANGGEO UTAMA","5817"
"69834","LANGGIKIMA (LANGGI KIMA)","5798"
"69835","LANGGOMALI","5914"
"69836","LANGGOMEA","5800"
"69837","LANGGONAWE","5875"
"69838","LANGGOWALA","5784"
"69839","LANGKADUE","5831"
"69840","LANGKEMA","5881"
"69841","LANGKOMU","5919"
"69842","LANGKORONI","5968"
"69843","LANGKOWALA","5831"
"69844","LANGKU-LANGKU","5957"
"69845","LANGKUMAPO","5965"
"69846","LANIPA","5956"
"69847","LANIPA-NIPA","5945"
"69848","LANOBAKE (LAANO BAKE)","5857"
"69849","LANONGGASAI","5875"
"69850","LANOWULU","5796"
"69851","LANSILOWO","5915"
"69852","LANTAGI","5866"
"69853","LANTARI","5831"
"69854","LANTO WONUA (LANTAWONUA)","5916"
"69855","LANTO","5896"
"69856","LANTO","5919"
"69857","LANTOI (LONTOI)","5882"
"69858","LANTONGAU","5919"
"69859","LANTOWUA","5828"
"69860","LAOMPO","5862"
"69861","LAONTI","5908"
"69862","LAOSU JAYA","5892"
"69863","LAOSU","5892"
"69864","LAPADAKU","5959"
"69865","LAPADINDI","5910"
"69866","LAPAI","5890"
"69867","LAPANAIRI (LAMPANAIRI)","5862"
"69868","LAPANDEWA JAYA","5906"
"69869","LAPANDEWA KAIDEA","5906"
"69870","LAPANDEWA MAKMUR","5906"
"69871","LAPANDEWA","5903"
"69872","LAPANDEWA","5906"
"69873","LAPANGISI","5923"
"69874","LAPAO-PAO","5914"
"69875","LAPARA","5882"
"69876","LAPASI-PASI","5964"
"69877","LAPOA INDAH","5783"
"69878","LAPOA","5796"
"69879","LAPODI","5836"
"69880","LAPODIDI","5904"
"69881","LAPOKAINSE","5852"
"69882","LAPOLE","5968"
"69883","LAPOLEA","5872"
"69884","LAPOLU","5969"
"69885","LAPUKO","5812"
"69886","LAPULU","5778"
"69887","LAPULU","5799"
"69888","LAPULU","5796"
"69889","LAPULU","5970"
"69890","LARA","5962"
"69891","LARAMO","5799"
"69892","LARETE","5966"
"69893","LAROBENDE","5814"
"69894","LARODANGGE","5780"
"69895","LAROLANU (LAROMANU)","5917"
"69896","LAROMPANA","5909"
"69897","LARONAGA (LARONANGA)","5814"
"69898","LAROONAHA","5861"
"69899","LAROWIU","5792"
"69900","LARUI","5867"
"69901","LASADA","5809"
"69902","LASALEPA","5868"
"69903","LASALIMU","5811"
"69904","LASAMA","5943"
"69905","LASEMBANGI","5888"
"69906","LASIROKU","5914"
"69907","LASIWA","5955"
"69908","LASORI","5883"
"69909","LASOSO","5777"
"69910","LASOSODO","5934"
"69911","LASUAI","5796"
"69912","LASUNAPA","5863"
"69913","LASUSUA","5842"
"69914","LATALI","5956"
"69915","LATAMBAGA","5924"
"69916","LATAMPU (TAMPU)","5948"
"69917","LATAWARO","5964"
"69918","LATAWE","5952"
"69919","LATAWE","5971"
"69920","LATOMA JAYA","5805"
"69921","LATOMA","5806"
"69922","LATOMPA","5968"
"69923","LATOMPE","5959"
"69924","LATOWU","5793"
"69925","LATUGHO","5959"
"69926","LATUO","5815"
"69927","LAUKI","5903"
"69928","LAULUA (LAOLUA)","5808"
"69929","LAUMOSO","5909"
"69930","LAURU","5937"
"69931","LAWADA JAYA","5936"
"69932","LAWADIA","5969"
"69933","LAWAKI JAYA","5845"
"69934","LAWAMA","5931"
"69935","LAWATA","5819"
"69936","LAWATU EA (ES)","5940"
"69937","LAWEKARA","5967"
"69938","LAWELA SELATAN","5862"
"69939","LAWELA","5862"
"69940","LAWELE","5888"
"69941","LAWEY","5853"
"69942","LAWISATA","5908"
"69943","LAWOILA","5797"
"69944","LAWOLATU","5890"
"69945","LAWONUA","5818"
"69946","LAWORO","5943"
"69947","LAWULO","5825"
"69948","LAWULO","5815"
"69949","LAYWO JAYA","5970"
"69950","LEBO EA","5972"
"69951","LEBO JAYA","5797"
"69952","LEBO","5970"
"69953","LEFUTO (LEWUTO)","5808"
"69954","LELAMO","5893"
"69955","LELEKA","5813"
"69956","LELEWAWO","5793"
"69957","LELEWULU","5845"
"69958","LEMBAH SUBUR","5830"
"69959","LEMBO","5849"
"69960","LEMBO","5799"
"69961","LEMO (BONEROMBO)","5866"
"69962","LEMO EA","5866"
"69963","LEMOAMBO","5852"
"69964","LEMOBAJO","5780"
"69965","LENGKONG BATU","5793"
"69966","LENGORA PANTAI","5918"
"69967","LENGORA SELATAN","5918"
"69968","LENGORA","5918"
"69969","LENTEA","5911"
"69970","LEPO-LEPO","5874"
"69971","LEPPE","5835"
"69972","LERE JAYA","5786"
"69973","LERE","5877"
"69974","LEREPAKO","5785"
"69975","LIA BUKU","5935"
"69976","LIABALANO (LABALANO)","5904"
"69977","LIANGKOBORI","5894"
"69978","LIANO","5885"
"69979","LIANOSA","5931"
"69980","LIKU WALANAPO","5787"
"69981","LINDO","5934"
"69982","LINOMIOYO (LINOMOIYO)","5861"
"69983","LINSOWU","5866"
"69984","LIPU MASAGENA","5877"
"69985","LIPU","5944"
"69986","LIPU","5860"
"69987","LIPU","5866"
"69988","LIPUMANGAU","5843"
"69989","LIWU LOMPONA","5947"
"69990","LIWUMETINGKI","5901"
"69991","LIWUTO","5929"
"69992","LIYA ONE MELANGKA (LIYA ONEMAELANGKA)","5928"
"69993","LIYA TOGO","5928"
"69994","LIYAMAWI","5928"
"69995","LOEA","5925"
"69996","LOHIA","5894"
"69997","LOJI","5866"
"69998","LOKA","5962"
"69999","LOKA","5845"
"70000","LOLANGGASUMEETO","5902"
