"id","nama_desa","kecamatan_id"
"8001","HORISON RANGGIGIT","354"
"8002","HORSIK","674"
"8003","HORUAN","365"
"8004","HOTANG SASA","323"
"8005","HOU","478"
"8006","HOYA","671"
"8007","HUDOPA NAULI","675"
"8008","HULIM","302"
"8009","HULU (KAMPUNG HULU)","542"
"8010","HUMBANG I","533"
"8011","HUME","424"
"8012","HUMENE SIHENEASI","606"
"8013","HUMENE","437"
"8014","HUNO (HINO)","670"
"8015","HURABA II","313"
"8016","HURABA","553"
"8017","HURABA","337"
"8018","HURABA","313"
"8019","HURASE  /  HURARE","319"
"8020","HURISTAK","593"
"8021","HURLANG MUARA NAULI","675"
"8022","HURUNG JILOK","365"
"8023","HUSOR TOLANG (UNSOR TOLAN)","547"
"8024","HUTA BAGASAN","505"
"8025","HUTA BANGUN JAE","515"
"8026","HUTA BANGUN","515"
"8027","HUTA BANGUN","338"
"8028","HUTA BARA","302"
"8029","HUTA BARANGAN","418"
"8030","HUTA BARAT","676"
"8031","HUTA BARAT","664"
"8032","HUTA BARGOT DOLOK","523"
"8033","HUTA BARGOT LOMBANG","523"
"8034","HUTA BARGOT NAULI","523"
"8035","HUTA BARGOT SETIA","523"
"8036","HUTA BARGOT","308"
"8037","HUTA BARGOT","302"
"8038","HUTA BARINGIN TB","547"
"8039","HUTA BARINGIN","539"
"8040","HUTA BARINGIN","522"
"8041","HUTA BARINGIN","313"
"8042","HUTA BARINGIN","355"
"8043","HUTA BARU NANGKA","479"
"8044","HUTA BARU SIL","322"
"8045","HUTA BARU SIP","322"
"8046","HUTA BARU SIUNDOL","302"
"8047","HUTA BARU SOSOPAN","302"
"8048","HUTA BARU","332"
"8049","HUTA BARU","362"
"8050","HUTA BARU","355"
"8051","HUTA BAYU","464"
"8052","HUTA BOLON","348"
"8053","HUTA BULU MEJAN","307"
"8054","HUTA DAME","307"
"8055","HUTA DAME","586"
"8056","HUTA DANGKA","547"
"8057","HUTA DOLOK (LATONG)","331"
"8058","HUTA DURIAN","498"
"8059","HUTA GALUH","490"
"8060","HUTA GAMBIR","677"
"8061","HUTA GINJANG","553"
"8062","HUTA GINJANG","678"
"8063","HUTA GINJANG","428"
"8064","HUTA GINJANG","653"
"8065","HUTA GINJANG","360"
"8066","HUTA GINJANG","402"
"8067","HUTA GODANG MUDA","313"
"8068","HUTA GODANG","346"
"8069","HUTA GODANG","550"
"8070","HUTA GODANG","389"
"8071","HUTA GURGUR I","627"
"8072","HUTA GURGUR II","627"
"8073","HUTA GURGUR","334"
"8074","HUTA GURGUR","360"
"8075","HUTA HOLBUNG  /  HOLDUNG","319"
"8076","HUTA HOMBANG","359"
"8077","HUTA HOTANG","666"
"8078","HUTA IBUS","331"
"8079","HUTA IMBARU GIL","322"
"8080","HUTA IMBARU SIMUNDOL","326"
"8081","HUTA IMBARU","563"
"8082","HUTA IMBARU","292"
"8083","HUTA IMBARU","365"
"8084","HUTA JULU","677"
"8085","HUTA JULU","344"
"8086","HUTA KOJE PIJOR KOLING","654"
"8087","HUTA LAMBUNG","551"
"8088","HUTA LANCAT","677"
"8089","HUTA LIMBONG","654"
"8090","HUTA LOBU","320"
"8091","HUTA LOMBANG LUBIS","291"
"8092","HUTA LOMBANG","331"
"8093","HUTA LOMBANG","305"
"8094","HUTA LOMBANG","654"
"8095","HUTA LOMBANG","664"
"8096","HUTA LONTUNG","428"
"8097","HUTA NABOLON","309"
"8098","HUTA NAGODANG","428"
"8099","HUTA NAGODANG","602"
"8100","HUTA NAMORA","307"
"8101","HUTA NAMORA","348"
"8102","HUTA NAMORA","627"
"8103","HUTA NAULI","426"
"8104","HUTA NAULI","522"
"8105","HUTA NOPAN","331"
"8106","HUTA PADANG SM","547"
"8107","HUTA PADANG UP","389"
"8108","HUTA PADANG","505"
"8109","HUTA PADANG","319"
"8110","HUTA PADANG","679"
"8111","HUTA PADANG","654"
"8112","HUTA PADANG","677"
"8113","HUTA PARDOMUAN","298"
"8114","HUTA PARIK","314"
"8115","HUTA PASIR ULAK TANO","593"
"8116","HUTA PASIR","355"
"8117","HUTA PAUNG UTARA","344"
"8118","HUTA PAUNG","344"
"8119","HUTA POHAN","359"
"8120","HUTA PULI","547"
"8121","HUTA PULI","313"
"8122","HUTA PUNGKUT JAE","547"
"8123","HUTA PUNGKUT JULU","547"
"8124","HUTA PUNGKUT TONGA","547"
"8125","HUTA RAJA HASUNDUTAN","680"
"8126","HUTA RAJA LAMA","365"
"8127","HUTA RAJA TINGGI","390"
"8128","HUTA RAJA","493"
"8129","HUTA RAJA","673"
"8130","HUTA RAJA","522"
"8131","HUTA RAJA","313"
"8132","HUTA RAJA","355"
"8133","HUTA RAJA","680"
"8134","HUTA RAKJAT","549"
"8135","HUTA RAO","341"
"8136","HUTA RIHIT","681"
"8137","HUTA RIMBARU GB","338"
"8138","HUTA RIMBARU SM","547"
"8139","HUTA RIMBARU UP (HUTAIMBARU)","389"
"8140","HUTA RUHOM","357"
"8141","HUTA SAING","570"
"8142","HUTA SUHUT I","303"
"8143","HUTA TINGGI","348"
"8144","HUTA TINGGI","338"
"8145","HUTA TOMBAK","538"
"8146","HUTA TONGA AB","417"
"8147","HUTA TONGA BB","539"
"8148","HUTA TONGA TONGA","418"
"8149","HUTA TONGA","332"
"8150","HUTA TONGA","319"
"8151","HUTA TORAS","677"
"8152","HUTABAGASAN","334"
"8153","HUTABALANG","325"
"8154","HUTABARGOT SIMALANG","586"
"8155","HUTABARINGIN JULU","664"
"8156","HUTABARU","346"
"8157","HUTABULU","463"
"8158","HUTADIPAR","499"
"8159","HUTAGALUNG SIWALUOMPU","358"
"8160","HUTAGAOL PEATALUN (PEATALUM)","307"
"8161","HUTAGAOL SIHUJUR","627"
"8162","HUTAGINJANG","565"
"8163","HUTAGURGUR","367"
"8164","HUTAGURGUR","415"
"8165","HUTAIMBARU II","305"
"8166","HUTAIMBARU","479"
"8167","HUTAIMBARU","679"
"8168","HUTAJULU PARBALIK / PURBALIK","354"
"8169","HUTAJULU","316"
"8170","HUTAJULU","354"
"8171","HUTANAINGKAN","586"
"8172","HUTANAMALE","664"
"8173","HUTANAMORA","343"
"8174","HUTANOPAN","362"
"8175","HUTANOPAN","479"
"8176","HUTAPEA BANUAREA","358"
"8177","HUTARAJA HUTAJULU","350"
"8178","HUTARAJA","334"
"8179","HUTARAJA","327"
"8180","HUTARIMBARU","430"
"8181","HUTARIMBARU","523"
"8182","HUTARIMBARU","350"
"8183","HUTASOIT II","600"
"8184","HUTASOIT","600"
"8185","HUTATINGGI","354"
"8186","HUTATINGGI","664"
"8187","HUTATORUAN I","358"
"8188","HUTATORUAN III","358"
"8189","HUTATORUAN IV","358"
"8190","HUTATORUAN IX","358"
"8191","HUTATORUAN V","358"
"8192","HUTATORUAN VI","358"
"8193","HUTATORUAN VII","358"
"8194","HUTATORUAN VIII","358"
"8195","HUTATORUAN X","358"
"8196","HUTATORUAN XI","358"
"8197","HUTATUA","354"
"8198","HUTAURUK HASUNDUTAN (HUTARAJA SIMANUNGKALIT)","680"
"8199","HUTAURUK","680"
"8200","HUTAURUK","358"
"8201","IDALA JAYA","576"
"8202","IDANOTAE","437"
"8203","ILIR","573"
"8204","IMANA","486"
"8205","INDRA KASIH","508"
"8206","INDRA SAKTI","682"
"8207","INDRA YAMAN","521"
"8208","INDRAPURA KOTA","427"
"8209","INDRASAKTI","427"
"8210","INGUL JAE","327"
"8211","IODANO","670"
"8212","IPAR BONDAR","291"
"8213","IRANO LASE (IRAONO LASE)","640"
"8214","IRAONO GAMBO","632"
"8215","IRAONO LASE","371"
"8216","IRAONOGAILA","579"
"8217","IRAONOGEBA","573"
"8218","IRAONOGEBA","641"
"8219","IRIANI GAMBO","632"
"8220","JABA","556"
"8221","JABI-JABI","355"
"8222","JAGO JAGO","325"
"8223","JAHARUM A","495"
"8224","JAHARUM B","495"
"8225","JAMBU TONANG","355"
"8226","JAMBU","461"
"8227","JAMBUR BATU","322"
"8228","JAMBUR INDONESIA","683"
"8229","JAMBUR NAULI","358"
"8230","JAMBUR PADANG MATINGGI","586"
"8231","JAMBUR PULAU","297"
"8232","JANDI (JANDI MERIAH)","560"
"8233","JANDI MERIAH","660"
"8234","JANGGA DOLOK","343"
"8235","JANGGA TORUAN","343"
"8236","JANGGIR LETO","452"
"8237","JANJI HUTANAPA","540"
"8238","JANJI LOBI LIMA","331"
"8239","JANJI LOBI","430"
"8240","JANJI MANAHAN GUL","322"
"8241","JANJI MANAHAN SIL","322"
"8242","JANJI MANAHAN","357"
"8243","JANJI MANAHAN","551"
"8244","JANJI MANAON","319"
"8245","JANJI MARIA","308"
"8246","JANJI MARIA","367"
"8247","JANJI MARIA","684"
"8248","JANJI MARTAHAN","635"
"8249","JANJI MATOGU SIM","355"
"8250","JANJI MATOGU UR","357"
"8251","JANJI MATOGU","515"
"8252","JANJI MATOGU","322"
"8253","JANJI MATOGU","331"
"8254","JANJI MATOGU","666"
"8255","JANJI MATOGU","676"
"8256","JANJI MATOGU","323"
"8257","JANJI MAULI BARINGIN","298"
"8258","JANJI MAULI MT","319"
"8259","JANJI MAULI","551"
"8260","JANJI MAULI","303"
"8261","JANJI NAGODANG","316"
"8262","JANJI NAULI","602"
"8263","JANJI RAJA","357"
"8264","JANJI RAJA","618"
"8265","JANJI RAJA","365"
"8266","JANJI","496"
"8267","JANJI","334"
"8268","JANJI","683"
"8269","JANJIMANAHAN GNT","326"
"8270","JAPINULIK","479"
"8271","JARANGUDA","626"
"8272","JARING HALUS","625"
"8273","JATI BARU (SIDOARJO I)","492"
"8274","JATI KARYA","622"
"8275","JATI KUSUMA (KESUMA)","556"
"8276","JATI MAKMUR","622"
"8277","JATI MULIA","443"
"8278","JATI MULYO","584"
"8279","JATI NEGARA","622"
"8280","JATI REJO","492"
"8281","JATI SARI","528"
"8282","JATI UTOMO","622"
"8283","JATI","436"
"8284","JAWA BARU","464"
"8285","JAWA MARAJA","455"
"8286","JAWA TONGAH II","604"
"8287","JAWA TONGAH","604"
"8288","JEKE","487"
"8289","JENTERA STABAT","590"
"8290","JERAYA","580"
"8291","JINABUN","409"
"8292","JONGGI MANULUS","527"
"8293","JONGGI NIHUTA","343"
"8294","JORING LOMBANG","559"
"8295","JORING NATOBANG","559"
"8296","JORLANG HATARAN","451"
"8297","JORLANG HULUAN","500"
"8298","JUHAR (KAMPUNG JUHAR)","511"
"8299","JUHAR BARU","495"
"8300","JUHAR GINTING SADANIOGA","560"
"8301","JUHAR GINTING","560"
"8302","JUHAR PERANGIN-ANGIN","560"
"8303","JUHAR TARIGAN","560"
"8304","JUMA GERAT","588"
"8305","JUMA SIULOK","292"
"8306","JUMA TEGUH","292"
"8307","JUMA / JUMMA TOMBAK","661"
"8308","JUMANTUANG","292"
"8309","KABAN TENGAH","489"
"8310","KABAN","657"
"8311","KABANTUA","503"
"8312","KACARIBU","657"
"8313","KACINAMBUN","386"
"8314","KAFO KAFO","486"
"8315","KAHEAN","462"
"8316","KAHEAN","514"
"8317","KALANG SIMBARA","549"
"8318","KALANG","549"
"8319","KALANGAN","361"
"8320","KALEMBAK","369"
"8321","KAMPUNG BARU","496"
"8322","KAMPUNG BARU","312"
"8323","KAMPUNG BARU","436"
"8324","KAMPUNG BARU","586"
"8325","KAMPUNG BILAH","685"
"8326","KAMPUNG DALAM","512"
"8327","KAMPUNG DALAM","657"
"8328","KAMPUNG KAPAS I","526"
"8329","KAMPUNG KAPAS II","383"
"8330","KAMPUNG KAPAS","526"
"8331","KAMPUNG KELAPA","427"
"8332","KAMPUNG KRISTEN","498"
"8333","KAMPUNG LALANG","669"
"8334","KAMPUNG LALANG","443"
"8335","KAMPUNG LALANG","314"
"8336","KAMPUNG LAMA","610"
"8337","KAMPUNG MESJID","686"
"8338","KAMPUNG MUDIK","310"
"8339","KAMPUNG PADANG","687"
"8340","KAMPUNG PADANG","291"
"8341","KAMPUNG PAJAK","330"
"8342","KAMPUNG PINANG","504"
"8343","KAMPUNG SAWAH","480"
"8344","KAMPUNG SOLOK","310"
"8345","KAMPUNG YAMAN","293"
"8346","KANDANGAN","501"
"8347","KANDANGAN","609"
"8348","KANDIBATA","657"
"8349","KANTIN","548"
"8350","KAPAL MERAH","443"
"8351","KAPERAS","688"
"8352","KAPIAS BATU VIII","432"
"8353","KAPIAS PULAU BUAYA","591"
"8354","KARANG ANYAR","425"
"8355","KARANG ANYAR","584"
"8356","KARANG ANYAR","625"
"8357","KARANG ANYER","499"
"8358","KARANG ANYER","648"
"8359","KARANG ANYER / ANYAR","326"
"8360","KARANG AYER (ANYAR)","329"
"8361","KARANG BANGUN","633"
"8362","KARANG BARU","521"
"8363","KARANG BEROMBAK","651"
"8364","KARANG GADING","668"
"8365","KARANG GADING","625"
"8366","KARANG REJO","499"
"8367","KARANG REJO","422"
"8368","KARANG SARI","499"
"8369","KARANG TENGAH","460"
"8370","KARING","529"
"8371","KARO","349"
"8372","KARTINI","587"
"8373","KARTINI","351"
"8374","KARYA AMBALUTU","399"
"8375","KARYA JADI","552"
"8376","KARYA JAYA","689"
"8377","KARYA MAJU","469"
"8378","KARYA","403"
"8379","KARYA","682"
"8380","KASINDIR","451"
"8381","KAYU BESAR","511"
"8382","KAYU JATI","291"
"8383","KAYU LAUT","350"
"8384","KAYU OMBUN","548"
"8385","KEBAYAKEN","581"
"8386","KEBUN BALOK","590"
"8387","KEBUN KELAPA","625"
"8388","KEBUN LADA","622"
"8389","KEBUN LADA","543"
"8390","KEBUN PISANG","325"
"8391","KEBUN SAYUR BAH BUTONG","401"
"8392","KEBUN SAYUR","434"
"8393","KECUPAK I","421"
"8394","KECUPAK II","421"
"8395","KEDAI DAMAR","461"
"8396","KEDAI DURIAN","630"
"8397","KEDAI DURIAN","649"
"8398","KEDAI GEDANG","310"
"8399","KEDAI LEDANG","648"
"8400","KELAMBIR","447"
"8401","KELANTAN","690"
"8402","KELAPA BAJOHOR / BAJOHOM","460"
"8403","KELAPA SATU","495"
"8404","KELAPA SEBATANG","377"
"8405","KEM KEM","568"
"8406","KEMENANGAN TANI","691"
"8407","KEMPAWA","662"
"8408","KENANGAN BARU","411"
"8409","KENANGAN","411"
"8410","KENDIT LIANG","557"
"8411","KENTARA","614"
"8412","KEPALA SUNGAI","625"
"8413","KERAMAT GAJAH","495"
"8414","KERAMAT KUBAH","692"
"8415","KERAPUH","426"
"8416","KERASAAN I","501"
"8417","KERASAAN II","501"
"8418","KERIAHEN","560"
"8419","KESATUAN","297"
"8420","KESAWAN","651"
"8421","KETANGKUHEN","488"
"8422","KETAREN","657"
"8423","KETAWAREN","560"
"8424","KIDUPEN","560"
"8425","KILANG PAPAN","303"
"8426","KINALI","310"
"8427","KINANGKONG","615"
"8428","KINEPPEN","503"
"8429","KISARAN BARAT","619"
"8430","KISARAN BARU","619"
"8431","KISARAN KOTA","619"
"8432","KISARAN NAGA","648"
"8433","KISARAN TIMUR","648"
"8434","KLAMBIR LIMA KAMPUNG","613"
"8435","KLAMBIR LIMA KEBON","613"
"8436","KLAMBIR","613"
"8437","KLUMPANG KAMPUNG","613"
"8438","KLUMPANG KEBON","613"
"8439","KODON-KODON","387"
"8440","KOENDRAFO","605"
"8441","KOLAM","411"
"8442","KOLANG NAULI","675"
"8443","KORAJIM","369"
"8444","KOSIK PUTIH","355"
"8445","KOTA BANGUN","693"
"8446","KOTA BARINGIN (BERINGIN)","694"
"8447","KOTA DATAR","613"
"8448","KOTA GALUH","297"
"8449","KOTA MATSUM I","695"
"8450","KOTA MATSUM II","695"
"8451","KOTA MATSUM III","696"
"8452","KOTA MATSUM IV","695"
"8453","KOTA PANTANG (RANTANG)","613"
"8454","KOTA PARI","423"
"8455","KOTA PINANG","663"
"8456","KOTA SIANTAR","291"
"8457","KOTA TENGAH","426"
"8458","KOTA TUA","327"
"8459","KOTANGAN","495"
"8460","KOTARIH BARU","490"
"8461","KOTARIH PEKAN","490"
"8462","KOTASAN","495"
"8463","KOTO BARINGIN","504"
"8464","KOTO","482"
"8465","KO\OLOTANO","605"
"8466","KRISTEN","349"
"8467","KUALA BANGKA","686"
"8468","KUALA BARINGIN","322"
"8469","KUALA BATAHAN","526"
"8470","KUALA BERINGIN","328"
"8471","KUALA DEKAH","385"
"8472","KUALA LAMA","423"
"8473","KUALA LAU BICIK","697"
"8474","KUALA SILAU BESTARI","698"
"8475","KUALA SIMEME","556"
"8476","KUALA SIMPANG","326"
"8477","KUALA","488"
"8478","KUALA","568"
"8479","KUBAH SENTANG","447"
"8480","KUBANGAN TOMPEK","526"
"8481","KUBU SIMBELANG","386"
"8482","KUBUCOLIA","612"
"8483","KULASAR","562"
"8484","KUTA BABO","616"
"8485","KUTA BALE","386"
"8486","KUTA BANGUN","568"
"8487","KUTA BARU","461"
"8488","KUTA BAYU","597"
"8489","KUTA BUARA","568"
"8490","KUTA BULUH GUGUNG","409"
"8491","KUTA BULUH","409"
"8492","KUTA GALOH / GALUH","568"
"8493","KUTA GAMBIR","549"
"8494","KUTA GAMBIR","662"
"8495","KUTA GERAT","568"
"8496","KUTA GUGUNG","581"
"8497","KUTA GUGUNG","636"
"8498","KUTA JULU","568"
"8499","KUTA JUNGAK","699"
"8500","KUTA JURUNG","661"
"8501","KUTA KEPAR","386"
"8502","KUTA KEPAR","660"
"8503","KUTA LIMBARU","697"
"8504","KUTA MALE","409"
"8505","KUTA MARIAH / MERIAH","700"
"8506","KUTA MBELIN","581"
"8507","KUTA MBELIN","450"
"8508","KUTA MBELIN","386"
"8509","KUTA MULYO","385"
"8510","KUTA PARIT","582"
"8511","KUTA PENGKIH","506"
"8512","KUTA PINANG","465"
"8513","KUTA RAYA","568"
"8514","KUTA RAYAT","581"
"8515","KUTA TENGAH","597"
"8516","KUTA TENGAH","556"
"8517","KUTA TENGAH","472"
"8518","KUTA TENGAH","580"
"8519","KUTA TINGGI","598"
"8520","KUTA TONGGAL","581"
"8521","KUTA TUALA (TUALAH)","556"
"8522","KUTABULUH","662"
"8523","KUTADAME","700"
"8524","KUTAGAJAH","688"
"8525","KUTAGALUH","660"
"8526","KUTAGERAT","503"
"8527","KUTAGUGUNG","560"
"8528","KUTAJULU","386"
"8529","KUTAMBARU PUNTI BATU MAMA","568"
"8530","KUTAMBARU","688"
"8531","KUTAMBARU","503"
"8532","KUTAMBARU","660"
"8533","KUTAMBELIN","560"
"8534","KUTAMBELIN","615"
"8535","KUTASAGA","700"
"8536","KUTASUAH","503"
"8537","KWALA BEGUMIT","701"
"8538","KWALA BEGUMIT","422"
"8539","KWALA BEKALA","649"
"8540","KWALA BESAR","625"
"8541","KWALA BINGAI","422"
"8542","KWALA GEBANG","376"
"8543","KWALA LANGKAT","469"
"8544","KWALA MENCIRIM","583"
"8545","KWALA MUSAM","552"
"8546","KWALA PESILAM (KUALA BESILAM)","528"
"8547","KWALA SERAPUH","469"
"8548","KWALA SIKASIM","585"
"8549","KWALA / KUALA AIR HITAM","582"
"8550","KWALA / KUALA BALI","460"
"8551","KWALA / KUALA GUNUNG","378"
"8552","KWALA / KUALA INDAH","609"
"8553","KWALA / KUALA TANJUNG","609"
"8554","LAAYA","392"
"8555","LABARA","290"
"8556","LABUAN BAJAU","290"
"8557","LABUAN HIU  /  HIYU","290"
"8558","LABUAN RIMA BARU","290"
"8559","LABUAN RIMA","290"
"8560","LABUHAN BILIK","444"
"8561","LABUHAN DELI","702"
"8562","LABUHAN JURUNG","355"
"8563","LABUHAN LABO","654"
"8564","LABUHAN RASOKI","654"
"8565","LABUHAN RUKU","521"
"8566","LADANG BAMBU","691"
"8567","LADANG TENGAH","603"
"8568","LADARA","392"
"8569","LADEA ORAHUA","388"
"8570","LADEA","388"
"8571","LAE AMBAT","471"
"8572","LAE HOLE","524"
"8573","LAE ITAM","683"
"8574","LAE LANGGE NAMUSENG","623"
"8575","LAE LUHUNG","683"
"8576","LAE MARKELANG","683"
"8577","LAE MBENTAR","703"
"8578","LAE MONONG","595"
"8579","LAE NUAHA","472"
"8580","LAE PANGINUMAN","471"
"8581","LAE PARIRA","614"
"8582","LAE RAMBONG","471"
"8583","LAE SARING","683"
"8584","LAEHUWA","534"
"8585","LAGASIMAHE","478"
"8586","LAGUNDRI","574"
"8587","LAHAGU","481"
"8588","LAHAWA","486"
"8589","LAHEMBOHO","413"
"8590","LAHEMO","388"
"8591","LAHEWA (PASAR LAHEWA)","371"
"8592","LAHUSA FAU","574"
"8593","LAHUSA IDANO TAE","439"
"8594","LAHUSA SATU","419"
"8595","LAHUSA SUSUA","397"
"8596","LAHUSA","419"
"8597","LAHUSA","486"
"8598","LAIRA","374"
"8599","LAKHENA","632"
"8600","LAKSA","494"
"8601","LALAI I / II","438"
"8602","LALANG","440"
"8603","LALANG","347"
"8604","LALANG","689"
"8605","LALANG","469"
"8606","LALIMANAWA","569"
"8607","LAMA BARU","394"
"8608","LAMA","542"
"8609","LAMA","394"
"8610","LAMBAK","290"
"8611","LAMBAR","386"
"8612","LAMBOU DARUL IHSAN","515"
"8613","LANCAT","429"
"8614","LANGGA PAYUNG","550"
"8615","LANGKIMAT","355"
"8616","LANTASAN BARU","704"
"8617","LANTASAN LAMA","704"
"8618","LANTOSAN I","323"
"8619","LANTOSAN II","301"
"8620","LANTOSAN ROGAS","553"
"8621","LAOWO HILIMBARUZO","374"
"8622","LAOWOWAGA","705"
"8623","LARAS DUA","633"
"8624","LARAS","454"
"8625","LARU BARINGIN","417"
"8626","LARU BOLAK","417"
"8627","LARU DOLOK","417"
"8628","LARU LOMBANG","417"
"8629","LASARA BAENE","632"
"8630","LASARA BAGAWU","641"
"8631","LASARA BAHILI","573"
"8632","LASARA BAHILI","658"
"8633","LASARA FAGA","641"
"8634","LASARA IDANOI","388"
"8635","LASARA SAWO","672"
"8636","LASARA SIWALU BANUA","435"
"8637","LASARA SOWU","370"
"8638","LASARA TANOSE\O","631"
"8639","LASARA","371"
"8640","LASARA","535"
"8641","LASELA","388"
"8642","LASONDE","482"
"8643","LAU BAGOT","588"
"8644","LAU BAKERI","697"
"8645","LAU BALENG","615"
"8646","LAU BARUS BARU","661"
"8647","LAU BULUH","409"
"8648","LAU CIH","691"
"8649","LAU CIMBA","657"
"8650","LAU DAMAK","558"
"8651","LAU GUGUR","296"
"8652","LAU GUMBA","637"
"8653","LAU KAPUR","568"
"8654","LAU KASUMPAT","506"
"8655","LAU KIDUPEN","560"
"8656","LAU LEBAH","557"
"8657","LAU LINGGA","560"
"8658","LAU MIL","588"
"8659","LAU MOLGAP","588"
"8660","LAU MULGAP","506"
"8661","LAU MULGAP","556"
"8662","LAU MULGAP","582"
"8663","LAU PAKAM","506"
"8664","LAU PAKPAK","588"
"8665","LAU PENGULU","506"
"8666","LAU PERADEP","615"
"8667","LAU PERANGGUNEN (PERANGGUNAN)","615"
"8668","LAU PRIMBON","662"
"8669","LAU RAKIT","661"
"8670","LAU REMPAH","661"
"8671","LAU RIMAN","386"
"8672","LAU SIREME","588"
"8673","LAU SOLU","506"
"8674","LAU TAWAR","662"
"8675","LAU TEPU","296"
"8676","LAURI","546"
"8677","LAURU FADORO","373"
"8678","LAURU I AFULU","373"
"8679","LAURU LAHEWA","373"
"8680","LAUSIMONO","657"
"8681","LAUT DENDANG","411"
"8682","LAUT TADOR","609"
"8683","LAUT TADOR","465"
"8684","LAWA-LAWA LUO","605"
"8685","LAWA-LAWA","438"
"8686","LAWA-LAWALUO GOMO","439"
"8687","LAWA-LAWALUO IDANO TAE","439"
"8688","LAWA-LAWALUO","644"
"8689","LAWELU","611"
"8690","LAWINDRA","577"
"8691","LAWINDRA","408"
"8692","LAWIRA I","466"
"8693","LAWIRA II","466"
"8694","LAWIRA SATUA","466"
"8695","LAZARA BOTOMUZOI","483"
"8696","LA\USO","642"
"8697","LEDONG BARAT","300"
"8698","LEDONG TIMUR","300"
"8699","LEMBAH LUBUK MANIK","336"
"8700","LEMBAH LUBUK MANIK","679"
"8701","LENGAU SERPANG","352"
"8702","LEPAR SAMURA","386"
"8703","LESTARI DADI","584"
"8704","LESTARI INDAH","633"
"8705","LESTARI","399"
"8706","LESTARI","648"
"8707","LEWA - LEWA","435"
"8708","LEWA-LEWA","484"
"8709","LEWU OGURU II (LEWUAGURU II)","435"
"8710","LEWUOGURU I","670"
"8711","LEWUOGURU IDANOI","437"
"8712","LEWUOMBANUA","670"
"8713","LIANG HASONA / ASONA","305"
"8714","LIANG MERDEKA","409"
"8715","LIANG MUDA","450"
"8716","LIANG PEMATANG","450"
"8717","LIAS BARU","502"
"8718","LIAT TONDUNG","561"
"8719","LIBERIA","599"
"8720","LIDAH TANAH","297"
"8721","LIMA LARAS","443"
"8722","LIMA PULUH KOTA","378"
"8723","LIMANG","568"
"8724","LIMAU MANIS","504"
"8725","LIMAU MANIS","352"
"8726","LIMAU MUNGKUR","509"
"8727","LIMAU MUNGKUR","628"
"8728","LIMAU MUNGKUR","661"
"8729","LIMAU SUNDAI","427"
"8730","LIMAU SUNDAI","509"
"8731","LIMBONG","430"
"8732","LIMBONG","369"
"8733","LIMO BIANG","372"
"8734","LINGGA JULU","580"
"8735","LINGGA MUDA","615"
"8736","LINGGA RAJA","494"
"8737","LINGGA TIGA","512"
"8738","LINGGA","510"
"8739","LINGGA","580"
"8740","LINTONG JULU","343"
"8741","LINTONG NIHUTA","656"
"8742","LINTONG","367"
"8743","LINTONGNIHUTA","706"
"8744","LOBBU JIOR (LOBU JIUR)","333"
"8745","LOBOI","482"
"8746","LOBU HOLE","366"
"8747","LOBU HUALA","497"
"8748","LOBU LAYAN SIGORDANG","336"
"8749","LOBU PINING","676"
"8750","LOBU RAMPAH","324"
"8751","LOBU RAPPA","299"
"8752","LOBU SIHIM","339"
"8753","LOBU SIREGAR I","463"
"8754","LOBU SIREGAR II","463"
"8755","LOBU SONA","475"
"8756","LOBU TAYAS","332"
"8757","LOBU TOLONG","707"
"8758","LOBU TUA","603"
"8759","LOBU TUA","600"
"8760","LOBUHOLE","639"
"8761","LOBUNG","312"
"8762","LOBUSINGKAM","680"
"8763","LOBUSUNUT","354"
"8764","LOBUTOLONG HABINSARAN","707"
"8765","LOLOABOLO","398"
"8766","LOLOANAA  /  LOLOMOYO","370"
"8767","LOLOANAA GIDO","388"
"8768","LOLOANAA IDANOI","437"
"8769","LOLOANA\A","413"
"8770","LOLOANA\A","406"
"8771","LOLOFAOSO LALAI","438"
"8772","LOLOFAOSO TABALOHO","643"
"8773","LOLOFAOSO","438"
"8774","LOLOFAOSO","412"
"8775","LOLOFAOSO","466"
"8776","LOLOFITU","407"
"8777","LOLOGOLU","632"
"8778","LOLOGUNDRE","579"
"8779","LOLOHIA","641"
"8780","LOLOHOWA","412"
"8781","LOLOLAKHA","643"
"8782","LOLOLANA\A","483"
"8783","LOLOLAWA","640"
"8784","LOLOMAYA","485"
"8785","LOLOMBOLI","643"
"8786","LOLOMBOLI","466"
"8787","LOLOMBOLI","481"
"8788","LOLOMBOLI","577"
"8789","LOLOMOYO TUHEMBERUA","646"
"8790","LOLOMOYO","398"
"8791","LOLOMOYO","412"
"8792","LOLOMOYO / LELEWONU NIKOOTANO","573"
"8793","LOLOSONI","439"
"8794","LOLOWAU","579"
"8795","LOLOWAU","412"
"8796","LOLOWUA HILIWARASI","438"
"8797","LOLOWUA","438"
"8798","LOLOZARIA","398"
"8799","LOLOZASAI","388"
"8800","LOLOZIRUGI","632"
"8801","LOLOZUKHU","408"
"8802","LOMBUZAUA","466"
"8803","LONGAT","307"
"8804","LONGAT","539"
"8805","LONGKOTAN","471"
"8806","LONTUNG DOLOK","676"
"8807","LONTUNG JAE I","364"
"8808","LONTUNG JAE II","364"
"8809","LOPIAN","325"
"8810","LOSUNG BATU","305"
"8811","LOSUNG BATU","548"
"8812","LOSUNG","363"
"8813","LUAHA IDANOPONO","578"
"8814","LUAHA LARAGA","643"
"8815","LUAHAMOFAKHE","569"
"8816","LUAHANDROITO","655"
"8817","LUAT LOMBANG","303"
"8818","LUBANG IDO","556"
"8819","LUBIS","532"
"8820","LUBUK AMPOLU","325"
"8821","LUBUK BARU","513"
"8822","LUBUK BAYAS","297"
"8823","LUBUK BESAR","378"
"8824","LUBUK BUNUT","390"
"8825","LUBUK CEMARA","297"
"8826","LUBUK CUIK","378"
"8827","LUBUK DENDANG","297"
"8828","LUBUK GODANG","322"
"8829","LUBUK GONTING","317"
"8830","LUBUK HULU","378"
"8831","LUBUK KANCAH","522"
"8832","LUBUK KAPUNDUNG II","563"
"8833","LUBUK KAPUNDUNG","563"
"8834","LUBUK KASIH","690"
"8835","LUBUK KERTANG","690"
"8836","LUBUK KUNDUR","322"
"8837","LUBUK LANJANG","322"
"8838","LUBUK PAKAM I-II","474"
"8839","LUBUK PAKAM PEKAN","474"
"8840","LUBUK PAKAM TIGA","474"
"8841","LUBUK PALAS","520"
"8842","LUBUK RAYA","513"
"8843","LUBUK RAYA","679"
"8844","LUBUK ROTAN","297"
"8845","LUBUK SABAN","423"
"8846","LUBUK SAMBA","320"
"8847","LUBUK TOROP","305"
"8848","LUBUK TUKKO","361"
"8849","LUKHU LASE","705"
"8850","LUMBAN BAGASAN","431"
"8851","LUMBAN BARAT","707"
"8852","LUMBAN BINANGA","431"
"8853","LUMBAN BINANGA","634"
"8854","LUMBAN BUL BUL","307"
"8855","LUMBAN DOLOK HAUME BANGE","307"
"8856","LUMBAN DOLOK","676"
"8857","LUMBAN DOLOK","350"
"8858","LUMBAN DOLOK","313"
"8859","LUMBAN DOLOK","627"
"8860","LUMBAN GAOL","307"
"8861","LUMBAN GAOL","366"
"8862","LUMBAN GAOL","676"
"8863","LUMBAN GARAGA","676"
"8864","LUMBAN GORAT","307"
"8865","LUMBAN GORAT","491"
"8866","LUMBAN GURNING","404"
"8867","LUMBAN HOLBUNG","634"
"8868","LUMBAN HUALA","527"
"8869","LUMBAN HUAYAN","298"
"8870","LUMBAN HUAYAN","365"
"8871","LUMBAN INA INA","532"
"8872","LUMBAN JABI-JABI","327"
"8873","LUMBAN JAEAN","676"
"8874","LUMBAN JULU","532"
"8875","LUMBAN LINTONG","366"
"8876","LUMBAN LOBU","667"
"8877","LUMBAN MANURUNG","527"
"8878","LUMBAN MOTUNG","532"
"8879","LUMBAN NABOLON","634"
"8880","LUMBAN PASIR","291"
"8881","LUMBAN PASIR","417"
"8882","LUMBAN PEA TIMUR","307"
"8883","LUMBAN PEA","307"
"8884","LUMBAN PEA","366"
"8885","LUMBAN PINASA SAROBA","366"
"8886","LUMBAN PINASA","366"
"8887","LUMBAN PINASA","313"
"8888","LUMBAN PINGGOL","348"
"8889","LUMBAN PURBA","334"
"8890","LUMBAN RATUS","327"
"8891","LUMBAN RAU BALIK","366"
"8892","LUMBAN RAU BARAT","366"
"8893","LUMBAN RAU SELATAN","366"
"8894","LUMBAN RAU TENGAH","561"
"8895","LUMBAN RAU TENGGARA","561"
"8896","LUMBAN RAU TIMUR","561"
"8897","LUMBAN RAU UTARA","561"
"8898","LUMBAN RUHAP / RUHAYA","366"
"8899","LUMBAN SANGKALAN","667"
"8900","LUMBAN SEWA","367"
"8901","LUMBAN SIAGIAN JAE","639"
"8902","LUMBAN SIAGIAN JULU","639"
"8903","LUMBAN SIALAMAN","707"
"8904","LUMBAN SIANTURI","707"
"8905","LUMBAN SIHITE","614"
"8906","LUMBAN SILINTONG","307"
"8907","LUMBAN SILINTONG","532"
"8908","LUMBAN SINAGA SIMATUPANG","564"
"8909","LUMBAN SIREGAR","564"
"8910","LUMBAN SITORUS","527"
"8911","LUMBAN SUHI SUHI DOLOK","348"
"8912","LUMBAN SUHI SUHI TORUAN","348"
"8913","LUMBAN TOBING","334"
"8914","LUMBAN TONGA TONGA","463"
"8915","LUMBAN TONGA","676"
"8916","LUMBAN TONGA-TONGA","403"
"8917","LUMBAN TORUAN","614"
"8918","LUMBUI MELAYU","545"
"8919","LUMBUI NIAS","545"
"8920","LUMUT MAJU","311"
"8921","LUMUT NAULI","311"
"8922","LUMUT","311"
"8923","MABAR HILIR","693"
"8924","MABAR","449"
"8925","MABAR","693"
"8926","MADINDING JULU","385"
"8927","MADOLAOLI","573"
"8928","MADRAS HULU","416"
"8929","MADULA","573"
"8930","MADUMA","402"
"8931","MADUMA","356"
"8932","MAGA DOLOK","335"
"8933","MAGA LOMBANG","335"
"8934","MAHALA","616"
"8935","MAHANG LABARA","290"
"8936","MAHOLIDA","489"
"8937","MAINU TENGAH / TONGAH","369"
"8938","MAJANGGUT I","700"
"8939","MAJANGGUT II","700"
"8940","MAJINO LORANG","372"
"8941","MAJU","531"
"8942","MAKARTI NAULI","675"
"8943","MAKMUR","340"
"8944","MAKMUR","599"
"8945","MAKOLE","487"
"8946","MALA SORI","426"
"8947","MALIGAS BAYU","464"
"8948","MALIGAS TONGAH","456"
"8949","MALINO","326"
"8950","MALINTANG JAE","515"
"8951","MALINTANG JULU","515"
"8952","MALIWAA","374"
"8953","MALOMBU","353"
"8954","MALUM","489"
"8955","MALUO","414"
"8956","MAMPANG","663"
"8957","MANALU DOLOK","354"
"8958","MANALU PURBA","354"
"8959","MANALU","403"
"8960","MANALU","354"
"8961","MANAMBIN","547"
"8962","MANANTI (MARENTI)","305"
"8963","MANANTI SOSA JAE","390"
"8964","MANANTI SOSA JULU","365"
"8965","MANANTI","355"
"8966","MANARE TUA","355"
"8967","MANAWADANO","414"
"8968","MANCANG","582"
"8969","MANCUK","464"
"8970","MANDAILING","442"
"8971","MANDALA SENA","318"
"8972","MANDARSAH","347"
"8973","MANDASIP","355"
"8974","MANDI ANGIN DOLOK","305"
"8975","MANDI ANGIN LOMBANG","305"
"8976","MANDIAN","365"
"8977","MANDUAMAS LAMA","595"
"8978","MANEGEN","654"
"8979","MANGALEDANG LAMA","323"
"8980","MANGALEDANG","323"
"8981","MANGGA DUA","446"
"8982","MANGGA","691"
"8983","MANGGA","422"
"8984","MANGGIS","362"
"8985","MANGGIS","460"
"8986","MANGKAI BARU","378"
"8987","MANGKAI LAMA","378"
"8988","MANIK HATARAN","401"
"8989","MANIK MARAJA","401"
"8990","MANIS","525"
"8991","MANISAK","522"
"8992","MANOMBO","357"
"8993","MANUK MULIA","386"
"8994","MANUNCANG","563"
"8995","MANUNGGAL","668"
"8996","MANUNGGANG JAE","654"
"8997","MANUNGGANG JULU","654"
"8998","MANYABAR","291"
"8999","MARAFALA","371"
"9000","MARAMBUN BARAT (MAROMBUN BARAT)","449"
"9001","MARAMBUN UJUNG JAWI","449"
"9002","MARANCAR GODANG","337"
"9003","MARANCAR","337"
"9004","MARANTI / MERANTI PAHAM","384"
"9005","MARAO","406"
"9006","MARBAU SELATAN","324"
"9007","MARBAU","324"
"9008","MARBULANG","627"
"9009","MARBUN TONGA MARBUN DOLOK","708"
"9010","MARBUN","708"
"9011","MARDAME","601"
"9012","MARDINDING","709"
"9013","MARDINGDING","506"
"9014","MARDINGDING","660"
"9015","MARENU","308"
"9016","MARGO MULIA (PIRTRANS SOSA IV)","390"
"9017","MARGO MULIYO","510"
"9018","MARIAH BANDAR","501"
"9019","MARIAH BUTTU","459"
"9020","MARIAH DOLOK","570"
"9021","MARIAH HOMBANG","464"
"9022","MARIAH JAMBI","455"
"9023","MARIAH NAGUR","468"
"9024","MARIAH PADANG","461"
"9025","MARIHAT BANDAR","458"
"9026","MARIHAT BARIS","633"
"9027","MARIHAT BUKIT","510"
"9028","MARIHAT BUTAR","295"
"9029","MARIHAT DOLOK","498"
"9030","MARIHAT DOLOK","491"
"9031","MARIHAT JAYA","710"
"9032","MARIHAT MARSADA","491"
"9033","MARIHAT MAYANG","464"
"9034","MARIHAT PONDOK","491"
"9035","MARIHAT RAJA","491"
"9036","MARIHAT TANJUNG","295"
"9037","MARINDAL DUA","704"
"9038","MARINDAL SATU","704"
"9039","MARISI","553"
"9040","MARJANDI PISANG","537"
"9041","MARJANDI","537"
"9042","MARJANJI ACEH","299"
"9043","MARJANJI PEMATANG","597"
"9044","MARJANJI TONGAH","597"
"9045","MARJANJI","468"
"9046","MARLAUNG","355"
"9047","MAROM","634"
"9048","MARPADAN","711"
"9049","MARSADA","303"
"9050","MARSANGAP","531"
"9051","MARSONJA","550"
"9052","MARTEBING","426"
"9053","MARTELU","615"
"9054","MARTELU","488"
"9055","MARTIMBANG","349"
"9056","MARTOBA","514"
"9057","MARTOBA","402"
"9058","MARTUBUNG","589"
"9059","MARTUJUAN","355"
"9060","MARUBUN BAYU","456"
"9061","MARUBUN JAYA","456"
"9062","MARUBUN LOKKUNG","570"
"9063","MARUBUN","468"
"9064","MASNAULI","470"
"9065","MASUNDUNG","311"
"9066","MATAHALASAN","698"
"9067","MATAPAO","599"
"9068","MATIO","307"
"9069","MATITI I","334"
"9070","MATITI II","334"
"9071","MATONDANG","368"
"9072","MAUFA","652"
"9073","MAYANG","295"
"9074","MAZIAYA","466"
"9075","MAZINGO TABALOHO","643"
"9076","MAZINGO","534"
"9077","MAZINGO","641"
"9078","MBAL-MBAL PETARUM","615"
"9079","MBARUAE (MBARUAI)","385"
"9080","MBETONG (MBETUNG)","560"
"9081","MBINALUN","489"
"9082","MEAFU","705"
"9083","MEAT","656"
"9084","MEDAN ESTATE","411"
"9085","MEDAN KRIO","669"
"9086","MEDAN SINEMBAH","352"
"9087","MEDAN TENGGARA","594"
"9088","MEDANG BARU","347"
"9089","MEDANG","347"
"9090","MEHAGA","645"
"9091","MEKAR BAHALAT","455"
"9092","MEKAR BARU","619"
"9093","MEKAR BARU","585"
"9094","MEKAR BARU","521"
"9095","MEKAR JAYA","583"
"9096","MEKAR JAYA","590"
"9097","MEKAR LARAS","443"
"9098","MEKAR MAKMUR","394"
"9099","MEKAR MARJANJI","299"
"9100","MEKAR MULIA","456"
"9101","MEKAR MULIO","585"
"9102","MEKAR NAULI","541"
"9103","MEKAR REJO","295"
"9104","MEKAR SARI RAYA","452"
"9105","MEKAR SARI","399"
"9106","MEKAR SARI","630"
"9107","MEKAR SARI","609"
"9108","MEKAR SAWIT","395"
"9109","MEKAR SENTOSA","689"
"9110","MEKAR SIDAMANIK","401"
"9111","MEKAR TANJUNG","382"
"9112","MELA DOLOK","391"
"9113","MELA I","391"
"9114","MELA II","391"
"9115","MELAS","612"
"9116","MELATI DUA","297"
"9117","MELATI KEBON / KEBUN","584"
"9118","MELATI SATU","297"
"9119","MELAYU","514"
"9120","MEMONG","372"
"9121","MENCIRIM","629"
"9122","MERANTI BARAT","627"
"9123","MERANTI OMAS","330"
"9124","MERANTI TENGAH","400"
"9125","MERANTI TIMUR","400"
"9126","MERANTI UTARA","400"
"9127","MERANTI","512"
"9128","MERANTI","381"
"9129","MERDEKA","441"
"9130","MERDEKA","626"
"9131","MERDEKA","434"
"9132","MEREK RAYA","453"
"9133","MEREK","387"
"9134","MERIT BARU","372"
"9135","MESJID LAMA","521"
"9136","MESJID","473"
"9137","MESJID","696"
"9138","MIGA","573"
"9139","MINTA KASIH","296"
"9140","MOAWO","573"
"9141","MOAWO","371"
"9142","MOGAE","419"
"9143","MOHILI BERUA BOTOMUZOI","483"
"9144","MOHILI","644"
"9145","MOHO","455"
"9146","MOMBANG BORU","337"
"9147","MOMBANG BORU","415"
"9148","MOMBAWA OLADANO","569"
"9149","MOMPANG DOLOK","322"
"9150","MOMPANG I","479"
"9151","MOMPANG JAE","586"
"9152","MOMPANG JULU","586"
"9153","MOMPANG LOMBANG","322"
"9154","MOMPANG","430"
"9155","MOMPANG","559"
"9156","MOMPANG / MEMPANG II","305"
"9157","MONDAN","523"
"9158","MONDANG","298"
"9159","MONDANG","365"
"9160","MONDRALI","374"
"9161","MONDROWE","671"
"9162","MORANG","551"
"9163","MOTUNG","674"
"9164","MUARA AMPOLU","493"
"9165","MUARA BANGKO","522"
"9166","MUARA BATANG ANGKOLA","313"
"9167","MUARA BOLAK","538"
"9168","MUARA BOTUNG","547"
"9169","MUARA LAMPUNGAN","320"
"9170","MUARA MAIS JAMBUR","417"
"9171","MUARA MAIS","417"
"9172","MUARA MALINTO BARU","362"
"9173","MUARA MALINTO LAMA","362"
"9174","MUARA MANOMPAS","493"
"9175","MUARA MULIA","456"
"9176","MUARA NAULI","319"
"9177","MUARA ORE","470"
"9178","MUARA PERTEMUAN","526"
"9179","MUARA POTAN","547"
"9180","MUARA PUNGKUT","547"
"9181","MUARA SALADI","547"
"9182","MUARA SALADI","389"
"9183","MUARA SENTOSA","692"
"9184","MUARA SIAMBAK","547"
"9185","MUARA SIBUNTUON","415"
"9186","MUARA SIGAMA","323"
"9187","MUARA SOMA","320"
"9188","MUARA TAIS I","319"
"9189","MUARA TAIS II","319"
"9190","MUARA TAIS III","319"
"9191","MUARA TIGE","362"
"9192","MUARA UPU","493"
"9193","MUDIK","573"
"9194","MUKA PAYA","543"
"9195","MULAWARI","386"
"9196","MULIA RAKYAT","387"
"9197","MULYA SARI","390"
"9198","MULYO REJO","669"
"9199","MUNGKUR","699"
"9200","MUNGKUR","711"
"9201","MUNTHE","503"
"9202","MUSAM PEMBANGUNAN","558"
"9203","MUTIARA","648"
"9204","MUZOI","705"
"9205","N 1 / SATU AEK NABARA","512"
"9206","N 2 / DUA AEK NABARA","512"
"9207","N 3 / TIGA AEK NABARA","512"
"9208","N 4 / EMPAT AEK NABARA","512"
"9209","N 5 / LIMA AEK NABARA","512"
"9210","N 6 / ENAM AEK NABARA","512"
"9211","N 7 / TUJUH AEK NABARA","512"
"9212","N 8 / DELAPAN AEK NABARA","512"
"9213","NABONGAL (NABONGGAL)","305"
"9214","NABONGGAL","322"
"9215","NABUNDONG","326"
"9216","NAGA DOLOK","566"
"9217","NAGA HUTA TIMUR","710"
"9218","NAGA JAYA I","454"
"9219","NAGA JAYA II","454"
"9220","NAGA KESIANGAN","461"
"9221","NAGA KISAR","423"
"9222","NAGA MARIAH","709"
"9223","NAGA PITA","712"
"9224","NAGA RAJA","468"
"9225","NAGA SARIBU I","600"
"9226","NAGA SARIBU II","600"
"9227","NAGA SARIBU","322"
"9228","NAGA SARIBU","305"
"9229","NAGA SARIBU","709"
"9230","NAGA SOPPA","454"
"9231","NAGA TIMBUL","667"
"9232","NAGA TIMBUL","601"
"9233","NAGA TIMBUL","352"
"9234","NAGA","560"
"9235","NAGAHUTA","710"
"9236","NAGALINGGA","387"
"9237","NAGARA","387"
"9238","NAGARAJA I","369"
"9239","NAGASARIBU III","600"
"9240","NAGASARIBU IV","600"
"9241","NAGASARIBU V","600"
"9242","NAGATIMBUL TIMUR","667"
"9243","NAGERI","560"
"9244","NAGERI","503"
"9245","NAGORI BANDAR","458"
"9246","NAGORI BOSAR","537"
"9247","NAGORI MALELA","510"
"9248","NAGORI PURBA HARISON / HARISAN","665"
"9249","NAGORI PURBA PASIR","665"
"9250","NAGORI PURBA SARIBU","665"
"9251","NAGORI SIHALPE","665"
"9252","NAGORI TANI","459"
"9253","NAGUR PANE","468"
"9254","NAGUR USANG","566"
"9255","NAGUR","446"
"9256","NAGURGURAN","565"
"9257","NAHORNOP MARSADA","713"
"9258","NAHULU JAE","326"
"9259","NAHULU JULU","326"
"9260","NAI POS POS BARAT","607"
"9261","NAINGGOLAN","681"
"9262","NAJUMAMBE","564"
"9263","NALELA","404"
"9264","NAMAN JAHE","296"
"9265","NAMAN","581"
"9266","NAMBIKI","582"
"9267","NAMO BATANG","556"
"9268","NAMO BINTANG","542"
"9269","NAMO LANDUR","556"
"9270","NAMO MBARAO (MBARU)","556"
"9271","NAMO MBELIN","477"
"9272","NAMO MBELIN","556"
"9273","NAMO MIRIK","697"
"9274","NAMO MUNGKUR (RIMO MUNGKUR)","556"
"9275","NAMO PAKAM","556"
"9276","NAMO PINANG","556"
"9277","NAMO RAMBE","556"
"9278","NAMO RIAM","542"
"9279","NAMO RIH","542"
"9280","NAMO RUBE JULU","697"
"9281","NAMO SIMPUR","542"
"9282","NAMO SURO BARU","385"
"9283","NAMO TUALANG","385"
"9284","NAMOHALU","535"
"9285","NAMOSURO","560"
"9286","NAMOTERAS","688"
"9287","NAMU GAJAH","691"
"9288","NAMU UKUR SELATAN","583"
"9289","NAMU UKUR UTARA","583"
"9290","NAMU / NAMO SIALANG","552"
"9291","NANG BELAWAN","580"
"9292","NANGGAR BAYU","295"
"9293","NANGGAR JATI HUTAPADANG","429"
"9294","NANGGAR JATI","429"
"9295","NANGKA","622"
"9296","NANOWA","572"
"9297","NAPA GADUNG LAUT","305"
"9298","NAPA HALAS","323"
"9299","NAPA LOMBANG","323"
"9300","NAPA SUNDALI","322"
"9301","NAPA","342"
"9302","NAPA","346"
"9303","NAPAJORIHO","561"
"9304","NAPALANCAT","479"
"9305","NAPATALUN PERLAMBUKEN","703"
"9306","NAPITUPULU BAGASAN","307"
"9307","NAPITUPULU","627"
"9308","NARI GUNUNG DUA","660"
"9309","NARI GUNUNG SATU","660"
"9310","NARUMONDA I","714"
"9311","NARUMONDA II","714"
"9312","NARUMONDA III","714"
"9313","NARUMONDA IV","714"
"9314","NARUMONDA V","714"
"9315","NARUMONDA VI","714"
"9316","NARUMONDA VII","714"
"9317","NARUMONDA VIII","714"
"9318","NATAMBANG RONCITAN","429"
"9319","NATOLUTALI","627"
"9320","NATU MINGKA","367"
"9321","NAULI","531"
"9322","NAULI","601"
"9323","NAZALOU ALO\OA","640"
"9324","NAZALOU LOLOWUA","640"
"9325","NA\AI","671"
"9326","NDESKATI","581"
"9327","NDOKUM SIROGA","580"
"9328","NDRASO HILISIMAETANO","576"
"9329","NEGARA BERINGIN / BRINGIN","661"
"9330","NEGERI BARU","685"
"9331","NEGERI BAYU MUSLIMIN","566"
"9332","NEGERI DOLOK","491"
"9333","NEGERI DOLOK","459"
"9334","NEGERI JAHE","409"
"9335","NEGERI LAMA SEBERANG","685"
"9336","NEGERI LAMA","685"
"9337","NEGERI TONGGING","387"
"9338","NEGRI GUGUNG","488"
"9339","NELAYAN INDAH","589"
"9340","NENAS SIAM","347"
"9341","NIFOLO\O LAURU","388"
"9342","NIKO\OTANO DAO","640"
"9343","NITUWU BOHO","412"
"9344","NOGOREJO","495"
"9345","NUSA HARAPAN","633"
"9346","OFA PADANG MAHONDANG","525"
"9347","OIKHODA BALAEKHA","419"
"9348","OLA NORI","483"
"9349","OLADANO","374"
"9350","OLADANO","645"
"9351","OLANORI","671"
"9352","OLAYAMA","569"
"9353","OLINDRAWA SISARAHILI","388"
"9354","OLORA","370"
"9355","OMBOLALASALO\O","631"
"9356","OMBOLATA AFULU","373"
"9357","OMBOLATA SAWO","672"
"9358","OMBOLATA SIMENARI (SIMANARI)","643"
"9359","OMBOLATA SISARAHILI","631"
"9360","OMBOLATA ULU","573"
"9361","OMBOLATA","413"
"9362","OMBOLATA","437"
"9363","OMBOLATA","371"
"9364","OMBOLATA","486"
"9365","OMBUR","627"
"9366","OMEGA","545"
"9367","OMPU RAJA HATULIAN","431"
"9368","OMPU RAJA HUTAPEA TIMUR","431"
"9369","OMPU RAJA HUTAPEA","431"
"9370","ONAN GANJANG","316"
"9371","ONAN HASANG","676"
"9372","ONAN LAMA","494"
"9373","ONAN RUNGGU I","345"
"9374","ONAN RUNGGU II","345"
"9375","ONAN RUNGGU III","345"
"9376","ONAN RUNGGU IV","345"
"9377","ONAN RUNGGU","666"
"9378","ONAYA","482"
"9379","ONO HONDRO","574"
"9380","ONO LIMBU","579"
"9381","ONO WAEMBO","573"
"9382","ONO WAEMBO","579"
"9383","ONODALINGA","644"
"9384","ONOHAZUMBA","642"
"9385","ONOLIMBURAYA","641"
"9386","ONOLIMBUYOU","641"
"9387","ONOMBONGI","438"
"9388","ONONAMOLO ALASA","413"
"9389","ONONAMOLO I BOT","631"
"9390","ONONAMOLO I LOT","643"
"9391","ONONAMOLO I","481"
"9392","ONONAMOLO II","646"
"9393","ONONAMOLO II","481"
"9394","ONONAMOLO III","641"
"9395","ONONAMOLO TALAFU","483"
"9396","ONONAMOLO TUMULA","413"
"9397","ONONAZARA","606"
"9398","ONOWAEMBO HILIGARA","631"
"9399","ONOWAEMBO","437"
"9400","ONOZALUKHU YOU","658"
"9401","ONOZALUKHU","371"
"9402","ONOZIKHO","646"
"9403","ONOZITOLI OLORA","573"
"9404","ONOZITOLI SAWO","672"
"9405","ONOZITOLI SIFAOROASI (SIFOROASI)","573"
"9406","ONOZITOLI TABALOHO","643"
"9407","ONOZITOLIDULU","631"
"9408","ORAHILI BADALU","641"
"9409","ORAHILI BALAEKHA","419"
"9410","ORAHILI BOE","596"
"9411","ORAHILI EHO","398"
"9412","ORAHILI FAOMASI","574"
"9413","ORAHILI FAU","574"
"9414","ORAHILI FONDRAKO","397"
"9415","ORAHILI GOMO","439"
"9416","ORAHILI HURUNA","642"
"9417","ORAHILI IDANOI","438"
"9418","ORAHILI MOLA","408"
"9419","ORAHILI SIBOHOU","439"
"9420","ORAHILI SOMOLOMOLO","644"
"9421","ORAHILI SUSUA","596"
"9422","ORAHILI TANOSE\O","640"
"9423","ORAHILI TUMORI","646"
"9424","ORAHILI ULUNOYO","406"
"9425","ORAHILI ZUZUNDRAO","374"
"9426","ORAHILI","478"
"9427","ORAHILI","535"
"9428","ORAHILI","482"
"9429","ORAHILI","486"
"9430","ORAHUA FAONDRATO","478"
"9431","ORAHUA ULUZOI","596"
"9432","ORAHUA","478"
"9433","ORAHUA","439"
"9434","ORAHUAHILI","655"
"9435","ORIKA","525"
"9436","ORLIN","408"
"9437","ORSEDES","484"
"9438","ORUDU SIBOHOU","397"
"9439","ORUDUA LAWA-LAWA LOU","605"
"9440","OTALUA","374"
"9441","PABATU I","369"
"9442","PABATU II","369"
"9443","PABATU III","369"
"9444","PABATU VI","369"
"9445","PABATU","513"
"9446","PADANG BARUAS","301"
"9447","PADANG BRAHRANG","582"
"9448","PADANG BUJUR BARU","551"
"9449","PADANG BUJUR","301"
"9450","PADANG BUJUR","303"
"9451","PADANG BULAN SELAYANG I","433"
"9452","PADANG BULAN SELAYANG II","433"
"9453","PADANG BULAN","547"
"9454","PADANG BULAN","441"
"9455","PADANG BULAN","351"
"9456","PADANG CERMIN","582"
"9457","PADANG GALUGUR JULU","308"
"9458","PADANG GALUGUR TONGA","308"
"9459","PADANG GARUGUR JAE","308"
"9460","PADANG GARUGUR","357"
"9461","PADANG GARUGUR","551"
"9462","PADANG GARUGUR","305"
"9463","PADANG GENTING","521"
"9464","PADANG HASIOR DOLOK","317"
"9465","PADANG HASIOR LOMBANG","317"
"9466","PADANG KAHOMBU","319"
"9467","PADANG LANCAT","346"
"9468","PADANG LANGKAT","376"
"9469","PADANG LARU","338"
"9470","PADANG MAHONDANG","525"
"9471","PADANG MAINU","462"
"9472","PADANG MALAKKA (BALAKKA)","326"
"9473","PADANG MANDAILING GARUGUR","359"
"9474","PADANG MANINJAU","329"
"9475","PADANG MANJOIR","323"
"9476","PADANG MAS","657"
"9477","PADANG MASIANG","310"
"9478","PADANG MATINGGI GNT","326"
"9479","PADANG MATINGGI LESTARI","363"
"9480","PADANG MATINGGI SIMUNDOL","326"
"9481","PADANG MATINGGI","357"
"9482","PADANG MATINGGI","551"
"9483","PADANG MATINGGI","363"
"9484","PADANG MATINGI","351"
"9485","PADANG MERBAU","513"
"9486","PADANG PARSADAAN","564"
"9487","PADANG PULAU","341"
"9488","PADANG SANGGAR","417"
"9489","PADANG SARI","715"
"9490","PADANG SIANDOMANG","364"
"9491","PADANG SILOJONGAN","312"
"9492","PADANG SIPIROK","300"
"9493","PADANG TUALANG","528"
"9494","PAGAR BATU","366"
"9495","PAGAR BATU","680"
"9496","PAGAR BOSI","314"
"9497","PAGAR GUNUNG","479"
"9498","PAGAR GUNUNG","547"
"9499","PAGAR JAMBI","456"
"9500","PAGAR JATI","474"
"9501","PAGAR MANIK","562"
"9502","PAGAR MERBAU I","492"
"9503","PAGAR MERBAU II","492"
"9504","PAGAR MERBAU TIGA","474"
"9505","PAGARAN BARINGIN","430"
"9506","PAGARAN BARINGIN / BERINGIN","362"
"9507","PAGARAN BATU","551"
"9508","PAGARAN BIRA JAE","302"
"9509","PAGARAN BIRA JULU","302"
"9510","PAGARAN DOLOK PINARIK","362"
"9511","PAGARAN DOLOK SOSA JAE","390"
"9512","PAGARAN GALA-GALA","350"
"9513","PAGARAN HONAS","325"
"9514","PAGARAN JAE BATU","331"
"9515","PAGARAN JALU JALU","331"
"9516","PAGARAN JULU I","322"
"9517","PAGARAN JULU II","322"
"9518","PAGARAN LAMBUNG I","294"
"9519","PAGARAN LAMBUNG II","294"
"9520","PAGARAN LAMBUNG III","294"
"9521","PAGARAN LAMBUNG IV","294"
"9522","PAGARAN MALAKA","331"
"9523","PAGARAN MANGGIS","362"
"9524","PAGARAN MOMPANG","331"
"9525","PAGARAN NAULI","595"
"9526","PAGARAN PISANG","294"
"9527","PAGARAN SILINDUNG","331"
"9528","PAGARAN SINGKAM","305"
"9529","PAGARAN SIREGAR","322"
"9530","PAGARAN TAYAS","362"
"9531","PAGARAN TONGA","305"
"9532","PAGARAN TONGA","291"
"9533","PAGARAN","532"
"9534","PAGINDAR","703"
"9535","PAGUR SATIO","536"
"9536","PAGUR","338"
"9537","PAGURAWAN","347"
"9538","PAHAE AEK SAGALA","303"
"9539","PAHANG","647"
"9540","PAHANG","521"
"9541","PAHIEME II","356"
"9542","PAHIEME","356"
"9543","PAHLAWAN","622"
"9544","PAHLAWAN","716"
"9545","PAHLAWAN","434"
"9546","PAHLAWAN","443"
"9547","PAINDOAN","307"
"9548","PAKAM RAYA SELATAN","347"
"9549","PAKAM RAYA","347"
"9550","PAKAM","347"
"9551","PAKANTAN DOLOK","677"
"9552","PAKANTAN LOMBANG","677"
"9553","PAKKAT HAUAGONG","403"
"9554","PAKKAT","334"
"9555","PAKPAHAN","666"
"9556","PAKPAHAN","564"
"9557","PAKU","495"
"9558","PALDING / POLDING JAYA SUMBUL","588"
"9559","PALDING / POLDING","588"
"9560","PALIPI","653"
"9561","PALIPI","471"
"9562","PALL SEBELAS","553"
"9563","PALOPAT (PAL IV) PIJOR KOLING","654"
"9564","PALOPAT MARIA","679"
"9565","PALUH KEMIRI","474"
"9566","PALUH KURAU","613"
"9567","PALUH MANAN","613"
"9568","PALUH MANIS","376"
"9569","PALUH PAKIH BABUSSALAM","552"
"9570","PALUH SEBAJI","447"
"9571","PAMA / PAMAH TAMBUNAN","296"
"9572","PAMAH","562"
"9573","PAMAH","662"
"9574","PAMARAI (PARAMAI)","326"
"9575","PAMONORAN","326"
"9576","PAMUNTARAN","301"
"9577","PANABARI HUTATONGA","327"
"9578","PANAMPANGAN","348"
"9579","PANAMPARAN","366"
"9580","PANANGGAHAN","678"
"9581","PANANGGANGAN","681"
"9582","PANARIAN","536"
"9583","PANAUNGAN","303"
"9584","PANCA ARGA","717"
"9585","PANCA","322"
"9586","PANCARAN (RANCARAN)","322"
"9587","PANCAUKAN","430"
"9588","PANCO WARNO","296"
"9589","PANCUR BATU","387"
"9590","PANCUR IDO","296"
"9591","PANCUR PANGKO","301"
"9592","PANCURAN BAMBU","718"
"9593","PANCURAN DEWA","718"
"9594","PANCURAN GEROBAK","694"
"9595","PANCURAN KERAMBIL","718"
"9596","PANCURAN PINANG","718"
"9597","PANDAN","361"
"9598","PANDAN","472"
"9599","PANDAU HILIR","716"
"9600","PANDAU HULU I","696"
"9601","PANDAU HULU II","695"
"9602","PANDIANGAN","614"
"9603","PANDUMAAN","344"
"9604","PANDUMAN","405"
"9605","PANEI TONGAH","452"
"9606","PANEMBEAN MARJANJI (PANAMBEAN MARJANDI)","456"
"9607","PANGALOAN","681"
"9608","PANGAMBATEN","387"
"9609","PANGARAMBANGAN","479"
"9610","PANGARIBUAN","603"
"9611","PANGARIBUAN","319"
"9612","PANGARIBUAN","472"
"9613","PANGARIBUAN","303"
"9614","PANGARUNGAN","304"
"9615","PANGGARUTAN","480"
"9616","PANGGUGUNAN","403"
"9617","PANGIRKIRAN DOLOK","357"
"9618","PANGIRKIRAN","479"
"9619","PANGIRKIRAN","315"
"9620","PANGKALAN BATU","690"
"9621","PANGKALAN DODEK BARU","347"
"9622","PANGKALAN DODEK","347"
"9623","PANGKALAN DOLOK JULU","551"
"9624","PANGKALAN DOLOK LAMA","551"
"9625","PANGKALAN LUNANG","377"
"9626","PANGKALAN MASYHUR","649"
"9627","PANGKALAN SIATA","393"
"9628","PANGKALAN","293"
"9629","PANGKALAN","312"
"9630","PANGKAT","335"
"9631","PANGKATAN (KAMPUNG PANGKATAN)","687"
"9632","PANGLONG","369"
"9633","PANGOMBUSAN","527"
"9634","PANGUNJUNGAN","366"
"9635","PANGURABAAN","303"
"9636","PANGURDOTAN","676"
"9637","PANGURURAN II","367"
"9638","PANGURURAN III","367"
"9639","PANGURURAN","367"
"9640","PANIARAN","463"
"9641","PANINDI","627"
"9642","PANINDOAN","327"
"9643","PANJANG","521"
"9644","PANJARINGAN","417"
"9645","PANJI DABUTAR (BAKO)","719"
"9646","PANOBASAN","336"
"9647","PANOMBEAN BARU","502"
"9648","PANOMBEAN HUTA URUNG","451"
"9649","PANOMBEAN","498"
"9650","PANOMBEIAN","537"
"9651","PANOMPUAN JAE","553"
"9652","PANOMPUAN","553"
"9653","PANSUR BATU","294"
"9654","PANSUR BATU","344"
"9655","PANSUR NAPITU","639"
"9656","PANSURNATOLU","564"
"9657","PANTAI BURUNG","682"
"9658","PANTAI CERMIN KANAN","423"
"9659","PANTAI CERMIN KIRI","423"
"9660","PANTAI CERMIN","469"
"9661","PANTAI GADING","625"
"9662","PANTAI GEMI","422"
"9663","PANTAI JOHOR","647"
"9664","PANTAI LABU BARU","447"
"9665","PANTAI LABU PEKAN","447"
"9666","PANTIS","676"
"9667","PANTOAN MAJU","633"
"9668","PANUNGGULAN","563"
"9669","PANYABUNGAN I","291"
"9670","PANYABUNGAN II","291"
"9671","PANYABUNGAN III","291"
"9672","PANYABUNGAN JAE","291"
"9673","PANYABUNGAN JULU","291"
"9674","PANYABUNGAN TONGA","291"
"9675","PANYABUNGAN","326"
"9676","PANYABUNGAN","390"
"9677","PANYANGGAR","548"
"9678","PAOLAN","479"
"9679","PAPANDE","428"
"9680","PAPASO","362"
"9681","PARADUAN","706"
"9682","PARAN BATU (PAGARAN)","368"
"9683","PARAN DOLOK MARDOMU","303"
"9684","PARAN DOLOK","317"
"9685","PARAN GADUNG","301"
"9686","PARAN HONAS","479"
"9687","PARAN JULU","308"
"9688","PARAN JULU","303"
"9689","PARAN NANGKA","301"
"9690","PARAN NAPA DOLOK","357"
"9691","PARAN NAPA JAE","357"
"9692","PARAN PADANG","355"
"9693","PARAN PADANG","303"
"9694","PARAN TONGA AN","308"
"9695","PARAN TONGA HR (AN)","593"
"9696","PARAN TONGA SIM","355"
"9697","PARAN / PARANG PADANG","305"
"9698","PARANGGUAM","296"
"9699","PARANGINAN SELATAN","707"
"9700","PARANGINAN UTARA","707"
"9701","PARAPAT","650"
"9702","PARAPAT","365"
"9703","PARARUNGAN","366"
"9704","PARAU SORAT SITABO-TABO","359"
"9705","PARAU SORAT","551"
"9706","PARAU SORAT","303"
"9707","PARAU SORAT","365"
"9708","PARBABA DOLOK","348"
"9709","PARBAGASAN JANJI MATOGU","634"
"9710","PARBAJU JULU","358"
"9711","PARBAJUTONGA","358"
"9712","PARBAJUTORUAN","358"
"9713","PARBALOGAN","456"
"9714","PARBALOHAN","402"
"9715","PARBANGUNAN  /  PERBANGUNAN","291"
"9716","PARBOTIHAN","316"
"9717","PARBUBU DOLOK","358"
"9718","PARBUBU I","358"
"9719","PARBUBU II","358"
"9720","PARBUBU PEA","358"
"9721","PARBULUAN I","524"
"9722","PARBULUAN II","524"
"9723","PARBULUAN III","524"
"9724","PARBULUAN IV","524"
"9725","PARBULUAN V","524"
"9726","PARBULUAN VI","524"
"9727","PARBUTARAN","295"
"9728","PARDAMEAN AJIBATA","674"
"9729","PARDAMEAN ASIH","456"
"9730","PARDAMEAN BARU","480"
"9731","PARDAMEAN NAINGGOLAN","713"
"9732","PARDAMEAN SIBISA","674"
"9733","PARDAMEAN","493"
"9734","PARDAMEAN","541"
"9735","PARDAMEAN","607"
"9736","PARDEDE ONAN","307"
"9737","PARDINGGARAN","431"
"9738","PARDOLOK LUMBAN LOBU","667"
"9739","PARDOMUAN AJIBATA","674"
"9740","PARDOMUAN BANDAR","459"
"9741","PARDOMUAN I","348"
"9742","PARDOMUAN JANJI ANGKOLA","602"
"9743","PARDOMUAN MOTUNG","674"
"9744","PARDOMUAN NAINGGOLAN","713"
"9745","PARDOMUAN NAULI","294"
"9746","PARDOMUAN NAULI","367"
"9747","PARDOMUAN NAULI","431"
"9748","PARDOMUAN NAULI","653"
"9749","PARDOMUAN NAULI","348"
"9750","PARDOMUAN NAULI","501"
"9751","PARDOMUAN TONGAH","459"
"9752","PARDOMUAN","342"
"9753","PARDOMUAN","429"
"9754","PARDOMUAN","426"
"9755","PARDOMUAN","700"
"9756","PARDOMUAN","666"
"9757","PARDOMUAN","338"
"9758","PARDOMUAN","344"
"9759","PARDOMUAN","434"
"9760","PARDOMUAN","683"
"9761","PARDOMUAN","627"
"9762","PARDOMUAN","339"
"9763","PARDOMUAN","402"
"9764","PARDOMUAN","470"
"9765","PARDOMUAN","623"
"9766","PARDUGUL","348"
"9767","PARETOKAN (PARITOKAN)","369"
"9768","PARGAMBIRAN","636"
"9769","PARGARINGAN","607"
"9770","PARGARUTAN DOLOK","553"
"9771","PARGARUTAN HUTA BARU","553"
"9772","PARGARUTAN JAE","553"
"9773","PARGARUTAN JULU","553"
"9774","PARGARUTAN TONGA","553"
"9775","PARGARUTAN","303"
"9776","PARGARUTAN","607"
"9777","PARGAULAN","600"
"9778","PARGUMBANGAN","319"
"9779","PARHABINSARAN JANJI MATOGU","634"
"9780","PARHORASAN NAULI","541"
"9781","PARHORASAN","348"
"9782","PARHORBOAN","532"
"9783","PARHUNDALIAN JAWADIPAR","604"
"9784","PARHUSIP III","681"
"9785","PARIBUAN","570"
"9786","PARIBUN","544"
"9787","PARIGI","322"
"9788","PARIK SABUNGAN","518"
"9789","PARIK SABUNGAN","463"
"9790","PARIK SINOMBA","678"
"9791","PARIK SINOMBA","334"
"9792","PARIK","634"
"9793","PARIMBALANG","503"
"9794","PARIMBURAN","550"
"9795","PARINGGONAN JULU","368"
"9796","PARINGGONAN","368"
"9797","PARINSORAN PANGORIAN","364"
"9798","PARIT BINDU","477"
"9799","PARJALANGAN","518"
"9800","PARJALIHOTAN BARU","659"
"9801","PARLAMBEAN","468"
"9802","PARLIMBATAN","305"
"9803","PARLOMBUAN","564"
"9804","PARLONDUT","348"
"9805","PARMAINAN","390"
"9806","PARMERAAN","315"
"9807","PARMERAAN / PARMERAN","322"
"9808","PARMOMPANG","338"
"9809","PARMONANGAN","403"
"9810","PARMONANGAN","348"
"9811","PARMONANGAN","402"
"9812","PARNAPA","316"
"9813","PARONGIL","471"
"9814","PAROPO","720"
"9815","PARPAREAN I","404"
"9816","PARPAREAN II","404"
"9817","PARPAREAN III","404"
"9818","PARPAREAN IV","404"
"9819","PARPAUDANGAN","328"
"9820","PARPULUNGAN / PARPULUNGEN","700"
"9821","PARRATUSAN","564"
"9822","PARSALAKAN","336"
"9823","PARSAMBILAN","627"
"9824","PARSAORAN AJIBATA","674"
"9825","PARSAORAN I","348"
"9826","PARSAORAN JANJI ANGKOLA","602"
"9827","PARSAORAN NAINGGOLAN","713"
"9828","PARSAORAN SAMOSIR","713"
"9829","PARSAORAN SIBISA","674"
"9830","PARSAORAN URAT","653"
"9831","PARSARMAAN (PARSAMAAN)","323"
"9832","PARSIBARUNGAN","564"
"9833","PARSINGGURAN I","344"
"9834","PARSINGGURAN II","344"
"9835","PARSOBURAN BARAT","366"
"9836","PARSOBURAN TENGAH","366"
"9837","PARSOMBAAN","331"
"9838","PARSORMINAN I","564"
"9839","PARSOSORAN","364"
"9840","PARSURATAN","307"
"9841","PARTALI JULU","358"
"9842","PARTALI TORUAN","358"
"9843","PARTIHAMAN SAROHA","679"
"9844","PARTIMBALAN","502"
"9845","PARTOR JANJI MATOGU","634"
"9846","PARTORUAN JANJI MATOGU","634"
"9847","PARTORUAN LUMBAN LOBU","667"
"9848","PARTUNGKO NAGINJANG","635"
"9849","PARULOHAN","600"
"9850","PARUPUK JAE","301"
"9851","PARUPUK JULU","301"
"9852","PASANG LELA","326"
"9853","PASANG LELA","330"
"9854","PASAR BARU BATAHAN","526"
"9855","PASAR BARU MALINTANG","515"
"9856","PASAR BARU","560"
"9857","PASAR BARU","696"
"9858","PASAR BARU","692"
"9859","PASAR BARU","694"
"9860","PASAR BARU","442"
"9861","PASAR BARU","599"
"9862","PASAR BATAHAN","526"
"9863","PASAR BATU GERIGIS","310"
"9864","PASAR BELAKANG","694"
"9865","PASAR BINANGA","357"
"9866","PASAR BORBOR","367"
"9867","PASAR ENAM KUALA NAMU","425"
"9868","PASAR GAMBIR","442"
"9869","PASAR GUNUNG SITOLI","573"
"9870","PASAR GUNUNG TUA","305"
"9871","PASAR HILIR","291"
"9872","PASAR HURISTAK","593"
"9873","PASAR HUTA BARGOT","523"
"9874","PASAR I NATAL","480"
"9875","PASAR II NATAL","480"
"9876","PASAR II SINGKUANG","563"
"9877","PASAR III NATAL","480"
"9878","PASAR IPUH","368"
"9879","PASAR IV NAMU / NAMO TERASI","583"
"9880","PASAR IV NATAL","480"
"9881","PASAR KOTANOPAN","547"
"9882","PASAR LAGU BOTI","431"
"9883","PASAR LAMO / LAMA","319"
"9884","PASAR LANCAT UB (PASIR LANCAT JULU)","355"
"9885","PASAR LAPAN","427"
"9886","PASAR LARU","417"
"9887","PASAR LATONG","331"
"9888","PASAR LEMBU","379"
"9889","PASAR LIMA KEBUN KELAPA","425"
"9890","PASAR LUMBAN JULU","343"
"9891","PASAR MAGA","335"
"9892","PASAR MATANGGOR","551"
"9893","PASAR MELINTANG","474"
"9894","PASAR MERAH BARAT","696"
"9895","PASAR MERAH TIMUR","695"
"9896","PASAR MIRING (SIDOARJO SATU PSR MIRING)","492"
"9897","PASAR MUARA SIPONGI","504"
"9898","PASAR ONAN HURLANG","675"
"9899","PASAR ONAN MANDUAMAS","595"
"9900","PASAR PANGURURAN","348"
"9901","PASAR PANYABUNGAN","390"
"9902","PASAR PARGARUTAN","553"
"9903","PASAR PORSEA","404"
"9904","PASAR PULAU TELO","482"
"9905","PASAR RAWA","376"
"9906","PASAR SAYUR MATINGGI","326"
"9907","PASAR SEMPURNA","337"
"9908","PASAR SIBORONG BORONG","463"
"9909","PASAR SIBUHUAN","430"
"9910","PASAR SIMANGAMBAT","359"
"9911","PASAR SIMUNDOL","326"
"9912","PASAR SIPAGIMBAR","359"
"9913","PASAR SIPIONGOT","322"
"9914","PASAR SIPIROK","303"
"9915","PASAR SORKAM","356"
"9916","PASAR TELUK DALAM","572"
"9917","PASAR TERANDAM","310"
"9918","PASAR TIGA","444"
"9919","PASAR UJUNG BATU","365"
"9920","PASAR VI KWALA MENCIRIM","583"
"9921","PASAR VI NATAL","480"
"9922","PASAR VIII NAMU TERASI","583"
"9923","PASAR X","697"
"9924","PASARAN I","681"
"9925","PASARAN PARSAORAN","681"
"9926","PASARIBU TOBING JAE","356"
"9927","PASARIBU TOBING","340"
"9928","PASARIBU","334"
"9929","PASI","529"
"9930","PASIR AMPOLU HEPENG","551"
"9931","PASIR BARU","479"
"9932","PASIR BIDANG","721"
"9933","PASIR JAE","365"
"9934","PASIR JULU","365"
"9935","PASIR LANCAT BARU","593"
"9936","PASIR LANCAT LAMA","593"
"9937","PASIR PERMIT","378"
"9938","PASIR PINANG","593"
"9939","PASIR PINANG","323"
"9940","PASIR TENGAH","662"
"9941","PASIR TUNTUNG","663"
"9942","PASIR","319"
"9943","PASIRAN","376"
"9944","PASIRAN","467"
"9945","PASTAP JULU","417"
"9946","PASTAP","417"
"9947","PATAHAJANG","389"
"9948","PATANE I","404"
"9949","PATANE II","404"
"9950","PATANE III","404"
"9951","PATANE IV","404"
"9952","PATANE V","404"
"9953","PATIALO","547"
"9954","PATILUBAN HILIR","480"
"9955","PATILUBAN MUDIK","480"
"9956","PATUMBAK DUA","704"
"9957","PATUMBAK KAMPUNG","704"
"9958","PATUMBAK SATU","704"
"9959","PATUPANGAN","310"
"9960","PAYA BAGAS","461"
"9961","PAYA BAHUNG UB (LB / AN)","355"
"9962","PAYA BAHUNG","308"
"9963","PAYA BAKUNG","613"
"9964","PAYA BENGKUANG","376"
"9965","PAYA BUJING","593"
"9966","PAYA GAMBAR","473"
"9967","PAYA GELI","669"
"9968","PAYA ITIK","495"
"9969","PAYA KUDA","495"
"9970","PAYA LOMBANG","461"
"9971","PAYA MABAR","422"
"9972","PAYA MABAR","461"
"9973","PAYA OMBIK","322"
"9974","PAYA PASIR","702"
"9975","PAYA PASIR","465"
"9976","PAYA PERUPUK","469"
"9977","PAYA PINANG","465"
"9978","PAYA RENGAS","543"
"9979","PAYA SAMPIR","495"
"9980","PAYA TAMPAK","393"
"9981","PAYA TUSAM","590"
"9982","PAYAROBA","509"
"9983","PAYOMBUR (PAYAOMBOR)","390"
"9984","PAYUNG","567"
"9985","PEADUNGDUNG","403"
"9986","PEARAJA","607"
"9987","PEARUNG SILALI","707"
"9988","PEARUNG","707"
"9989","PEGAGAN JULU I","636"
"9990","PEGAGAN JULU II","636"
"9991","PEGAGAN JULU III","636"
"9992","PEGAGAN JULU IV","636"
"9993","PEGAGAN JULU IX","636"
"9994","PEGAGAN JULU V","636"
"9995","PEGAGAN JULU VI","636"
"9996","PEGAGAN JULU VII","636"
"9997","PEGAGAN JULU VIII","636"
"9998","PEGAGAN JULU X","636"
"9999","PEGAJAHAN","584"
"10000","PEKAN BAHOROK","558"
