"id","nama_desa","kecamatan_id"
"14001","KAYU ARA","990"
"14002","KAYU ARO","1036"
"14003","KAYU KAPUR (BUKIT KAYU KAPUR)","934"
"14004","KAYU RAJA","1039"
"14005","KEBUN DURIAN","1022"
"14006","KEBUN LADO","912"
"14007","KEBUN TINGGI","929"
"14008","KEDABU RAPAT","990"
"14009","KEDUNGSARI","1028"
"14010","KELAPA PATI","915"
"14011","KELAPA PATIH JAYA","989"
"14012","KELAWAT","1040"
"14013","KELAYANG","976"
"14014","KELEBUK","915"
"14015","KELEMANTAN BARAT","915"
"14016","KELEMANTAN","915"
"14017","KELESA","948"
"14018","KELUMPANG","1027"
"14019","KEMANG INDAH","930"
"14020","KEMANG","969"
"14021","KEMBANG DAMAI","1041"
"14022","KEMBANG HARUM","913"
"14023","KEMBANG MEKAR SARI","1039"
"14024","KEMBUNG BARU","965"
"14025","KEMBUNG LUAR","965"
"14026","KEMPAS JAYA","978"
"14027","KEMUNING MUDA","1000"
"14028","KEMUNING MUDA","905"
"14029","KEMUNING TUA","905"
"14030","KENCANA","932"
"14031","KEPALA PULAU","967"
"14032","KEPAU BARU","972"
"14033","KEPAU JAYA","1005"
"14034","KEPAYAN","1042"
"14035","KEPAYANG SARI","926"
"14036","KEPENUHAN BARAT MULYA","1043"
"14037","KEPENUHAN BARAT SEI ROKAN JAYA","1043"
"14038","KEPENUHAN BARAT","1043"
"14039","KEPENUHAN BARU","1043"
"14040","KEPENUHAN HILIR","1043"
"14041","KEPENUHAN HULU","1042"
"14042","KEPENUHAN JAYA","1042"
"14043","KEPENUHAN RAYA","1043"
"14044","KEPENUHAN SUKA","1043"
"14045","KEPENUHAN TENGAH","1043"
"14046","KERAMAT / KRAMAT JAYA","955"
"14047","KERANJI GUGUH","999"
"14048","KERINCI KANAN","997"
"14049","KERINCI KIRI","997"
"14050","KERITANG","905"
"14051","KERIUNG","939"
"14052","KERTA JAYA","978"
"14053","KERUBUNG JAYA","926"
"14054","KERUMUTAN","962"
"14055","KESUMA","969"
"14056","KETAM PUTIH","915"
"14057","KETAPANG PERMAI","968"
"14058","KETAPING JAYA","961"
"14059","KETIPOPURA","975"
"14060","KHAIRIAH MANDAH","943"
"14061","KIAB JAYA","1044"
"14062","KIJANG JAYA","988"
"14063","KIJANG MAKMUR","988"
"14064","KIJANG REJO","918"
"14065","KINALI","906"
"14066","KINANTAN / KENANTAN","918"
"14067","KOMPE BERANGIN","1034"
"14068","KOPAH","946"
"14069","KOTA BARU RETEH","1039"
"14070","KOTA BARU SEBERIDA","1039"
"14071","KOTA BARU","942"
"14072","KOTA BARU","1045"
"14073","KOTA BARU","976"
"14074","KOTA BARU","988"
"14075","KOTA GARO","988"
"14076","KOTA INTAN","942"
"14077","KOTA LAMA","929"
"14078","KOTA LAMA","942"
"14079","KOTA LAMA","911"
"14080","KOTA MEDAN","995"
"14081","KOTA PARET / PARIT","941"
"14082","KOTA RAYA","942"
"14083","KOTA RINGIN","985"
"14084","KOTA TINGGI","1045"
"14085","KOTA / KOTO BANGUN","988"
"14086","KOTA / KOTO RANAH","925"
"14087","KOTO AMAN","988"
"14088","KOTO BARU","987"
"14089","KOTO BENAI","960"
"14090","KOTO CENGAR","906"
"14091","KOTO CERENTI","1034"
"14092","KOTO DAMAI","991"
"14093","KOTO GUNUNG","1023"
"14094","KOTO INUMAN","961"
"14095","KOTO KARI","946"
"14096","KOTO KOMBU","1031"
"14097","KOTO LUBUK JAMBI","906"
"14098","KOTO MESJID","945"
"14099","KOTO PAIT BERINGIN","944"
"14100","KOTO PANGIAN / PANGEAN","1046"
"14101","KOTO PERAKU","1034"
"14102","KOTO PERAMBAHAN","1013"
"14103","KOTO RAJA","947"
"14104","KOTO RAJO","1011"
"14105","KOTO SENTAJO","986"
"14106","KOTO TALUK","946"
"14107","KOTO TANDUN","996"
"14108","KOTO TIBUN","920"
"14109","KOTO TINGGI","931"
"14110","KOTO TUO BARAT","945"
"14111","KOTO TUO","1047"
"14112","KOTO TUO","967"
"14113","KOTO TUO","946"
"14114","KOTO TUO","945"
"14115","KUALA ALAM","915"
"14116","KUALA CENAKU","1048"
"14117","KUALA ENOK","1049"
"14118","KUALA GADING","926"
"14119","KUALA GASIB","999"
"14120","KUALA GAUNG","1027"
"14121","KUALA KERITANG","1039"
"14122","KUALA KILAN","926"
"14123","KUALA LAHANG","980"
"14124","KUALA LALA","1040"
"14125","KUALA LEMANG","1039"
"14126","KUALA MERBAU","968"
"14127","KUALA MULIA","1048"
"14128","KUALA PANDUK","1018"
"14129","KUALA PATAH PARANG","984"
"14130","KUALA PENASO","944"
"14131","KUALA SEBATU","1020"
"14132","KUALA SELAT","917"
"14133","KUALA SUNGAI BATANG","984"
"14134","KUALA TERUSAN","1001"
"14135","KUALA TOLAM","971"
"14136","KUALU NENAS","930"
"14137","KUALU","930"
"14138","KUANTAN BARU","1035"
"14139","KUANTAN SAKO","1006"
"14140","KUANTAN TENANG","976"
"14141","KUAPAN","930"
"14142","KUBANG JAYA","1005"
"14143","KUBU I","1038"
"14144","KUDAP","950"
"14145","KULIM JAYA","978"
"14146","KULIM JAYA","916"
"14147","KULIM","1050"
"14148","KUMAIN","996"
"14149","KUMANTAN","952"
"14150","KUMBARA UTAMA","997"
"14151","KUNDUR","923"
"14152","KUNTU DARUSSALAM","1015"
"14153","KUNTU","1015"
"14154","KUOK","977"
"14155","KUSAU MAKMUR","1004"
"14156","LABOI JAYA","993"
"14157","LABUH BARU BARAT","908"
"14158","LABUH BARU TIMUR","908"
"14159","LABUHAN BILIK","1018"
"14160","LABUHAN PAPAN","973"
"14161","LABUHAN TANGGA BARU","933"
"14162","LABUHAN TANGGA BESAR","933"
"14163","LABUHAN TANGGA HILIR","933"
"14164","LABUHAN TANGGA KECIL","933"
"14165","LAHAI KEMUNING","926"
"14166","LAHANG BARU","980"
"14167","LAHANG HULU","980"
"14168","LAHANG TENGAH","980"
"14169","LAKSAMANA","992"
"14170","LAKSAMANA","949"
"14171","LALANG KABUNG","971"
"14172","LALANG","1007"
"14173","LAMBANG SARI I / II / III","959"
"14174","LAMBANG SARI IV","959"
"14175","LAMBANG SARI V","959"
"14176","LANGGAM","1051"
"14177","LANGGINI","952"
"14178","LANGKAI","998"
"14179","LANGKAN","1051"
"14180","LANGKAT","947"
"14181","LANGKITIN","1037"
"14182","LANGSAT HULU","986"
"14183","LANGSAT PERMAI","1000"
"14184","LEBUH LURUS","961"
"14185","LEMANG","927"
"14186","LEMBAH DAMAI","1052"
"14187","LEMBAH DUSUN GADING","913"
"14188","LEMBAH SARI","1052"
"14189","LENGGADAI / LANGGADAI HILIR","1025"
"14190","LENGGADAI / LANGGADAI HULU","1025"
"14191","LERENG","977"
"14192","LIANG BANIR","947"
"14193","LIBO JAYA","979"
"14194","LIMAU MANIS","920"
"14195","LIMAU MANIS","905"
"14196","LIMBUNGAN BARU","1052"
"14197","LIMBUNGAN","1052"
"14198","LINTAS UTARA","1039"
"14199","LIPAI BULAN","962"
"14200","LIPAT KAIN SELATAN","1015"
"14201","LIPAT KAIN UTARA","1015"
"14202","LIPAT KAIN","1015"
"14203","LIRIK AREA","959"
"14204","LOGAS HILIR","912"
"14205","LOGAS","1006"
"14206","LOGAS","912"
"14207","LUAI","906"
"14208","LUBUK AGUNG","945"
"14209","LUBUK AMBACANG","1031"
"14210","LUBUK BATU TINGGAL","916"
"14211","LUBUK BENDAHARA TIMUR","922"
"14212","LUBUK BENDAHARA","922"
"14213","LUBUK BESAR","905"
"14214","LUBUK BETUNG","922"
"14215","LUBUK BILANG","1037"
"14216","LUBUK BINGAU","929"
"14217","LUBUK DALAM","1017"
"14218","LUBUK GARAM","947"
"14219","LUBUK GAUNG","947"
"14220","LUBUK GAUNG","954"
"14221","LUBUK JAWI","932"
"14222","LUBUK JERING","983"
"14223","LUBUK KEBUN","1006"
"14224","LUBUK KEMBANG BUNGA","907"
"14225","LUBUK KEMBANG SARI","907"
"14226","LUBUK KERANJI TIMUR","919"
"14227","LUBUK KERANJI","919"
"14228","LUBUK KRAPAT / KERAPAT","1053"
"14229","LUBUK MANDIAN GAJAH","939"
"14230","LUBUK MAS","939"
"14231","LUBUK MUDA","947"
"14232","LUBUK NAPAL","1037"
"14233","LUBUK OGUNG","1044"
"14234","LUBUK RAJA","919"
"14235","LUBUK RAMO","906"
"14236","LUBUK SAKAI","991"
"14237","LUBUK SAKAT","1024"
"14238","LUBUK SIAM","1005"
"14239","LUBUK SITARAK","976"
"14240","LUBUK SOTING","970"
"14241","LUBUK TERANTANG","1023"
"14242","LUBUK TERAP","919"
"14243","LUBUK TILAN","963"
"14244","LUBUK UMBUT","983"
"14245","LUDAI","929"
"14246","LUKIT","940"
"14247","LUKUN","972"
"14248","LUMBOK","1011"
"14249","MADANI","1054"
"14250","MAHARATU","1055"
"14251","MAHATO SAKTI","956"
"14252","MAHATO","956"
"14253","MAINI DARUL AMAN","923"
"14254","MAK TEDUH","962"
"14255","MAKERUH","974"
"14256","MAKMUR JAYA","932"
"14257","MAKMUR JAYA","917"
"14258","MAKMUR SEJAHTERA","1022"
"14259","MAKMUR","1001"
"14260","MANDI ANGIN","1056"
"14261","MANTIASA","923"
"14262","MANUNGGAL JAYA","955"
"14263","MARGA MULYA","1037"
"14264","MARSAWA","986"
"14265","MASDA MAKMUR","1037"
"14266","MAYANG PONGKAI","991"
"14267","MAYANG SARI JAYA","955"
"14268","MAYANG SARI","940"
"14269","MAYANG SARI","1016"
"14270","MEKAR BARU","927"
"14271","MEKAR DELIMA","950"
"14272","MEKAR JAYA","991"
"14273","MEKAR JAYA","956"
"14274","MEKAR SARI","1003"
"14275","MEKAR SARI","959"
"14276","MEKAR SARI","940"
"14277","MEKAR SARI","1054"
"14278","MEKONG","923"
"14279","MELAI","927"
"14280","MELAYU BESAR KOTA","973"
"14281","MELAYU BESAR","973"
"14282","MELAYU TENGAH","973"
"14283","MELIBUR","944"
"14284","MENAMING","931"
"14285","MENGGALA SAKTI","964"
"14286","MENGGALA SEMPURNA","964"
"14287","MENGKAPAN","1007"
"14288","MENGKIKIP","923"
"14289","MENGKIRAU","950"
"14290","MENGKOPOT","950"
"14291","MENTAYAN","965"
"14292","MENTULIK","958"
"14293","MERANGIN","977"
"14294","MERANGKAI","963"
"14295","MERANTI BUNTING","940"
"14296","MERANTI MAKMUR","932"
"14297","MERANTI PANDAK","1052"
"14298","MERANTI","969"
"14299","MERBAU","939"
"14300","MEREDAN BARAT","1057"
"14301","MEREDAN","1057"
"14302","MEREMPAN HILIR","985"
"14303","MEREMPAN HULU","998"
"14304","MESAH","973"
"14305","MESKOM","915"
"14306","METRO","1054"
"14307","MINAS BARAT","1056"
"14308","MINAS JAYA","1056"
"14309","MINAS TIMUR","1056"
"14310","MORONG","1040"
"14311","MUARA BAHAN","987"
"14312","MUARA BASUNG","944"
"14313","MUARA BUNGKAL","983"
"14314","MUARA DILAM","942"
"14315","MUARA DUA","947"
"14316","MUARA FAJAR","1058"
"14317","MUARA INTAN","942"
"14318","MUARA JALAI","1036"
"14319","MUARA JAYA","1042"
"14320","MUARA KELANTAN","983"
"14321","MUARA LANGSAT","986"
"14322","MUARA LEMBU","912"
"14323","MUARA MAHAT BARU","918"
"14324","MUARA MUSU","1053"
"14325","MUARA SELAYA","1015"
"14326","MUARA TAKUS","945"
"14327","MUARA UWAI","993"
"14328","MUARAPETAI","1030"
"14329","MUARATOBEK","1030"
"14330","MUARO SENTAJO","986"
"14331","MUARO TIU MAKMUR","1030"
"14332","MUARO TOMBANG","906"
"14333","MUAROBIO","929"
"14334","MUDA SETIA","1044"
"14335","MUDIK ULO","1031"
"14336","MUGO MULYO","984"
"14337","MUKTI JAYA","1025"
"14338","MUKTI SARI","918"
"14339","MULIA SUBUR (MULYASUBUR)","1016"
"14340","MUMPA","1026"
"14341","MUMUGO PEMEKARAN","964"
"14342","MUMUGO","964"
"14343","MUNDAM","1021"
"14344","MUNSALO","946"
"14345","MUNTAI BARAT","965"
"14346","MUNTAI","965"
"14347","NAGA BERALIH","1036"
"14348","NAUMBAI","920"
"14349","NGASO","1059"
"14350","NIPAH SENDANU","972"
"14351","NUSANTARA JAYA","1039"
"14352","NYIUR PERMAI","1039"
"14353","OLAK","983"
"14354","PADANG BULAN","1033"
"14355","PADANG KAMAL","968"
"14356","PADANG KUNIK","1046"
"14357","PADANG LUAS","1051"
"14358","PADANG LUAS","930"
"14359","PADANG MUTUNG","920"
"14360","PADANG SAWAH","1015"
"14361","PADANG TANGGUNG","1046"
"14362","PADANG TERUBUK","1033"
"14363","PAGAR MAYANG","956"
"14364","PAGARAN TAPAH","1041"
"14365","PAGARUYUNG","918"
"14366","PAKNING ASAL","928"
"14367","PALAS","969"
"14368","PALAS","1058"
"14369","PALKUN","915"
"14370","PALUH","985"
"14371","PALUNG RAYA","930"
"14372","PAMESI","910"
"14373","PAMPANG BARU","965"
"14374","PAMPANG PESISIR","965"
"14375","PANCA MUKTI","932"
"14376","PANCUR JAYA","974"
"14377","PANCUR","1039"
"14378","PANCURAN GADING","918"
"14379","PANDAN SARI","984"
"14380","PANDAN WANGI","975"
"14381","PANDAU JAYA","1005"
"14382","PANGKALAN BALAI","968"
"14383","PANGKALAN BARU","1005"
"14384","PANGKALAN BATANG BARAT","915"
"14385","PANGKALAN BATANG","915"
"14386","PANGKALAN BUNUT","939"
"14387","PANGKALAN GONDAI","1051"
"14388","PANGKALAN INDARUNG","912"
"14389","PANGKALAN JAMBI","928"
"14390","PANGKALAN KAPAS","929"
"14391","PANGKALAN KASAI","948"
"14392","PANGKALAN KERINCI BARAT","1001"
"14393","PANGKALAN KERINCI KOTA","1001"
"14394","PANGKALAN KERINCI TIMUR","1001"
"14395","PANGKALAN LESUNG","1016"
"14396","PANGKALAN LIBUT","944"
"14397","PANGKALAN MAKMUR","963"
"14398","PANGKALAN NYIRIH","974"
"14399","PANGKALAN PANDUK","962"
"14400","PANGKALAN PINANG","974"
"14401","PANGKALAN PISANG","999"
"14402","PANGKALAN SERAI","929"
"14403","PANGKALAN SERIK","1005"
"14404","PANGKALAN SESAI","938"
"14405","PANGKALAN TAMPOI / TAMPUI","962"
"14406","PANGKALAN TERAP","1018"
"14407","PANGKALAN TUJUH","1026"
"14408","PANGKALAN","1030"
"14409","PANGLIMA RAJA","1010"
"14410","PANIPAHAN DARAT","1060"
"14411","PANIPAHAN II (BARU)","1060"
"14412","PANIPAHAN LAUT","1060"
"14413","PANIPAHAN","1060"
"14414","PANTAI CERMIN","918"
"14415","PANTAI RAJA","1024"
"14416","PANTAI SEBERANG MAKMUR","936"
"14417","PANTAI","906"
"14418","PARIT AMAN","933"
"14419","PARIT BARU","930"
"14420","PARIT I API API","928"
"14421","PARIT I / II","1007"
"14422","PARIT KEBUMEN","974"
"14423","PARIT TERATAK AIR HITAM","986"
"14424","PASAR BARU PANGEAN","1046"
"14425","PASAR BARU","967"
"14426","PASAR CERENTI","1034"
"14427","PASAR INUMAN","961"
"14428","PASAR KEMBANG","1039"
"14429","PASAR KOTA RENGAT","1035"
"14430","PASAR LUBUK JAMBI","906"
"14431","PASAR TELUK","946"
"14432","PASAR USANG","967"
"14433","PASIR AGUNG","957"
"14434","PASIR BARU","931"
"14435","PASIR BATU MANDI","1040"
"14436","PASIR BERINGIN","995"
"14437","PASIR BONGKAL","1040"
"14438","PASIR EMAS","1020"
"14439","PASIR EMAS","912"
"14440","PASIR INDAH","942"
"14441","PASIR INTAN","957"
"14442","PASIR JAYA","1053"
"14443","PASIR KELAMPAIAN","1040"
"14444","PASIR KEMILU","1035"
"14445","PASIR KERANJI","913"
"14446","PASIR LIMAU KAPAS","1060"
"14447","PASIR LUHUR","942"
"14448","PASIR MAJU","931"
"14449","PASIR MAKMUR","1037"
"14450","PASIR PENGARAYAN","931"
"14451","PASIR PUTIH BARAT","932"
"14452","PASIR PUTIH UTARA","932"
"14453","PASIR PUTIH","932"
"14454","PASIR RINGGIT","959"
"14455","PASIR SELABAU","1040"
"14456","PASIR SIALANG JAYA","959"
"14457","PASIR SIALANG","993"
"14458","PASIR UTAMA","1053"
"14459","PASIRAN","965"
"14460","PATALING / PETALING JAYA","926"
"14461","PAUH ANGIT HULU","1046"
"14462","PAUH ANGIT","1046"
"14463","PAUH PERANAP","975"
"14464","PAUH","994"
"14465","PAYARUMBAI","948"
"14466","PAYUNG SEKAKI","956"
"14467","PEBADARAN","982"
"14468","PEBAUN HILIR","906"
"14469","PEBAUN HULU","906"
"14470","PEBENAAN","1039"
"14471","PEDAMARAN","1038"
"14472","PEDEKIK","915"
"14473","PEJANGKI","926"
"14474","PEKAITAN","1038"
"14475","PEKAN ARBA","1061"
"14476","PEKAN HERAN","911"
"14477","PEKAN KAMIS","1062"
"14478","PEKAN TEBIH","1042"
"14479","PEKAN TUA","978"
"14480","PELADANGAN","1047"
"14481","PELALAWAN","971"
"14482","PELAMBAIAN","918"
"14483","PELANDUK","943"
"14484","PELANGIRAN","937"
"14485","PELANGKO","995"
"14486","PELANTAI","940"
"14487","PELINTUNG","1021"
"14488","PELITA","932"
"14489","PELUKAHAN","1011"
"14490","PEMANDANG","922"
"14491","PEMATANG BENTENG","1047"
"14492","PEMATANG BERANGAN","931"
"14493","PEMATANG BOTAM","1025"
"14494","PEMATANG DAMAR","953"
"14495","PEMATANG DUKU TIMUR","915"
"14496","PEMATANG DUKU","915"
"14497","PEMATANG IBUL","953"
"14498","PEMATANG JAYA","911"
"14499","PEMATANG MANGGIS","926"
"14500","PEMATANG OBO","910"
"14501","PEMATANG PUDU","910"
"14502","PEMATANG REBA","911"
"14503","PEMATANG SIKEK","1025"
"14504","PEMATANG TEBIH","1059"
"14505","PEMATANG TINGGI","962"
"14506","PEMATANG","1047"
"14507","PEMBATANG","1046"
"14508","PENAMPI","915"
"14509","PENARIKAN","1051"
"14510","PENCING BEKUTO","979"
"14511","PENDALIAN","914"
"14512","PENEBAL","915"
"14513","PENGALIHAN","936"
"14514","PENGALIHAN","1011"
"14515","PENGALIHAN / PENGALEHAN","1039"
"14516","PENGHIDUPAN","991"
"14517","PENJURU","917"
"14518","PENYAGUAN","981"
"14519","PENYAGUN","1009"
"14520","PENYASAWAN","920"
"14521","PENYENGAT","1007"
"14522","PERANAP","975"
"14523","PERAWANG BARAT","1057"
"14524","PERAWANG","1057"
"14525","PERGAM","974"
"14526","PERHENTIAN LUAS","1006"
"14527","PERHENTIAN SUNGKAI","1030"
"14528","PERIGI RAJA","1063"
"14529","PERINCIT","982"
"14530","PERKEBUNAN SEI / SUNGAI LALA","1040"
"14531","PERKEBUNAN SEI / SUNGAI PARIT","1040"
"14532","PERKEBUNAN SIARANG-ARANG","909"
"14533","PERKEBUNAN TANJUNG MEDAN","909"
"14534","PERMAI","927"
"14535","PESAGUAN","1016"
"14536","PESAJIAN","1047"
"14537","PESANGGERAHAN (PASENGGARAHAN)","984"
"14538","PESIKAIAN / PASIKAIAN","1034"
"14539","PESISIR","1064"
"14540","PETAI BARU","912"
"14541","PETAI","987"
"14542","PETALA BUMI","948"
"14543","PETALONGAN","1039"
"14544","PETALONGAN","913"
"14545","PETANI","939"
"14546","PETANI","910"
"14547","PETAPAHAN JAYA","918"
"14548","PETAPAHAN","1023"
"14549","PETAPAHAN","918"
"14550","PETODAAN","1018"
"14551","PETONGGAN","976"
"14552","PINANG JAYA","937"
"14553","PINANG SEBATANG BARAT","1057"
"14554","PINANG SEBATANG TIMUR","1057"
"14555","PINANG SEBATANG","1057"
"14556","PINGGIR","944"
"14557","PINTASAN","980"
"14558","PINTU GOBANG","946"
"14559","PISANG BEREBUS","1023"
"14560","POLAK PISANG","995"
"14561","POMPA AIR","919"
"14562","PONDOK GELUGUR","916"
"14563","PONDOK KRESEK","909"
"14564","PONGKAI ISTIQOMAH","945"
"14565","PONGKAI","951"
"14566","PONTIAN MEKAR","916"
"14567","PRAPAT TUNGGAL","915"
"14568","PUJUD SELATAN","909"
"14569","PUJUD UTARA","909"
"14570","PUJUD","909"
"14571","PULAU BAYUR","1034"
"14572","PULAU BIRANDANG","1013"
"14573","PULAU BURUNG","955"
"14574","PULAU BUSUK JAYA","961"
"14575","PULAU BUSUK","961"
"14576","PULAU CAWAN","943"
"14577","PULAU DERAS","1046"
"14578","PULAU GADANG","945"
"14579","PULAU GAJAH","1035"
"14580","PULAU GELANG","1048"
"14581","PULAU HALANG BELAKANG","1032"
"14582","PULAU HALANG HULU","1032"
"14583","PULAU HALANG MUKA","1032"
"14584","PULAU JAMBU","1034"
"14585","PULAU JAMBU","920"
"14586","PULAU JAMBU","977"
"14587","PULAU JUMAT","1048"
"14588","PULAU KARAM","1028"
"14589","PULAU KECIL","1054"
"14590","PULAU KIJANG","1054"
"14591","PULAU KUMPAI","1046"
"14592","PULAU LAWAS","993"
"14593","PULAU MUDA","1018"
"14594","PULAU MUNGKUR","1023"
"14595","PULAU PADANG","912"
"14596","PULAU PALAS","1062"
"14597","PULAU PANJANG CERENTI","1034"
"14598","PULAU PANJANG HILIR","961"
"14599","PULAU PANJANG HULU","961"
"14600","PULAU PAYUNG","924"
"14601","PULAU PERMAI","930"
"14602","PULAU RAMBAI","1013"
"14603","PULAU RENGAS","1046"
"14604","PULAU RUKU","1054"
"14605","PULAU RUMPUT","1023"
"14606","PULAU SARAK","920"
"14607","PULAU SENGKILO","995"
"14608","PULAU SIPAN","961"
"14609","PULAU TENGAH / TONGAH","1046"
"14610","PULAU TINGGI","920"
"14611","PULAU","993"
"14612","PULAUARO","946"
"14613","PULAUBANJAR KARI","946"
"14614","PULAUBARU","1011"
"14615","PULAUBARU","946"
"14616","PULAUBERALO","1011"
"14617","PULAUBINJAI","906"
"14618","PULAUGODANG KARI","946"
"14619","PULAUINGU","960"
"14620","PULAUJEMUR","1060"
"14621","PULAUKALIMANTING","960"
"14622","PULAUKEDUNDUNG","946"
"14623","PULAUKIJANG","967"
"14624","PULAUKOMANG SENTAJO","986"
"14625","PULAUKOPUNG SENTAJO","986"
"14626","PULAUKULUR","1011"
"14627","PULAULANCANG","960"
"14628","PULAUMADINAH","967"
"14629","PULAUTARAP","977"
"14630","PULAUTONGAH","960"
"14631","PUNGKAT","980"
"14632","PUNTI ANAI","926"
"14633","PUNTI / PANTI KAYU","1047"
"14634","PUO RAYA","996"
"14635","PURNAMA","938"
"14636","PUSARAN","936"
"14637","PUTAT","964"
"14638","PUTERI SEMBILAN","1029"
"14639","PUTRI PUYU","950"
"14640","RAJA BEJAMU","1012"
"14641","RAMBAH BARU","1037"
"14642","RAMBAH HILIR TENGAH","1053"
"14643","RAMBAH HILIR TIMUR","1053"
"14644","RAMBAH HILIR","1053"
"14645","RAMBAH JAYA","957"
"14646","RAMBAH MUDA","1053"
"14647","RAMBAH SAMO BARAT","1037"
"14648","RAMBAH SAMO","1037"
"14649","RAMBAH TENGAH BARAT","931"
"14650","RAMBAH TENGAH HILIR","931"
"14651","RAMBAH TENGAH HULU","931"
"14652","RAMBAH TENGAH UTARA","931"
"14653","RAMBAH UTAMA","1037"
"14654","RAMBAH","1053"
"14655","RAMBAHAN","1006"
"14656","RAMBAIAN","1027"
"14657","RANAH BARU","920"
"14658","RANAH SINGKUANG","920"
"14659","RANAH SUNGKAI","945"
"14660","RANAH","920"
"14661","RANSANG","971"
"14662","RANTAU BAIS","964"
"14663","RANTAU BAKUNG","911"
"14664","RANTAU BARU","1001"
"14665","RANTAU BERTUAH","1056"
"14666","RANTAU BINUANG SAKTI","1043"
"14667","RANTAU KASIH","958"
"14668","RANTAU KOPAR","935"
"14669","RANTAU LANGSAT","981"
"14670","RANTAU MAPESAI","1035"
"14671","RANTAU PANJANG KANAN","1065"
"14672","RANTAU PANJANG KIRI HILIR","1032"
"14673","RANTAU PANJANG KIRI","1032"
"14674","RANTAU PANJANG","936"
"14675","RANTAU PANJANG","999"
"14676","RANTAU PANJANG","970"
"14677","RANTAU SAKTI","956"
"14678","RANTAU SIALANG","906"
"14679","RATU SIMA","1003"
"14680","RAWA ASRI","1048"
"14681","RAWA BANGUN","1035"
"14682","RAWA MAKMUR","994"
"14683","RAWA MEKAR JAYA","1007"
"14684","RAWA SEKIP","1048"
"14685","RAWANG AIR PUTIH","998"
"14686","RAWANG BINJAI","1046"
"14687","RAWANG BONTO","967"
"14688","RAWANG KAO BARAT","1017"
"14689","RAWANG KAO","1017"
"14690","RAWANG OGUANG","1011"
"14691","RAWANG SARI","1016"
"14692","REDANG SEKO","959"
"14693","REDANG","911"
"14694","REJOSARI","959"
"14695","REJOSARI","1050"
"14696","REMPAK","949"
"14697","RENAK DUNGUN","968"
"14698","REPAN","1009"
"14699","RESAM LAPIS","965"
"14700","RIDAN PERMAI","952"
"14701","RIMBA BERINGIN","1004"
"14702","RIMBA JAYA","1041"
"14703","RIMBA MAKMUR","1041"
"14704","RIMBA MELINTANG","1025"
"14705","RIMBA SEKAMPUNG","915"
"14706","RIMBA SEKAMPUNG","992"
"14707","RIMBA SEMINAI","976"
"14708","RIMBA / RIMBO PANJANG","930"
"14709","RIMPIAN","916"
"14710","RINGIN","981"
"14711","RINTIS","1064"
"14712","ROKAN BARU PESISIR","1038"
"14713","ROKAN BARU","1038"
"14714","ROKAN KOTO RUANG","922"
"14715","ROKAN TIMUR","922"
"14716","ROKAN","922"
"14717","ROTAN SEMELUR","937"
"14718","RUMBAI BUKIT","1058"
"14719","RUMBAI JAYA","978"
"14720","RUMBIO","920"
"14721","SABAK PERMAI","949"
"14722","SADAR JAYA","947"
"14723","SAGO","1033"
"14724","SAHILAN DARUSSALAM","1022"
"14725","SAIK","906"
"14726","SAIL","1050"
"14727","SAKA PALAS JAYA","937"
"14728","SAKA ROTAN","989"
"14729","SAKO MARGOSARI","1006"
"14730","SAKO","1046"
"14731","SALAK","932"
"14732","SALO TIMUR","1019"
"14733","SALO","1019"
"14734","SAM SAM","979"
"14735","SAMPURAGO","1031"
"14736","SANGAU","906"
"14737","SANGKIR INDAH","1041"
"14738","SANGLAP","926"
"14739","SANGLAR","1054"
"14740","SAPAT","1063"
"14741","SAPTA JAYA","955"
"14742","SAPTA MULYA JAYA","989"
"14743","SARI GALUH","918"
"14744","SARI MAKMUR","1016"
"14745","SARI MULIA (SARIMULYA)","1016"
"14746","SARI MULIA / MULYA","917"
"14747","SAWAH BARU","1013"
"14748","SAWAH","1036"
"14749","SAWAH","946"
"14750","SAWIT PERMAI","963"
"14751","SEBANGAR","910"
"14752","SEBAUK","915"
"14753","SEBERANG CENGAR","906"
"14754","SEBERANG GUNUNG","1023"
"14755","SEBERANG PANTAI","906"
"14756","SEBERANG PEBENAAN","1039"
"14757","SEBERANG PULAU BUSUK","961"
"14758","SEBERANG PULAU KIJANG","1054"
"14759","SEBERANG SANGLAR","1054"
"14760","SEBERANG SUNGAI","1023"
"14761","SEBERANG TALUK HILIR","946"
"14762","SEBERANG TALUK","946"
"14763","SEBERANG TEMBILAHAN BARAT","1061"
"14764","SEBERANG TEMBILAHAN SELATAN","1061"
"14765","SEBERANG TEMBILAHAN","1061"
"14766","SEBERANG TERATAK AIR HITAM","986"
"14767","SEBERIDA","981"
"14768","SEDINGINAN","964"
"14769","SEGAMAI","1018"
"14770","SEGATI","1051"
"14771","SEGOMENG","927"
"14772","SEI BERAS HILIR","916"
"14773","SEI BERAS-BERAS","916"
"14774","SEI BESAR","1038"
"14775","SEI KANDIS","914"
"14776","SEI KIJANG","1044"
"14777","SEI KUNING","1037"
"14778","SEI MERANTI DARUSSALAM","909"
"14779","SEI MERANTI","909"
"14780","SEI SALAK","1037"
"14781","SEI SEGAJAH MAKMUR","1065"
"14782","SEI / SUNGAI AGUNG","918"
"14783","SEI / SUNGAI ALAM","915"
"14784","SEI / SUNGAI BAKAU","1012"
"14785","SEI / SUNGAI CINGAM","974"
"14786","SEI / SUNGAI GUNTUNG HILIR","1035"
"14787","SEI / SUNGAI GUNTUNG TENGAH","1035"
"14788","SEI / SUNGAI JALAU","1036"
"14789","SEI / SUNGAI KUBU","1065"
"14790","SEI / SUNGAI KUNING","996"
"14791","SEI / SUNGAI LEMBU MAKMUR","918"
"14792","SEI / SUNGAI MAJO","1032"
"14793","SEI / SUNGAI PANJI PANJI","1032"
"14794","SEI / SUNGAI PASIR PUTIH","995"
"14795","SEI / SUNGAI PINANG","1032"
"14796","SEI / SUNGAI PINANG","930"
"14797","SEI / SUNGAI PUTIH","1013"
"14798","SEI / SUNGAI PUTIH","918"
"14799","SEI / SUNGAI RANGAU","935"
"14800","SEI / SUNGAI SIALANG HULU","966"
"14801","SEI / SUNGAI SIALANG","966"
"14802","SEI / SUNGAI SIGAJAH / SEGAJAH MAKMUR","1065"
"14803","SEI / SUNGAI TONANG","1036"
"14804","SEJANGAT","928"
"14805","SEJATI","1053"
"14806","SEKAPAS","935"
"14807","SEKAR MAWAR","913"
"14808","SEKARA","905"
"14809","SEKAYAN","905"
"14810","SEKELADI HILIR","964"
"14811","SEKELADI","964"
"14812","SEKIP HILIR","1035"
"14813","SEKIP HULU","1035"
"14814","SEKIP","1064"
"14815","SEKO LUBUK TIGO","959"
"14816","SEKODI","915"
"14817","SELAT AKAR","950"
"14818","SELAT BARU","965"
"14819","SELAT GUNTUNG","949"
"14820","SELAT NAMA","1049"
"14821","SELATPANJANG BARAT","921"
"14822","SELATPANJANG KOTA","921"
"14823","SELATPANJANG SELATAN","921"
"14824","SELATPANJANG TIMUR","921"
"14825","SELENSEN","905"
"14826","SELUNAK","1047"
"14827","SEMAMBU KUNING","980"
"14828","SEMELINANG TEBING","975"
"14829","SEMILINANG DARAT","975"
"14830","SEMINAI","997"
"14831","SEMPADAN JAYA","955"
"14832","SEMUKUT","968"
"14833","SEMUNAI","944"
"14834","SENABOI / SINABOI","1012"
"14835","SENCALANG","1039"
"14836","SENCANO JAYA","1047"
"14837","SENDANU DARUL IHSAN","972"
"14838","SENDAUR","990"
"14839","SENDAYAN","1036"
"14840","SENDEREK","915"
"14841","SENGGORO","915"
"14842","SENGKEMANG","999"
"14843","SEPAHAT","928"
"14844","SEPAKAT JAYA","943"
"14845","SEPOTONG","947"
"14846","SERAI WANGI","975"
"14847","SERAI WANGI","944"
"14848","SERAMBAU / SEROMBAU INDAH","1053"
"14849","SERAPUNG","1066"
"14850","SERASAM","948"
"14851","SEREMBAN JAYA","1025"
"14852","SERING","971"
"14853","SEROSAH / SERUSA","1031"
"14854","SERUMPUN JAYA","913"
"14855","SERUSA","933"
"14856","SESAP","921"
"14857","SESUMBO AMPAI (KESUMO AMPAI)","910"
"14858","SETAKO JAYA (RAYA)","975"
"14859","SETIANG","1030"
"14860","SIABU","1019"
"14861","SIALANG BARU","1017"
"14862","SIALANG BUNGKUK","919"
"14863","SIALANG DUA DAHAN","911"
"14864","SIALANG GODANG","919"
"14865","SIALANG INDAH","969"
"14866","SIALANG JAYA","1020"
"14867","SIALANG JAYA","931"
"14868","SIALANG KAYU BATU","939"
"14869","SIALANG KUBANG","1024"
"14870","SIALANG PALAS","1017"
"14871","SIALANG PANJANG","1062"
"14872","SIALANG PASUNG","927"
"14873","SIALANG RINDANG","970"
"14874","SIALANG SAKTI","963"
"14875","SIAMBUL","981"
"14876","SIARANG-ARANG","909"
"14877","SIBABAT","948"
"14878","SIBERAKUN","960"
"14879","SIBEROBAH","1023"
"14880","SIBERUANG","951"
"14881","SIBUAK","918"
"14882","SIDODADI","1006"
"14883","SIDOMUKTI","969"
"14884","SIDOMULYO BARAT","1014"
"14885","SIDOMULYO TIMUR","1055"
"14886","SIDOMULYO","959"
"14887","SIGARUNTANG","961"
"14888","SIKAKAK","1034"
"14889","SIKEBAU JAYA","922"
"14890","SIKIJANG","1006"
"14891","SIKIJANG / SEKIJANG","988"
"14892","SILAM","977"
"14893","SILIKUAN HULU","907"
"14894","SIMALINYANG","991"
"14895","SIMANDOLAK","960"
"14896","SIMPANG AYAM","915"
"14897","SIMPANG BARU","1014"
"14898","SIMPANG BELUTU","979"
"14899","SIMPANG BERINGIN","1044"
"14900","SIMPANG EMPAT","1045"
"14901","SIMPANG GAUNG","980"
"14902","SIMPANG HARAPAN","956"
"14903","SIMPANG JAYA","1020"
"14904","SIMPANG KANAN","941"
"14905","SIMPANG KATEMAN","937"
"14906","SIMPANG KELAYANG","995"
"14907","SIMPANG KOTA MEDAN","995"
"14908","SIMPANG KUBU","920"
"14909","SIMPANG PADANG","910"
"14910","SIMPANG PERAK JAYA","997"
"14911","SIMPANG PETAI","924"
"14912","SIMPANG PULAUBERALO","967"
"14913","SIMPANG RAYA","987"
"14914","SIMPANG TANAH LAPANG","967"
"14915","SIMPANG TETAP DARUL ICHSAN","938"
"14916","SIMPANG TIGA DARATAN","936"
"14917","SIMPANG TIGA","1067"
"14918","SIMPANG TIGA","936"
"14919","SIMPANG TIGA","946"
"14920","SINABOI KOTA","1012"
"14921","SINAMA NENEK","1004"
"14922","SINTONG BAKTI","964"
"14923","SINTONG MAKMUR","964"
"14924","SINTONG PUSAKA","964"
"14925","SINTONG","964"
"14926","SIPANG","926"
"14927","SIPUNGGUK / SEPUNGGUK","1019"
"14928","SITORAJO","946"
"14929","SITUGAL","1006"
"14930","SOKOI","1066"
"14931","SOKOP","990"
"14932","SONDE","990"
"14933","SONTANG","994"
"14934","SOREK DUA","969"
"14935","SOREK SATU","969"
"14936","SOREN","980"
"14937","SOTOL","1051"
"14938","SRI DANAI","955"
"14939","SRI GADING","1017"
"14940","SRI GEMILANG","999"
"14941","SRI KAYANGAN","909"
"14942","SRI MERANTI","1058"
"14943","SRI TANJUNG","974"
"14944","SUAK AIR HITAM","1038"
"14945","SUAK LANJUT","998"
"14946","SUAK MERAMBAI","1000"
"14947","SUAK TEMENGGUNG","1038"
"14948","SUBARAK","1022"
"14949","SUBAYANG JAYA","929"
"14950","SUHADA","936"
"14951","SUKA DAMAI","1029"
"14952","SUKA DAMAI","987"
"14953","SUKA DAMAI","956"
"14954","SUKA DAMAI","1059"
"14955","SUKA JADI","1048"
"14956","SUKA JADI","909"
"14957","SUKA JAYA","955"
"14958","SUKA MAJU","932"
"14959","SUKA MAJU","931"
"14960","SUKA MAJU","1008"
"14961","SUKA MAJU","970"
"14962","SUKA MAJU","988"
"14963","SUKA MAKMUR","1022"
"14964","SUKA MULIA (SUKAMULYA)","1008"
"14965","SUKA MULIA / MULYA","963"
"14966","SUKA MULYA","993"
"14967","SUKA RAMAI","1045"
"14968","SUKAJADI","928"
"14969","SUKAJADI","992"
"14970","SUKAJADI","959"
"14971","SUKAJADI","1028"
"14972","SUKAMAJU","965"
"14973","SUKAMAJU","1047"
"14974","SUKAMAJU","987"
"14975","SUKAPING","1046"
"14976","SUKARAJA","1006"
"14977","SUKARAMAI","1004"
"14978","SUKARJO MESIN","974"
"14979","SUKO HARJO JAYA","955"
"14980","SULIGI","914"
"14981","SUMA HILANG","1045"
"14982","SUMBER DATAR","912"
"14983","SUMBER JAYA","947"
"14984","SUMBER JAYA","987"
"14985","SUMBER JAYA","989"
"14986","SUMBER MAKMUR JAYA","989"
"14987","SUMBER MAKMUR","918"
"14988","SUMBER SARI JAYA","989"
"14989","SUMBER SARI","1004"
"14990","SUMPU","1031"
"14991","SUNGAI AIR PUTIH","1040"
"14992","SUNGAI AKAR","981"
"14993","SUNGAI ALAH","1031"
"14994","SUNGAI AMBAT","936"
"14995","SUNGAI ANAK KAMAL","940"
"14996","SUNGAI APIT","1007"
"14997","SUNGAI ARA","971"
"14998","SUNGAI ARAH","978"
"14999","SUNGAI ASAM","1054"
"15000","SUNGAI AUR","1047"
"15001","SUNGAI BANYAK IKAN","995"
"15002","SUNGAI BARU","980"
"15003","SUNGAI BAUNG","911"
"15004","SUNGAI BAWANG","912"
"15005","SUNGAI BELA","1063"
"15006","SUNGAI BERAPIT","1010"
"15007","SUNGAI BERBARI","982"
"15008","SUNGAI BERINGIN","1035"
"15009","SUNGAI BERINGIN","1061"
"15010","SUNGAI BULUH","939"
"15011","SUNGAI BULUH","1063"
"15012","SUNGAI BULUH","987"
"15013","SUNGAI BUNGA / BUNGO","958"
"15014","SUNGAI CINA","927"
"15015","SUNGAI DANAI","955"
"15016","SUNGAI DAUN","1060"
"15017","SUNGAI DAWU","911"
"15018","SUNGAI DUA INDAH","1053"
"15019","SUNGAI DUSUN","1020"
"15020","SUNGAI EMPAT","1027"
"15021","SUNGAI GANTANG","978"
"15022","SUNGAI GAYUNG KIRI","1009"
"15023","SUNGAI GERINGGING","1015"
"15024","SUNGAI GOLANG","995"
"15025","SUNGAI GONDANG","979"
"15026","SUNGAI HARAPAN","1015"
"15027","SUNGAI ILIRAN","1027"
"15028","SUNGAI INTAN","1062"
"15029","SUNGAI JUNJANGAN","1020"
"15030","SUNGAI KALILAWAR / KELELAWAR","1031"
"15031","SUNGAI KAYU ARA","1007"
"15032","SUNGAI KERANJI","912"
"15033","SUNGAI KUBU HULU","1065"
"15034","SUNGAI KUMANGO","970"
"15035","SUNGAI KUNING BENIO","995"
"15036","SUNGAI KUNING","912"
"15037","SUNGAI KUTI","942"
"15038","SUNGAI LALA","1040"
"15039","SUNGAI LANGSAT","1046"
"15040","SUNGAI LAUT","1049"
"15041","SUNGAI LIMAU (LINAU)","947"
"15042","SUNGAI LIMAU","982"
"15043","SUNGAI LIPAI","1022"
"15044","SUNGAI LITI","1015"
"15045","SUNGAI LODANG","983"
"15046","SUNGAI LOKAN","936"
"15047","SUNGAI LUAR","1020"
"15048","SUNGAI MAHANG","1054"
"15049","SUNGAI MAS","1066"
"15050","SUNGAI MEMPURA","985"
"15051","SUNGAI MENASIB (SEI MANASIB)","953"
"15052","SUNGAI MERANTI","944"
"15053","SUNGAI NIBUNG","947"
"15054","SUNGAI NYAMUK","1012"
"15055","SUNGAI NYIUR","1049"
"15056","SUNGAI PAGAR","958"
"15057","SUNGAI PAKNING","928"
"15058","SUNGAI PAKU","1015"
"15059","SUNGAI PAKU","987"
"15060","SUNGAI PERAK","1061"
"15061","SUNGAI PETAI","958"
"15062","SUNGAI PINANG","1031"
"15063","SUNGAI PIRING","1020"
"15064","SUNGAI PIYAI","1063"
"15065","SUNGAI RABIT","978"
"15066","SUNGAI RAJA","1015"
"15067","SUNGAI RAMBAI","1015"
"15068","SUNGAI RAMBAI","1006"
"15069","SUNGAI RAWA","1020"
"15070","SUNGAI RAWA","1007"
"15071","SUNGAI RAYA","1020"
"15072","SUNGAI RAYA","1035"
"15073","SUNGAI RUKAM","936"
"15074","SUNGAI SAGU","959"
"15075","SUNGAI SALAK","1026"
"15076","SUNGAI SANTI","929"
"15077","SUNGAI SARIK","1015"
"15078","SUNGAI SEGAJAH JAYA","1065"
"15079","SUNGAI SELARI","928"
"15080","SUNGAI SIMBAR","917"
"15081","SUNGAI SIMPANG DUA","958"
"15082","SUNGAI SIPUT","947"
"15083","SUNGAI SIRIH","912"
"15084","SUNGAI SITOLANG","1053"
"15085","SUNGAI SOLOK","1066"
"15086","SUNGAI TARAP","1013"
"15087","SUNGAI TENGAH","940"
"15088","SUNGAI TENGAH","949"
"15089","SUNGAI TERAB / TERAP","1054"
"15090","SUNGAI TERITIP","917"
"15091","SUNGAI TOHOR BARAT","972"
"15092","SUNGAI TOHOR","972"
"15093","SUNGAI UNDAN","1054"
"15094","SUNGAI UPIH","1066"
"15095","SUNGAIBATANG","915"
"15096","SUNGAIBESAR HILIR","1030"
"15097","SUNGAIBESAR","1030"
"15098","SUNGAIJERING","946"
"15099","SUNGAIMAJO PUSAKO","1032"
"15100","SUNGAIMANAU","906"
"15101","SUNGAIPINANG","909"
"15102","SUNGAISORIK","1011"
"15103","SUNGAITAPAH","909"
"15104","SURAYA MANDIRI","943"
"15105","SURYA INDAH","969"
"15106","TABING","951"
"15107","TAGAGIRI TAMA JAYA","937"
"15108","TAGARAJA (TEGARAJA)","917"
"15109","TALANG BERSEMI","926"
"15110","TALANG DANTO","1004"
"15111","TALANG DURIAN CACAR","976"
"15112","TALANG GEDABU","976"
"15113","TALANG JANGKANG","905"
"15114","TALANG JERINJING","911"
"15115","TALANG LAKAT","981"
"15116","TALANG MANDI","910"
"15117","TALANG MULIA / MULYA","926"
"15118","TALANG PARIGI","976"
"15119","TALANG PRING JAYA","976"
"15120","TALANG SEI / SUNGAI ELOK","976"
"15121","TALANG SEI / SUNGAI LIMAU","976"
"15122","TALANG SEI / SUNGAI MAJU","976"
"15123","TALANG SEI / SUNGAI PARIT","976"
"15124","TALANG SELANTAI","976"
"15125","TALANG TUJUH BUAH TANGGA","976"
"15126","TALAU","969"
"15127","TALI KUMAIN","970"
"15128","TALONTOM","960"
"15129","TAMBAK","1048"
"15130","TAMBAK","1051"
"15131","TAMBANG","930"
"15132","TAMBUN","919"
"15133","TAMBUSAI BARAT","970"
"15134","TAMBUSAI BATANG DUI","910"
"15135","TAMBUSAI TENGAH","970"
"15136","TAMBUSAI TIMUR","970"
"15137","TAMBUSAI UTARA","956"
"15138","TAMBUSAI","924"
"15139","TAMPAN","908"
"15140","TANAH BEKALI","1046"
"15141","TANAH DATAR","942"
"15142","TANAH DATAR","1045"
"15143","TANAH DATAR","911"
"15144","TANAH MAKMUR","911"
"15145","TANAH MERAH","913"
"15146","TANAH MERAH","990"
"15147","TANAH MERAH","1005"
"15148","TANAH MERAH","1049"
"15149","TANAH TINGGI","988"
"15150","TANDAN SARI","988"
"15151","TANDUN BARAT","996"
"15152","TANDUN","996"
"15153","TANGGA BATU","909"
"15154","TANGKERANG BARAT","1055"
"15155","TANGKERANG LABUAI","1067"
"15156","TANGKERANG SELATAN","1067"
"15157","TANGKERANG TENGAH","1055"
"15158","TANGKERANG TIMUR","1050"
"15159","TANGKERANG UTARA","1067"
"15160","TANGUN","957"
"15161","TANJUNG AIR HITAM","962"
"15162","TANJUNG ALAI","945"
"15163","TANJUNG BAKAU","1009"
"15164","TANJUNG BALAM","1005"
"15165","TANJUNG BARU","1049"
"15166","TANJUNG BELIT SELATAN","929"
"15167","TANJUNG BELIT","929"
"15168","TANJUNG BELIT","931"
"15169","TANJUNG BELIT","947"
"15170","TANJUNG BELUDU","995"
"15171","TANJUNG BERINGIN","929"
"15172","TANJUNG BERINGIN","969"
"15173","TANJUNG BERULAK","920"
"15174","TANJUNG BUNGO","1013"
"15175","TANJUNG DAMAI","947"
"15176","TANJUNG DANAU","1040"
"15177","TANJUNG DARUL TAKZIM","923"
"15178","TANJUNG DATUK","947"
"15179","TANJUNG GADAI","972"
"15180","TANJUNG GADING","913"
"15181","TANJUNG GEMUK","1009"
"15182","TANJUNG HARAPAN","1027"
"15183","TANJUNG HARAPAN","1015"
"15184","TANJUNG KAPAL","974"
"15185","TANJUNG KARANG","929"
"15186","TANJUNG KEDABU","990"
"15187","TANJUNG KULIM","940"
"15188","TANJUNG KURAS","1007"
"15189","TANJUNG KUYO","1016"
"15190","TANJUNG LABUH","1054"
"15191","TANJUNG LAJAU","1063"
"15192","TANJUNG LEBAN","928"
"15193","TANJUNG LEBAN","1065"
"15194","TANJUNG MAS","1015"
"15195","TANJUNG MEDAN","1034"
"15196","TANJUNG MEDAN","922"
"15197","TANJUNG MEDAN","956"
"15198","TANJUNG MEDANG","1031"
"15199","TANJUNG MEDANG","1009"
"15200","TANJUNG MEDANG","1029"
"15201","TANJUNG MELAYU","1063"
"15202","TANJUNG PADANG","950"
"15203","TANJUNG PALAS","1002"
"15204","TANJUNG PASIR","1049"
"15205","TANJUNG PAUH","987"
"15206","TANJUNG PENYEMBAL","954"
"15207","TANJUNG PERANAP","923"
"15208","TANJUNG PERMAI","929"
"15209","TANJUNG PIDADA","1026"
"15210","TANJUNG PISANG","950"
"15211","TANJUNG PUNAK","1029"
"15212","TANJUNG RAJA","917"
"15213","TANJUNG RAMBUTAN","920"
"15214","TANJUNG RHU","1064"
"15215","TANJUNG SAMAK","1009"
"15216","TANJUNG SARI","1048"
"15217","TANJUNG SARI","972"
"15218","TANJUNG SAWIT","918"
"15219","TANJUNG SELAMAT","941"
"15220","TANJUNG SIANTAR","1020"
"15221","TANJUNG SIMPANG","937"
"15222","TANJUNG SUM","1066"
"15223","TANJUNG","1031"
"15224","TANJUNG","951"
"15225","TANJUNG","1011"
"15226","TANJUNG","923"
"15227","TANJUNGBUNGA","968"
"15228","TANJUNGMEDAN BARAT","909"
"15229","TANJUNGMEDAN UTARA","909"
"15230","TANJUNGMEDAN","909"
"15231","TANJUNGPISANG","1011"
"15232","TANJUNGSARI","909"
"15233","TANJUNGSIMANDOLAK","960"
"15234","TAPUNG JAYA","996"
"15235","TAPUNG LESTARI","988"
"15236","TAPUNG MAKMUR","988"
"15237","TARAI BANGUN","930"
"15238","TASIK BETUNG","983"
"15239","TASIK JUANG","916"
"15240","TASIK RAYA","1020"
"15241","TASIK SEMINAI","999"
"15242","TASIK SERAI BARAT","944"
"15243","TASIK SERAI TIMUR","944"
"15244","TASIK SERAI","944"
"15245","TASIK TEBING SERAI","944"
"15246","TEBERAU PANJANG","1023"
"15247","TEBING LESTARI","988"
"15248","TEBING TINGGI OKURA","1052"
"15249","TEBING TINGGI","960"
"15250","TEBUN","1009"
"15251","TEGAL REJO","937"
"15252","TEKULAI BUGIS","1049"
"15253","TEKULAI HILIR","1049"
"15254","TEKULAI HULU","1049"
"15255","TELAGA BARU","927"
"15256","TELAGA SAM-SAM","979"
"15257","TELAYAP","971"
"15258","TELESUNG","990"
"15259","TELUK AUR","1037"
"15260","TELUK BAKAU","1066"
"15261","TELUK BANO I","953"
"15262","TELUK BATIL","1007"
"15263","TELUK BELITUNG","940"
"15264","TELUK BEREMBUN","964"
"15265","TELUK BERINGIN","1023"
"15266","TELUK BERINGIN","1066"
"15267","TELUK BINJAI","1002"
"15268","TELUK BINJAI","1018"
"15269","TELUK BUNIAN","937"
"15270","TELUK BUNTAL","972"
"15271","TELUK DALAM","1063"
"15272","TELUK DALAM","1066"
"15273","TELUK JIRA","1026"
"15274","TELUK KABUNG","980"
"15275","TELUK KELASA","1039"
"15276","TELUK KENIDAI","930"
"15277","TELUK KETAPANG","968"
"15278","TELUK KIAMBANG","1026"
"15279","TELUK LANCANG","983"
"15280","TELUK LANUS","1007"
"15281","TELUK LATAK","915"
"15282","TELUK LECAH","974"
"15283","TELUK MAKMUR","1021"
"15284","TELUK MEDAN","936"
"15285","TELUK MEGA","964"
"15286","TELUK MERANTI","1018"
"15287","TELUK MERBAU","963"
"15288","TELUK MERBAU","1065"
"15289","TELUK MEREMPAN","985"
"15290","TELUK MESJID","1007"
"15291","TELUK NIBUNG","955"
"15292","TELUK NILAP JAYA","1032"
"15293","TELUK NILAP","1032"
"15294","TELUK PAMAN TIMUR","1015"
"15295","TELUK PAMAN","1015"
"15296","TELUK PANTAIAN","1027"
"15297","TELUK PAUH","1034"
"15298","TELUK PAUH","1046"
"15299","TELUK PINANG","1027"
"15300","TELUK PIYAI PESISIR","1065"
"15301","TELUK PIYAI","1065"
"15302","TELUK PULAI","1060"
"15303","TELUK PULAU HILIR","1025"
"15304","TELUK PULAU HULU","1025"
"15305","TELUK RHU","1029"
"15306","TELUK RIMBA","999"
"15307","TELUK SAMAK","1009"
"15308","TELUK SEJUAH","995"
"15309","TELUK SONO","994"
"15310","TELUK SUNGKA","1027"
"15311","TELUK SUNGKAI","1048"
"15312","TELUK TUASAN","1027"
"15313","TELUK","1066"
"15314","TELUKBANO II","1038"
"15315","TELUKLANCAR","965"
"15316","TELUKMERBAU","980"
"15317","TELUKNAYANG","909"
"15318","TELUKPAMBANG","965"
"15319","TELUKPAPAL","965"
"15320","TEMBILAHAN BARAT","1062"
"15321","TEMBILAHAN HILIR","1061"
"15322","TEMBILAHAN HULU","1062"
"15323","TEMBILAHAN KOTA","1061"
"15324","TEMERAN","915"
"15325","TEMIANG","928"
"15326","TEMPULING","1026"
"15327","TEMUSAI","1000"
"15328","TENAN","923"
"15329","TENGGANAU","944"
"15330","TENGGAYUN RAYA","990"
"15331","TENGGAYUN","928"
"15332","TERANTANG MANUK","969"
"15333","TERANTANG","930"
"15334","TERATAK AIR HITAM","986"
"15335","TERATAK BARU","967"
"15336","TERATAK BULUH","1005"
"15337","TERATAK JERING","1011"
"15338","TERATAK RENDAH","1006"
"15339","TERATAK","924"
"15340","TERBANGIANG","919"
"15341","TERKUL","974"
"15342","TERUSAN BERINGIN JAYA","937"
"15343","TERUSAN KEMPAS","980"
"15344","TERUSAN","929"
"15345","TIBAWAN","922"
"15346","TINGKOK","970"
"15347","TITI AKAR","1029"
"15348","TITIAN ANTUI","944"
"15349","TITIAN MODANG KOPAH","946"
"15350","TITIAN RESAK","948"
"15351","TOAR","1023"
"15352","TOPANG","1009"
"15353","TRI MANUNGGAL","918"
"15354","TRI MULYA JAYA","907"
"15355","TUAH INDRAPURA","1000"
"15356","TUAH KARYA","1014"
"15357","TUALANG TIMUR","1057"
"15358","TUALANG","1057"
"15359","TUMANG","998"
"15360","TUNGGAL RAHAYU JAYA","989"
"15361","UJUNG BATU TIMUR","1059"
"15362","UJUNG BATU","1059"
"15363","UJUNG TANJUNG","960"
"15364","UJUNG TANJUNG","964"
"15365","UKUI I (SATU)","907"
"15366","UKUI II (DUA)","907"
"15367","ULAK PATIAN","1043"
"15368","ULU PULAU","965"
"15369","UMBAN SARI","1058"
"15370","USUL","981"
"15371","UTAMA KARYA","991"
"15372","WONOREJO","1055"
"15373","WONOSARI","915"
"15374","WONOSARI","959"
"15375","WONOSARI","937"
"15376","WONOSARI","1009"
"15377","ABURAN BATANG TEBO","1068"
"15378","ADI JAYA","1069"
"15379","ADI PURWA","1070"
"15380","ADIPURA KENCANA","1071"
"15381","AGUNG KOTO IMAN","1072"
"15382","AIR BATU","1073"
"15383","AIR BATU","1074"
"15384","AIR BERSIH","1075"
"15385","AIR BETUNG","1076"
"15386","AIR GEMURUH","1077"
"15387","AIR HANGAT","1078"
"15388","AIR HITAM (LAUT)","1079"
"15389","AIR LAGO","1080"
"15390","AIR LIKI BARU","1081"
"15391","AIR LIKI","1081"
"15392","AIR MUMU","1082"
"15393","AIR PANAS SUNGAIABU","1078"
"15394","AIR PANAS","1075"
"15395","AIR TELUK","1083"
"15396","AIR TENANG","1084"
"15397","AIR TERJUN","1085"
"15398","ALANG-ALANG","1086"
"15399","AMAR SAKTI","1087"
"15400","AMBAI ATAS","1088"
"15401","AMBAI BAWAH","1088"
"15402","AMPELU (EMPELU)","1089"
"15403","AMPELU MUDO (EMPELU)","1089"
"15404","ANGKASA PURA","1088"
"15405","ARAB MELAYU","1090"
"15406","ARANG ARANG","1091"
"15407","ARGO SARI","1092"
"15408","ARO","1093"
"15409","AUR BERDURI","1094"
"15410","AUR CINO","1095"
"15411","AUR CINO","1096"
"15412","AUR DURI","1097"
"15413","AUR GADING","1098"
"15414","AUR GADING","1099"
"15415","AUR GADING","1100"
"15416","AWIN","1101"
"15417","BABEKO","1102"
"15418","BADAK TEKURUNG","1080"
"15419","BADANG SEPAKAT","1103"
"15420","BADANG","1103"
"15421","BAGAN PETE","1104"
"15422","BAHAR MULYA","1105"
"15423","BAJUBANG LAUT","1093"
"15424","BAJUBANG","1106"
"15425","BAKTI MULYA","1107"
"15426","BAKUNG","1108"
"15427","BALAI JAYA","1109"
"15428","BALAI RAJO","1110"
"15429","BALAI","1084"
"15430","BANDAR JAYA","1111"
"15431","BANGKO PINTAS","1112"
"15432","BANGUN HARJO / HARJA","1113"
"15433","BANGUN JAYO","1114"
"15434","BANGUN KARYA","1111"
"15435","BANGUN SARANTEN","1112"
"15436","BARU (KOTO BARU SEMURUP)","1075"
"15437","BARU AIR HANGAT","1078"
"15438","BARU BALAI PANJANG","1115"
"15439","BARU DEBAI","1116"
"15440","BARU KIBUL","1081"
"15441","BARU KUBANG","1117"
"15442","BARU LUBUK MENGKUANG","1118"
"15443","BARU PANGKALAN JAMBU","1119"
"15444","BARU PELEPAT","1109"
"15445","BARU PULAU SANGKAR","1120"
"15446","BARU PUSAT JALO","1121"
"15447","BARU SEMERAH","1088"
"15448","BARU SEMURUP","1084"
"15449","BARU SRI MENANTI","1122"
"15450","BARU SUNGAI BETUNG MUDIK","1076"
"15451","BARU SUNGAI PEGEH","1085"
"15452","BARU SUNGAI TUTUNG","1078"
"15453","BARU SUNGAIABU","1078"
"15454","BARU SUNGAIDERAS","1078"
"15455","BARU SUNGAIMEDANG","1078"
"15456","BARU TELUK PANJANG","1123"
"15457","BARU TIANG PUMPUNG","1124"
"15458","BARU","1108"
"15459","BARU","1125"
"15460","BARU","1100"
"15461","BARU","1126"
"15462","BATANG BUNGO","1123"
"15463","BATANG KIBUL","1081"
"15464","BATANG MERANGIN","1120"
"15465","BATANG SANGIR","1127"
"15466","BATHIN / BATIN PENGAMBANG","1128"
"15467","BATIN","1106"
"15468","BATU AMPAR","1129"
"15469","BATU EMPANG","1128"
"15470","BATU HAMPAR","1130"
"15471","BATU KERBAU","1109"
"15472","BATU KUCING","1129"
"15473","BATU PENYABUNG","1114"
"15474","BATU PUTIH","1131"
"15475","BATU SAWAR","1132"
"15476","BEDARO RAMPAK","1068"
"15477","BEDARO","1121"
"15478","BEDENG BARU","1127"
"15479","BEDENG DELAPAN","1130"
"15480","BEDENG DUA","1130"
"15481","BEDENG REJO","1133"
"15482","BELIUNG PATAH","1104"
"15483","BELUI TINGGI","1117"
"15484","BELUI","1117"
"15485","BELURAN PANJANG (BULURAN)","1134"
"15486","BENDAR SEDAP","1085"
"15487","BENDUNG AIR TIMUR","1127"
"15488","BENGKOLAN DUA","1135"
"15489","BENIK","1136"
"15490","BENTENG RENDAH","1137"
"15491","BENTENG","1138"
"15492","BENTO","1130"
"15493","BEREMBANG","1139"
"15494","BERINGIN SANGGUL","1124"
"15495","BERINGIN TINGGI","1126"
"15496","BERINGIN","1140"
"15497","BERKAH (DESA BERKAH)","1107"
"15498","BERKUN","1141"
"15499","BERNAI DALAM","1100"
"15500","BERNAI","1100"
"15501","BETARA KANAN","1142"
"15502","BETARA KIRI","1142"
"15503","BETUNG BEDARAH BARAT","1143"
"15504","BETUNG BEDARAH TIMUR","1143"
"15505","BETUNG KUNING","1088"
"15506","BETUNG","1144"
"15507","BHAKTI / BAKTI IDAMAN","1145"
"15508","BINTANG MARAK","1146"
"15509","BIRUN","1119"
"15510","BIUKU TANJUNG","1133"
"15511","BRAM ITAM RAYA","1147"
"15512","BRAM ITAN KANAN (BERAM ITAM)","1147"
"15513","BRAM ITAN KIRI (BERAM ITAM)","1147"
"15514","BRASAU","1103"
"15515","BUAT","1095"
"15516","BUDIMAN","1148"
"15517","BUKIT BAKAR","1149"
"15518","BUKIT BALING","1139"
"15519","BUKIT BATU","1138"
"15520","BUKIT BERANTAI","1128"
"15521","BUKIT BERINGIN","1133"
"15522","BUKIT BUNGKUL","1150"
"15523","BUKIT HARAPAN","1070"
"15524","BUKIT HARAPAN","1137"
"15525","BUKIT INDAH","1151"
"15526","BUKIT JAYA","1071"
"15527","BUKIT KALIMAU ULU","1128"
"15528","BUKIT KEMANG BARU","1152"
"15529","BUKIT MAKMUR","1107"
"15530","BUKIT MAS","1107"
"15531","BUKIT MULYA","1105"
"15532","BUKIT MURAU","1092"
"15533","BUKIT PEMUATAN","1153"
"15534","BUKIT PERANGINAN","1154"
"15535","BUKIT PERENTAK","1119"
"15536","BUKIT SARE","1101"
"15537","BUKIT SARI","1099"
"15538","BUKIT SARI","1155"
"15539","BUKIT SUBAN","1156"
"15540","BUKIT SUBUR","1071"
"15541","BUKIT SUBUR","1157"
"15542","BUKIT SULAH","1128"
"15543","BUKIT TELAGO","1109"
"15544","BUKIT TEMPURUNG","1158"
"15545","BUKIT TIGO","1092"
"15546","BUKIT","1131"
"15547","BUKITBUMI RAYA","1092"
"15548","BUKITPULAI","1136"
"15549","BUKITTALANG MAS","1092"
"15550","BULIAN BARU","1098"
"15551","BULIAN JAYA","1155"
"15552","BULUH KASAB","1132"
"15553","BULURAN KENALI","1159"
"15554","BUMBUN DURI","1135"
"15555","BUNGA ANTOI","1160"
"15556","BUNGA TANJUNG","1161"
"15557","BUNGA TANJUNG","1162"
"15558","BUNGA TANJUNG","1088"
"15559","BUNGA TANJUNG","1160"
"15560","BUNGKU","1106"
"15561","BUNGO BARAT","1123"
"15562","BUNGO TAMAN AGUNG","1077"
"15563","BUNGO TANJUNG","1119"
"15564","BUNGO TANJUNG","1163"
"15565","BUNGO TIMUR","1123"
"15566","BUTANG BARU","1154"
"15567","CANDI","1164"
"15568","CANDIKA","1165"
"15569","CATUR RAHAYU","1166"
"15570","CEMPAKA PUTIH","1167"
"15571","CEMPAKA","1168"
"15572","CERMIN ALAM","1110"
"15573","CILODANG","1109"
"15574","CINTA DAMAI","1149"
"15575","CUPAK","1072"
"15576","DANAU EMBAT","1155"
"15577","DANAU KEDAP","1108"
"15578","DANAU LAMO","1108"
"15579","DANAU SARANG ELANG","1169"
"15580","DANAU SERDANG","1129"
"15581","DANAU TINGGI","1076"
"15582","DANAU","1094"
"15583","DANAU","1113"
"15584","DATAR","1121"
"15585","DATARAN KEMPAS","1069"
"15586","DATARAN PINANG","1142"
"15587","DATUK NAN DUO","1128"
"15588","DAYA MURNI","1113"
"15589","DEBAI","1083"
"15590","DELIMA","1069"
"15591","DEMANG","1141"
"15592","DEMONG SAKTI","1085"
"15593","DESA BARU (DUSUN BARU)","1156"
"15594","DESA SEMAMBU","1170"
"15595","DESA TUO ILIR","1143"
"15596","DUJUNG SAKTI","1122"
"15597","DURIAN BATAKUK","1073"
"15598","DURIAN LECAH","1138"
"15599","DURIAN LUNCUK","1098"
"15600","DURIAN MUKUT","1171"
"15601","DURIAN RAMBUN","1080"
"15602","DUSUN BANGKO","1172"
"15603","DUSUN BARU LEMPUR","1082"
"15604","DUSUN BARU PULAU TENGAH","1136"
"15605","DUSUN BARU TANJUNG TANAH","1072"
"15606","DUSUN BARU","1085"
"15607","DUSUN BARU","1173"
"15608","DUSUN BARU","1134"
"15609","DUSUN BARU","1096"
"15610","DUSUN DALAM","1114"
"15611","DUSUN DALAM","1085"
"15612","DUSUN DIILIR","1168"
"15613","DUSUN KEBON / KEBUN","1174"
"15614","DUSUN MUDO","1151"
"15615","DUSUN SAROLANGUN","1100"
"15616","DWI KARYA BAKTI","1109"
"15617","EKA JAYA","1175"
"15618","EMBACANG GEDANG","1112"
"15619","EMBACANG GEDANG","1176"
"15620","EMPANG BENAO","1177"
"15621","EMPELU","1164"
"15622","ENSATU","1130"
"15623","GADING JAYA","1160"
"15624","GAPURA SUCI","1109"
"15625","GEDANG","1087"
"15626","GEDANG","1126"
"15627","GEDONG KARYA","1144"
"15628","GELANGGANG","1138"
"15629","GEMURUH","1103"
"15630","GERUNGGUNG","1139"
"15631","GIRI MULYO","1130"
"15632","GIRI PURNO","1178"
"15633","GIRIWINANGUN","1178"
"15634","GUGUK","1073"
"15635","GUNUNG KEMBANG","1100"
"15636","GUNUNG LABU","1130"
"15637","GURUH BARU","1154"
"15638","GURUN MUDO","1154"
"15639","GURUN TUO SIMPANG","1154"
"15640","GURUN TUO","1154"
"15641","HAJRAN","1098"
"15642","HAMPARAN PUGU","1075"
"15643","HANDIL JAYA","1167"
"15644","HARAPAN JAYA","1179"
"15645","HARAPAN MAKMUR","1111"
"15646","HIANG KARYA","1088"
"15647","HIANG LESTARI","1088"
"15648","HIANG SAKTI","1088"
"15649","HIANG TINGGI","1088"
"15650","IBRU","1125"
"15651","INTAN JAYA","1151"
"15652","JAMBI KECIL","1108"
"15653","JAMBI KULO / TULO","1108"
"15654","JAMBU","1163"
"15655","JANGGA AUR","1098"
"15656","JANGGA BARU","1098"
"15657","JANGKAR","1126"
"15658","JATI BARU MUDO","1154"
"15659","JATI BARU","1154"
"15660","JATI BELARIK","1170"
"15661","JATI EMAS","1147"
"15662","JATI MULYO","1166"
"15663","JAYA SETIA","1123"
"15664","JEBAK","1089"
"15665","JEBUS","1144"
"15666","JELATANG","1177"
"15667","JELMU","1090"
"15668","JELUTIH","1098"
"15669","JELUTUNG","1167"
"15670","JEMBATAN MAS","1101"
"15671","JEMBATAN MERAH PULAU TENGAH","1136"
"15672","JERNANG BARU","1154"
"15673","JERNIH JAYA","1135"
"15674","JERNIH","1156"
"15675","JUJUN","1136"
"15676","JUMBAK","1115"
"15677","KABU","1126"
"15678","KADEMANGAN","1169"
"15679","KAMPUNG BARU","1174"
"15680","KAMPUNG BARU","1130"
"15681","KAMPUNG BARU","1132"
"15682","KAMPUNG BARU","1089"
"15683","KAMPUNG BARUH","1134"
"15684","KAMPUNG DALAM","1168"
"15685","KAMPUNG DIILIR","1168"
"15686","KAMPUNG LAUT","1180"
"15687","KAMPUNG LIMO","1119"
"15688","KAMPUNG NELAYAN","1181"
"15689","KAMPUNG SINGKEP","1182"
"15690","KAMPUNG TENGAH","1122"
"15691","KAMPUNG TUJUH","1183"
"15692","KANDANG","1134"
"15693","KANDANG","1068"
"15694","KAOS","1101"
"15695","KAPUK","1184"
"15696","KARAK APUNG","1095"
"15697","KARANG ANYAR","1185"
"15698","KARANG BERAHI / BIRAHI","1177"
"15699","KARANG DADI","1178"
"15700","KARANG MENDAPO","1129"
"15701","KARANG PANDAN","1146"
"15702","KARMEO","1098"
"15703","KARYA BAKTI","1097"
"15704","KARYA BAKTI","1111"
"15705","KARYA HARAPAN MUKTI","1113"
"15706","KARYA MAJU","1186"
"15707","KARYAMUKTI","1155"
"15708","KASANG JAYA","1148"
"15709","KASANG KOTA KARANG","1091"
"15710","KASANG KUMPEH","1091"
"15711","KASANG LOPAK ALAI","1091"
"15712","KASANG MELINTANG","1129"
"15713","KASANG PUDAK","1091"
"15714","KASANG","1148"
"15715","KASIRO ILIR","1128"
"15716","KASIRO","1128"
"15717","KAYU AHO MANGKAK KOTO LANANG","1117"
"15718","KAYUARO AMBAI","1088"
"15719","KEBON SEMBILAN (IX)","1187"
"15720","KEBUN BARU","1082"
"15721","KEBUN BARU","1130"
"15722","KEBUN HANDIL","1167"
"15723","KEBUN LIMA","1082"
"15724","KECIL","1075"
"15725","KEDERASAN PANJANG","1188"
"15726","KEDOTAN","1139"
"15727","KEHIDUPAN BARU","1155"
"15728","KELAGIAN","1069"
"15729","KELURU","1136"
"15730","KEMANG MANIS","1151"
"15731","KEMANTAN AGUNG","1078"
"15732","KEMANTAN DARAT","1078"
"15733","KEMANTAN HILIR","1078"
"15734","KEMANTAN KEBALAI","1078"
"15735","KEMANTAN MUDIK","1078"
"15736","KEMANTAN RAYA","1078"
"15737","KEMANTAN TINGGI","1078"
"15738","KEMBANG PASEBAN","1137"
"15739","KEMBANG SERI","1132"
"15740","KEMBANG TANJUNG","1137"
"15741","KEMINGKING DALAM","1189"
"15742","KEMINGKING LUAR","1189"
"15743","KEMPAS JAYA","1190"
"15744","KEMUNING","1147"
"15745","KENALI ASAM ATAS","1104"
"15746","KENALI ASAM BAWAH","1104"
"15747","KENALI BESAR","1104"
"15748","KERANGGAN","1139"
"15749","KEROYA","1177"
"15750","KERSIK TUO","1127"
"15751","KERTO PATI","1154"
"15752","KILANGAN","1093"
"15753","KOTA BARU","1191"
"15754","KOTA HARAPAN","1086"
"15755","KOTA RAJA","1086"
"15756","KOTA RAJA","1074"
"15757","KOTA / KOTO KARANG","1091"
"15758","KOTO AGUNG","1136"
"15759","KOTO ARO","1085"
"15760","KOTO BARU (KOTA BARU)","1122"
"15761","KOTO BARU HIANG","1088"
"15762","KOTO BARU SANGGARAN AGUNG","1072"
"15763","KOTO BARU SEMERAP","1136"
"15764","KOTO BARU TANAH KAMPUNG","1116"
"15765","KOTO BARU","1127"
"15766","KOTO BARU","1136"
"15767","KOTO BARU","1126"
"15768","KOTO BARU","1192"
"15769","KOTO BENTO","1193"
"15770","KOTO BERINGIN","1168"
"15771","KOTO BERINGIN","1085"
"15772","KOTO BUAYO","1098"
"15773","KOTO CAYO","1075"
"15774","KOTO DATUK","1075"
"15775","KOTO DIAIR","1084"
"15776","KOTO DIAN PULAU TENGAH","1136"
"15777","KOTO DIAN","1168"
"15778","KOTO DUA  /  DUO","1193"
"15779","KOTO DUA / DUO LAMA","1084"
"15780","KOTO DUMO","1116"
"15781","KOTO DUO / DUA BARU","1075"
"15782","KOTO IMAN","1072"
"15783","KOTO JAYO","1113"
"15784","KOTO JAYO","1152"
"15785","KOTO KANDIS","1166"
"15786","KOTO KAPEH","1085"
"15787","KOTO KERAS","1193"
"15788","KOTO LANANG","1117"
"15789","KOTO LEBUH TINGGI","1085"
"15790","KOTO LEMBU / LEBU","1097"
"15791","KOTO LIMAU MANIS","1122"
"15792","KOTO LOLO","1193"
"15793","KOTO LUA","1194"
"15794","KOTO MAJIDIN DI AIR","1084"
"15795","KOTO MAJIDIN HILIR","1084"
"15796","KOTO MAJIDIN MUDIK","1084"
"15797","KOTO MEBAI","1075"
"15798","KOTO MUDIK","1075"
"15799","KOTO PADANG","1116"
"15800","KOTO PANAP","1116"
"15801","KOTO PANJANG","1117"
"15802","KOTO PANJANG","1127"
"15803","KOTO PATAH","1136"
"15804","KOTO PAYANG","1117"
"15805","KOTO PERIANG","1127"
"15806","KOTO PETAI","1072"
"15807","KOTO PUDUNG","1116"
"15808","KOTO RAMI","1171"
"15809","KOTO RAWANG","1195"
"15810","KOTO RAYO","1134"
"15811","KOTO RENAH","1193"
"15812","KOTO RENDAH","1085"
"15813","KOTO SALAK","1072"
"15814","KOTO SEKILAN AMBAI","1088"
"15815","KOTO SIMPAI KUBANG","1117"
"15816","KOTO TAPUS","1126"
"15817","KOTO TEBAT","1078"
"15818","KOTO TEGUH","1126"
"15819","KOTO TELUK","1168"
"15820","KOTO TENGAH","1075"
"15821","KOTO TENGAH","1072"
"15822","KOTO TENGAH","1127"
"15823","KOTO TENGAH","1136"
"15824","KOTO TENGAH","1193"
"15825","KOTO TENGAH","1085"
"15826","KOTO TENGAH","1116"
"15827","KOTO TINGGI","1173"
"15828","KOTO TUO PULAU TENGAH","1136"
"15829","KOTO TUO UJUNG PASIR","1072"
"15830","KOTO TUO","1117"
"15831","KOTO TUO","1127"
"15832","KOTO TUO","1116"
"15833","KUALA BARU","1179"
"15834","KUALA DASAL","1103"
"15835","KUALA DENDANG","1166"
"15836","KUALA INDAH","1142"
"15837","KUALA KAHAR","1179"
"15838","KUALA LAGAN","1180"
"15839","KUALA SIMBUR","1086"
"15840","KUAMANG JAYA","1113"
"15841","KUAMANG","1099"
"15842","KUAMANG","1096"
"15843","KUAP","1101"
"15844","KUBANG AGUNG","1117"
"15845","KUBANG GEDANG","1117"
"15846","KUBU KANDANG","1101"
"15847","KUMUN HILIR","1083"
"15848","KUMUN MUDIK","1083"
"15849","KUNANGAN","1189"
"15850","KUNANGAN","1143"
"15851","KUNGKAI","1172"
"15852","KUNING GADING","1113"
"15853","KUTA / KOTO KANDIS DENDANG","1166"
"15854","KUTE JAYE","1154"
"15855","LABUHAN PERING","1079"
"15856","LADANG PANJANG","1100"
"15857","LADANG PANJANG","1187"
"15858","LADANG PERIS","1106"
"15859","LADEH","1117"
"15860","LAGAN ILIR","1145"
"15861","LAGAN TENGAH","1191"
"15862","LAGAN ULU","1191"
"15863","LAMAN PANJANG","1095"
"15864","LAMBAN SIGATAL","1129"
"15865","LAMBUR I","1086"
"15866","LAMBUR II","1086"
"15867","LAMBUR","1086"
"15868","LAMPISI","1149"
"15869","LANGLING","1172"
"15870","LANTAK SERIBU","1150"
"15871","LARIK KEMAHAN","1168"
"15872","LAWANG AGUNG","1097"
"15873","LEBAK BANDUNG","1167"
"15874","LEBAN","1196"
"15875","LEGOK","1159"
"15876","LEMBAH KUAMANG","1113"
"15877","LEMBAK BUNGUR","1170"
"15878","LEMPUR DANAU","1136"
"15879","LEMPUR HILIR","1082"
"15880","LEMPUR MUDIK","1082"
"15881","LEMPUR TENGAH","1082"
"15882","LIDUNG","1100"
"15883","LIMBUR BARU","1118"
"15884","LIMBUR MERANGIN","1185"
"15885","LIMBUR TEMBESI","1114"
"15886","LIMOK MANAIH PULAU TENGAH","1136"
"15887","LINDUNG JAYA","1127"
"15888","LINGGA KUAMANG","1113"
"15889","LINGKAR SELATAN","1175"
"15890","LOLO GEDANG","1146"
"15891","LOLO HILIR","1146"
"15892","LOLO KECIL","1146"
"15893","LONDRANG (LONDERANG)","1144"
"15894","LOPAK ALAI","1091"
"15895","LOPAK AUR","1101"
"15896","LUBUK BANGKAR","1128"
"15897","LUBUK BEDORONG","1141"
"15898","LUBUK BENTENG","1077"
"15899","LUBUK BENTENG","1163"
"15900","LUBUK BERINGIN","1095"
"15901","LUBUK BERINGIN","1080"
"15902","LUBUK BERNAI","1174"
"15903","LUBUK BIRAH","1080"
"15904","LUBUK BUMBUN","1197"
"15905","LUBUK GAUNG","1188"
"15906","LUBUK JERING","1156"
"15907","LUBUK KAMBING","1149"
"15908","LUBUK KAYU ARO","1196"
"15909","LUBUK KEPAYANG","1156"
"15910","LUBUK LANDAI","1176"
"15911","LUBUK LAWAS","1174"
"15912","LUBUK MANDARASAH","1198"
"15913","LUBUK MAYAN","1196"
"15914","LUBUK MENTILIN","1195"
"15915","LUBUK NAGODANG","1085"
"15916","LUBUK NAPAL","1129"
"15917","LUBUK NAPAL","1134"
"15918","LUBUK NIUR","1152"
"15919","LUBUK PAKU","1120"
"15920","LUBUK PAUH","1135"
"15921","LUBUK PUNGGUK","1195"
"15922","LUBUK RAMAN","1108"
"15923","LUBUK RESAM HILIR","1183"
"15924","LUBUK RESAM","1183"
"15925","LUBUK RUSO","1101"
"15926","LUBUK SAYAK","1131"
"15927","LUBUK SEBONTAN","1151"
"15928","LUBUK SEPUH","1131"
"15929","LUBUK SULI","1117"
"15930","LUBUK TABUN","1194"
"15931","LUBUK TANAH TERBAN","1118"
"15932","LUBUK TENAM","1099"
"15933","LUBUK TERAP","1070"
"15934","LUBUK TERENTANG","1161"
"15935","LUBUK","1113"
"15936","LUMAHAN","1190"
"15937","MAJELIS HIDAYAH","1180"
"15938","MAJU JAYA","1144"
"15939","MAJU JAYA","1113"
"15940","MAKMUR JAYA","1161"
"15941","MALAKO INTAN","1163"
"15942","MALAPARI","1093"
"15943","MALIKI AIR","1168"
"15944","MAMPUN BARU","1185"
"15945","MAMPUN","1134"
"15946","MANDALA JAYA","1161"
"15947","MANDIANGIN PASAR","1154"
"15948","MANDIANGIN TUO","1154"
"15949","MANDIANGIN","1154"
"15950","MANGGIS","1077"
"15951","MANGUN JAYO","1121"
"15952","MANGUN JAYO","1068"
"15953","MANIS MATO","1189"
"15954","MANJUNTO LEMPUR","1082"
"15955","MANUNGGAL MAKMUR","1180"
"15956","MARGA MANUNGGAL JAYA","1107"
"15957","MARGA MULYA","1111"
"15958","MARGA MULYA","1107"
"15959","MARGO RUKUN","1190"
"15960","MARKANDING","1105"
"15961","MARKEH","1073"
"15962","MARO SEBO","1169"
"15963","MARUS JAYA","1073"
"15964","MASGO","1082"
"15965","MATA GUAL","1098"
"15966","MATRA MANUNGGAL","1105"
"15967","MAYANG MANGURAI","1104"
"15968","MEDAN BARU","1184"
"15969","MEDAN SERI RAMBAHAN","1163"
"15970","MEKAR ALAM","1179"
"15971","MEKAR JATI","1186"
"15972","MEKAR JAYA","1071"
"15973","MEKAR JAYA","1106"
"15974","MEKAR JAYA","1161"
"15975","MEKAR JAYA","1127"
"15976","MEKAR JAYA","1187"
"15977","MEKAR JAYA","1160"
"15978","MEKAR JAYA","1116"
"15979","MEKAR LIMAU MANIS","1074"
"15980","MEKAR SARI","1127"
"15981","MEKAR SARI","1144"
"15982","MEKAR TANJUNG","1147"
"15983","MEKARSARI MAKMUR","1107"
"15984","MEKARSARI","1131"
"15985","MENCOLOK","1158"
"15986","MENDAHARA ILIR","1145"
"15987","MENDAHARA TENGAH","1145"
"15988","MENDALO DARAT","1169"
"15989","MENDALO INDAH","1169"
"15990","MENDALO LAUT","1169"
"15991","MENGUPEH","1198"
"15992","MENTAWAK BARU","1156"
"15993","MENTAWAK ULU","1156"
"15994","MENTAWAK","1094"
"15995","MERANTI BARU","1154"
"15996","MERANTI JAYA","1154"
"15997","MERANTI","1150"
"15998","MERBAU","1145"
"15999","MERIBUNG / MARIBUNG","1141"
"16000","MERLUNG (DESA)","1070"
