"id","nama_desa","kecamatan_id"
"50001","SOGONG","3982"
"50002","SOLEAR","4002"
"50003","SONGGOM JAYA","3907"
"50004","SORONGAN","3980"
"50005","SUDAMANIK","4008"
"50006","SUDIMANIK","3980"
"50007","SUDIMARA BARAT","4036"
"50008","SUDIMARA JAYA","4036"
"50009","SUDIMARA PINANG","4012"
"50010","SUDIMARA SELATAN","4036"
"50011","SUDIMARA TIMUR","4036"
"50012","SUJUNG","3883"
"50013","SUKA ASIH","3901"
"50014","SUKA BAKTI","3948"
"50015","SUKA DAMAI","3953"
"50016","SUKA HARJA","3904"
"50017","SUKA INDAH","3931"
"50018","SUKA JADI","3957"
"50019","SUKA MANAH","3885"
"50020","SUKA MANAH","4018"
"50021","SUKA MULYA","3953"
"50022","SUKA MULYA","3944"
"50023","SUKA MURNI","3909"
"50024","SUKA NAGARA","3953"
"50025","SUKA SARI","4018"
"50026","SUKA TANI","4018"
"50027","SUKAASIH","4022"
"50028","SUKABARES","3976"
"50029","SUKABARES","3947"
"50030","SUKACAI","3931"
"50031","SUKACAI","3894"
"50032","SUKADALEM","3947"
"50033","SUKADAME","3910"
"50034","SUKADANA","3976"
"50035","SUKADAYA","3886"
"50036","SUKADIRI","3968"
"50037","SUKAHARJA","3886"
"50038","SUKAJADI","3917"
"50039","SUKAJADI","3980"
"50040","SUKAJADI","4014"
"50041","SUKAJADI","3982"
"50042","SUKAJAYA","4005"
"50043","SUKAJAYA","3893"
"50044","SUKAJAYA","4019"
"50045","SUKAJAYA","3913"
"50046","SUKAJAYA","4006"
"50047","SUKALABA","3995"
"50048","SUKALAKSANA","4005"
"50049","SUKALANGU","3978"
"50050","SUKAMAJU","3922"
"50051","SUKAMAJU","3930"
"50052","SUKAMAJU","3928"
"50053","SUKAMAJU","4006"
"50054","SUKAMAMPIR","3952"
"50055","SUKAMANAH","3931"
"50056","SUKAMANAH","3894"
"50057","SUKAMANAH","3920"
"50058","SUKAMANAH","3966"
"50059","SUKAMANAH","3884"
"50060","SUKAMANAH","3997"
"50061","SUKAMANAH","3945"
"50062","SUKAMANTRI","4022"
"50063","SUKAMARGA","3913"
"50064","SUKAMEKARSARI","3892"
"50065","SUKAMENAK","3931"
"50066","SUKAMENAK","3922"
"50067","SUKAMULYA","3984"
"50068","SUKAMULYA","3998"
"50069","SUKAMULYA","4029"
"50070","SUKANAGARA","3917"
"50071","SUKANAGARA","4001"
"50072","SUKANEGARA","3960"
"50073","SUKANEGARA","4019"
"50074","SUKARAJA","3922"
"50075","SUKARAJA","3966"
"50076","SUKARAJA","3918"
"50077","SUKARAJA","3921"
"50078","SUKARAME","3917"
"50079","SUKARAME","3922"
"50080","SUKARAME","3913"
"50081","SUKARASA","3901"
"50082","SUKARATU","3922"
"50083","SUKARATU","4004"
"50084","SUKARENA","3976"
"50085","SUKARENDAH","3921"
"50086","SUKARESMI","4006"
"50087","SUKARESMI","3990"
"50088","SUKASABA","3986"
"50089","SUKASARI","3951"
"50090","SUKASARI","3920"
"50091","SUKASARI","3918"
"50092","SUKASARI","3901"
"50093","SUKASARI","3956"
"50094","SUKASENANG","3979"
"50095","SUKASENENG","3998"
"50096","SUKATANI","3907"
"50097","SUKATANI","3961"
"50098","SUKATANI","3940"
"50099","SUKAWALI","3967"
"50100","SUKAWANA","4005"
"50101","SUKAWANA","4009"
"50102","SUKAWARIS","3998"
"50103","SUKMAJAYA","4021"
"50104","SUMBER WARAS","3966"
"50105","SUMBERJAYA","3994"
"50106","SUMUR BANDUNG","4000"
"50107","SUMUR PANCING (PACING)","3957"
"50108","SUMURANJA","3890"
"50109","SUMURBANDUNG","3886"
"50110","SUMURBATU","3998"
"50111","SUMURLABAN","3887"
"50112","SUMURPECUNG","4009"
"50113","SURADITA","3988"
"50114","SURAKARTA","3910"
"50115","SURALAYA","4035"
"50116","SURIANEUN","3902"
"50117","SURYA BAHARI","3967"
"50118","SUSUKAN","3883"
"50119","SUWAKAN","3938"
"50120","TABAN","3885"
"50121","TAJUR","4036"
"50122","TAKTAKAN","4007"
"50123","TALAGA SARI","3953"
"50124","TALAGA WARNA","4017"
"50125","TALAGA","3953"
"50126","TALAGA","3888"
"50127","TALAGAHIANG / TALAGAHIYANG","3951"
"50128","TALAGASARI","3909"
"50129","TALAGASARI","3978"
"50130","TALOK","4027"
"50131","TAMAN JAYA","3886"
"50132","TAMANBARU","4015"
"50133","TAMANBARU","4007"
"50134","TAMANJAYA","3994"
"50135","TAMANSARI","3946"
"50136","TAMANSARI","3931"
"50137","TAMANSARI","4035"
"50138","TAMBAK","4008"
"50139","TAMBAK","3930"
"50140","TAMBAKBAYA","3891"
"50141","TAMBANG AYAM","3889"
"50142","TAMBILUK","3959"
"50143","TAMIANG","3985"
"50144","TAMIANG","3995"
"50145","TANAGARA","3972"
"50146","TANAH MERAH","4023"
"50147","TANAH TINGGI","3901"
"50148","TANARA","3945"
"50149","TANGKILSARI","3936"
"50150","TANJAKAN MEKAR","4018"
"50151","TANJAKAN","4018"
"50152","TANJUNG ANOM","3926"
"50153","TANJUNG BURUNG","3895"
"50154","TANJUNG PASIR","3895"
"50155","TANJUNG SARI","3949"
"50156","TANJUNGAN","3998"
"50157","TANJUNGJAYA","4016"
"50158","TANJUNGMANIS","3889"
"50159","TANJUNGSARI INDAH","3960"
"50160","TANJUNGSARI","4017"
"50161","TANJUNGWANGI","4001"
"50162","TAPOS","3972"
"50163","TAPOS","3923"
"50164","TARUMANAGARA","3927"
"50165","TEGAL ANGUS","3895"
"50166","TEGAL BUNDER","4034"
"50167","TEGAL KUNIR KIDUL","3926"
"50168","TEGAL KUNIR LOR","3926"
"50169","TEGAL","3903"
"50170","TEGALMAJA","4014"
"50171","TEGALONGOK","3893"
"50172","TEGALPAPAK","3910"
"50173","TEGALRATU","3915"
"50174","TEGALSARI","3923"
"50175","TEGALSARI","3993"
"50176","TEGALWANGI","3884"
"50177","TEJAMARI","3931"
"50178","TELAGA LUHUR","3947"
"50179","TELUK NAGA","3895"
"50180","TELUK TERATE","4025"
"50181","TELUK","3928"
"50182","TELUKLADA","3954"
"50183","TEMBONG","3917"
"50184","TEMBONG","3916"
"50185","TENGKURAK","3883"
"50186","TENJO AYU","3945"
"50187","TENJOLAHANG","3894"
"50188","TERAS","3974"
"50189","TERASBENDUNG","3965"
"50190","TERATE","4025"
"50191","TERITIH","3993"
"50192","TERONDOL","4009"
"50193","TERUMBU","3925"
"50194","TIGARAKSA","3923"
"50195","TINGGAR","4005"
"50196","TIPAR JAYA (TIPARRAYA)","3885"
"50197","TIREM","3965"
"50198","TIRTAYASA","3883"
"50199","TOBAT","3909"
"50200","TONJONG","4025"
"50201","TOYOMERTO","4025"
"50202","TUGU","3936"
"50203","TUNGGALJAYA","3994"
"50204","TUNJUNG TEJA","3956"
"50205","TURUS","3902"
"50206","UJUNGJAYA","3994"
"50207","UJUNGTEBU","3976"
"50208","UKIRSARI","3955"
"50209","UMBUL TANJUNG","3924"
"50210","UMBUL TENGAH","4007"
"50211","UMBULAN","3998"
"50212","UMBULJAYA","3946"
"50213","UNDAR ANDIR","4014"
"50214","UNYUR","4009"
"50215","UWUNG JAYA","3987"
"50216","WALANTAKA","3993"
"50217","WALIKUKUN","3974"
"50218","WALIWIS","3996"
"50219","WANA KERTA","3904"
"50220","WANAGIRI","3978"
"50221","WANAKARTA","3955"
"50222","WANASALAM","3940"
"50223","WANAYASA","4025"
"50224","WANAYASA","4019"
"50225","WANGUNJAYA","3989"
"50226","WANTISARI","3958"
"50227","WARAKAS","3952"
"50228","WARGASARA","3883"
"50229","WARINGIN","3888"
"50230","WARINGINJAYA","3927"
"50231","WARINGINKURUNG","3936"
"50232","WARINGINKURUNG","3947"
"50233","WARNASARI","3984"
"50234","WARNASARI","4015"
"50235","WARUNG JAUD","3925"
"50236","WARUNGBANTEN","3984"
"50237","WARUNGGUNUNG","3921"
"50238","WERU","3990"
"50239","WINONG","3888"
"50240","WIRANA","3950"
"50241","WIRASINGA","4029"
"50242","AAN","4037"
"50243","ABABI","4038"
"50244","ABANG SONGAN","4039"
"50245","ABANG","4038"
"50246","ABIAN TUWUNG","4040"
"50247","ABIANBASE","4041"
"50248","ABIANBASE","4042"
"50249","ABIANSEMAL","4043"
"50250","ABUAN","4039"
"50251","ABUAN","4044"
"50252","AIR KUNING","4045"
"50253","AKAH","4046"
"50254","ALASANGKER","4047"
"50255","AMBENGAN","4048"
"50256","AMERTA BHUANA","4049"
"50257","ANGANTAKA","4043"
"50258","ANGKAH","4050"
"50259","ANGSERI","4051"
"50260","ANTAP","4052"
"50261","ANTAPAN","4051"
"50262","ANTIGA KELOD","4053"
"50263","ANTIGA","4053"
"50264","ANTOSARI","4050"
"50265","ANTURAN","4047"
"50266","APUAN","4051"
"50267","APUAN","4044"
"50268","ASAHDUREN","4054"
"50269","ASTINA","4047"
"50270","AWAN","4039"
"50271","AYUNAN","4043"
"50272","BABAHAN","4055"
"50273","BAHA","4042"
"50274","BAJERA UTARA","4052"
"50275","BAJERA","4052"
"50276","BAKAS","4037"
"50277","BAKBAKAN","4041"
"50278","BALER BALE AGUNG","4056"
"50279","BALUK","4056"
"50280","BAN","4057"
"50281","BANGBANG","4058"
"50282","BANGLI","4051"
"50283","BANJAR ANYAR","4040"
"50284","BANJAR ASEM","4059"
"50285","BANJAR BALI","4047"
"50286","BANJAR JAWA","4047"
"50287","BANJAR TEGAL","4047"
"50288","BANJAR TEGEHA","4060"
"50289","BANJAR TENGAH","4056"
"50290","BANJAR","4060"
"50291","BANJARANGKAN","4037"
"50292","BANTANG","4039"
"50293","BANTAS","4061"
"50294","BANTIRAN","4062"
"50295","BANUA","4039"
"50296","BANYUASRI","4047"
"50297","BANYUATIS","4060"
"50298","BANYUBIRU","4056"
"50299","BANYUNING","4047"
"50300","BANYUPOH","4063"
"50301","BANYUSRI","4060"
"50302","BATANNYUH","4064"
"50303","BATU DINDING","4039"
"50304","BATU RINGGIT","4057"
"50305","BATUAGUNG","4045"
"50306","BATUAJI","4065"
"50307","BATUAN KALER","4066"
"50308","BATUAN","4066"
"50309","BATUBULAN KANGIN","4066"
"50310","BATUBULAN","4066"
"50311","BATUKAANG","4039"
"50312","BATUKANDIK","4067"
"50313","BATUMADEG","4067"
"50314","BATUNGSEL","4062"
"50315","BATUNUNGGUL","4067"
"50316","BATUNYA","4051"
"50317","BATUR SELATAN","4039"
"50318","BATUR TENGAH","4039"
"50319","BATUR UTARA","4039"
"50320","BATURITI","4051"
"50321","BATURITI","4065"
"50322","BAYUNGCERIK","4039"
"50323","BAYUNGGEDE","4039"
"50324","BEBALANG","4068"
"50325","BEBANDEM","4069"
"50326","BEBETIN","4070"
"50327","BEDULU","4071"
"50328","BELALANG","4040"
"50329","BELANCAN","4039"
"50330","BELANDINGAN","4039"
"50331","BELANGA","4039"
"50332","BELANTIH","4039"
"50333","BELATUNGAN","4062"
"50334","BELEGA","4071"
"50335","BELIMBING","4062"
"50336","BELOK","4072"
"50337","BELUMBANG","4065"
"50338","BENG","4041"
"50339","BENGKALA","4073"
"50340","BENGKEL SARI","4050"
"50341","BENGKEL","4074"
"50342","BENGKEL","4040"
"50343","BENOA","4075"
"50344","BERABAN","4040"
"50345","BERABAN","4061"
"50346","BERANGBANG","4056"
"50347","BERATAN","4047"
"50348","BEREMBENG","4052"
"50349","BERINGKIT","4064"
"50350","BESAKIH","4076"
"50351","BESAN","4077"
"50352","BESTALA","4059"
"50353","BHAKTI SERAGA (BAKTISERAGA)","4047"
"50354","BIAUNG","4055"
"50355","BILA","4073"
"50356","BINYAN","4039"
"50357","BITERA","4041"
"50358","BLAHBATUH","4071"
"50359","BLAHKIUH","4043"
"50360","BLIMBINGSARI (BELIMBINGSARI)","4078"
"50361","BONA","4071"
"50362","BONDALEM","4079"
"50363","BONGAN (BOONGAN)","4080"
"50364","BONGANCINA","4074"
"50365","BONGKASA PERTIWI","4043"
"50366","BONGKASA","4043"
"50367","BONTIHING","4073"
"50368","BONYOH","4039"
"50369","BRESELA (BERESELA)","4081"
"50370","BUAHAN KAJA","4081"
"50371","BUAHAN","4039"
"50372","BUAHAN","4081"
"50373","BUAHAN","4080"
"50374","BUANA GIRI","4069"
"50375","BUBUNAN","4059"
"50376","BUDAKELING (BUDE KELING)","4069"
"50377","BUDENG","4045"
"50378","BUDUK","4042"
"50379","BUGBUG","4082"
"50380","BUKIAN","4081"
"50381","BUKIT","4082"
"50382","BUKTI","4073"
"50383","BULIAN","4073"
"50384","BUNGA MEKAR","4067"
"50385","BUNGAYA (BUNGAYA KAUH)","4069"
"50386","BUNGAYA KANGIN","4069"
"50387","BUNGBUNGAN","4037"
"50388","BUNGKULAN","4070"
"50389","BUNUTAN","4038"
"50390","BUNUTIN","4068"
"50391","BUNUTIN","4039"
"50392","BURUAN","4071"
"50393","BURUAN","4055"
"50394","BUSUNGBIU","4074"
"50395","BUWIT","4040"
"50396","CANDIKUNING","4051"
"50397","CANDIKUSUMA","4078"
"50398","CANGGU","4083"
"50399","CARANGSARI","4072"
"50400","CATUR","4039"
"50401","CAUBELAYU","4064"
"50402","CELUK","4066"
"50403","CELUKAN BAWANG","4063"
"50404","CEMAGI","4042"
"50405","CEMPAGA","4068"
"50406","CEMPAGA","4060"
"50407","CEPAKA","4040"
"50408","CULIK","4038"
"50409","CUPEL","4056"
"50410","DALANG","4061"
"50411","DALUNG","4083"
"50412","DANGIN PURI KAJA","4084"
"50413","DANGIN PURI KANGIN","4084"
"50414","DANGIN PURI KAUH","4084"
"50415","DANGIN PURI KLOD","4085"
"50416","DANGIN PURI","4085"
"50417","DANGIN TUKADAYA","4045"
"50418","DARMASABA","4043"
"50419","DATAH","4038"
"50420","DAUH PEKEN","4080"
"50421","DAUH PURI KAJA","4084"
"50422","DAUH PURI KANGIN","4086"
"50423","DAUH PURI KAUH","4086"
"50424","DAUH PURI KLOD / KELOD","4086"
"50425","DAUH PURI","4086"
"50426","DAUH YEH CANI","4043"
"50427","DAUHWARU","4045"
"50428","DAUP","4039"
"50429","DAUSA","4039"
"50430","DAWAN KALER","4077"
"50431","DAWAN KLOD","4077"
"50432","DEJAN PEKEN (DAJAN PEKEN)","4080"
"50433","DELOD BERAWAH","4087"
"50434","DELOD PEKEN","4080"
"50435","DEMULIH","4044"
"50436","DENBANTAS","4080"
"50437","DENCARIK","4060"
"50438","DEPEHA","4073"
"50439","DUDA TIMUR","4049"
"50440","DUDA UTARA","4049"
"50441","DUDA","4049"
"50442","DUKUH","4057"
"50443","EKASARI","4078"
"50444","GADUNG SARI","4061"
"50445","GADUNGAN","4061"
"50446","GALUNGAN","4070"
"50447","GEGELANG","4053"
"50448","GELGEL","4046"
"50449","GELUNTUNG","4064"
"50450","GEROKGAK","4063"
"50451","GESING","4060"
"50452","GETAKAN","4037"
"50453","GETASAN","4072"
"50454","GIANYAR","4041"
"50455","GILIMANUK","4078"
"50456","GIRI EMAS","4070"
"50457","GITGIT","4048"
"50458","GOBLEG","4060"
"50459","GUBUG","4080"
"50460","GULINGAN","4042"
"50461","GUMBRIH","4054"
"50462","GUNAKSA","4077"
"50463","GUNUNG SALAK","4061"
"50464","GUNUNGBAU","4039"
"50465","GUNUNGSARI","4059"
"50466","GUWANG","4066"
"50467","JAGAPATI","4043"
"50468","JAGARAGA","4070"
"50469","JATILUWIH","4055"
"50470","JEGU","4055"
"50471","JEHEM","4058"
"50472","JELIJIH PUNGGANG","4062"
"50473","JIMBARAN","4075"
"50474","JINENGDALEM","4047"
"50475","JOANYAR","4059"
"50476","JULAH","4079"
"50477","JUMPAI","4046"
"50478","JUNGUTAN","4069"
"50479","JUNGUTBATU","4067"
"50480","KABA-KABA","4040"
"50481","KALIAKAH","4056"
"50482","KALIANGET","4059"
"50483","KALIASEM","4060"
"50484","KALIBUKBUK","4047"
"50485","KALISADA","4059"
"50486","KALIUNTU","4047"
"50487","KAMASAN","4046"
"50488","KAMPUNG ANYAR","4047"
"50489","KAMPUNG BARU","4047"
"50490","KAMPUNG BUGIS","4047"
"50491","KAMPUNG GELGEL","4046"
"50492","KAMPUNG KAJANAN","4047"
"50493","KAMPUNG KUSAMBA","4077"
"50494","KAMPUNG SINGARAJA","4047"
"50495","KAMPUNG TOYAPAKEH","4067"
"50496","KAPAL","4042"
"50497","KARANGASEM","4082"
"50498","KARYA SARI","4062"
"50499","KATUNG","4039"
"50500","KAWAN","4068"
"50501","KAYUBIHI","4068"
"50502","KAYUPUTIH","4060"
"50503","KAYUPUTIH","4048"
"50504","KEBON PADANGAN","4062"
"50505","KEDEWATAN","4088"
"50506","KEDIA (KEDIS)","4074"
"50507","KEDIRI","4040"
"50508","KEDISAN","4039"
"50509","KEDISAN","4089"
"50510","KEDONGANAN","4090"
"50511","KEKERAN","4074"
"50512","KEKERAN","4042"
"50513","KELATING","4065"
"50514","KELIKI","4089"
"50515","KELUSA","4081"
"50516","KEMENUH","4066"
"50517","KENDERAN","4089"
"50518","KENDRAN","4047"
"50519","KERAMAS","4071"
"50520","KERAMBITAN","4065"
"50521","KEROBOKAN KAJA","4083"
"50522","KEROBOKAN KELOD","4083"
"50523","KEROBOKAN","4083"
"50524","KEROBOKAN","4070"
"50525","KERTA MANDALA","4038"
"50526","KERTA","4081"
"50527","KERTHA BUANA","4091"
"50528","KESIMAN KERTALANGU","4085"
"50529","KESIMAN PETILAN","4085"
"50530","KESIMAN","4085"
"50531","KESIMPAR","4038"
"50532","KESIUT","4065"
"50533","KETEWEL","4066"
"50534","KINTAMANI","4039"
"50535","KLUMPU","4067"
"50536","KUBU","4068"
"50537","KUBU","4057"
"50538","KUBUTAMBAHAN","4073"
"50539","KUKUH","4065"
"50540","KUKUH","4064"
"50541","KUSAMBA","4077"
"50542","KUTA","4090"
"50543","KUTAMPI KALER","4067"
"50544","KUTAMPI","4067"
"50545","KUTUH","4039"
"50546","KUTUH","4075"
"50547","KUWUM","4064"
"50548","KUWUM","4042"
"50549","LABA SARI","4038"
"50550","LALANG LINGGAH","4050"
"50551","LANDIH","4068"
"50552","LANGGAHAN","4039"
"50553","LEBIH","4041"
"50554","LEGIAN","4090"
"50555","LELATENG","4056"
"50556","LEMBEAN","4039"
"50557","LEMBONGAN","4067"
"50558","LEMUKIH","4070"
"50559","LES","4079"
"50560","LILIGUNDI","4047"
"50561","LODTUNDUH","4088"
"50562","LOKAPAKSA","4059"
"50563","LOKASARI","4091"
"50564","LOLOAN BARAT","4056"
"50565","LOLOAN TIMUR","4045"
"50566","LUKLUK","4042"
"50567","LUMBUNG KAUH","4050"
"50568","LUMBUNG","4050"
"50569","LUWUS","4051"
"50570","MACANG","4069"
"50571","MADENAN","4079"
"50572","MAMBAL","4043"
"50573","MAMBANG","4061"
"50574","MANDUANG","4046"
"50575","MANGGIS","4053"
"50576","MANGGISSARI","4054"
"50577","MANGGUH","4039"
"50578","MANIKLIYU","4039"
"50579","MANIKYANG","4052"
"50580","MANISTUTU","4078"
"50581","MANUKAYA","4092"
"50582","MARGA DAJAN PURI","4064"
"50583","MARGA DAUH PURI","4064"
"50584","MARGA","4064"
"50585","MAS","4088"
"50586","MAYONG","4059"
"50587","MEDAHAN","4071"
"50588","MEDEWI","4054"
"50589","MEGATI","4061"
"50590","MEKAR BHUWANA","4043"
"50591","MEKARSARI","4051"
"50592","MELAYA","4078"
"50593","MELILING","4065"
"50594","MELINGGIH KELOD","4081"
"50595","MELINGGIH","4081"
"50596","MENANGA","4076"
"50597","MENDOYO DANGIN TUKAD","4087"
"50598","MENDOYO DAUH TUKAD","4087"
"50599","MENGANI","4039"
"50600","MENGENING","4073"
"50601","MENGESTE","4055"
"50602","MENGWI","4042"
"50603","MENGWITANI","4042"
"50604","MENYALI","4070"
"50605","MUNCAN","4049"
"50606","MUNDEH KANGIN","4050"
"50607","MUNDEH KAUH","4050"
"50608","MUNDEH","4050"
"50609","MUNDUK BESTALA","4059"
"50610","MUNDUK TEMU","4062"
"50611","MUNDUK","4060"
"50612","MUNGGU","4042"
"50613","MUSI","4063"
"50614","NAGASEPAHA","4047"
"50615","NAWAKERTI","4038"
"50616","NEGARI","4037"
"50617","NGIS","4053"
"50618","NONGAN","4076"
"50619","NUSA SARI","4078"
"50620","NYALIAN","4037"
"50621","NYAMBU","4040"
"50622","NYANGLAN","4037"
"50623","NYITDAH","4040"
"50624","NYUH TEBEL","4053"
"50625","PACUNG","4079"
"50626","PADANG KERTA","4082"
"50627","PADANGAN","4062"
"50628","PADANGBAI","4053"
"50629","PADANGBULIA","4048"
"50630","PADANGSAMBIAN KAJA","4086"
"50631","PADANGSAMBIAN KLOD / KELOD","4086"
"50632","PADANGSAMBIAN","4086"
"50633","PAJAHAN","4062"
"50634","PAKET AGUNG","4047"
"50635","PAKISAN","4073"
"50636","PAKSEBALI","4077"
"50637","PANCASARI","4048"
"50638","PANDAK BANDUNG","4040"
"50639","PANDAK GEDE","4040"
"50640","PANGKUNG KARUNG","4065"
"50641","PANGKUNG TIBAH","4040"
"50642","PANGKUNGPARUK","4059"
"50643","PANGSAN","4072"
"50644","PANGYANGAN","4054"
"50645","PANJER","4093"
"50646","PANJI ANOM","4048"
"50647","PANJI","4048"
"50648","PATAS","4063"
"50649","PATEMOH (PATEMON)","4059"
"50650","PAYANGAN","4064"
"50651","PECATU","4075"
"50652","PED","4067"
"50653","PEDAWA","4060"
"50654","PEDUNGAN","4093"
"50655","PEGADUNGAN","4048"
"50656","PEGAYAMAN","4048"
"50657","PEGUYANGAN KAJA","4084"
"50658","PEGUYANGAN KANGIN","4084"
"50659","PEGUYANGAN","4084"
"50660","PEJARAKAN","4063"
"50661","PEJATEN","4040"
"50662","PEJENG KAJA","4092"
"50663","PEJENG KANGIN","4092"
"50664","PEJENG KAWAN","4092"
"50665","PEJENG KLOD (KELOD)","4092"
"50666","PEJENG","4092"
"50667","PEJUKUTAN","4067"
"50668","PEKEN BELAYU","4064"
"50669","PEKUTATAN","4054"
"50670","PELAGA","4072"
"50671","PELAPUAN","4074"
"50672","PELIATAN","4088"
"50673","PEMARON","4047"
"50674","PEMECUTAN KAJA","4084"
"50675","PEMECUTAN KLOD / KELOD","4086"
"50676","PEMECUTAN","4086"
"50677","PEMOGAN","4093"
"50678","PEMPATAN","4076"
"50679","PEMUTERAN","4063"
"50680","PENARUKAN","4047"
"50681","PENARUKAN","4065"
"50682","PENARUNGAN","4042"
"50683","PENATAHAN","4055"
"50684","PENATIH DANGIN PURI","4085"
"50685","PENATIH","4085"
"50686","PENDEM","4045"
"50687","PENEBEL","4055"
"50688","PENGAMBENGAN","4056"
"50689","PENGASTULAN","4059"
"50690","PENGEJARAN","4039"
"50691","PENGERAGOAN (PENGRAGOAN)","4054"
"50692","PENGIANGAN","4044"
"50693","PENGLATAN","4047"
"50694","PENGLUMBARAN","4044"
"50695","PENGOTAN","4068"
"50696","PENGULON","4063"
"50697","PENINJOAN","4058"
"50698","PENUKTUKAN","4079"
"50699","PENYABANGAN","4063"
"50700","PENYARINGAN","4087"
"50701","PERANCAK","4045"
"50702","PEREAN KANGIN","4051"
"50703","PEREAN TENGAH","4051"
"50704","PEREAN","4051"
"50705","PERERENAN","4042"
"50706","PERGUNG","4087"
"50707","PERING SARI","4049"
"50708","PERING","4071"
"50709","PERTIMA","4082"
"50710","PESABAN","4076"
"50711","PESAGI","4055"
"50712","PESEDAHAN","4053"
"50713","PESINGGAHAN","4077"
"50714","PETAK KAJA","4041"
"50715","PETAK","4041"
"50716","PETANDAKAN","4047"
"50717","PETANG","4072"
"50718","PETIGA","4064"
"50719","PETULU","4088"
"50720","PIDPID","4038"
"50721","PIKAT","4077"
"50722","PINGGAN","4039"
"50723","PITRA","4055"
"50724","POH BERGONG","4047"
"50725","POHSANTEN","4087"
"50726","PUCAKSARI","4074"
"50727","PUHU","4081"
"50728","PUJUNGAN","4062"
"50729","PULUKAN","4054"
"50730","PUNGGUL","4043"
"50731","PUPUAN SAWAH","4052"
"50732","PUPUAN","4062"
"50733","PUPUAN","4089"
"50734","PURWAKERTI","4038"
"50735","RANGDU","4059"
"50736","REJASA","4055"
"50737","RENDANG","4076"
"50738","RENON","4093"
"50739","RIANG GEDE","4055"
"50740","RINGDIKIT","4059"
"50741","SABA","4071"
"50742","SADING","4042"
"50743","SAKTI","4067"
"50744","SAMBANGAN","4048"
"50745","SAMBIRENTENG","4079"
"50746","SAMPALAN KLOD","4077"
"50747","SAMPALAN TENGAH","4077"
"50748","SAMPLANGAN","4041"
"50749","SAMSAM","4065"
"50750","SANDA","4062"
"50751","SANDING","4092"
"50752","SANGEH","4043"
"50753","SANGGALANGIT","4063"
"50754","SANGKAN GUNUNG","4091"
"50755","SANGKARAGUNG","4045"
"50756","SANGKETAN","4055"
"50757","SANGSIT","4070"
"50758","SANUR KAJA","4093"
"50759","SANUR KAUH","4093"
"50760","SANUR","4093"
"50761","SARI MEKAR","4047"
"50762","SATRA","4039"
"50763","SATRA","4046"
"50764","SAWAN","4070"
"50765","SAYAN","4088"
"50766","SEBATU","4089"
"50767","SEBUDI","4049"
"50768","SEDANG","4043"
"50769","SEKAAN","4039"
"50770","SEKARDADI","4039"
"50771","SEKARTAJI","4067"
"50772","SEKUMPUL","4070"
"50773","SELABIH","4050"
"50774","SELANBAWAK","4064"
"50775","SELAT","4043"
"50776","SELAT","4046"
"50777","SELAT","4049"
"50778","SELAT","4048"
"50779","SELAT","4044"
"50780","SELEMADEG","4052"
"50781","SELISIHAN","4046"
"50782","SELULUNG","4039"
"50783","SELUMBUNG","4053"
"50784","SEMARAPURA KAJA","4046"
"50785","SEMARAPURA KANGIN","4046"
"50786","SEMARAPURA KAUH","4046"
"50787","SEMARAPURA KLOD KANGIN","4046"
"50788","SEMARAPURA KLOD / KELOD","4046"
"50789","SEMARAPURA TENGAH","4046"
"50790","SEMBIRAN","4079"
"50791","SEMBUNG GEDE","4065"
"50792","SEMBUNG","4042"
"50793","SEMINYAK","4090"
"50794","SEMPIDI","4042"
"50795","SENGANAN","4055"
"50796","SENGKIDU","4053"
"50797","SEPANG KELOD","4074"
"50798","SEPANG","4074"
"50799","SERAHI","4039"
"50800","SERAMPINGAN","4052"
"50801","SERANGAN","4093"
"50802","SERAYA BARAT","4082"
"50803","SERAYA TENGAH","4082"
"50804","SERAYA TIMUR","4082"
"50805","SERIRIT","4059"
"50806","SERONGGA","4041"
"50807","SESANDAN","4080"
"50808","SESETAN","4093"
"50809","SIANGAN","4041"
"50810","SIBANG GEDE","4043"
"50811","SIBANG KAJA","4043"
"50812","SIBETAN","4069"
"50813","SIDAKARYA","4093"
"50814","SIDAN","4041"
"50815","SIDEMEN","4091"
"50816","SIDETAPA","4060"
"50817","SILANGJANA","4048"
"50818","SINABUN","4070"
"50819","SINDU WATI","4091"
"50820","SINGAKERTA (SINGEKERTA)","4088"
"50821","SINGAPADU KALER","4066"
"50822","SINGAPADU TENGAH","4066"
"50823","SINGAPADU","4066"
"50824","SIYAKIN","4039"
"50825","SOBANGAN","4042"
"50826","SONGAN A","4039"
"50827","SONGAN B","4039"
"50828","SUANA","4067"
"50829","SUBAGAN","4082"
"50830","SUBAMIA","4080"
"50831","SUBAYA","4039"
"50832","SUBUK","4074"
"50833","SUDAJI","4070"
"50834","SUDIMARA","4080"
"50835","SUKADANA","4057"
"50836","SUKASADA","4048"
"50837","SUKAWANA","4039"
"50838","SUKAWATI","4066"
"50839","SULAHAN","4044"
"50840","SULANG","4077"
"50841","SULANGAI","4072"
"50842","SULANYAH","4059"
"50843","SUMBER KLAMPOK","4063"
"50844","SUMBERKIMA","4063"
"50845","SUMERTA KAJA","4085"
"50846","SUMERTA KAUH","4085"
"50847","SUMERTA KELOD / KLOD","4085"
"50848","SUMERTA","4085"
"50849","SUMITA","4041"
"50850","SUSUT","4044"
"50851","SUTER","4039"
"50852","SUWAT","4041"
"50853","SUWUG","4070"
"50854","TAJEN","4055"
"50855","TAJUN","4073"
"50856","TAKMUNG","4037"
"50857","TALIBENG","4091"
"50858","TAMAN BALI","4068"
"50859","TAMAN","4043"
"50860","TAMBAKAN","4073"
"50861","TAMBLANG","4073"
"50862","TAMPAKSIRING","4092"
"50863","TAMPEKAN","4060"
"50864","TANGGUNTITI","4061"
"50865","TANGGUWISIA","4059"
"50866","TANGKAS","4046"
"50867","TANGKUP","4091"
"50868","TANGLAD","4067"
"50869","TANJUNG BENOA","4075"
"50870","TARO","4089"
"50871","TEGAK","4046"
"50872","TEGAL BADENG BARAT","4056"
"50873","TEGAL BADENG TIMUR","4056"
"50874","TEGAL CANGKRING","4087"
"50875","TEGAL HARUM","4086"
"50876","TEGAL KERTHA","4086"
"50877","TEGAL LINGGAH (TEGALINGGAH)","4048"
"50878","TEGAL MENGKEB","4061"
"50879","TEGAL TUGU","4041"
"50880","TEGALINGGAH","4055"
"50881","TEGALJADI","4064"
"50882","TEGALLALANG","4089"
"50883","TEGALLINGGAH","4082"
"50884","TEJAKULA","4079"
"50885","TELAGA TAWANG","4091"
"50886","TELAGA","4074"
"50887","TEMBOK","4079"
"50888","TEMBUKU","4058"
"50889","TEMESI","4041"
"50890","TEMUKUS","4060"
"50891","TENGANAN","4053"
"50892","TENGKUDAK","4055"
"50893","TERUNYAN","4039"
"50894","TIANYAR BARAT","4057"
"50895","TIANYAR TENGAH","4057"
"50896","TIANYAR TIMUR","4057"
"50897","TIBU BIU (TIBUBIYU)","4065"
"50898","TIBUBENENG","4083"
"50899","TIGA","4044"
"50900","TIGAWASA","4060"
"50901","TIHINGAN","4037"
"50902","TIMPAG","4065"
"50903","TIMUHUN","4037"
"50904","TINGA TINGA","4063"
"50905","TINGGARSARI","4074"
"50906","TIRTASARI","4060"
"50907","TISTA","4038"
"50908","TISTA","4074"
"50909","TISTA","4065"
"50910","TITAB","4074"
"50911","TIYING GADING","4050"
"50912","TIYINGTALI","4038"
"50913","TOHPATI","4037"
"50914","TOJAN","4046"
"50915","TONJA","4084"
"50916","TRI BUANA","4038"
"50917","TRI EKA BUANA","4091"
"50918","TUA","4064"
"50919","TUBAN","4090"
"50920","TUKAD SUMAGA","4063"
"50921","TUKADAYA","4078"
"50922","TUKADMUNGGA","4047"
"50923","TULAMBEN","4057"
"50924","TULIKUP","4041"
"50925","TUMBAK BAYUH","4042"
"50926","TUMBU","4082"
"50927","TUNJUK","4080"
"50928","TUNJUNG","4073"
"50929","TUSAN","4037"
"50930","TUWED","4078"
"50931","UBUD","4088"
"50932","UBUNG KAJA","4084"
"50933","UBUNG","4084"
"50934","ULAKAN","4053"
"50935","ULARAN","4059"
"50936","ULIAN","4039"
"50937","UMEANYAR","4059"
"50938","UMEJERO","4074"
"50939","UNDISAN","4058"
"50940","UNGASAN","4075"
"50941","UNGGAHAN","4059"
"50942","WANAGIRI KAUH","4052"
"50943","WANAGIRI","4052"
"50944","WANAGIRI","4048"
"50945","WANASARI","4080"
"50946","WARNASARI","4078"
"50947","WERDI BHUWANA","4042"
"50948","WISMA KERTA","4091"
"50949","WONGAYA GEDE","4055"
"50950","YANGAPI","4058"
"50951","YEH EMBANG KANGIN","4087"
"50952","YEH EMBANG KAUH","4087"
"50953","YEH EMBANG","4087"
"50954","YEH KUNING","4045"
"50955","YEH SUMBUL","4087"
"50956","ABIAN TUBUH BARU","4094"
"50957","ADU","4095"
"50958","AI KANGKUNG","4096"
"50959","AI MUAL","4097"
"50960","AIK BERIK","4098"
"50961","AIK BUKAK (BUKAQ)","4098"
"50962","AIK DAREK (AIQ DAREQ)","4099"
"50963","AIK DEWA","4100"
"50964","AIK MUAL","4101"
"50965","AIK PRAPA","4102"
"50966","AIKMEL BARAT","4102"
"50967","AIKMEL TIMUR","4102"
"50968","AIKMEL UTARA","4102"
"50969","AIKMEL","4102"
"50970","AIR SUNING","4103"
"50971","AKAR AKAR","4104"
"50972","AMPENAN SELATAN","4105"
"50973","AMPENAN TENGAH","4105"
"50974","AMPENAN UTARA","4105"
"50975","ANGGARAKSA","4106"
"50976","ANJANI","4107"
"50977","ANYAR","4104"
"50978","APITAIK","4106"
"50979","ARAB KENANGAN","4108"
"50980","BABAKAN","4094"
"50981","BABUSSALAM","4109"
"50982","BADA","4110"
"50983","BADRAIN","4111"
"50984","BAGIK MANIS","4112"
"50985","BAGIK NYAKA SANTRI","4102"
"50986","BAGIK PAPAN","4106"
"50987","BAGIK PAYUNG SELATAN","4107"
"50988","BAGIK PAYUNG TIMUR","4107"
"50989","BAGIK PAYUNG","4107"
"50990","BAGIK POLAK BARAT","4113"
"50991","BAGIK POLAK","4113"
"50992","BAGU","4114"
"50993","BAJO MEDANG","4115"
"50994","BAJO","4116"
"50995","BAJOPULAU","4117"
"50996","BAJUR","4113"
"50997","BAKAN","4118"
"50998","BALA","4119"
"50999","BALE BRANG","4120"
"51000","BALI 1","4110"
"51001","BANDA","4121"
"51002","BANDOK","4122"
"51003","BANGGO","4123"
"51004","BANGKAT MONTE","4124"
"51005","BANJAR","4105"
"51006","BANJAR","4108"
"51007","BANJARSARI","4125"
"51008","BANTULANTE","4121"
"51009","BANYU URIP","4109"
"51010","BANYU URIP","4126"
"51011","BANYUMULEK","4127"
"51012","BAO DESA","4128"
"51013","BARA","4129"
"51014","BARABALI","4099"
"51015","BARALAU","4130"
"51016","BAREJULAT","4131"
"51017","BARU TAHAN","4132"
"51018","BARU","4133"
"51019","BATU BANGKA","4134"
"51020","BATU JANGKIH","4135"
"51021","BATU KUMBUNG","4136"
"51022","BATU KUTA","4111"
"51023","BATU LAYAR","4137"
"51024","BATU MEKAR","4136"
"51025","BATU PUTIH","4138"
"51026","BATU PUTIH","4108"
"51027","BATU PUTIK","4139"
"51028","BATUBULAN","4140"
"51029","BATUDULANG","4128"
"51030","BATUJAI","4126"
"51031","BATUNAMPAR SELATAN","4141"
"51032","BATUNAMPAR","4141"
"51033","BATUNYALA","4142"
"51034","BATUROTOK","4128"
"51035","BATUTERING","4140"
"51036","BATUTULIS","4131"
"51037","BATUYANG","4106"
"51038","BAYAN","4104"
"51039","BEBER","4099"
"51040","BEBIDAS","4122"
"51041","BEBUAK","4143"
"51042","BELANTING","4112"
"51043","BELEKA","4144"
"51044","BELEKE","4109"
"51045","BELO","4145"
"51046","BELO","4146"
"51047","BENETE","4147"
"51048","BENGKAUNG","4137"
"51049","BENGKEL","4113"
"51050","BENTEK","4148"
"51051","BERAIM","4142"
"51052","BERANG REA","4140"
"51053","BERARE","4134"
"51054","BERINGIN JAYA","4149"
"51055","BERIRI JARAK","4122"
"51056","BERORA","4150"
"51057","BERTAIS","4094"
"51058","BERU","4145"
"51059","BILEBANTE","4114"
"51060","BILELANDO","4144"
"51061","BILOK PETUNG","4151"
"51062","BINTANG RINJANI","4107"
"51063","BINTARO","4105"
"51064","BOAK","4152"
"51065","BOAL","4153"
"51066","BOKE","4117"
"51067","BOLO","4154"
"51068","BONDER (BONDIR)","4126"
"51069","BONJERUK","4131"
"51070","BONTOKAPE","4155"
"51071","BORO","4156"
"51072","BOROK TOYANG","4157"
"51073","BOYEMARE","4157"
"51074","BRANG BARA","4158"
"51075","BRANG BIJI","4158"
"51076","BRANG KOLONG","4159"
"51077","BUG-BUG","4136"
"51078","BUGIS MEDANG","4115"
"51079","BUGIS","4117"
"51080","BUGIS","4158"
"51081","BUGIS","4108"
"51082","BUIN BARU","4160"
"51083","BUJAK","4099"
"51084","BUKIT DAMAI","4147"
"51085","BUKITTINGGI","4161"
"51086","BUMI PAJO","4162"
"51087","BUNCU","4117"
"51088","BUNGA EJA","4153"
"51089","BUNGTIANG","4157"
"51090","BUNKATE","4131"
"51091","BUNUT BAOK","4101"
"51092","BUWUN MAS","4138"
"51093","BUWUN SEJATI","4111"
"51094","CAKRANEGARA BARAT","4163"
"51095","CAKRANEGARA SELATAN BARU","4163"
"51096","CAKRANEGARA SELATAN","4163"
"51097","CAKRANEGARA TIMUR","4163"
"51098","CAKRANEGARA UTARA","4163"
"51099","CAMPA","4154"
"51100","CEMPI JAYA","4095"
"51101","CENDI MANIK","4138"
"51102","CENGGU","4164"
"51103","CILINAYA","4163"
"51104","DADAP","4112"
"51105","DADIBOU","4165"
"51106","DAHA","4095"
"51107","DALAM","4133"
"51108","DALAM","4108"
"51109","DAMES DAMAI","4107"
"51110","DANE RASE","4139"
"51111","DANGER","4166"
"51112","DANGGEN TIMUR","4167"
"51113","DANGIANG","4168"
"51114","DARA (DORA)","4169"
"51115","DARAKUNCI","4112"
"51116","DAREK","4135"
"51117","DARMAJI","4143"
"51118","DARMASARI","4170"
"51119","DASAN AGUNG BARU","4171"
"51120","DASAN AGUNG","4171"
"51121","DASAN ANYAR","4145"
"51122","DASAN BARU","4127"
"51123","DASAN BARU","4143"
"51124","DASAN BOROK","4107"
"51125","DASAN CERMEN","4094"
"51126","DASAN GERES","4109"
"51127","DASAN GERIA","4136"
"51128","DASAN LEKONG","4172"
"51129","DASAN TAPEN","4109"
"51130","DASAN TERENG","4111"
"51131","DENA","4154"
"51132","DENGGEN","4167"
"51133","DESA BERU","4124"
"51134","DESALOKA","4103"
"51135","DETE","4173"
"51136","DODU","4174"
"51137","DOIE","4146"
"51138","DONGGOBOLO","4165"
"51139","DOPANG","4161"
"51140","DORE","4146"
"51141","DOREBARA","4110"
"51142","DORIDUNGGA","4162"
"51143","DORO KOBO","4175"
"51144","DORO O\O","4176"
"51145","DOROMELO","4123"
"51146","DOROTANGGA","4110"
"51147","DOYAN PEKEN","4105"
"51148","DUMAN","4136"
"51149","DUMU","4176"
"51150","DURIAN","4118"
"51151","EKAS BUANA","4141"
"51152","EMANG LESTARI","4177"
"51153","EMBUNG KANDONG","4178"
"51154","EMBUNG RAJA","4178"
"51155","EMPANG ATAS","4153"
"51156","EMPANG BAWAH","4153"
"51157","GADUNGMAS","4157"
"51158","GANTI","4144"
"51159","GAPIT","4153"
"51160","GAPUK","4109"
"51161","GAPUK","4107"
"51162","GAPURA","4179"
"51163","GEGELANG","4136"
"51164","GEGERUNG","4136"
"51165","GELANGGANG","4180"
"51166","GELANGSAR","4161"
"51167","GELOGOR","4127"
"51168","GELORA","4170"
"51169","GEMEL","4131"
"51170","GENGGELANG","4148"
"51171","GERANTUNG","4142"
"51172","GERENENG TIMUR","4180"
"51173","GERENENG","4180"
"51174","GERES","4125"
"51175","GERIMAK INDAH","4111"
"51176","GERISAK SEMANGGELEN","4157"
"51177","GERUNG PERMAI","4107"
"51178","GERUNG SELATAN","4109"
"51179","GERUNG UTARA","4109"
"51180","GERUNUNG","4101"
"51181","GILI GEDE INDAH","4138"
"51182","GILI INDAH","4181"
"51183","GIRI MADIA","4136"
"51184","GIRI SASAK","4182"
"51185","GIRI TEMBESI","4109"
"51186","GOA","4145"
"51187","GOLONG","4111"
"51188","GOMONG","4171"
"51189","GONDANG","4148"
"51190","GONJAK","4101"
"51191","GONTAR BARU","4183"
"51192","GONTAR","4183"
"51193","GONTORAN","4136"
"51194","GUMANTAR","4168"
"51195","GUNTUR MACAN","4161"
"51196","GUNUNG MALANG","4106"
"51197","GUNUNG RAJAK","4157"
"51198","GUNUNG SARI","4161"
"51199","HIDIRASA (HADIRASA)","4119"
"51200","HIDIRASA","4184"
"51201","HIJRAH","4173"
"51202","HU\U","4095"
"51203","IJOBALIT","4125"
"51204","JAGARAGA INDAH","4127"
"51205","JAGARAGA","4182"
"51206","JAGO","4101"
"51207","JAMBU","4185"
"51208","JAMU","4177"
"51209","JANAPRIA","4118"
"51210","JANTUK","4172"
"51211","JATIBARU","4186"
"51212","JATISELA","4161"
"51213","JATIWANGI","4186"
"51214","JAYA MAKMUR","4187"
"51215","JELANTIK","4131"
"51216","JEMBATAN GANTUNG","4188"
"51217","JEMBATAN KEMBAR","4188"
"51218","JEMPANG BARU","4189"
"51219","JENGGALA","4190"
"51220","JENGGIK UTARA","4191"
"51221","JENGGIK","4178"
"51222","JERINGGO","4161"
"51223","JEROGUNUNG","4157"
"51224","JEROWARU","4141"
"51225","JERUK MANIS","4170"
"51226","JIA","4117"
"51227","JINENG","4122"
"51228","JONTLAK","4142"
"51229","JOROK","4152"
"51230","JOROK","4120"
"51231","JORONG","4167"
"51232","JOTANG BERU","4153"
"51233","JOTANG","4153"
"51234","JURANALAS","4133"
"51235","JURANG JALER","4142"
"51236","JURIT BARU","4100"
"51237","JURIT","4100"
"51238","JURU MAPIN","4160"
"51239","KABAR","4192"
"51240","KABORO (KABARO)","4193"
"51241","KABUL (KABOL)","4135"
"51242","KADINDI","4149"
"51243","KAKIANG","4134"
"51244","KALA","4162"
"51245","KALABESO","4160"
"51246","KALAMPA","4165"
"51247","KALEO","4184"
"51248","KALIANYAR","4178"
"51249","KALIJAGA BARU","4102"
"51250","KALIJAGA SELATAN","4102"
"51251","KALIJAGA TENGAH","4102"
"51252","KALIJAGA TIMUR","4102"
"51253","KALIJAGA","4102"
"51254","KALIMANGO","4133"
"51255","KALIMANTONG","4194"
"51256","KALODU","4176"
"51257","KAMBILO","4195"
"51258","KANANGA","4155"
"51259","KANANTA","4116"
"51260","KANCA","4196"
"51261","KANDAI DUA","4129"
"51262","KANDAI SATU","4110"
"51263","KANGGA","4176"
"51264","KAOWA","4193"
"51265","KARAMABURA","4110"
"51266","KARAMPI","4176"
"51267","KARANG BAJO","4104"
"51268","KARANG BARU TIMUR","4122"
"51269","KARANG BARU","4171"
"51270","KARANG BARU","4122"
"51271","KARANG BAYAN","4136"
"51272","KARANG BONGKOT","4113"
"51273","KARANG DIMA","4115"
"51274","KARANG PULE","4189"
"51275","KARANG SIDEMEN","4098"
"51276","KARANG TALIWANG","4163"
"51277","KAREKE","4110"
"51278","KARIJAWA","4110"
"51279","KARUMBU","4176"
"51280","KATENG","4126"
"51281","KATUA","4110"
"51282","KAWINDA NAE","4197"
"51283","KAWINDA TOI","4197"
"51284","KAWO","4179"
"51285","KAWUWU","4176"
"51286","KAYANGAN","4168"
"51287","KEBUNAYU","4109"
"51288","KEBUNSARI","4105"
"51289","KEDARO","4138"
"51290","KEDIRI SELATAN","4127"
"51291","KEDIRI","4127"
"51292","KEKAIT","4161"
"51293","KEKALIK JAYA","4189"
"51294","KEKERI","4161"
"51295","KELANIR","4103"
"51296","KELAWIS","4198"
"51297","KELAYU SELATAN","4167"
"51298","KELAYU UTARA","4167"
"51299","KELEBUH","4142"
"51300","KELI","4165"
"51301","KELUNGKUNG","4128"
"51302","KEMBANG ARE SAMPAI","4157"
"51303","KEMBANG KERANG DAYA","4102"
"51304","KEMBANG KERANG","4102"
"51305","KEMBANG KUNING","4170"
"51306","KEMBANG SARI","4167"
"51307","KEMPO","4175"
"51308","KEMUNING","4096"
"51309","KENDO","4199"
"51310","KERATO","4152"
"51311","KEREKEH","4152"
"51312","KEREMBONG","4118"
"51313","KERONGKONG","4107"
"51314","KEROYA","4102"
"51315","KERTASARI (LABUAN KERTASARI)","4108"
"51316","KERTASARI","4125"
"51317","KERUAK","4139"
"51318","KERUMUT","4106"
"51319","KESELET","4192"
"51320","KESIK","4166"
"51321","KETANGGA JERAENG","4139"
"51322","KETANGGA","4200"
"51323","KETAPANG RAYA","4139"
"51324","KETARA","4179"
"51325","KIANTAR","4201"
"51326","KIDANG","4144"
"51327","KILANG","4191"
"51328","KIWU","4202"
"51329","KOBORO","4195"
"51330","KODO","4174"
"51331","KOKARLIAN","4201"
"51332","KOLE","4203"
"51333","KOLO","4186"
"51334","KOMBO","4195"
"51335","KONTE","4175"
"51336","KOPANG REMBIGA","4143"
"51337","KORE","4156"
"51338","KORLEKO SELATAN","4125"
"51339","KORLEKO","4125"
"51340","KOTARAJA","4170"
"51341","KOWO","4117"
"51342","KRAMA JAYA","4111"
"51343","KRAMAT 2 (KERAMAT)","4202"
"51344","KUANG BARU","4192"
"51345","KUANG","4108"
"51346","KUKIN","4132"
"51347","KUMBANG","4166"
"51348","KUMBE","4174"
"51349","KURANJI DALANG","4113"
"51350","KURANJI","4113"
"51351","KURIPAN SELATAN","4182"
"51352","KURIPAN TIMUR","4182"
"51353","KURIPAN UTARA","4182"
"51354","KURIPAN","4182"
"51355","KUTA (KUTE)","4179"
"51356","KUTA","4193"
"51357","KUTA","4196"
"51358","KWANG RUNDUN","4141"
"51359","KWANGKO","4123"
"51360","LABANGKA","4187"
"51361","LABUAN AJI","4115"
"51362","LABUAN BAJO","4120"
"51363","LABUAN KURIS","4173"
"51364","LABUAN LALAR","4108"
"51365","LABUAN MAPIN","4183"
"51366","LABUAN SUMBAWA","4115"
"51367","LABUAN TERENG","4188"
"51368","LABUAPI","4113"
"51369","LABUHAN AJI","4121"
"51370","LABUHAN ALAS","4133"
"51371","LABUHAN BADAS","4115"
"51372","LABUHAN BONTONG","4121"
"51373","LABUHAN BURUNG","4160"
"51374","LABUHAN HAJI","4125"
"51375","LABUHAN IJUK","4134"
"51376","LABUHAN JAMBU","4121"
"51377","LABUHAN KANANGA","4197"
"51378","LABUHAN LOMBOK","4106"
"51379","LABUHAN PANDAN","4112"
"51380","LABUHAN PIDANG","4121"
"51381","LABUHAN SANGORO","4204"
"51382","LABULIA","4131"
"51383","LAJU","4176"
"51384","LAJUT","4142"
"51385","LALANG LIANG (LALAR LIANG)","4108"
"51386","LAMBU","4184"
"51387","LAMENTA","4153"
"51388","LAMERE (LAMERA)","4117"
"51389","LAMPE","4174"
"51390","LAMPOK","4194"
"51391","LAMUNTET","4194"
"51392","LAMUSUNG","4103"
"51393","LANCI JAYA","4123"
"51394","LANDAH","4144"
"51395","LANDO","4178"
"51396","LANGAM","4150"
"51397","LANGKO","4118"
"51398","LANGKO","4136"
"51399","LANTA","4184"
"51400","LANTAN","4098"
"51401","LANTUNG","4097"
"51402","LAPE","4173"
"51403","LASI","4202"
"51404","LAUTA BARAT","4184"
"51405","LAWIN","4205"
"51406","LEBAH SEMPAGA","4111"
"51407","LEBANGKAR","4205"
"51408","LEBIN","4205"
"51409","LEDANG","4206"
"51410","LEKONG","4183"
"51411","LEKOR","4118"
"51412","LELAMASE","4174"
"51413","LELEDE","4127"
"51414","LEMBAH SARI","4137"
"51415","LEMBAR SELATAN","4188"
"51416","LEMBAR","4188"
"51417","LEMBUAK","4111"
"51418","LEMING","4178"
"51419","LEMPEH","4158"
"51420","LENANGGUAR","4206"
"51421","LENDANG ARA","4143"
"51422","LENDANG BELO","4191"
"51423","LENDANG NANGKA UTARA","4166"
"51424","LENDANG NANGKA","4166"
"51425","LENEK BARU","4102"
"51426","LENEK DAYA","4102"
"51427","LENEK DUREN","4102"
"51428","LENEK KALI BAMBANG","4102"
"51429","LENEK LAUQ","4102"
"51430","LENEK PESIRAMAN","4102"
"51431","LENEK RAMBAN BIAK","4102"
"51432","LENEK","4102"
"51433","LENENG","4101"
"51434","LENTING","4180"
"51435","LEPADI","4185"
"51436","LEPAK TIMUR","4180"
"51437","LEPAK","4180"
"51438","LERE","4196"
"51439","LESENG","4140"
"51440","LEU","4155"
"51441","LEWIRATO","4207"
"51442","LIDO","4164"
"51443","LINGSAR","4136"
"51444","LITO","4140"
"51445","LOANGMAKA","4118"
"51446","LOLOAN","4104"
"51447","LOPOK BERU","4150"
"51448","LOPOK","4150"
"51449","LOYOK","4170"
"51450","LUAR","4133"
"51451","LUK","4208"
"51452","LUNE","4185"
"51453","LUNYUK ODE","4177"
"51454","LUNYUK REA","4177"
"51455","MADAPRAMA","4129"
"51456","MADAYIN","4112"
"51457","MAJIDI","4167"
"51458","MALAJU","4202"
"51459","MALAKA","4181"
"51460","MALUK","4147"
"51461","MAMA","4150"
"51462","MAMAN","4140"
"51463","MAMBEN BARU","4122"
"51464","MAMBEN DAYA","4122"
"51465","MAMBEN LAUK / LAUQ","4122"
"51466","MANDALIKA","4094"
"51467","MANDAWAU","4154"
"51468","MANDE","4207"
"51469","MANEMENG","4194"
"51470","MANGGE NAE","4110"
"51471","MANGGE","4184"
"51472","MANGGEMACI","4207"
"51473","MANGKUNG","4126"
"51474","MANTANG","4099"
"51475","MANTAR","4201"
"51476","MANTUN","4147"
"51477","MAPIN BARU","4183"
"51478","MAPIN KEBAK","4183"
"51479","MAPIN REA","4183"
"51480","MAREJE TIMUR","4188"
"51481","MAREJE","4188"
"51482","MARENTEH","4133"
"51483","MARGA KARYA","4140"
"51484","MARIA UTARA","4195"
"51485","MARIA","4195"
"51486","MARONG","4144"
"51487","MARONGE","4204"
"51488","MAS-MAS","4098"
"51489","MASBAGIK SELATAN","4166"
"51490","MASBAGIK TIMUR","4166"
"51491","MASBAGIK UTARA BARU","4166"
"51492","MASBAGIK UTARA","4166"
"51493","MATA","4121"
"51494","MATAIYANG","4194"
"51495","MATAKANDO","4207"
"51496","MATARAM BARAT","4171"
"51497","MATARAM TIMUR","4209"
"51498","MATUA","4129"
"51499","MAWU","4203"
"51500","MAYURA","4163"
"51501","MBAWA","4162"
"51502","MBAWI","4110"
"51503","MBUJU","4202"
"51504","MEDANA","4190"
"51505","MEKAR SARI","4126"
"51506","MEKAR SARI","4200"
"51507","MEKARSARI","4161"
"51508","MEKARSARI","4111"
"51509","MELAYU","4186"
"51510","MELAYU","4184"
"51511","MENALA","4108"
"51512","MENCEH","4180"
"51513","MENDANA RAYA","4139"
"51514","MENGGEASI (MANGGE ASI)","4110"
"51515","MENGKURU","4157"
"51516","MENINTING","4137"
"51517","MERARAN","4103"
"51518","MEREMBU","4113"
"51519","MERTAK TOMBOK","4101"
"51520","MERTAK","4179"
"51521","MESANGGOK","4109"
"51522","MIDANG","4161"
"51523","MOKONG","4140"
"51524","MONGGAS","4143"
"51525","MONGGO","4154"
"51526","MONGGONAO","4207"
"51527","MONJOK BARAT","4171"
"51528","MONJOK TIMUR","4171"
"51529","MONJOK","4171"
"51530","MONTA","4130"
"51531","MONTABARU","4129"
"51532","MONTONG AJAN","4135"
"51533","MONTONG ARE","4127"
"51534","MONTONG BAAN SELATAN","4170"
"51535","MONTONG BELAE","4139"
"51536","MONTONG BETER","4157"
"51537","MONTONG BETOK","4191"
"51538","MONTONG GAMANG","4143"
"51539","MONTONG SAPAH","4135"
"51540","MONTONG TEREP","4101"
"51541","MONTONGBAAN","4170"
"51542","MONTONGTANGI","4180"
"51543","MOTENG","4194"
"51544","MOTONG","4120"
"51545","MOYO MEKAR","4134"
"51546","MOYO","4134"
"51547","MOYOT","4192"
"51548","MPILI","4162"
"51549","MPURI","4154"
"51550","MUER","4159"
"51551","MUJAHIDDIN","4194"
"51552","MUJUR","4144"
"51553","MUMBU","4129"
"51554","MUMBUL SARI","4104"
"51555","MUNCAN","4143"
"51556","MUNGKIN","4198"
"51557","MURA","4194"
"51558","MURBAYA","4114"
"51559","NAE","4169"
"51560","NAE","4117"
"51561","NAMBALAN (MAMBALAN)","4161"
"51562","NANGA WERA","4119"
"51563","NANGAMIRO","4149"
"51564","NANGATUMPU","4123"
"51565","NARMADA","4111"
"51566","NARU BARAT","4117"
"51567","NARU","4117"
"51568","NARU","4165"
"51569","NATA","4146"
"51570","NCERA","4164"
"51571","NDANO","4154"
"51572","NGALI","4164"
"51573","NGERU","4134"
"51574","NGGELU","4184"
"51575","NGGEMBE","4155"
"51576","NIJANG","4152"
"51577","NIPA","4203"
"51578","NISA","4165"
"51579","NITU","4199"
"51580","NOWA","4129"
"51581","NTOBO","4199"
"51582","NTOKE","4119"
"51583","NTONGGU","4146"
"51584","NTORI","4195"
"51585","NUNGGA","4174"
"51586","NUNGGI","4119"
"51587","NUSA JAYA","4123"
"51588","NYEROT","4131"
"51589","NYIUR TEBEL","4172"
"51590","NYUR LEMBANG","4111"
"51591","OBEL OBEL","4112"
"51592","OI BURA","4197"
"51593","OI FO\O","4174"
"51594","OI PANIHI","4197"
"51595","OI SARO","4156"
"51596","OITUI","4119"
"51597","OLAT RAWA","4134"
"51598","OMBE BARU","4127"
"51599","ONGKO","4153"
"51600","ORONG BAWA","4120"
"51601","OTAK RARANGAN","4122"
"51602","O\O","4162"
"51603","PADA SUKA","4177"
"51604","PADAK GUAR","4112"
"51605","PADAMARA","4172"
"51606","PADESA","4097"
"51607","PAGESANGAN BARAT","4209"
"51608","PAGESANGAN TIMUR","4209"
"51609","PAGESANGAN","4209"
"51610","PAGUTAN BARAT","4209"
"51611","PAGUTAN TIMUR","4209"
"51612","PAGUTAN","4099"
"51613","PAGUTAN","4209"
"51614","PAI","4119"
"51615","PAJARAKAN KARYA","4105"
"51616","PAKUAN","4111"
"51617","PALAMA","4162"
"51618","PAMANTO","4153"
"51619","PANCOR","4167"
"51620","PANDA","4164"
"51621","PANDA","4146"
"51622","PANDAI","4165"
"51623","PANDAN DURI","4178"
"51624","PANDAN INDAH","4135"
"51625","PANDAN WANGI","4141"
"51626","PANE","4169"
"51627","PANGGI","4207"
"51628","PANJISARI","4101"
"51629","PAOK LOMBOK","4107"
"51630","PAOK MOTONG","4166"
"51631","PAOK PAMPANG","4172"
"51632","PARADORATO","4196"
"51633","PARADOWANE","4196"
"51634","PARANGINA","4117"
"51635","PARE MAS","4141"
"51636","PARUGA","4169"
"51637","PASIR PUTIH","4147"
"51638","PEJANGGIK","4209"
"51639","PEJANGGIK","4142"
"51640","PEJARING","4157"
"51641","PEJERUK","4105"
"51642","PEKAT","4149"
"51643","PEKAT","4158"
"51644","PELA","4130"
"51645","PELAMBIK (PLAMBIK)","4135"
"51646","PELANGAN","4138"
"51647","PELAT","4152"
"51648","PEMASAR","4204"
"51649","PEMATUNG","4157"
"51650","PEMENANG BARAT","4181"
"51651","PEMENANG TIMUR","4181"
"51652","PEMEPEK","4114"
"51653","PEMONGKONG","4141"
"51654","PENANAE","4199"
"51655","PENAPALI","4165"
"51656","PENARAGA","4199"
"51657","PENATOI","4207"
"51658","PENDEM","4118"
"51659","PENDUA","4168"
"51660","PENE","4141"
"51661","PENEDAGANDOR","4125"
"51662","PENGADANG","4142"
"51663","PENGADANGAN BARAT","4100"
"51664","PENGADANGAN","4100"
"51665","PENGEMBUR","4179"
"51666","PENGENGAT","4179"
"51667","PENGENJEK","4131"
"51668","PENGKELAKMAS","4157"
"51669","PENIMBUNG","4161"
"51670","PENUJAK","4126"
"51671","PENYARING","4132"
"51672","PERAMPUAN","4113"
"51673","PERESAK","4099"
"51674","PERESAK","4111"
"51675","PERESAK","4192"
"51676","PERIAN","4191"
"51677","PERIGI","4200"
"51678","PERINA","4131"
"51679","PERNEK","4140"
"51680","PERU (KERU)","4111"
"51681","PERUNG","4177"
"51682","PESA","4195"
"51683","PESANGGRAHAN","4191"
"51684","PETELUAN INDAH","4136"
"51685","PETI","4149"
"51686","PIJOT UTARA","4139"
"51687","PIJOT","4139"
"51688","PIONG","4156"
"51689","PLAMPANG","4159"
"51690","POHGADING TIMUR","4106"
"51691","POHGADING","4106"
"51692","POJA","4117"
"51693","POTO TANO","4201"
"51694","POTO","4134"
"51695","POTU","4110"
"51696","PRABU","4179"
"51697","PRAPEN","4101"
"51698","PRAYA","4101"
"51699","PRINGGA JURANG","4191"
"51700","PRINGGABAYA UTARA","4106"
"51701","PRINGGABAYA","4106"
"51702","PRINGGAJURANG UTARA","4191"
"51703","PRINGGARATA","4114"
"51704","PRINGGASELA SELATAN","4100"
"51705","PRINGGASELA TIMUR","4100"
"51706","PRINGGASELA","4100"
"51707","PUKAT","4120"
"51708","PULAU BUNGIN","4133"
"51709","PULAU KAUNG","4160"
"51710","PULAU MARINGKIK","4139"
"51711","PUNCAK JERINGO","4200"
"51712","PUNGKA","4152"
"51713","PUNGKIT","4150"
"51714","PUNGKIT","4132"
"51715","PUNIA","4209"
"51716","PUNTI","4116"
"51717","PUSUK LESTARI","4137"
"51718","PUYUNG","4131"
"51719","RABA","4195"
"51720","RABADOMPU BARAT","4199"
"51721","RABADOMPU TIMUR","4199"
"51722","RABAKODO","4165"
"51723","RABANGODU SELATAN","4199"
"51724","RABANGODU UTARA","4199"
"51725","RADA","4155"
"51726","RADE","4154"
"51727","RAIOI","4117"
"51728","RAKAM","4167"
"51729","RANAN","4205"
"51730","RANGGAGATA","4135"
"51731","RANGGO","4185"
"51732","RANJOK","4161"
"51733","RARAK RONGES","4194"
"51734","RARANG BATAS","4178"
"51735","RARANG SELATAN","4178"
"51736","RARANG TENGAH","4178"
"51737","RARANG","4178"
"51738","RASABOU","4155"
"51739","RASABOU","4095"
"51740","RASABOU","4117"
"51741","RATO","4155"
"51742","RATO","4184"
"51743","REMBIGA","4171"
"51744","REMBITAN","4179"
"51745","REMPE","4103"
"51746","REMPEK","4148"
"51747","REMPUNG","4100"
"51748","RENDA","4164"
"51749","RENSING BAT","4157"
"51750","RENSING RAYA","4157"
"51751","RENSING","4157"
"51752","RENTENG","4101"
"51753","RHEE LOKA","4208"
"51754","RHEE","4208"
"51755","RIAMAU (RIANMAU)","4195"
"51756","RISA","4165"
"51757","RITE","4203"
"51758","RITE","4199"
"51759","RIWO","4129"
"51760","ROI","4146"
"51761","ROKA","4164"
"51762","ROMPO","4176"
"51763","RONTU","4199"
"51764","ROPANG","4205"
"51765","RORA","4162"
"51766","RUMAK","4127"
"51767","RUMBUK TIMUR","4192"
"51768","RUMBUK","4192"
"51769","RUNGGU","4164"
"51770","RUPE","4176"
"51771","SABA","4118"
"51772","SADIA","4207"
"51773","SAI","4116"
"51774","SAJANG","4151"
"51775","SAKRA SELATAN","4192"
"51776","SAKRA","4192"
"51777","SALUT","4168"
"51778","SAMAPUIN","4158"
"51779","SAMBELIA","4112"
"51780","SAMBIK BANGKOL","4148"
"51781","SAMBIK ELEN","4104"
"51782","SAMBINAE","4207"
"51783","SAMBORI","4193"
"51784","SAMILI","4165"
"51785","SAMPE","4208"
"51786","SAMPIR","4108"
"51787","SAMPUNGU","4116"
"51788","SANDIK","4137"
"51789","SANDUBAYA","4167"
"51790","SANDUE","4156"
"51791","SANEO","4129"
"51792","SANGIA","4117"
"51793","SANGIANG","4119"
"51794","SANOLO","4155"
"51795","SANTI","4207"
"51796","SANTONG","4168"
"51797","SANTONG","4178"
"51798","SAPIT","4200"
"51799","SAPTA MARGA","4163"
"51800","SAPUGARA BREE","4124"
"51801","SARAE","4169"
"51802","SARI","4117"
"51803","SARIBAYE","4136"
"51804","SASAKE","4142"
"51805","SAYANG SAYANG","4163"
"51806","SEBASANG","4140"
"51807","SEBEDO (SABEDO)","4120"
"51808","SEBEOK","4198"
"51809","SEBEWE","4132"
"51810","SEBOTOK","4115"
"51811","SEDAU","4111"
"51812","SEGALE ANYAR","4179"
"51813","SEKAROH","4141"
"51814","SEKARTEJA","4167"
"51815","SEKETENG","4158"
"51816","SEKOKAT","4187"
"51817","SEKONGKANG ATAS","4096"
"51818","SEKONGKANG BAWAH","4096"
"51819","SEKOTONG BARAT","4138"
"51820","SEKOTONG TENGAH","4138"
"51821","SEKOTONG TIMUR","4188"
"51822","SEKURU","4130"
"51823","SELAGALAS","4094"
"51824","SELAGIK","4178"
"51825","SELANTE","4159"
"51826","SELAPARANG","4200"
"51827","SELAT","4111"
"51828","SELEBUNG KETANGGA","4139"
"51829","SELEBUNG REMBIGA","4118"
"51830","SELEBUNG","4099"
"51831","SELENGEN","4168"
"51832","SELONG BELANAK","4126"
"51833","SELONG KOTA","4167"
"51834","SELOTO","4108"
"51835","SEMAMUNG","4140"
"51836","SEMAYA","4170"
"51837","SEMAYAN","4101"
"51838","SEMBALUN BUMBUNG","4151"
"51839","SEMBALUN LAWANG","4151"
"51840","SEMBALUN TIMBA GADING","4151"
"51841","SEMBALUN","4151"
"51842","SEMBUNG","4111"
"51843","SEMINAR SALIT","4194"
"51844","SEMOYANG","4144"
"51845","SEMPE","4140"
"51846","SENANGGALIH","4112"
"51847","SENARU","4104"
"51848","SENAWANG","4198"
"51849","SENAYAN","4201"
"51850","SENGGIGI","4137"
"51851","SENGKERANG","4144"
"51852","SENGKOL","4179"
"51853","SENTELUK","4137"
"51854","SENYIUR","4139"
"51855","SEPAKAT","4159"
"51856","SEPAKEK","4114"
"51857","SEPAPAN","4141"
"51858","SEPAYUNG","4159"
"51859","SEPIT","4139"
"51860","SEPUKUR","4097"
"51861","SERADING","4134"
"51862","SERAGE","4135"
"51863","SERAN","4103"
"51864","SERIWE","4141"
"51865","SERMONG","4108"
"51866","SERUNI MUMBUL","4106"
"51867","SESAIT","4168"
"51868","SESAOT","4111"
"51869","SESELA","4161"
"51870","SETANGGOR SELATAN","4172"
"51871","SETANGGOR","4126"
"51872","SETANGGOR","4172"
"51873","SETELUK ATAS","4103"
"51874","SETELUK TENGAH","4103"
"51875","SETILING","4098"
"51876","SETUNGKEP LINGSAR","4139"
"51877","SIE","4130"
"51878","SIGAR PENJALIN (PINJALIN)","4190"
"51879","SIGERONGAN","4136"
"51880","SIKUR BARAT","4170"
"51881","SIKUR SELATAN","4170"
"51882","SIKUR","4170"
"51883","SIMPASAI","4184"
"51884","SIMPASAI","4130"
"51885","SIMPASAI","4129"
"51886","SIMU","4204"
"51887","SINTUNG","4114"
"51888","SOKI","4164"
"51889","SOKONG","4190"
"51890","SONDO","4130"
"51891","SONDOSIA","4155"
"51892","SONGAK","4192"
"51893","SONGGAJA (SONGGAJAH)","4175"
"51894","SONGKAR","4132"
"51895","SORINOMO","4149"
"51896","SORISAKOLO","4110"
"51897","SORIUTU","4123"
"51898","SORO","4175"
"51899","SORO","4184"
"51900","SP I PRODE / PERODE","4159"
"51901","SP II PRODE / PERODE","4159"
"51902","SP III PRODE / PERODE","4159"
"51903","STOWE BRANG","4120"
"51904","SUANGI","4192"
"51905","SUELA (SUWELA)","4200"
"51906","SUGIAN","4112"
"51907","SUKA DAMAI","4187"
"51908","SUKA DAMAI","4123"
"51909","SUKA MAJU","4177"
"51910","SUKA MULYA","4187"
"51911","SUKADAMAI","4141"
"51912","SUKADANA","4104"
"51913","SUKADANA","4179"
"51914","SUKADANA","4178"
"51915","SUKAMAKMUR","4109"
"51916","SUKAMULIA TIMUR","4172"
"51917","SUKAMULIA","4172"
"51918","SUKARAJA","4141"
"51919","SUKARAJA","4144"
"51920","SUKARARA","4131"
"51921","SUKARARA","4157"
"51922","SUKAREMA","4102"
"51923","SUMI","4184"
"51924","SUNTALANGU","4200"
"51925","SURABAYA UTARA","4180"
"51926","SURABAYA","4180"
"51927","SURADADI","4178"
"51928","SURALAGA","4107"
"51929","SURANADI","4111"
"51930","SURYA WANGI","4125"
"51931","SUWANGI TIMUR","4192"
"51932","TADEWA","4119"
"51933","TALABIU","4165"
"51934","TALAPITI","4203"
"51935","TALOKO","4156"
"51936","TALONANG","4096"
"51937","TAMAN AYU","4109"
"51938","TAMAN SARI","4161"
"51939","TAMANSARI","4105"
"51940","TAMBAK SARI","4201"
"51941","TAMBE","4155"
"51942","TAMBORA","4149"
"51943","TAMEKAN","4108"
"51944","TAMPAK SIRING","4099"
"51945","TANAH PUTIH","4117"
"51946","TANAH / TANAK BEAK","4111"
"51947","TANAK AWU","4179"
"51948","TANAK BEAK","4098"
"51949","TANAK GADANG","4106"
"51950","TANAK KAKEN","4157"
"51951","TANGGA BARU","4130"
"51952","TANGGA","4130"
"51953","TANGKAMPULIT (TANGKAN PULIT)","4128"
"51954","TANJUNG KARANG PERMAI","4189"
"51955","TANJUNG KARANG","4189"
"51956","TANJUNG LUAR","4139"
"51957","TANJUNG","4125"
"51958","TANJUNG","4169"
"51959","TANJUNG","4190"
"51960","TAPIR","4103"
"51961","TARLAWI","4195"
"51962","TAROPO","4202"
"51963","TARUSA","4160"
"51964","TATAR","4096"
"51965","TATEBAL","4206"
"51966","TATEDE","4150"
"51967","TAWALI","4119"
"51968","TA\A","4175"
"51969","TEBABAN","4107"
"51970","TEBO","4201"
"51971","TEGAL MAJA","4190"
"51972","TEKE","4146"
"51973","TEKO","4106"
"51974","TELAGA BERTONG","4108"
"51975","TELAGA WARU","4106"
"51976","TELAGA","4206"
"51977","TELAGAWARU","4113"
"51978","TELUK SANTONG","4159"
"51979","TEMBENG PUTIK","4122"
"51980","TEMPOS","4109"
"51981","TENGA","4165"
"51982","TENGAH","4120"
"51983","TENIGA","4190"
"51984","TENTE","4165"
"51985","TEPAL","4128"
"51986","TEPAS SEPAKAT","4194"
"51987","TEPAS","4124"
"51988","TERARA","4178"
"51989","TERATAK","4098"
"51990","TERONG TAWAH","4113"
"51991","TEROS","4125"
"51992","TERUWAI","4179"
"51993","TETA","4193"
"51994","TETEBATU SELATAN","4170"
"51995","TETEBATU","4170"
"51996","TIMBANUH","4100"
"51997","TIMU","4155"
"51998","TIRTANADI","4125"
"51999","TIWUGALIH","4101"
"52000","TOLO KALO","4175"
