"id","nama_desa","kecamatan_id"
"36001","MONGGOT","2621"
"36002","MONTONGSARI","3009"
"36003","MOROBONGO","2836"
"36004","MORODEMAK","2922"
"36005","MOROREJO","3135"
"36006","MOROREJO","3114"
"36007","MRANAK","2967"
"36008","MRANGGEN KIDUL","2692"
"36009","MRANGGEN TENGAH","2692"
"36010","MRANGGEN","2739"
"36011","MRANGGEN","2744"
"36012","MRANGGEN","2667"
"36013","MRANGGEN","2812"
"36014","MRANTI","2682"
"36015","MRAYUN","2716"
"36016","MREBET","2926"
"36017","MRENTUL","2698"
"36018","MRICAN","2988"
"36019","MRINEN","2630"
"36020","MRISEN","2960"
"36021","MRISEN","2967"
"36022","MRISI","2969"
"36023","MRIYAN","3048"
"36024","MUARAREJA","3063"
"36025","MUDAL","2706"
"36026","MUDAL","2607"
"36027","MUDAL","2682"
"36028","MUDAL","2833"
"36029","MUDALREJO","2816"
"36030","MUGASSARI","2844"
"36031","MUJUR LOR","2625"
"36032","MUJUR","2625"
"36033","MUKIRAN","3123"
"36034","MUKTIHARJO KIDUL","3087"
"36035","MUKTIHARJO LOR","2751"
"36036","MUKTIHARJO","2649"
"36037","MUKTIREJO","2568"
"36038","MUKTISARI","3002"
"36039","MUKTISARI","2568"
"36040","MULUR","2895"
"36041","MULYADADI","3031"
"36042","MULYADADI","2905"
"36043","MULYASARI","2905"
"36044","MULYOHARJO","2724"
"36045","MULYOHARJO","3118"
"36046","MULYOHARJO","2932"
"36047","MULYOHARJO","2782"
"36048","MULYOREJO","2699"
"36049","MULYOREJO","2754"
"36050","MULYOREJO","2981"
"36051","MULYOREJO","3050"
"36052","MULYOSARI","2980"
"36053","MULYOSRI","2656"
"36054","MUNCANG","2632"
"36055","MUNCANGLARANG","2851"
"36056","MUNCAR","2708"
"36057","MUNCAR","2651"
"36058","MUNDING","2910"
"36059","MUNDU","3134"
"36060","MUNDU","2882"
"36061","MUNENG WARANGAN","2828"
"36062","MUNENG","2809"
"36063","MUNENG","2828"
"36064","MUNGGANGSARI","2585"
"36065","MUNGGANGSARI","2576"
"36066","MUNGGANGSARI","2792"
"36067","MUNGGU","2603"
"36068","MUNGGUNG","2628"
"36069","MUNGGUR","2604"
"36070","MUNGGUR","3013"
"36071","MUNGKID","2596"
"36072","MUNGKUNG","2968"
"36073","MUNGSENG","2833"
"36074","MUNJUL","3022"
"36075","MUNJUNG AGUNG","2637"
"36076","MUNTANG","2673"
"36077","MUNTILAN","2570"
"36078","MUNTUNG","2809"
"36079","MURAHARJO","2662"
"36080","MURUH","2856"
"36081","MURYOLOBO","2847"
"36082","MUSTOKOHARJO","2932"
"36083","MUSUK","3048"
"36084","MUSUK","2941"
"36085","MUTIH KULON","2642"
"36086","MUTIH WETAN","2642"
"36087","MUTIHAN","2856"
"36088","MUTISARI","2819"
"36089","NADI","2993"
"36090","NAGASARI","2616"
"36091","NALUMSARI","2847"
"36092","NAMBANGAN","2585"
"36093","NAMBANGAN","3089"
"36094","NAMBUHAN","3026"
"36095","NAMPIREJO","2833"
"36096","NAMPU","3033"
"36097","NAMPU","2793"
"36098","NAMPUDADI","2603"
"36099","NAMPUREJO","2793"
"36100","NANGGULAN","2676"
"36101","NANGKASAWIT","2728"
"36102","NANGKOD","2728"
"36103","NANGSRI","2592"
"36104","NANGSRI","2842"
"36105","NARUKAN","2697"
"36106","NAWANGSARI","3009"
"36107","NEGARADAHA","2578"
"36108","NEGARAJATI","2802"
"36109","NEGARAYU","3078"
"36110","NEGLA","2638"
"36111","NENGAHAN","2825"
"36112","NEPEN","2756"
"36113","NEWUNG","2685"
"36114","NGABEAN","2776"
"36115","NGABEAN","2809"
"36116","NGABEAN","3025"
"36117","NGABENREJO","3098"
"36118","NGABEYAN","2887"
"36119","NGABEYAN","3106"
"36120","NGABEYAN","3132"
"36121","NGABEYAN","3117"
"36122","NGABLAK","2934"
"36123","NGABLAK","2745"
"36124","NGABLAK","2812"
"36125","NGABLAK","2737"
"36126","NGABUL","3064"
"36127","NGADEM","3085"
"36128","NGADIHARJO","2923"
"36129","NGADIKERSO","2822"
"36130","NGADIKERSO","3005"
"36131","NGADIKUSUMAN","2767"
"36132","NGADILUWIH","3060"
"36133","NGADIMULYO","2740"
"36134","NGADIMULYO","2583"
"36135","NGADIPIRO","2877"
"36136","NGADIPURO","2818"
"36137","NGADIPURWO","2606"
"36138","NGADIREJO","2684"
"36139","NGADIREJO","3071"
"36140","NGADIREJO","3106"
"36141","NGADIREJO","3013"
"36142","NGADIREJO","2792"
"36143","NGADIREJO","2572"
"36144","NGADIREJO","2779"
"36145","NGADIREJO","2827"
"36146","NGADIRGO","2984"
"36147","NGADIROJO","2814"
"36148","NGADIROJO","3025"
"36149","NGADIROJOKIDUL","3086"
"36150","NGADIROJOLOR","3086"
"36151","NGADIROYO","2877"
"36152","NGADISALAM","2822"
"36153","NGADISEPI","2708"
"36154","NGADISONO","2899"
"36155","NGADITIRTO","2658"
"36156","NGADIWARNO","2980"
"36157","NGAGEL","2589"
"36158","NGAGLIK","2993"
"36159","NGAGLIK","2896"
"36160","NGAGLIK","2629"
"36161","NGAGRONG","2814"
"36162","NGAJARAN","2716"
"36163","NGAJARAN","3024"
"36164","NGALAS","3057"
"36165","NGALIAN","2904"
"36166","NGALIAN","3050"
"36167","NGALIAN","2921"
"36168","NGALIYAN","2788"
"36169","NGALIYAN","2600"
"36170","NGALIYAN","2703"
"36171","NGALURAN","2743"
"36172","NGAMBAKREJO","2969"
"36173","NGAMBARSARI","3119"
"36174","NGAMPEL KULON","2831"
"36175","NGAMPEL WETAN","2831"
"36176","NGAMPEL","2606"
"36177","NGAMPEL","2935"
"36178","NGAMPELDENTO","2779"
"36179","NGAMPIN","2834"
"36180","NGAMPON","2814"
"36181","NGAMPON","2644"
"36182","NGANCAR","2999"
"36183","NGANDAGAN","2935"
"36184","NGANDONG","2684"
"36185","NGANDONG","2856"
"36186","NGANDUL","3039"
"36187","NGANGUK","2839"
"36188","NGANJAT","2963"
"36189","NGANTI","2973"
"36190","NGAPUS","2873"
"36191","NGARAN","3071"
"36192","NGARAN","2963"
"36193","NGARAPARAP","2748"
"36194","NGAREANAK","2823"
"36195","NGAREN","3042"
"36196","NGAREN","2792"
"36197","NGAREN","2879"
"36198","NGARGOGONDO","2923"
"36199","NGARGOHARJO","2867"
"36200","NGARGOLOKO","2814"
"36201","NGARGOMULYO","2818"
"36202","NGARGOMULYO","2631"
"36203","NGARGOREJO","3069"
"36204","NGARGORETNO","2779"
"36205","NGARGOSARI","2814"
"36206","NGARGOSARI","2704"
"36207","NGARGOSARI","2816"
"36208","NGARGOSARI","2980"
"36209","NGARGOSARI","3039"
"36210","NGARGOSOKO","2576"
"36211","NGARGOSOKO","2812"
"36212","NGARGOTIRTO","3039"
"36213","NGARGOYOSO","2911"
"36214","NGARINGAN","2748"
"36215","NGARJOSARI","2811"
"36216","NGARU ARU","2749"
"36217","NGARUM","2734"
"36218","NGARUS","2932"
"36219","NGASEM","2810"
"36220","NGASEM","2855"
"36221","NGASEM","2827"
"36222","NGASINAN","2903"
"36223","NGASINAN","2698"
"36224","NGASINAN","2991"
"36225","NGASINAN","2681"
"36226","NGASINAN","2899"
"36227","NGASINAN","2697"
"36228","NGASINAN","2651"
"36229","NGASINAN","3009"
"36230","NGASTOREJO","3011"
"36231","NGAWEN","2934"
"36232","NGAWEN","2649"
"36233","NGAWEN","2570"
"36234","NGAWEN","2746"
"36235","NGAWEN","3019"
"36236","NGAWEN","2642"
"36237","NGAWENOMBO","2662"
"36238","NGAWENSARI","3030"
"36239","NGAWONGGO","3037"
"36240","NGAWONGGO","2576"
"36241","NGEBUNG","2710"
"36242","NGEGOT","2675"
"36243","NGELING","3091"
"36244","NGELO KULON","2675"
"36245","NGELO WETAN","2675"
"36246","NGELO","2699"
"36247","NGELO","2964"
"36248","NGELUK","2959"
"36249","NGEMBAK","3026"
"36250","NGEMBAL KULON","3096"
"36251","NGEMBALREJO","2645"
"36252","NGEMBAT PADAS","2973"
"36253","NGEMPLAK KIDUL","2994"
"36254","NGEMPLAK LOR","2994"
"36255","NGEMPLAK SENENG","2842"
"36256","NGEMPLAK SIMONGAN","2956"
"36257","NGEMPLAK","2896"
"36258","NGEMPLAK","3090"
"36259","NGEMPLAK","2683"
"36260","NGEMPLAK","2813"
"36261","NGEMPLAK","2760"
"36262","NGEMPLAK","3106"
"36263","NGEMPLAK","2631"
"36264","NGEMPLAK","2744"
"36265","NGEMPLAK","2916"
"36266","NGEMPLAK","2693"
"36267","NGEMPLAKREJO","2702"
"36268","NGEMPLIK WETAN","2743"
"36269","NGEMPON","2910"
"36270","NGENDEN","2814"
"36271","NGENDROKILO","2576"
"36272","NGENDROSARI","2704"
"36273","NGENING","2858"
"36274","NGENTAK","2624"
"36275","NGEPANREJO","2730"
"36276","NGEPRINGAN","2830"
"36277","NGEPUNGROJO","2932"
"36278","NGEPUNGSARI","3116"
"36279","NGERANGAN","2825"
"36280","NGERING","2674"
"36281","NGERJO","3030"
"36282","NGESREP","2820"
"36283","NGESREP","3069"
"36284","NGESREPBALONG","3104"
"36285","NGETUK","2715"
"36286","NGETUK","2847"
"36287","NGIJO","3038"
"36288","NGIJO","3015"
"36289","NGILEN","2662"
"36290","NGILIR","2695"
"36291","NGIMBRANG","2799"
"36292","NGINGGIL","3097"
"36293","NGIPIK","3107"
"36294","NGIYONO","2873"
"36295","NGLANDEYAN","2660"
"36296","NGLANGITAN","2577"
"36297","NGLANJUK","2699"
"36298","NGLARANGAN","2902"
"36299","NGLARIS","2903"
"36300","NGLAROHGUNUNG","2644"
"36301","NGLEBAK","3097"
"36302","NGLEBAK","2720"
"36303","NGLEBUR","2755"
"36304","NGLEGOK","2911"
"36305","NGLEMBU","2629"
"36306","NGLENGKIR","2951"
"36307","NGLESES","3042"
"36308","NGLINDUK","2777"
"36309","NGLINGGI","3057"
"36310","NGLIRON","2888"
"36311","NGLOBAR","3026"
"36312","NGLOBO","2755"
"36313","NGLOJO","2639"
"36314","NGLONDONG","2657"
"36315","NGLORAM","2699"
"36316","NGLOROG","3107"
"36317","NGLOROG","3130"
"36318","NGLUMUT","2812"
"36319","NGLUNGGER","3097"
"36320","NGLUWAR","2937"
"36321","NGOLODONO","2628"
"36322","NGOMBAK","3067"
"36323","NGOMBAKAN","2667"
"36324","NGOMBOL","2624"
"36325","NGOTET","3085"
"36326","NGRAHO","2660"
"36327","NGRAJEK","2596"
"36328","NGRAJI","3026"
"36329","NGRAMBITAN","2873"
"36330","NGRANCAH","2681"
"36331","NGRANDAH","2742"
"36332","NGRANDU","2621"
"36333","NGRAPAH","2817"
"36334","NGRAWAN","2853"
"36335","NGRAWOH","3097"
"36336","NGRECO","2591"
"36337","NGREDEN","2907"
"36338","NGRINGO","2982"
"36339","NGROMBO","2671"
"36340","NGROMBO","3027"
"36341","NGROMBO","3066"
"36342","NGROMPAK","3105"
"36343","NGROPOH","2650"
"36344","NGROTO","2699"
"36345","NGROTO","2854"
"36346","NGROTO","2987"
"36347","NGROTO","2733"
"36348","NGROTO","2832"
"36349","NGROTO","2572"
"36350","NGRUNDUL","2846"
"36351","NGULAAN","2990"
"36352","NGULAHAN","2952"
"36353","NGULANGAN","2832"
"36354","NGUMBUL","2870"
"36355","NGUNENG","3099"
"36356","NGUNGGAHAN","2684"
"36357","NGUNUT","2944"
"36358","NGURENREJO","2757"
"36359","NGURENSITI","2757"
"36360","NGUTER","2835"
"36361","NGUWET","2650"
"36362","NOBOREJO","3032"
"36363","NOGORAJI","2582"
"36364","NOGOSAREN","2853"
"36365","NOLOKERTO","3135"
"36366","NONGKOSAWIT","3038"
"36367","NOTOG","3131"
"36368","NOTOGIWANG","2869"
"36369","NOYONTAAN","2841"
"36370","NUNGKULAN","2983"
"36371","NUSADADI","2784"
"36372","NUSAJATI","2974"
"36373","NUSAMANGIR","2590"
"36374","NUSAWANGKAL","2775"
"36375","NUSAWUNGU","2775"
"36376","NUSUKAN","2815"
"36377","NYALEMBENG","2860"
"36378","NYAMAT","2843"
"36379","NYAMOK","2979"
"36380","NYAMPLUNG SARI","2992"
"36381","NYAMUK","3136"
"36382","NYATNYONO","2722"
"36383","NYEMOH","2726"
"36384","ONJE","2926"
"36385","ORI","2774"
"36386","PABEAN","2725"
"36387","PABELAN","3106"
"36388","PABELAN","2596"
"36389","PABELAN","2874"
"36390","PABERASAN","2974"
"36391","PABLENGAN","3060"
"36392","PABUARAN","2787"
"36393","PABUARAN","2718"
"36394","PABUARAN","2769"
"36395","PACAR","3085"
"36396","PACAR","3050"
"36397","PACARMULYO","2918"
"36398","PACEKELAN","2682"
"36399","PACET","2572"
"36400","PACING","2952"
"36401","PACING","2928"
"36402","PACOR","2732"
"36403","PACUL","2908"
"36404","PADAAN","2873"
"36405","PADAAN","2874"
"36406","PADAHARJA","2637"
"36407","PADAKATON","2840"
"36408","PADAMARA","2954"
"36409","PADANG","2969"
"36410","PADANGAN","2942"
"36411","PADANGJAYA","2905"
"36412","PADANGSARI","2820"
"36413","PADANGSARI","2905"
"36414","PADARAN","3085"
"36415","PADARANGIN","3003"
"36416","PADAS","2887"
"36417","PADAS","3067"
"36418","PADAS","2962"
"36419","PADASARI","2614"
"36420","PADASUGIH","2770"
"36421","PADEK","2599"
"36422","PADOMASAN","2572"
"36423","PADURAKSA","2782"
"36424","PADURENAN","2919"
"36425","PADURESO","2836"
"36426","PADURESO","2694"
"36427","PADUROSO","2682"
"36428","PAGAK","2624"
"36429","PAGAK","3127"
"36430","PAGAK","3039"
"36431","PAGEBANGAN","2925"
"36432","PAGEDANGAN","2584"
"36433","PAGEDANGAN","2594"
"36434","PAGEDANGAN","2768"
"36435","PAGEDONGAN","3076"
"36436","PAGEJUGAN","2770"
"36437","PAGELAK","2805"
"36438","PAGELARAN","2948"
"36439","PAGENDISAN","2942"
"36440","PAGENTAN","2616"
"36441","PAGENTERAN","2860"
"36442","PAGER ANDONG","2926"
"36443","PAGER","3123"
"36444","PAGERAJI","2850"
"36445","PAGERALANG","2590"
"36446","PAGERANDONG","2613"
"36447","PAGERBARANG","3118"
"36448","PAGERDAWUNG","3030"
"36449","PAGEREJO","2767"
"36450","PAGERGUNUNG","2799"
"36451","PAGERGUNUNG","2745"
"36452","PAGERGUNUNG","2764"
"36453","PAGERGUNUNG","3107"
"36454","PAGERGUNUNG","2599"
"36455","PAGERGUNUNG","2700"
"36456","PAGERHARJO","2757"
"36457","PAGERJURANG","3048"
"36458","PAGERKASIH","2851"
"36459","PAGERKUKUH","2961"
"36460","PAGERPELAH","2593"
"36461","PAGERSARI","2910"
"36462","PAGERSARI","2596"
"36463","PAGERSARI","3052"
"36464","PAGERSARI","2691"
"36465","PAGERTOYO","3104"
"36466","PAGERUYUNG","2764"
"36467","PAGERWANGI","2678"
"36468","PAGERWOJO","3104"
"36469","PAGIYANTEN","2584"
"36470","PAGOJENGAN","3047"
"36471","PAGONGAN","2723"
"36472","PAGONGSORAN","2782"
"36473","PAGUBUGAN KULON","2588"
"36474","PAGUBUGAN","2588"
"36475","PAGUMENGAN MAS","3124"
"36476","PAGUTAN","2913"
"36477","PAGUYANGAN","2787"
"36478","PAGUYANGAN","3047"
"36479","PAHESAN","2608"
"36480","PAHONJEAN","2905"
"36481","PAIT","2930"
"36482","PAITAN","2871"
"36483","PAJANG","3006"
"36484","PAJEKSAN","2586"
"36485","PAJERUKAN (PEJERUKAN)","3126"
"36486","PAJOMBLANGAN","2597"
"36487","PAKAHAN","2674"
"36488","PAKANG","2604"
"36489","PAKAUMAN","2695"
"36490","PAKEL","2604"
"36491","PAKELEN","2805"
"36492","PAKEM","2896"
"36493","PAKEM","2680"
"36494","PAKEMBARAN","3072"
"36495","PAKEMBARAN","3044"
"36496","PAKETIBAN","2677"
"36497","PAKETINGAN","2974"
"36498","PAKIJANGAN","2759"
"36499","PAKIKIRAN","2915"
"36500","PAKINTELAN","3038"
"36501","PAKIS","2726"
"36502","PAKIS","2654"
"36503","PAKIS","3104"
"36504","PAKIS","2828"
"36505","PAKIS","2716"
"36506","PAKIS","2610"
"36507","PAKIS","2894"
"36508","PAKISAN","2676"
"36509","PAKISAN","3052"
"36510","PAKISARUM","2939"
"36511","PAKISPUTIH","2597"
"36512","PAKISREJO","2659"
"36513","PAKOPEN","2738"
"36514","PAKUJATI","3047"
"36515","PAKULAUT","3054"
"36516","PAKUMBULAN","2936"
"36517","PAKUNCEN","2789"
"36518","PAKUNCEN","2583"
"36519","PAKUNDEN","2937"
"36520","PAKURAN","2582"
"36521","PAKURAN","3049"
"36522","PAKUREJO","2799"
"36523","PALAR","2914"
"36524","PALEBON","3087"
"36525","PALON","2644"
"36526","PALUGON","2571"
"36527","PALUHOMBO","2895"
"36528","PALUMBUNGAN KULON","2789"
"36529","PALUMBUNGAN WETAN","2789"
"36530","PALUR","2886"
"36531","PAMEDARAN","2840"
"36532","PAMENGGER","2955"
"36533","PAMIJEN","3133"
"36534","PAMIJEN","2578"
"36535","PAMIJEN","2773"
"36536","PAMIRITAN","2678"
"36537","PAMONGAN","2670"
"36538","PAMOTAN","2702"
"36539","PAMRIYAN","3041"
"36540","PAMRIYAN","2935"
"36541","PAMULIHAN","2635"
"36542","PAMULIHAN","3128"
"36543","PAMUTIH","2599"
"36544","PAMUTUH","2800"
"36545","PANAWAREN","2729"
"36546","PANCASAN","2587"
"36547","PANCUR","2733"
"36548","PANCUR","2832"
"36549","PANCURANMAS","3025"
"36550","PANCURENDANG","2587"
"36551","PANCURWENING","2961"
"36552","PANDAK","3133"
"36553","PANDAK","2909"
"36554","PANDAK","2784"
"36555","PANDAN ARUM","3050"
"36556","PANDAN","2832"
"36557","PANDAN","3003"
"36558","PANDANAN","2907"
"36559","PANDANARUM","2878"
"36560","PANDANGAN KULON","2697"
"36561","PANDANGAN WETAN","2697"
"36562","PANDANHARUM","2777"
"36563","PANDANLOR","2893"
"36564","PANDANREJO","3071"
"36565","PANDANRETNO","2704"
"36566","PANDANRETNO","2812"
"36567","PANDANSARI","2587"
"36568","PANDANSARI","2704"
"36569","PANDANSARI","2728"
"36570","PANDANSARI","3047"
"36571","PANDANSARI","2761"
"36572","PANDANSARI","3049"
"36573","PANDANSARI","2700"
"36574","PANDANSARI","2797"
"36575","PANDEAN LAMPER","3083"
"36576","PANDEAN","2745"
"36577","PANDEAN","3085"
"36578","PANDEMULYO","2799"
"36579","PANDES","2966"
"36580","PANDES","2928"
"36581","PANDEYAN","2709"
"36582","PANDEYAN","2739"
"36583","PANDEYAN","3105"
"36584","PANDEYAN","3069"
"36585","PANDEYAN","3015"
"36586","PANEKAN","2684"
"36587","PANEMBANGAN","2850"
"36588","PANERUSAN KULON","2915"
"36589","PANERUSAN WETAN","2915"
"36590","PANERUSAN","2921"
"36591","PANGADEGAN","2868"
"36592","PANGADEGAN","2808"
"36593","PANGEBATAN (PENGEBATAN)","2634"
"36594","PANGEBATAN","2750"
"36595","PANGEMPON","2863"
"36596","PANGEMPON","2728"
"36597","PANGENJURU TENGAH","2682"
"36598","PANGENREJO","2682"
"36599","PANGGANG","2724"
"36600","PANGGANG","2689"
"36601","PANGGARUTAN","2578"
"36602","PANGGELDLANGGU","2605"
"36603","PANGGISARI","2796"
"36604","PANGGUNG KIDUL","2721"
"36605","PANGGUNG LOR","2721"
"36606","PANGGUNG","2986"
"36607","PANGGUNG","3138"
"36608","PANGGUNGROYOM","2757"
"36609","PANGKAH","3124"
"36610","PANGKAH","2677"
"36611","PANGKALAN","3033"
"36612","PANGKALAN","2994"
"36613","PANGKALAN","2935"
"36614","PANGKALAN","2892"
"36615","PANICAN","2673"
"36616","PANIKEL","3139"
"36617","PANIMBANG","2802"
"36618","PANIMBO","3067"
"36619","PANINGGARAN","2869"
"36620","PANINGKABAN","3045"
"36621","PANJANG BARU","2725"
"36622","PANJANG WETAN","2725"
"36623","PANJANG","2834"
"36624","PANJANG","2645"
"36625","PANJANG","3018"
"36626","PANJANGSARI","2791"
"36627","PANJATAN","3021"
"36628","PANJER","2568"
"36629","PANJUNAN","2839"
"36630","PANJUNAN","2932"
"36631","PANJUNAN","2992"
"36632","PANOHAN","2829"
"36633","PANOLAN","2660"
"36634","PANTIANOM","2640"
"36635","PANTIHARJO","2627"
"36636","PANTIREJO","2641"
"36637","PANTIREJO","2981"
"36638","PANTIREJO","2685"
"36639","PANULARAN","3006"
"36640","PANULISAN BARAT","2927"
"36641","PANULISAN TIMUR","2927"
"36642","PANULISAN","2927"
"36643","PANUNGGALAN","2868"
"36644","PANUNGGALAN","3113"
"36645","PANUSUPAN","2850"
"36646","PANUSUPAN","2880"
"36647","PANUSUPAN","2801"
"36648","PAPAHAN","3015"
"36649","PAPANREJO","2854"
"36650","PAPASAN","2758"
"36651","PAPONAN","2859"
"36652","PAPRINGAN","2924"
"36653","PAPRINGAN","2669"
"36654","PAPRINGAN","3123"
"36655","PARAKAN KAUMAN","2657"
"36656","PARAKAN SEBARAN","2764"
"36657","PARAKAN WETAN","2657"
"36658","PARAKAN","3033"
"36659","PARAKAN","3055"
"36660","PARAKAN","2989"
"36661","PARAKANCANGGAH","2602"
"36662","PARANG","3136"
"36663","PARANGGUPITO","3092"
"36664","PARANGJORO","2709"
"36665","PARAS","2672"
"36666","PARE","2650"
"36667","PARE","3088"
"36668","PARE","3089"
"36669","PAREMONO","2596"
"36670","PAREN","2733"
"36671","PARENGGAN","2932"
"36672","PARIKESIT","3014"
"36673","PARIPURNO","2779"
"36674","PARIREJA","2747"
"36675","PARUNGGALIH","2632"
"36676","PARUNGKAMAL","2920"
"36677","PASANGAN","2908"
"36678","PASANGSARI","2693"
"36679","PASAR BATANG","2770"
"36680","PASAR KLIWON","2701"
"36681","PASARANOM","2585"
"36682","PASARBANGGI","3085"
"36683","PASARSENEN","2594"
"36684","PASEBAN","2825"
"36685","PASEBAN","2664"
"36686","PASEDAN","2990"
"36687","PASEGERAN","2878"
"36688","PASEH","2781"
"36689","PASEKAN","2834"
"36690","PASEKAN","2684"
"36691","PASEKARAN","3040"
"36692","PASIGITAN","2776"
"36693","PASINGGANGAN","2924"
"36694","PASIR KIDUL","2804"
"36695","PASIR KULON","2634"
"36696","PASIR LOR","2634"
"36697","PASIR PANJANG","2769"
"36698","PASIR WETAN","2634"
"36699","PASIR","2615"
"36700","PASIR","2632"
"36701","PASIR","2675"
"36702","PASIRAMAN KIDUL","2771"
"36703","PASIRAMAN LOR","2771"
"36704","PASIRMUNCANG","2804"
"36705","PASIRSARI","2890"
"36706","PASUCEN","2829"
"36707","PASUCEN","2620"
"36708","PASUNG","2928"
"36709","PASUNGAN","3037"
"36710","PASUNGGINGAN","2868"
"36711","PASURENAN","2663"
"36712","PASURUHAN (PASURUAN)","2617"
"36713","PASURUHAN KIDUL","3096"
"36714","PASURUHAN LOR","3096"
"36715","PASURUHAN","2588"
"36716","PASURUHAN","2799"
"36717","PASURUHAN","2593"
"36718","PASURUHAN","2885"
"36719","PASURUHAN","2783"
"36720","PASURUHAN","2819"
"36721","PASUSUKAN","2863"
"36722","PATAKBANTENG","3014"
"36723","PATALAN","2606"
"36724","PATEKEN","3034"
"36725","PATEMON","2768"
"36726","PATEMON","2791"
"36727","PATEMON","3038"
"36728","PATEMON","2843"
"36729","PATEN","2818"
"36730","PATI KIDUL","2932"
"36731","PATI LOR","2932"
"36732","PATI WETAN","2932"
"36733","PATIHAN","2909"
"36734","PATIKRAJA","3131"
"36735","PATIMUAN","2998"
"36736","PATUKANGAN","2695"
"36737","PATUKGAWEMULYO","3132"
"36738","PATUKREJO","2698"
"36739","PATUKREJOMULYO","3132"
"36740","PATUTREJO","2585"
"36741","PAULAN","2855"
"36742","PAWEDEN","2936"
"36743","PAWEDEN","2593"
"36744","PAYAK","2934"
"36745","PAYAMAN","3102"
"36746","PAYAMAN","3025"
"36747","PAYANG","2932"
"36748","PAYUNG","2632"
"36749","PAYUNG","3009"
"36750","PAYUNGAN","3123"
"36751","PEBATAN","3075"
"36752","PECABEAN","2677"
"36753","PECAKARAN","2611"
"36754","PECALUNGAN","2735"
"36755","PECANGAAN KULON","3091"
"36756","PECANGAAN WETAN","3091"
"36757","PECANGAAN","2858"
"36758","PECANGAKAN","2584"
"36759","PECANGAKAN","2598"
"36760","PECARIKAN","2656"
"36761","PECEKELAN","2822"
"36762","PECUK","2675"
"36763","PEDAGANGAN","2946"
"36764","PEDAGUNG","2787"
"36765","PEDAK","2950"
"36766","PEDALANGAN","2820"
"36767","PEDASONG","2574"
"36768","PEDAWANG","2645"
"36769","PEDAWANG","2778"
"36770","PEDESLOHOR","2584"
"36771","PEDESLOHOR","2955"
"36772","PEDURUNGAN KIDUL","3087"
"36773","PEDURUNGAN LOR","3087"
"36774","PEDURUNGAN TENGAH","3087"
"36775","PEDURUNGAN","2619"
"36776","PEGADEN TENGAH","3077"
"36777","PEGADINGAN","3031"
"36778","PEGALONGAN","3131"
"36779","PEGANDAN","2649"
"36780","PEGANDEKAN","2673"
"36781","PEGANDON","3124"
"36782","PEGANDON","3062"
"36783","PEGANJARAN","2645"
"36784","PEGIRIKAN","2908"
"36785","PEGIRINGAN","2787"
"36786","PEGULON","2695"
"36787","PEGUNDAN","2992"
"36788","PEGUNDUNGAN","2880"
"36789","PEJAGAN","3134"
"36790","PEJAGATAN","2630"
"36791","PEJAGOAN","2581"
"36792","PEJAGRAN","2624"
"36793","PEJAMBON","2797"
"36794","PEJAWARAN","2880"
"36795","PEJENGKOLAN","2694"
"36796","PEJOGOL","2850"
"36797","PEKACANGAN","2903"
"36798","PEKACANGAN","2935"
"36799","PEKAJA","3126"
"36800","PEKAJANGAN","2597"
"36801","PEKALONGAN","2810"
"36802","PEKALONGAN","2768"
"36803","PEKALONGAN","2942"
"36804","PEKANDANGAN","2781"
"36805","PEKASIRAN","2663"
"36806","PEKAUMAN KULON","2723"
"36807","PEKAUMAN","2638"
"36808","PEKAUMAN","2805"
"36809","PEKAUMAN","3063"
"36810","PEKIRINGAN AGENG","2979"
"36811","PEKIRINGAN ALIT","2979"
"36812","PEKIRINGAN","2688"
"36813","PEKIRINGAN","2908"
"36814","PEKUNCEN","2580"
"36815","PEKUNCEN","2625"
"36816","PEKUNCEN","3062"
"36817","PEKUNCEN","2771"
"36818","PEKUNCEN","2884"
"36819","PEKUNCEN","2906"
"36820","PEKUNDEN","2924"
"36821","PEKUNDEN","2630"
"36822","PEKUNDEN","2761"
"36823","PEKUTAN","2731"
"36824","PEKUTAN","3132"
"36825","PEKUWON","2569"
"36826","PEKUWON","2586"
"36827","PELANG","2733"
"36828","PELANG","2639"
"36829","PELEM GADUNG","3112"
"36830","PELEM","2606"
"36831","PELEM","2777"
"36832","PELEM","2752"
"36833","PELEM","3105"
"36834","PELEM","2901"
"36835","PELEMAN","2973"
"36836","PELEMGEDE","2949"
"36837","PELEMKEREP","2733"
"36838","PELEMREJO","2604"
"36839","PELEMSARI","2953"
"36840","PELEMSENGIR","2870"
"36841","PELUTAN","2896"
"36842","PELUTAN","2782"
"36843","PEMARON","2770"
"36844","PENADARAN","2854"
"36845","PENAKIR","2860"
"36846","PENAMBONGAN","2717"
"36847","PENAMBUHAN","2649"
"36848","PENANGGAPAN","2747"
"36849","PENANGGULAN","3062"
"36850","PENANGGUNGAN","2641"
"36851","PENANGGUNGAN","2700"
"36852","PENANGKAN","2976"
"36853","PENARUBAN","2661"
"36854","PENARUBAN","2613"
"36855","PENARUBAN","3009"
"36856","PENARUKAN","2584"
"36857","PENAWANGAN","2805"
"36858","PENAWANGAN","2959"
"36859","PENAWANGAN","3023"
"36860","PENCIL","2765"
"36861","PENDAWA","2679"
"36862","PENDE","2747"
"36863","PENDE","3043"
"36864","PENDEM","2696"
"36865","PENDEM","3013"
"36866","PENDEM","2748"
"36867","PENDEM","3039"
"36868","PENDOSAWALAN","2665"
"36869","PENDOWO","2632"
"36870","PENDOWO","2650"
"36871","PENDRIKAN KIDUL","2761"
"36872","PENDRIKAN LOR","2761"
"36873","PENEKET","2594"
"36874","PENER","2677"
"36875","PENER","2619"
"36876","PENGABEAN","2723"
"36877","PENGABEAN","2638"
"36878","PENGADEGAN","2905"
"36879","PENGALUSAN","2926"
"36880","PENGANTEN","3120"
"36881","PENGARADAN","3134"
"36882","PENGARASAN","2750"
"36883","PENGARASAN","2723"
"36884","PENGARENGAN","2576"
"36885","PENGARENGAN","3065"
"36886","PENGARINGAN","2581"
"36887","PENGAWAREN","2635"
"36888","PENGEMPON","3049"
"36889","PENGGALANG","2574"
"36890","PENGGARIT","2619"
"36891","PENGGARON KIDUL","3087"
"36892","PENGGARON LOR","2751"
"36893","PENGGUNG","2706"
"36894","PENGILON","2799"
"36895","PENGKOK","2900"
"36896","PENGKOL","2964"
"36897","PENGKOL","2724"
"36898","PENGKOL","2627"
"36899","PENGKOL","2753"
"36900","PENGKOL","2835"
"36901","PENGKOL","2959"
"36902","PENGKOL","2962"
"36903","PENGKOLJAGONG","2752"
"36904","PENGKOLREJO","2873"
"36905","PENIMBUN","2925"
"36906","PENIRON","2581"
"36907","PENISIHAN","3100"
"36908","PENJALIN","2943"
"36909","PENOLIH","2613"
"36910","PENTUR","2901"
"36911","PENUJAH","3074"
"36912","PENUMPING","3006"
"36913","PENUNDAN","2705"
"36914","PENUNGKULAN","2896"
"36915","PENUSUPAN","2677"
"36916","PENUSUPAN","2772"
"36917","PENUSUPAN","3049"
"36918","PENYALAHAN","2614"
"36919","PENYANGKRINGAN","3009"
"36920","PENYARANG","3111"
"36921","PEPE","3019"
"36922","PEPE","2935"
"36923","PEPE","3029"
"36924","PEPEDAN","2723"
"36925","PEPEDAN","2688"
"36926","PEPEDAN","2821"
"36927","PEPEDAN","3078"
"36928","PERAMPELAN","2794"
"36929","PERBOTO","2968"
"36930","PERDOPO","2715"
"36931","PERENG","3013"
"36932","PERENG","2971"
"36933","PERNASIDI","2850"
"36934","PERON","3104"
"36935","PERON","2980"
"36936","PESAGEN","2715"
"36937","PESAGI","2885"
"36938","PESAHANGAN","2802"
"36939","PESALAKAN","2719"
"36940","PESALAKAN","2630"
"36941","PESANGGRAHAN","2997"
"36942","PESANGGRAHAN","2625"
"36943","PESANGGRAHAN","2611"
"36944","PESANGKALAN","3076"
"36945","PESANTREN","2864"
"36946","PESANTREN","2984"
"36947","PESANTREN","3012"
"36948","PESANTREN","2599"
"36949","PESANTREN","2700"
"36950","PESANTREN","3034"
"36951","PESANTUNAN","3075"
"36952","PESAREAN","2584"
"36953","PESAREAN","3118"
"36954","PESAREN","2980"
"36955","PESAREN","2797"
"36956","PESAWAHAN","2588"
"36957","PESAWAHAN","3062"
"36958","PESAWAHAN","2785"
"36959","PESAYANGAN","2908"
"36960","PESIDI","2681"
"36961","PESIDO","2964"
"36962","PESODONGAN","2899"
"36963","PESU","2928"
"36964","PESUCEN","2992"
"36965","PESUNINGAN","2656"
"36966","PESURUNGAN KIDUL","3063"
"36967","PESURUNGAN LOR","3017"
"36968","PETAHUNAN","2771"
"36969","PETAMBAKAN","2805"
"36970","PETANAHAN","2603"
"36971","PETANJUNGAN","2992"
"36972","PETARANGAN","2590"
"36973","PETARANGAN","2859"
"36974","PETARUKAN","2992"
"36975","PETEKEYAN","3064"
"36976","PETERONGAN","2844"
"36977","PETIR","3126"
"36978","PETIR","3055"
"36979","PETIREJO","2792"
"36980","PETIRSARI","2711"
"36981","PETOMPON","2889"
"36982","PETUGURAN","2935"
"36983","PETUGURAN","2647"
"36984","PETUKANGAN","2906"
"36985","PETUNG","2788"
"36986","PETUNG","2917"
"36987","PETUNG","2764"
"36988","PETUNG","2828"
"36989","PETUNJUNGAN","2759"
"36990","PIASA KULON","3129"
"36991","PIASA WETAN","2915"
"36992","PIDEKSA","2999"
"36993","PIDODO KULON (WIDODO KULON)","2763"
"36994","PIDODO WETAN (WIDODO WETAN)","2763"
"36995","PIDODO","2849"
"36996","PIJI","2652"
"36997","PIJI","3036"
"36998","PIJIHARJO","2913"
"36999","PILANG","3061"
"37000","PILANG","2888"
"37001","PILANGPAYUNG","2742"
"37002","PILANGREJO","3042"
"37003","PILANGREJO","2967"
"37004","PILANGSARI","2931"
"37005","PILANGSARI","2734"
"37006","PILANGSARI","2794"
"37007","PILANGWETAN","2626"
"37008","PINGGAN","2990"
"37009","PINGGIR","2753"
"37010","PINGIT LOR","2878"
"37011","PINGIT","3107"
"37012","PINGIT","2575"
"37013","PINGKUK","2964"
"37014","PIRIKAN","3025"
"37015","PITROSARI","3034"
"37016","PITURUH","2935"
"37017","PIYANGGANG","3005"
"37018","PIYONO","2624"
"37019","PLADEN","2995"
"37020","PLAJAN","2996"
"37021","PLAKARAN","2821"
"37022","PLALANGAN","3038"
"37023","PLAMONGAN SARI","3087"
"37024","PLANA","3129"
"37025","PLANDI","2793"
"37026","PLANGGU","2914"
"37027","PLANGITAN","2932"
"37028","PLANGKAPAN","3012"
"37029","PLANJAN","2997"
"37030","PLANTARAN","3068"
"37031","PLANTUNGAN","2606"
"37032","PLAOSAN","2934"
"37033","PLARANGAN","3021"
"37034","PLATAR","3064"
"37035","PLATAREJO","2999"
"37036","PLAWANGAN","2697"
"37037","PLAWIKAN","2674"
"37038","PLEBURAN","2844"
"37039","PLEDOKAN","3005"
"37040","PLELEN","3108"
"37041","PLEMPUKANKEMBARAN","2594"
"37042","PLESAN","2835"
"37043","PLESUNGAN","3000"
"37044","PLIKEN","2806"
"37045","PLIPIR","2682"
"37046","PLIPIRAN","2939"
"37047","PLOBANGAN","2583"
"37048","PLODONGAN","3082"
"37049","PLOMBOKAN","2721"
"37050","PLOMPONG","2861"
"37051","PLORENGAN","2623"
"37052","PLOSO REJO","2662"
"37053","PLOSO","3096"
"37054","PLOSO","2664"
"37055","PLOSO","2849"
"37056","PLOSO","2668"
"37057","PLOSOGADEN","2809"
"37058","PLOSOGEDE","2937"
"37059","PLOSOHARJO","2742"
"37060","PLOSOJENAR","3011"
"37061","PLOSOKEREP","3112"
"37062","PLOSOREJO","2643"
"37063","PLOSOREJO","3008"
"37064","PLOSOREJO","2965"
"37065","PLOSOREJO","2987"
"37066","PLOSOREJO","3060"
"37067","PLOSOREJO","2949"
"37068","PLOSOREJO","2888"
"37069","PLOSOREJO","3101"
"37070","PLOSOSARI","3052"
"37071","PLOSOWANGI","2676"
"37072","PLOSOWANGI","2807"
"37073","PLUKARAN","2653"
"37074","PLUMBON","2765"
"37075","PLUMBON","2600"
"37076","PLUMBON","2886"
"37077","PLUMBON","2746"
"37078","PLUMBON","2712"
"37079","PLUMBON","2658"
"37080","PLUMBON","2876"
"37081","PLUMBON","2720"
"37082","PLUMBUNGAN","2641"
"37083","PLUMBUNGAN","3112"
"37084","PLUMBUNGAN","2637"
"37085","PLUMBUNGAN","2616"
"37086","PLUMUTAN","2714"
"37087","PLUMUTAN","2673"
"37088","PLUNENG","2846"
"37089","PLUNJARAN","2921"
"37090","PLUPUH","3027"
"37091","PODO","2597"
"37092","PODODADI","2778"
"37093","PODOLUHUR","2893"
"37094","PODOREJO","2703"
"37095","PODOSARI","2966"
"37096","PODOSARI","2981"
"37097","PODOSOKO","2848"
"37098","PODOSOKO","2826"
"37099","PODOSUGIH","2890"
"37100","PODOURIP","2603"
"37101","POGALAN","2828"
"37102","POGUNG JURU TENGAH","2731"
"37103","POGUNG","2676"
"37104","POGUNGKALANGAN","2731"
"37105","POGUNGREJO","2731"
"37106","POHGADING","2653"
"37107","POHGADING","2942"
"37108","POHIJO","2994"
"37109","POHKUMBANG","3021"
"37110","POHLANDAK","2832"
"37111","POJOK","3013"
"37112","POJOK","2891"
"37113","POJOK","3113"
"37114","POJOK","3101"
"37115","POJOK","3053"
"37116","POJOKSARI","2834"
"37117","POJOKSARI","2989"
"37118","POJOKWATU","2929"
"37119","POKAK","3037"
"37120","POKOHKIDUL","3004"
"37121","POLAMAN","2984"
"37122","POLAN","2963"
"37123","POLBAYEM","2953"
"37124","POLENG","2931"
"37125","POLENGAN","2812"
"37126","POLOBOGO","2853"
"37127","POLODORO","2572"
"37128","POLOKARTO","2667"
"37129","POLOMARTO","2605"
"37130","POLOSIRI","2622"
"37131","POLOWANGI","2935"
"37132","POMAH","2882"
"37133","POMAHAN","2950"
"37134","PONCOHARJO","2922"
"37135","PONCOL","2841"
"37136","PONCOREJO","3041"
"37137","PONCORUSO","2622"
"37138","PONCOWARNO","2933"
"37139","PONDOK","2709"
"37140","PONDOK","2887"
"37141","PONDOK","3086"
"37142","PONDOK","2835"
"37143","PONDOKGEBANGSARI","2774"
"37144","PONDOKREJO","2990"
"37145","PONDOKSARI","2877"
"37146","PONDOWAN","2894"
"37147","PONGGOK","2963"
"37148","PONJEN","2780"
"37149","PONOLAWEN","2981"
"37150","PONOWAREN","3053"
"37151","PONOWARENG","2881"
"37152","POPONGAN","2659"
"37153","POPONGAN","2726"
"37154","POPONGAN","2875"
"37155","PORANG PARING","2680"
"37156","POSONG","2881"
"37157","POTROBANGSAN","3137"
"37158","POTRONAYAN","2891"
"37159","POTROYUDAN","2724"
"37160","PRACIMANTORO","2711"
"37161","PRAGEN","2702"
"37162","PRAGU","2950"
"37163","PRAJEKSARI","2865"
"37164","PRAMBATAN KIDUL","2669"
"37165","PRAMBATAN LOR","2669"
"37166","PRANAN","2667"
"37167","PRANGGONG","2604"
"37168","PRANGKOKAN","2788"
"37169","PRANTAAN","2951"
"37170","PRANTEN","2863"
"37171","PRANTEN","2854"
"37172","PRANTI","2950"
"37173","PRAPAG KIDUL","2638"
"37174","PRAPAG KIDUL","2935"
"37175","PRAPAG LOR","2638"
"37176","PRAPAG LOR","2935"
"37177","PRAPAGAN","2977"
"37178","PRASUTAN","2594"
"37179","PRAWATAN","2674"
"37180","PRAWOTO","2680"
"37181","PREMBUN","2656"
"37182","PREMBUN","3012"
"37183","PRENDENGAN","2781"
"37184","PRETEK","2735"
"37185","PRIGELAN","2935"
"37186","PRIGI","2626"
"37187","PRIGI","3067"
"37188","PRIGI","2954"
"37189","PRIGI","2581"
"37190","PRIGI","2729"
"37191","PRIGI","2870"
"37192","PRINGAMBA","2878"
"37193","PRINGAMBA","2729"
"37194","PRINGANOM","3061"
"37195","PRINGAPUS","2792"
"37196","PRINGAPUS","3023"
"37197","PRINGGOWIJAYAN","2732"
"37198","PRINGLANGU","2890"
"37199","PRINGOMBO","2865"
"37200","PRINGSARI","3023"
"37201","PRINGSURAT","2979"
"37202","PRINGSURAT","3107"
"37203","PRINGTULIS","2847"
"37204","PRINGTUTUL","3007"
"37205","PROCOT","3072"
"37206","PROGOWATI","2596"
"37207","PROTO","2597"
"37208","PROTOMULYO","3068"
"37209","PROYONANGGAN SELATAN","3040"
"37210","PROYONANGGAN TENGAH","3040"
"37211","PROYONANGGAN UTARA","3040"
"37212","PRUMBEN","2896"
"37213","PRUPUK SELATAN","3054"
"37214","PRUPUK UTARA","3054"
"37215","PRUWATAN","2578"
"37216","PUCAKWANGI","2764"
"37217","PUCAKWANGI","2949"
"37218","PUCANG AGUNG","2731"
"37219","PUCANG LUWUK","2852"
"37220","PUCANG MILIRAN","2882"
"37221","PUCANG REJO","3062"
"37222","PUCANG","2727"
"37223","PUCANG","3025"
"37224","PUCANGAN","2594"
"37225","PUCANGAN","3106"
"37226","PUCANGAN","3028"
"37227","PUCANGANOM","2867"
"37228","PUCANGANOM","2812"
"37229","PUCANGGADING","2719"
"37230","PUCANGREJO","3041"
"37231","PUCANGSAWIT","3079"
"37232","PUCUKSARI","3009"
"37233","PUCUNG KIDUL","2625"
"37234","PUCUNG LOR","2625"
"37235","PUCUNG WETAN","3082"
"37236","PUCUNG","2714"
"37237","PUCUNG","2684"
"37238","PUCUNG","2987"
"37239","PUCUNG","3050"
"37240","PUCUNGBEDUG","3055"
"37241","PUCUNGKEREP","2899"
"37242","PUCUNGREJO","2570"
"37243","PUCUNGROTO","2704"
"37244","PUCUNGROTO","3071"
"37245","PUCUNGSARI","2681"
"37246","PUDAKPAYUNG","2820"
"37247","PUGERAN","2628"
"37248","PUGUH","2776"
"37249","PUGUH","3062"
"37250","PUHGOGOR","2895"
"37251","PUHPELEM","3099"
"37252","PUJODADI","2698"
"37253","PUJOTIRTO","2765"
"37254","PUJUT","2807"
"37255","PULE","3105"
"37256","PULE","2733"
"37257","PULE","3089"
"37258","PULEDAGEL","2644"
"37259","PULIHARJO","2617"
"37260","PULISEN","2706"
"37261","PULO","2660"
"37262","PULO","3085"
"37263","PULODARAT","3091"
"37264","PULOGADING","2759"
"37265","PULOHARJO","2684"
"37266","PULOKULON","3113"
"37267","PULONGRAMBE","3101"
"37268","PULOREJO","3026"
"37269","PULOREJO","2942"
"37270","PULOSAREN","2904"
"37271","PULOSARI","2770"
"37272","PULOSARI","2849"
"37273","PULOSARI","2592"
"37274","PULOSARI","2860"
"37275","PULUHAN TENGAH","3011"
"37276","PULUHAN","2739"
"37277","PULUHAN","2914"
"37278","PULUS","3082"
"37279","PULUTAN","2624"
"37280","PULUTAN","2891"
"37281","PULUTAN","2959"
"37282","PULUTAN","2945"
"37283","PULUTANKULON","3094"
"37284","PULUTANWETAN","3094"
"37285","PUNCEL","2589"
"37286","PUNDENARUM","2972"
"37287","PUNDENREJO","2894"
"37288","PUNDENSARI","2793"
"37289","PUNDUHSARI","2913"
"37290","PUNDUNGAN","2960"
"37291","PUNDUNGREJO","3053"
"37292","PUNDUNGSARI","2914"
"37293","PUNGANGAN","2938"
"37294","PUNGANGAN","3038"
"37295","PUNGANGAN","2600"
"37296","PUNGANGAN","2607"
"37297","PUNGGAWAN","2815"
"37298","PUNGGELAN","2647"
"37299","PUNGGURHARJO","2832"
"37300","PUNGGURSUGIH","2746"
"37301","PUNGSARI","3027"
"37302","PUNJULHARJO","3085"
"37303","PUNTUKREJO","2911"
"37304","PURANA","2787"
"37305","PURBADANA","2806"
"37306","PURBALINGGA KIDUL","2717"
"37307","PURBALINGGA KULON","2717"
"37308","PURBALINGGA LOR","2717"
"37309","PURBALINGGA WETAN","2717"
"37310","PURBASANA","2978"
"37311","PURBASARI","3056"
"37312","PURBAYAN","2671"
"37313","PURBAYAN","2871"
"37314","PURBAYASA","2954"
"37315","PURBAYASA","2677"
"37316","PURBAYASA","3078"
"37317","PURBO","2863"
"37318","PURBOREJO","2692"
"37319","PURBOSARI","2792"
"37320","PURBOSONO","2767"
"37321","PURBOWANGI","2582"
"37322","PURBOWONO","3071"
"37323","PURI","2932"
"37324","PURO","3112"
"37325","PURON","2991"
"37326","PURWADADI","2775"
"37327","PURWAHAMBA","2957"
"37328","PURWANEGARA","2718"
"37329","PURWANTORO","2668"
"37330","PURWASABA","2796"
"37331","PURWASANA","2647"
"37332","PURWASARI","2571"
"37333","PURWO SARI","2980"
"37334","PURWODADI","2593"
"37335","PURWODADI","2806"
"37336","PURWODADI","2774"
"37337","PURWODADI","2994"
"37338","PURWODADI","2998"
"37339","PURWODADI","3026"
"37340","PURWODADI","2793"
"37341","PURWODADI","2988"
"37342","PURWODADI","3012"
"37343","PURWODADI","2827"
"37344","PURWODADI","2713"
"37345","PURWODADI","3078"
"37346","PURWODESO","3049"
"37347","PURWODINATAN","2761"
"37348","PURWODININGRATAN","3079"
"37349","PURWOGONDO","2776"
"37350","PURWOGONDO","2665"
"37351","PURWOHARJO","2598"
"37352","PURWOHARJO","3119"
"37353","PURWOHARJO","2617"
"37354","PURWOJATI","2767"
"37355","PURWOJATI","3095"
"37356","PURWOJIWO","2968"
"37357","PURWOKERTO KIDUL","2912"
"37358","PURWOKERTO KULON","2912"
"37359","PURWOKERTO LOR","2612"
"37360","PURWOKERTO WETAN","2612"
"37361","PURWOKERTO","2943"
"37362","PURWOKERTO","2885"
"37363","PURWOKERTO","2763"
"37364","PURWOKERTO","2894"
"37365","PURWONEGORO","3055"
"37366","PURWOREJO","2645"
"37367","PURWOREJO","2606"
"37368","PURWOREJO","2922"
"37369","PURWOREJO","2848"
"37370","PURWOREJO","2973"
"37371","PURWOREJO","2627"
"37372","PURWOREJO","2994"
"37373","PURWOREJO","2932"
"37374","PURWOREJO","3127"
"37375","PURWOREJO","2682"
"37376","PURWOREJO","3030"
"37377","PURWOREJO","2988"
"37378","PURWOREJO","2876"
"37379","PURWOREJO","2833"
"37380","PURWOREJO","3004"
"37381","PURWOSARI","3133"
"37382","PURWOSARI","2606"
"37383","PURWOSARI","2598"
"37384","PURWOSARI","2899"
"37385","PURWOSARI","2650"
"37386","PURWOSARI","2839"
"37387","PURWOSARI","2732"
"37388","PURWOSARI","3006"
"37389","PURWOSARI","2984"
"37390","PURWOSARI","2763"
"37391","PURWOSARI","2617"
"37392","PURWOSARI","2793"
"37393","PURWOSARI","2779"
"37394","PURWOSARI","2794"
"37395","PURWOSARI","3025"
"37396","PURWOSARI","2721"
"37397","PURWOSARI","2827"
"37398","PURWOSARI","3016"
"37399","PURWOSARI","3034"
"37400","PURWOSARI","3004"
"37401","PURWOSUMAN","2909"
"37402","PURWOYOSO","2703"
"37403","PUSPO","2939"
"37404","PUSPORENGGO","3048"
"37405","PUTAT","2799"
"37406","PUTAT","3026"
"37407","PUTATGEDE","2831"
"37408","PUTATNGANTEN","3033"
"37409","PUTATSARI","3098"
"37410","PUYOH","3036"
"37411","RABAK","2633"
"37412","RACI","2858"
"37413","RADEGAN","2638"
"37414","RAGATUNJUNG","3047"
"37415","RAGUKLAMPITAN","2810"
"37416","RAHAYU","2694"
"37417","RAHTAWU","2919"
"37418","RAJAWANA","2688"
"37419","RAJAWETAN","3078"
"37420","RAJEGWESI","3118"
"37421","RAJEK","2608"
"37422","RAJEKWESI","2733"
"37423","RAJI","2754"
"37424","RAKIT","2575"
"37425","RAKITAN","2805"
"37426","RAKITAN","2892"
"37427","RAMBAT","2621"
"37428","RAMBEANAK","2596"
"37429","RANCAMAYA","2850"
"37430","RANCAWIRU","2677"
"37431","RANCAWULUH","2759"
"37432","RANDEGAN","2579"
"37433","RANDEGAN","2729"
"37434","RANDEGAN","2808"
"37435","RANDU GARUT","3121"
"37436","RANDU MUKTIWAREN","2640"
"37437","RANDU","2735"
"37438","RANDUACIR","3032"
"37439","RANDUAGUNG","2953"
"37440","RANDUBLATUNG","2888"
"37441","RANDUDONGKAL","2772"
"37442","RANDUGUNTING","2910"
"37443","RANDUGUNTING","2736"
"37444","RANDULANANG","2739"
"37445","RANDULAWANG","2752"
"37446","RANDUREJO","3113"
"37447","RANDUSANGA KULON","2770"
"37448","RANDUSANGA WETAN","2770"
"37449","RANDUSARI","2938"
"37450","RANDUSARI","2904"
"37451","RANDUSARI","2638"
"37452","RANDUSARI","3118"
"37453","RANDUSARI","2971"
"37454","RANDUSARI","2989"
"37455","RANDUSARI","2844"
"37456","RANDUSARI","3003"
"37457","RANDUSARI","2756"
"37458","RANGIMULYA","2766"
"37459","RANGKAH","2582"
"37460","RANTEREJO","2893"
"37461","RANTEWRINGIN","2595"
"37462","RASUKAN","2624"
"37463","RATAMBA","2880"
"37464","RAU","2986"
"37465","RAWAAPU","2998"
"37466","RAWAHENG","2808"
"37467","RAWAJAYA","2803"
"37468","RAWALO","2785"
"37469","RAWOH","3033"
"37470","REBAN","2572"
"37471","REBUG","2871"
"37472","RECO","2767"
"37473","REDIN","2896"
"37474","REDISARI","3007"
"37475","REGALOH","3016"
"37476","REGUNUNG","2843"
"37477","REJAMULYA","2762"
"37478","REJASA","2805"
"37479","REJASARI","2781"
"37480","REJASARI","2804"
"37481","REJOAGUNG","2620"
"37482","REJODADI","2802"
"37483","REJOMULYO","2985"
"37484","REJOSARI BARAT","2807"
"37485","REJOSARI TIMUR","2807"
"37486","REJOSARI","2714"
"37487","REJOSARI","2730"
"37488","REJOSARI","2692"
"37489","REJOSARI","2640"
"37490","REJOSARI","2943"
"37491","REJOSARI","3036"
"37492","REJOSARI","3000"
"37493","REJOSARI","2585"
"37494","REJOSARI","3098"
"37495","REJOSARI","2872"
"37496","REJOSARI","3105"
"37497","REJOSARI","2968"
"37498","REJOSARI","3084"
"37499","REJOSARI","2849"
"37500","REJOSARI","2972"
"37501","REJOSARI","2871"
"37502","REJOSARI","2904"
"37503","REJOSARI","2654"
"37504","REJOSARI","2675"
"37505","REJOSARI","2831"
"37506","REJOSARI","2828"
"37507","REJOSARI","2667"
"37508","REJOSARI","3107"
"37509","REJOSARI","2985"
"37510","REJOSARI","3034"
"37511","REJOSO","2674"
"37512","REJOWINANGUN SELATAN","3125"
"37513","REJOWINANGUN UTARA","3018"
"37514","REJOWINANGUN","2871"
"37515","REKSOSARI","2876"
"37516","REMBES","2726"
"37517","REMBUL","2852"
"37518","REMBUL","2772"
"37519","REMBUN","2891"
"37520","REMBUN","2930"
"37521","REMPOAH","3133"
"37522","RENDENG","2896"
"37523","RENDENG","2839"
"37524","RENDENG","2716"
"37525","RENGAS","2597"
"37526","RENGASBANDUNG","2955"
"37527","RENGASPENDAWA","3128"
"37528","RENGGING","3091"
"37529","REPAKING","2737"
"37530","RIMPAK","2822"
"37531","RIMUN","2816"
"37532","RINGGIT","2624"
"37533","RINGIN LARIK","3048"
"37534","RINGIN","2702"
"37535","RINGINANOM","2657"
"37536","RINGINANOM","2865"
"37537","RINGINARUM","3030"
"37538","RINGINHARJO","2854"
"37539","RINGINKIDUL","2854"
"37540","RINGINPITU","2969"
"37541","RINGINPUTIH","2628"
"37542","ROBAYAN","2665"
"37543","ROGODADI","2582"
"37544","ROGODONO","2582"
"37545","ROGOJATI","3082"
"37546","ROGOMULYO","3123"
"37547","ROGOMULYO","2885"
"37548","ROGOSELO","2938"
"37549","ROJOIMO","2961"
"37550","RONGGO","2618"
"37551","RONGGOJATI","2862"
"37552","RONGGOMULYO","2953"
"37553","ROPOH","2904"
"37554","ROWO","2683"
"37555","ROWO","3132"
"37556","ROWOBAYEM","2871"
"37557","ROWOBELANG","3040"
"37558","ROWOBONI","2817"
"37559","ROWOBRANTEN","3030"
"37560","ROWOBUNGKUL","2746"
"37561","ROWOCACING","2597"
"37562","ROWODADI","2605"
"37563","ROWODADI","2585"
"37564","ROWOKELE","3007"
"37565","ROWOKEMBU","3077"
"37566","ROWOLAKU","2979"
"37567","ROWOREJO","2585"
"37568","ROWOREJO","2568"
"37569","ROWOSARI","2698"
"37570","ROWOSARI","2854"
"37571","ROWOSARI","2600"
"37572","ROWOSARI","2989"
"37573","ROWOSARI","3001"
"37574","ROWOSARI","3024"
"37575","ROWOSARI","2599"
"37576","ROWOYOSO","2611"
"37577","RUKEM","2950"
"37578","RUNGKANG","3002"
"37579","RUNGKANG","2638"
"37580","RUWIT","2642"
"37581","SABAN","2854"
"37582","SABARWANGI","2979"
"37583","SABRANG LOR","2914"
"37584","SABRANG","2707"
"37585","SADABUMI","2905"
"37586","SADAHAYU","2905"
"37587","SADANG","2995"
"37588","SADANGKULON","3028"
"37589","SADANGWETAN","3028"
"37590","SADENG","3038"
"37591","SAJEN","2914"
"37592","SALAKAN","2756"
"37593","SALAKBROJO","2597"
"37594","SALAM","2896"
"37595","SALAM","2681"
"37596","SALAM","2760"
"37597","SALAM","2857"
"37598","SALAMAN","2779"
"37599","SALAMANMLOYO","2956"
"37600","SALAMERTA","2796"
"37601","SALAMKANCI","2730"
"37602","SALAMREJO","2658"
"37603","SALAMSARI","2776"
"37604","SALAMSARI","2740"
"37605","SALATIGA","2945"
"37606","SALE","2716"
"37607","SALEBU","2905"
"37608","SALEM","2769"
"37609","SALIT","2979"
"37610","SAMARAN","2702"
"37611","SAMBAK","2704"
"37612","SAMBAN","2622"
"37613","SAMBEK","2961"
"37614","SAMBENG KULON","2806"
"37615","SAMBENG WETAN","2806"
"37616","SAMBENG","2787"
"37617","SAMBENG","2731"
"37618","SAMBENG","2923"
"37619","SAMBENG","3042"
"37620","SAMBENG","2935"
"37621","SAMBENG","2870"
"37622","SAMBEREMBE","2710"
"37623","SAMBI DUWUR","2962"
"37624","SAMBI","2629"
"37625","SAMBI","2941"
"37626","SAMBIHARJO","3092"
"37627","SAMBILAWANG","2620"
"37628","SAMBIRATA","2850"
"37629","SAMBIREJO","2726"
"37630","SAMBIREJO","2641"
"37631","SAMBIREJO","3083"
"37632","SAMBIREJO","3105"
"37633","SAMBIREJO","2944"
"37634","SAMBIREJO","3027"
"37635","SAMBIREJO","2941"
"37636","SAMBIREJO","3003"
"37637","SAMBIREJO","3016"
"37638","SAMBIREJO","3059"
"37639","SAMBIROTO","2790"
"37640","SAMBIROTO","2979"
"37641","SAMBIROTO","2662"
"37642","SAMBIROTO","2711"
"37643","SAMBIROTO","2952"
"37644","SAMBIROTO","2894"
"37645","SAMBIROTO","3001"
"37646","SAMBIYAN","2627"
"37647","SAMBON","2749"
"37648","SAMBONG","3040"
"37649","SAMBONG","2647"
"37650","SAMBONG","2929"
"37651","SAMBONG","2952"
"37652","SAMBONGANYAR","2746"
"37653","SAMBONGBANGI","2654"
"37654","SAMBONGPAYAK","2829"
"37655","SAMBONGREJO","2746"
"37656","SAMBONGREJO","2929"
"37657","SAMBONGREJO","2577"
"37658","SAMBONGSARI","3009"
"37659","SAMBONGWANGAN","2888"
"37660","SAMBOREJO","3050"
"37661","SAMBUNG","2790"
"37662","SAMBUNG","2608"
"37663","SAMBUNG","2916"
"37664","SAMBUNGMACAN","2712"
"37665","SAMBUNGREJO","2681"
"37666","SAMIRAN","3122"
"37667","SAMIRANAN","2683"
"37668","SAMIREJO","3036"
"37669","SAMIRONO","2853"
"37670","SAMONG","2599"
"37671","SAMPANG","2849"
"37672","SAMPANG","2593"
"37673","SAMPANG","2974"
"37674","SAMPANG","2884"
"37675","SAMPANGAN","2889"
"37676","SAMPANGAN","2841"
"37677","SAMPETAN","2814"
"37678","SAMPIH","3077"
"37679","SAMPING","2871"
"37680","SAMPOK","2715"
"37681","SAMPUNG","2639"
"37682","SAMUDRA KULON","3045"
"37683","SAMUDRA","3045"
"37684","SANAN","2983"
"37685","SANETAN","2892"
"37686","SANGEN","2704"
"37687","SANGGANG","2991"
"37688","SANGGE","2648"
"37689","SANGGRAHAN","2709"
"37690","SANGGRAHAN","2650"
"37691","SANGGRAHAN","2971"
"37692","SANGGREMAN","2785"
"37693","SANGGRONG","2964"
"37694","SANGGUNG","2940"
"37695","SANGKAN JOYO","2979"
"37696","SANGKANAYU","2852"
"37697","SANGKANAYU","2926"
"37698","SANGKANJAYA","2678"
"37699","SANGKRAH","2701"
"37700","SANGUBANYU","2863"
"37701","SANGUBANYU","2595"
"37702","SANGUBANYU","2585"
"37703","SANGUP","3048"
"37704","SANGUWATANG","3056"
"37705","SAPEN","2842"
"37706","SAPEN","2886"
"37707","SAPUGARUT","2936"
"37708","SAPURAN","2822"
"37709","SAPURO","2890"
"37710","SARADAN","2686"
"37711","SARADAN","3112"
"37712","SARADAN","2782"
"37713","SARANGMEDURO","2639"
"37714","SAREN","2710"
"37715","SARIGLAGAH","2797"
"37716","SARIMULYO","2626"
"37717","SARIMULYO","2866"
"37718","SARIMULYO","2746"
"37719","SARIMULYO","2942"
"37720","SARIPAN","2724"
"37721","SARIREJA","3134"
"37722","SARIREJO","2951"
"37723","SARIREJO","2790"
"37724","SARIREJO","2670"
"37725","SARIREJO","3135"
"37726","SARIREJO","2748"
"37727","SARIREJO","2932"
"37728","SARIREJO","2985"
"37729","SARIYOSO","2961"
"37730","SARWADADI","2636"
"37731","SARWODADI","2787"
"37732","SARWODADI","2598"
"37733","SARWODADI","2880"
"37734","SARWOGADUNG","3132"
"37735","SASTRODIRJAN","3077"
"37736","SATRIYAN","2807"
"37737","SAWAHAN","2960"
"37738","SAWAHAN","3069"
"37739","SAWAHAN","3085"
"37740","SAWAHBESAR","3083"
"37741","SAWAHJOHO","2797"
"37742","SAWAL","2729"
"37743","SAWANGAN WETAN","3131"
"37744","SAWANGAN","2587"
"37745","SAWANGAN","2958"
"37746","SAWANGAN","2938"
"37747","SAWANGAN","3108"
"37748","SAWANGAN","2977"
"37749","SAWANGAN","2579"
"37750","SAWANGAN","2774"
"37751","SAWANGAN","2918"
"37752","SAWANGAN","2869"
"37753","SAWANGAN","2935"
"37754","SAWANGAN","2647"
"37755","SAWANGAN","2826"
"37756","SAWANGARGO","2779"
"37757","SAWIT","2659"
"37758","SAWIT","2856"
"37759","SAWITAN","2596"
"37760","SAWOJAJAR","3075"
"37761","SAYUNG","2794"
"37762","SEBORO PASAR","2624"
"37763","SEBORO","3028"
"37764","SEBOROKRAPYAK","2659"
"37765","SEBOTO","2814"
"37766","SECANG","2624"
"37767","SECANG","3025"
"37768","SEDADI","2959"
"37769","SEDAN","2952"
"37770","SEDAYU","3041"
"37771","SEDAYU","3098"
"37772","SEDAYU","2944"
"37773","SEDAYU","2816"
"37774","SEDAYU","2570"
"37775","SEDAYU","2711"
"37776","SEDAYU","2822"
"37777","SEDAYU","3003"
"37778","SEDAYU","2882"
"37779","SEDO","2754"
"37780","SEGARALANGU","3031"
"37781","SEGARAN","2707"
"37782","SEGIRI","2874"
"37783","SEGOROGUNUNG","2911"
"37784","SEGOROMULYO","2702"
"37785","SEJATI","2999"
"37786","SEJOMULYO","2586"
"37787","SEKARAN","3038"
"37788","SEKARAN","2907"
"37789","SEKARJALAK","2994"
"37790","SEKARSARI","2953"
"37791","SEKARSULI","2837"
"37792","SEKARTEJA","2569"
"37793","SEKARTEJO","2935"
"37794","SEKAYU","2761"
"37795","SEKURO","3114"
"37796","SELABAYA","2633"
"37797","SELAGANGGENG","2926"
"37798","SELAKAMBANG","2613"
"37799","SELANDAKA","2784"
"37800","SELANEGARA","2613"
"37801","SELANEGARA","2784"
"37802","SELANG","2568"
"37803","SELAPURA","2946"
"37804","SELILING","2958"
"37805","SELING","2765"
"37806","SELO","3052"
"37807","SELO","3122"
"37808","SELO","3101"
"37809","SELOBORO","2857"
"37810","SELODOKO","2814"
"37811","SELOGIRI","2925"
"37812","SELOJARI","3120"
"37813","SELOKARTO","2735"
"37814","SELOKATON","3000"
"37815","SELOKATON","2980"
"37816","SELOKERTO","2884"
"37817","SELOKROMO","2918"
"37818","SELOMANIK","2899"
"37819","SELOMARTO","2999"
"37820","SELOMERTO","2583"
"37821","SELOMIRAH","2745"
"37822","SELOMOYO","2576"
"37823","SELOPAJANG BARAT","2864"
"37824","SELOPAJANG TIMUR","2864"
"37825","SELOPAMPANG","2658"
"37826","SELOPROJO","2745"
"37827","SELOPURO","2862"
"37828","SELOPURO","2631"
"37829","SELOREJO","2983"
"37830","SELOROMO","2609"
"37831","SELOSABRANG","2788"
"37832","SELOTUMPENG","3132"
"37833","SEMAGARDUWUR","2983"
"37834","SEMAGUNG","2652"
"37835","SEMALI","2884"
"37836","SEMAMPIR","2602"
"37837","SEMAMPIR","2582"
"37838","SEMAMPIR","2644"
"37839","SEMAMPIR","2932"
"37840","SEMAMPIR","2935"
"37841","SEMAMPIR","2572"
"37842","SEMANDING","2791"
"37843","SEMANGGI","2644"
"37844","SEMANGGI","2701"
"37845","SEMANGKAK","2838"
"37846","SEMANGKUNG","2880"
"37847","SEMARANG","2602"
"37848","SEMAT","3064"
"37849","SEMAWUNG DALEMAN","2732"
"37850","SEMAWUNG KEMBARAN","2732"
"37851","SEMAWUNG","2604"
"37852","SEMAWUNG","2682"
"37853","SEMAWUR","2746"
"37854","SEMAYA","2772"
"37855","SEMAYU","2583"
"37856","SEMBATURAGUNG","3011"
"37857","SEMBAWA","2623"
"37858","SEMBIRKADIPATEN","2656"
"37859","SEMBOJA","3118"
"37860","SEMBOJO","2881"
"37861","SEMBONGIN","2643"
"37862","SEMBUKAN","3117"
"37863","SEMBUNG JAMBU","2640"
"37864","SEMBUNG","2705"
"37865","SEMBUNG","2928"
"37866","SEMBUNGAN","3014"
"37867","SEMBUNGAN","2891"
"37868","SEMBUNGHARJO","2751"
"37869","SEMBUNGHARJO","3113"
"37870","SEMEDO","3074"
"37871","SEMEDO","2771"
"37872","SEMEN","3105"
"37873","SEMEN","2693"
"37874","SEMEN","3034"
"37875","SEMERAK","2994"
"37876","SEMIN","2877"
"37877","SEMINGKIR","2772"
"37878","SEMIREJO","2653"
"37879","SEMONDO","2791"
"37880","SEMONO","2652"
"37881","SEMOWO","2874"
"37882","SEMPOL","3082"
"37883","SEMPOR LOR","2613"
"37884","SEMPOR","2884"
"37885","SEMPU","2604"
"37886","SEMPU","2662"
"37887","SEMPU","2600"
"37888","SEMPUKEREP","3117"
"37889","SEMPULUR","2753"
"37890","SEMUT","2611"
"37891","SENDANG SIKUCING","2989"
"37892","SENDANG","2726"
"37893","SENDANG","2665"
"37894","SENDANG","2753"
"37895","SENDANG","2697"
"37896","SENDANG","2668"
"37897","SENDANG","2807"
"37898","SENDANG","2870"
"37899","SENDANG","3004"
"37900","SENDANG","2976"
"37901","SENDANGAGUNG","2999"
"37902","SENDANGAGUNG","2627"
"37903","SENDANGAGUNG","2746"
"37904","SENDANGAGUNG","2702"
"37905","SENDANGASRI","2631"
"37906","SENDANGCOYO","2631"
"37907","SENDANGDALEM","2694"
"37908","SENDANGDAWUHAN","2989"
"37909","SENDANGDAWUNG","3084"
"37910","SENDANGGAYAM","2643"
"37911","SENDANGGUWO","3001"
"37912","SENDANGHARJO","2606"
"37913","SENDANGHARJO","3033"
"37914","SENDANGIJO","3089"
"37915","SENDANGKULON","3084"
"37916","SENDANGMULYO","2990"
"37917","SENDANGMULYO","2829"
"37918","SENDANGMULYO","2697"
"37919","SENDANGMULYO","2746"
"37920","SENDANGMULYO","2639"
"37921","SENDANGMULYO","2892"
"37922","SENDANGMULYO","3001"
"37923","SENDANGMULYO","2811"
"37924","SENDANGREJO","2686"
"37925","SENDANGREJO","2951"
"37926","SENDANGREJO","2648"
"37927","SENDANGREJO","2748"
"37928","SENDANGREJO","2746"
"37929","SENDANGREJO","2894"
"37930","SENDANGSARI","2862"
"37931","SENDANGSARI","2903"
"37932","SENDANGSARI","3081"
"37933","SENDANGSARI","2793"
"37934","SENDANGSOKO","3011"
"37935","SENDANGWARU","2697"
"37936","SENDANGWATES","2662"
"37937","SENDANGWUNGU","2643"
"37938","SENDEN","2596"
"37939","SENDEN","3019"
"37940","SENDEN","3122"
"37941","SENENAN","3064"
"37942","SENGARE","2795"
"37943","SENGGRONG","2604"
"37944","SENGI","2818"
"37945","SENGON","2971"
"37946","SENGON","2573"
"37947","SENGON","3134"
"37948","SENGONBUGEL","2733"
"37949","SENGONWETAN","2654"
"37950","SENON","2673"
"37951","SENTING","2629"
"37952","SENTONO","2628"
"37953","SENTUL","2934"
"37954","SENTUL","3108"
"37955","SEPAKUNG","2817"
"37956","SEPANJANG","2720"
"37957","SEPAT","3061"
"37958","SEPATNUNGGAL","2905"
"37959","SERANG","2727"
"37960","SERANG","3031"
"37961","SERANG","3103"
"37962","SERANG","3014"
"37963","SERANG","2992"
"37964","SERANGAN","2922"
"37965","SERAYU KARANGANYAR","2926"
"37966","SERAYU LARANGAN","2926"
"37967","SERED","2805"
"37968","SEREN","2896"
"37969","SEREN","2950"
"37970","SERENAN","2960"
"37971","SERENGAN","3058"
"37972","SERUT","2774"
"37973","SERUT","2835"
"37974","SERUTSADANG","2942"
"37975","SESEPAN","2678"
"37976","SESO","2644"
"37977","SETABELAN","2815"
"37978","SETAIL","2614"
"37979","SETREN","3003"
"37980","SETROJENAR","2595"
"37981","SETROKALANGAN","2669"
"37982","SETROREJO","2686"
"37983","SETU","2978"
"37984","SEWAKA","2782"
"37985","SEWORAN","2681"
"37986","SEWU","3079"
"37987","SEWUKAN","2818"
"37988","SEWUREJO","3013"
"37989","SIANDONG","3128"
"37990","SIASEM","3075"
"37991","SIBALUNG","2590"
"37992","SIBEBEK","2863"
"37993","SIBERUK","2573"
"37994","SIBRAMA","2590"
"37995","SIDABOWA","3131"
"37996","SIDAKANGEN","2623"
"37997","SIDAKANGEN","2633"
"37998","SIDAKATON","2723"
"37999","SIDAKATON","3134"
"38000","SIDAKAYA","3046"
