"id","nama_desa","kecamatan_id"
"20001","ULAK BUNTAR","1431"
"20002","ULAK DEPATI","1304"
"20003","ULAK EMBACANG","1221"
"20004","ULAK JERMUN","1276"
"20005","ULAK KAPAL","1365"
"20006","ULAK KEDONDONG","1381"
"20007","ULAK KEMANG","1304"
"20008","ULAK KEMBAHANG I","1269"
"20009","ULAK KEMBAHANG II","1269"
"20010","ULAK KEMBAHANG","1352"
"20011","ULAK KEMBANG","1357"
"20012","ULAK KERBAU BARU","1339"
"20013","ULAK KERBAU LAMA","1339"
"20014","ULAK KETAPANG","1343"
"20015","ULAK LEBAR","1289"
"20016","ULAK LEBAR","1299"
"20017","ULAK LEBAR","1345"
"20018","ULAK LEBAR","1338"
"20019","ULAK MAS","1289"
"20020","ULAK MENGKUDU","1273"
"20021","ULAK PACEH JAYA","1361"
"20022","ULAK PACEH","1361"
"20023","ULAK PANDAN","1220"
"20024","ULAK PANDAN","1400"
"20025","ULAK PANDAN","1315"
"20026","ULAK PETANGISAN","1269"
"20027","ULAK PIANGGU","1304"
"20028","ULAK SEGARA","1346"
"20029","ULAK SEGELUNG","1404"
"20030","ULAK SURUNG","1328"
"20031","ULAK TEBERAU","1361"
"20032","ULAK TEMBAGA","1232"
"20033","ULU DANAU","1430"
"20034","ULU LURAH / RURAH","1350"
"20035","UMOJATI","1282"
"20036","UMPAN","1294"
"20037","UPANG CEMARA","1429"
"20038","UPANG CERIA","1429"
"20039","UPANG JAYA","1429"
"20040","UPANG KARYA","1429"
"20041","UPANG MAKMUR","1390"
"20042","UPANG MARGA","1250"
"20043","UPANG MULYA","1390"
"20044","UPANG","1250"
"20045","VETERAN JAYA","1359"
"20046","WANA BHAKTI","1297"
"20047","WANA MAKMUR","1370"
"20048","WANA MUKTI","1316"
"20049","WANARAYA","1278"
"20050","WARGA MULYA","1247"
"20051","WARNA SARI (WANASARI)","1370"
"20052","WATERVANG","1239"
"20053","WATES","1430"
"20054","WAY HALOM","1256"
"20055","WAY HELING","1294"
"20056","WAY RELAI","1397"
"20057","WAY SALAK","1368"
"20058","WAY TIMAH","1248"
"20059","WAY WANGI SEMINUNG","1334"
"20060","WIDODO","1392"
"20061","WINDUSARI","1264"
"20062","WIRA KARYA","1382"
"20063","WONO REJO","1331"
"20064","WONODADI","1316"
"20065","WONOKERTO","1392"
"20066","WONOREJO","1278"
"20067","WONOREJO","1392"
"20068","WONOSARI","1378"
"20069","WONOSARI","1257"
"20070","WONOSARI","1316"
"20071","WUKIR SARI","1392"
"20072","YOSOWINANGUN","1303"
"20073","YUDHA KARYA BHAKTI","1309"
"20074","ABU SAKIM","1434"
"20075","ADIREJO","1435"
"20076","AGUNG JAYA","1436"
"20077","AIR APO","1437"
"20078","AIR BACANG","1438"
"20079","AIR BANAI","1439"
"20080","AIR BANG","1440"
"20081","AIR BATANG","1441"
"20082","AIR BAUS I","1439"
"20083","AIR BAUS II","1439"
"20084","AIR BENING","1442"
"20085","AIR BERAU","1443"
"20086","AIR BIKUK","1443"
"20087","AIR BULUH","1444"
"20088","AIR DIKIT","1445"
"20089","AIR DINGIN","1446"
"20090","AIR DINGIN","1447"
"20091","AIR DINGIN","1448"
"20092","AIR DUKU","1449"
"20093","AIR HITAM","1443"
"20094","AIR HITAM","1450"
"20095","AIR JELATANG","1438"
"20096","AIR KASAI","1445"
"20097","AIR KATI","1451"
"20098","AIR KEMANG","1452"
"20099","AIR KEMUNING","1453"
"20100","AIR KERING II","1454"
"20101","AIR KERING","1454"
"20102","AIR KERUH","1455"
"20103","AIR KOPRAS","1456"
"20104","AIR KOTOK","1457"
"20105","AIR LANANG","1458"
"20106","AIR LATAK","1459"
"20107","AIR LELANGI","1460"
"20108","AIR LONG","1438"
"20109","AIR MELANCAR","1461"
"20110","AIR MELES ATAS","1449"
"20111","AIR MELES BAWAH","1462"
"20112","AIR MENGANYAU","1463"
"20113","AIR MERA","1444"
"20114","AIR MERAH","1464"
"20115","AIR MERAH","1440"
"20116","AIR MUNDU","1465"
"20117","AIR MURING","1466"
"20118","AIR NAPAL","1467"
"20119","AIR NAPAL","1468"
"20120","AIR NAU","1469"
"20121","AIR PADANG","1470"
"20122","AIR PANDAN","1466"
"20123","AIR PAYANGAN","1471"
"20124","AIR PERIUKAN","1472"
"20125","AIR PESI","1473"
"20126","AIR PETAI","1466"
"20127","AIR PETAI","1453"
"20128","AIR PIKAT","1465"
"20129","AIR PUNGGUR","1474"
"20130","AIR PUTIH BARU","1458"
"20131","AIR PUTIH KALI BANDUNG","1449"
"20132","AIR PUTIH LAMA","1435"
"20133","AIR PUTIH","1466"
"20134","AIR PUTIH","1475"
"20135","AIR RAMAN","1476"
"20136","AIR RAMBAI","1435"
"20137","AIR RAMI","1477"
"20138","AIR RUSA","1478"
"20139","AIR SEBAKUL","1475"
"20140","AIR SEBAYUR","1479"
"20141","AIR SEKAMANAK","1479"
"20142","AIR SELIMANG","1473"
"20143","AIR SEMPIANG","1480"
"20144","AIR SIMPANG","1479"
"20145","AIR SULAU","1481"
"20146","AIR TENAM DALAM","1482"
"20147","AIR TENANG","1483"
"20148","AIR TERAS","1471"
"20149","AIR UMBAN","1484"
"20150","AIRLAKOK","1463"
"20151","AJAI SIANG","1485"
"20152","ALUN DUA","1486"
"20153","AMEN","1487"
"20154","ANGGUT ATAS","1488"
"20155","ANGGUT BAWAH","1488"
"20156","ANGGUT DALAM","1488"
"20157","ANGGUT","1484"
"20158","APOHO","1489"
"20159","APUR","1469"
"20160","ARAH TIGA","1490"
"20161","ARANG SAPAT","1491"
"20162","ARGA INDAH I","1492"
"20163","ARGA INDAH II","1493"
"20164","ARGA JAYA","1477"
"20165","ARGA MULYA","1438"
"20166","ARGA MULYA","1494"
"20167","ATAS TEBING","1495"
"20168","ATURAN MUMPO II","1457"
"20169","ATURAN MUMPO","1457"
"20170","AUR CINA","1496"
"20171","AUR GADING","1497"
"20172","AUR GADING","1498"
"20173","AUR RINGIT","1499"
"20174","AWAT MATA","1500"
"20175","BABAKAN BARU","1442"
"20176","BABAKAN BOGOR","1480"
"20177","BABAT","1501"
"20178","BABATAN ILIR","1502"
"20179","BABATAN ULU","1502"
"20180","BABATAN","1453"
"20181","BAJAK (KAMPUNG TELENG)","1503"
"20182","BAJAK I","1504"
"20183","BAJAK I","1505"
"20184","BAJAK III","1493"
"20185","BAJOK","1447"
"20186","BAKAL DALAM","1506"
"20187","BAKAL MAKMUR","1438"
"20188","BALAI BUNTAR / BUTAR","1507"
"20189","BALAM","1508"
"20190","BANDAR AGUNG","1447"
"20191","BANDAR AGUNG","1485"
"20192","BANDAR AGUNG","1482"
"20193","BANDAR BINTUHAN","1446"
"20194","BANDAR JAYA","1509"
"20195","BANDAR RATU","1510"
"20196","BANDING AGUNG","1502"
"20197","BANDU AGUNG","1511"
"20198","BANDUNG AGUNG","1461"
"20199","BANDUNG AYU","1452"
"20200","BANDUNG BARU","1480"
"20201","BANDUNG JAYA","1480"
"20202","BANDUNG MARGA","1442"
"20203","BANG HAJI","1468"
"20204","BANGUN JAYA","1442"
"20205","BANGUN JIWA","1512"
"20206","BANGUN KARYA","1460"
"20207","BANJAR SARI","1489"
"20208","BANJAR SARI","1513"
"20209","BANYU KENCANA","1455"
"20210","BANYUMAS BARU","1497"
"20211","BANYUMAS","1440"
"20212","BANYUMAS","1497"
"20213","BARAT WETAN","1480"
"20214","BARU MANIS","1465"
"20215","BATIK NAU","1463"
"20216","BATU AMPAR","1514"
"20217","BATU AMPAR","1515"
"20218","BATU BANDUNG","1474"
"20219","BATU BANDUNG","1484"
"20220","BATU BARIANG  /  BERIANG","1457"
"20221","BATU BELARIK","1476"
"20222","BATU DEWA","1516"
"20223","BATU EJUNG","1443"
"20224","BATU GALING","1440"
"20225","BATU KALUNG","1474"
"20226","BATU KUNING","1517"
"20227","BATU KUNING","1482"
"20228","BATU LAMBANG","1517"
"20229","BATU LAYANG","1439"
"20230","BATU LUNGUN","1441"
"20231","BATU PANCO","1516"
"20232","BATU PANCO","1482"
"20233","BATU RAJA KOL","1439"
"20234","BATU RAJA REJANG","1439"
"20235","BATU RAJA","1518"
"20236","BATU ROTO","1439"
"20237","BATU TUGU","1471"
"20238","BAYUNG","1473"
"20239","BEDENG SS","1519"
"20240","BELAKANG GEDUNG","1517"
"20241","BELAKANG PONDOK","1488"
"20242","BELITAR MUKA","1448"
"20243","BELITAR SEBERANG","1448"
"20244","BELUMAI I","1451"
"20245","BELUMAI II","1451"
"20246","BENGKO","1478"
"20247","BENTANGUR","1520"
"20248","BENTENG HARAPAN","1438"
"20249","BENTIRING PERMAI","1521"
"20250","BENTIRING","1521"
"20251","BENUA RATU","1512"
"20252","BENUANG GALING","1473"
"20253","BERIANG TINGGI","1499"
"20254","BERINGIN DATAR","1484"
"20255","BERINGIN RAYA","1521"
"20256","BERINGIN TIGA","1448"
"20257","BERKAS","1503"
"20258","BETUNGAN","1481"
"20259","BETUNGAN","1522"
"20260","BINTANG SELATAN","1434"
"20261","BINTUNAN","1463"
"20262","BIOA PUTIAK","1456"
"20263","BIOA SENGOK","1447"
"20264","BLAU","1495"
"20265","BOGOR BARU","1523"
"20266","BRANGAN MULYA","1509"
"20267","BUKIT BARISAN","1515"
"20268","BUKIT BATU","1451"
"20269","BUKIT BERLIAN","1460"
"20270","BUKIT HARAPAN","1477"
"20271","BUKIT HARAPAN","1479"
"20272","BUKIT INDAH","1479"
"20273","BUKIT INDAH","1441"
"20274","BUKIT MAKMUR","1479"
"20275","BUKIT MAKMUR","1524"
"20276","BUKIT MAKMUR","1525"
"20277","BUKIT MENYAN","1476"
"20278","BUKIT MULYA","1444"
"20279","BUKIT NIBUNG","1526"
"20280","BUKIT PENINJAUAN I","1453"
"20281","BUKIT PENINJAUAN II","1453"
"20282","BUKIT SARI","1480"
"20283","BUKIT SARI","1460"
"20284","BUKIT TINGGI","1479"
"20285","BUKIT","1475"
"20286","BUMI AGUNG","1514"
"20287","BUMI AYU","1522"
"20288","BUMI HARJO","1479"
"20289","BUMI MEKAR JAYA","1443"
"20290","BUMI MULYA","1525"
"20291","BUMI SARI","1450"
"20292","BUNGA MAS","1527"
"20293","BUNGA MELUR","1500"
"20294","BUNGA TANJUNG","1509"
"20295","BUNGIN TAMBUN I","1528"
"20296","BUNGIN TAMBUN II","1528"
"20297","BUNGIN TAMBUN III","1528"
"20298","BUNGIN","1526"
"20299","BUNUT TINGGI","1471"
"20300","BURNI","1441"
"20301","CAHAYA BATIN","1500"
"20302","CAHAYA NEGERI","1448"
"20303","CAHAYA NEGERI","1453"
"20304","CAHAYA NEGERI / NEGRI","1512"
"20305","CAWANG BARU","1449"
"20306","CAWANG LAMA","1449"
"20307","CAWANG","1491"
"20308","CEMPAKA PERMAI","1529"
"20309","CINTA ASIH","1444"
"20310","CINTA MAKMUR","1524"
"20311","CINTA MANDI BARU","1476"
"20312","CINTO MANDI (CINTA MANDI)","1476"
"20313","CINTO MANDI","1452"
"20314","CIPTA MULYA","1466"
"20315","CIREBON BARU (CIRBON BARU)","1473"
"20316","COKO BETUNG","1528"
"20317","COKO ENAU","1511"
"20318","CUCUPAN","1501"
"20319","CUGUNG LALANG","1450"
"20320","CUGUNG LANGU","1461"
"20321","CURUP (DUSUN CURUP)","1530"
"20322","CURUP","1493"
"20323","DANEO  /  DANEU  /  DANAU","1495"
"20324","DARAT SAWAH ILIR (HILIR)","1502"
"20325","DARAT SAWAH ULU (HULU)","1502"
"20326","DARAT SAWAH","1531"
"20327","DASPETAH II","1450"
"20328","DASPETAH","1450"
"20329","DATAR LEBAR II","1498"
"20330","DATAR LEBAR","1470"
"20331","DATAR LEBAR","1498"
"20332","DATAR LEBAR","1505"
"20333","DATAR MACANG","1530"
"20334","DATAR PENOKOT  /  PENOKAT","1492"
"20335","DATAR RUYUNG","1532"
"20336","DATARAN TAPUS","1442"
"20337","DERATI","1519"
"20338","DERMAYU","1472"
"20339","DESA GAJAH MATI","1533"
"20340","DESA HARAPAN","1434"
"20341","DESA PAHLAWAN","1516"
"20342","DESA SEMIDANG","1533"
"20343","DUKU ILIR","1462"
"20344","DUKU ULU","1462"
"20345","DURIAN AMPARAN","1463"
"20346","DURIAN BESAR","1512"
"20347","DURIAN BUBUR","1471"
"20348","DURIAN DAUN","1470"
"20349","DURIAN DEMANG","1533"
"20350","DURIAN DEPUN","1515"
"20351","DURIAN LEBAR","1493"
"20352","DURIAN MAS","1519"
"20353","DURIAN SEBATANG","1514"
"20354","DURIAN SEGINIM","1502"
"20355","DUSUN ANYAR","1518"
"20356","DUSUN BARU I","1518"
"20357","DUSUN BARU II","1533"
"20358","DUSUN BARU PELOKAN","1534"
"20359","DUSUN BARU V KOTO","1445"
"20360","DUSUN BARU","1535"
"20361","DUSUN BARU","1519"
"20362","DUSUN BARU","1502"
"20363","DUSUN BARU","1536"
"20364","DUSUN BESAR","1537"
"20365","DUSUN CURUP","1516"
"20366","DUSUN MUARA AMAN","1520"
"20367","DUSUN PUKUR","1467"
"20368","DUSUN PULAU","1477"
"20369","DUSUN RAJA","1479"
"20370","DUSUN RAJO / RAJA","1470"
"20371","DUSUN SAWAH","1516"
"20372","DUSUN TENGAH","1491"
"20373","DUSUN TENGAH","1502"
"20374","DWI TUNGGAL","1435"
"20375","EMBONG I","1538"
"20376","EMBONG IJUK","1476"
"20377","EMBONG PANJANG","1539"
"20378","EMBONG SIDO","1476"
"20379","EMBONG URAM","1520"
"20380","EMBONG","1538"
"20381","FAJAR BARU","1479"
"20382","GADING JAYA","1513"
"20383","GAJAH MAKMUR","1540"
"20384","GAJAH MATI","1513"
"20385","GANDA SULI (GINDO SULI)","1512"
"20386","GANDUNG BARU","1520"
"20387","GANDUNG","1520"
"20388","GANJUH","1484"
"20389","GARDU","1464"
"20390","GARUT","1487"
"20391","GEDUNG AGUNG","1484"
"20392","GEDUNG MENUNG","1441"
"20393","GEDUNG SAKO II","1446"
"20394","GEDUNG SAKO","1446"
"20395","GEDUNG WANI","1541"
"20396","GELOMBANG (GELUMBANG)","1542"
"20397","GELOMBANG","1543"
"20398","GEMBUNG RAYA","1483"
"20399","GENTING DABUK","1457"
"20400","GENTING LUAR","1543"
"20401","GENTING PERANGKAP","1530"
"20402","GENTING","1468"
"20403","GERAMAT","1541"
"20404","GINDOSULI","1544"
"20405","GIRI KENCANA","1479"
"20406","GIRI MULYA","1545"
"20407","GIRI MULYA","1455"
"20408","GIRI NANTO","1455"
"20409","GUNUNG AGUNG","1532"
"20410","GUNUNG AGUNG","1476"
"20411","GUNUNG AGUNG","1511"
"20412","GUNUNG AGUNG","1491"
"20413","GUNUNG ALAM","1532"
"20414","GUNUNG ALAM","1546"
"20415","GUNUNG AYU I","1542"
"20416","GUNUNG AYU II","1502"
"20417","GUNUNG BANTAN","1543"
"20418","GUNUNG BESAR","1464"
"20419","GUNUNG KAYA","1454"
"20420","GUNUNG KAYO","1544"
"20421","GUNUNG KEMBANG","1547"
"20422","GUNUNG KEMBANG","1543"
"20423","GUNUNG MEGANG","1541"
"20424","GUNUNG MEGANG","1461"
"20425","GUNUNG MESIR","1517"
"20426","GUNUNG MESIR","1461"
"20427","GUNUNG PAYUNG","1479"
"20428","GUNUNG SAKTI","1547"
"20429","GUNUNG SELAM  /  SELAN","1532"
"20430","GUNUNG TERANG","1541"
"20431","GUNUNG TIGA II","1500"
"20432","GUNUNG TIGA","1500"
"20433","GURU AGUNG II","1511"
"20434","GURU AGUNG","1511"
"20435","GURU AGUNG","1451"
"20436","HARAPAN MAKMUR","1518"
"20437","HARGO BINANGUN","1455"
"20438","IBUL","1542"
"20439","IMIGRASI PERMU","1523"
"20440","IV / EMPAT SUKU MENANTI","1478"
"20441","JABI (DUSUN JABI)","1483"
"20442","JABI","1469"
"20443","JAGO BAYO","1470"
"20444","JALAN BARU","1435"
"20445","JALAN GEDANG","1529"
"20446","JAMBAT AKAR","1543"
"20447","JAMBU","1504"
"20448","JATI MULYO","1528"
"20449","JAWI","1541"
"20450","JAYA KARTA","1475"
"20451","JEMBATAN DUA","1446"
"20452","JEMBATAN KECIL","1537"
"20453","JENGGALU","1453"
"20454","JERANGLAH RENDAH","1547"
"20455","JERANGLAH TINGGI","1547"
"20456","JITRA (PASAR JITRA)","1503"
"20457","JOGYA BARU","1497"
"20458","JUM#&039AT (JUMAT)","1475"
"20459","KAANA","1489"
"20460","KABAWETAN / TANGSI BARU","1480"
"20461","KALAI DUAI","1464"
"20462","KALBANG","1470"
"20463","KALI PADANG","1449"
"20464","KALI","1464"
"20465","KAMPAI","1471"
"20466","KAMPUNG BALI","1503"
"20467","KAMPUNG BARU","1542"
"20468","KAMPUNG BARU","1449"
"20469","KAMPUNG BOGOR","1523"
"20470","KAMPUNG DELIMA","1462"
"20471","KAMPUNG GANDUNG","1520"
"20472","KAMPUNG JAWA BARU","1520"
"20473","KAMPUNG JAWA DALAM","1520"
"20474","KAMPUNG JAWA","1440"
"20475","KAMPUNG JERUK","1437"
"20476","KAMPUNG KELAWI / KLAWI","1548"
"20477","KAMPUNG MELAYU","1465"
"20478","KAMPUNG MUARA AMAN","1520"
"20479","KAMPUNG PENSIUNAN","1523"
"20480","KAMPUNG SAJAD","1465"
"20481","KANCING","1533"
"20482","KANDANG LIMUN","1521"
"20483","KANDANG MAS","1549"
"20484","KANDANG","1549"
"20485","KANDANG","1473"
"20486","KARANG AGUNG","1514"
"20487","KARANG ANYAR ILIR","1532"
"20488","KARANG ANYAR","1532"
"20489","KARANG ANYAR","1462"
"20490","KARANG ANYAR","1523"
"20491","KARANG ANYAR","1539"
"20492","KARANG ANYAR","1543"
"20493","KARANG ARE","1492"
"20494","KARANG BARU","1451"
"20495","KARANG CAYA","1481"
"20496","KARANG CAYO","1452"
"20497","KARANG DAPO ATAS","1526"
"20498","KARANG DAPO BAWAH","1526"
"20499","KARANG DAPO","1500"
"20500","KARANG ENDAH","1523"
"20501","KARANG JAYA","1449"
"20502","KARANG JAYA","1496"
"20503","KARANG NANDING","1533"
"20504","KARANG PANGGUNG","1493"
"20505","KARANG PINANG","1469"
"20506","KARANG PULAU","1466"
"20507","KARANG SUCI","1532"
"20508","KARANG TENGAH","1466"
"20509","KARANG TENGAH","1505"
"20510","KARANG TENGAH","1550"
"20511","KARANG TINGGI","1533"
"20512","KARYA BAKTI","1466"
"20513","KARYA JAYA","1466"
"20514","KARYA MULYA","1443"
"20515","KARYA PELITA","1466"
"20516","KASIE KASUBUN","1451"
"20517","KASUK BARU","1501"
"20518","KAYU AJARAN","1482"
"20519","KAYU ARANG","1453"
"20520","KAYU ELANG","1461"
"20521","KAYU KUNYIT","1547"
"20522","KAYU MANIS","1449"
"20523","KAYU MANIS","1448"
"20524","KEBAN AGUNG I","1514"
"20525","KEBAN AGUNG II","1514"
"20526","KEBAN AGUNG III","1514"
"20527","KEBAN AGUNG","1472"
"20528","KEBAN AGUNG","1476"
"20529","KEBAN JATI","1551"
"20530","KEBAN JATI","1482"
"20531","KEBUN BELER","1552"
"20532","KEBUN DAHRI","1488"
"20533","KEBUN GERAN (GERAND)","1488"
"20534","KEBUN KELING","1503"
"20535","KEBUN KENANGA","1552"
"20536","KEBUN LEBAR","1457"
"20537","KEBUN ROOS / ROS","1503"
"20538","KEBUN TEBENG","1552"
"20539","KEDATARAN","1438"
"20540","KEDU BARU","1497"
"20541","KELILIK","1523"
"20542","KELINDANG ATAS","1504"
"20543","KELINDANG","1504"
"20544","KELOBAK","1523"
"20545","KEMANG MANIS","1553"
"20546","KEMANG MANIS","1452"
"20547","KEMANG MANIS","1461"
"20548","KEMBANG AYUN","1547"
"20549","KEMBANG AYUN","1434"
"20550","KEMBANG MANIS","1508"
"20551","KEMBANG MUMPO","1543"
"20552","KEMBANG SERI","1476"
"20553","KEMBANG SERI","1452"
"20554","KEMBANG SERI","1475"
"20555","KEMBANG SERI","1471"
"20556","KEMUMU","1464"
"20557","KEPAHIANG (DUSUN KEPAHINGAN)","1523"
"20558","KEPAHYANG","1512"
"20559","KEPAHYANG","1501"
"20560","KEPALA CURUP","1437"
"20561","KEPALA PASAR","1446"
"20562","KEPALA SIRING","1440"
"20563","KEROYA","1492"
"20564","KERTA PATI MUDIK","1492"
"20565","KERTA PATI","1492"
"20566","KERTAPATI","1530"
"20567","KESAMBE BARU","1462"
"20568","KESAMBE LAMA","1462"
"20569","KETAPANG BARU","1543"
"20570","KETAPANG BESAR","1517"
"20571","KETAPI","1486"
"20572","KETAPING","1547"
"20573","KETENONG I","1456"
"20574","KETENONG II","1456"
"20575","KETENONG JAYA","1456"
"20576","KHAYAPU","1489"
"20577","KINAL JAYA","1483"
"20578","KOMERING","1493"
"20579","KOTA AGUNG","1530"
"20580","KOTA AGUNG","1476"
"20581","KOTA AGUNG","1502"
"20582","KOTA AGUNG","1527"
"20583","KOTA AGUNG","1538"
"20584","KOTA BARU SANTAN","1546"
"20585","KOTA BARU","1538"
"20586","KOTA BUMI BARU","1502"
"20587","KOTA BUMI","1484"
"20588","KOTA LEKAT ILIR","1439"
"20589","KOTA LEKAT MUDIK","1439"
"20590","KOTA MEDAN","1542"
"20591","KOTA NIUR","1505"
"20592","KOTA PADANG BARU","1519"
"20593","KOTA PADANG","1519"
"20594","KOTA PADANG","1547"
"20595","KOTA PAGU","1516"
"20596","KOTA PRAJA","1490"
"20597","KOTA TITIK","1457"
"20598","KOTO JAYA","1510"
"20599","KUALA LANGI / LELANGI","1479"
"20600","KUNDURAN","1527"
"20601","KUNGKAI BARU","1472"
"20602","KURIPAN","1544"
"20603","KURO TIDUR","1532"
"20604","KUTAI DONOK","1554"
"20605","KUTI AGUNG","1453"
"20606","KUTO REJO (KUTEREJO)","1523"
"20607","LADANG PALEMBANG","1520"
"20608","LAGAN BUNGIN","1475"
"20609","LAGAN","1475"
"20610","LALANG LUAS","1555"
"20611","LANGGAR JAYA","1476"
"20612","LAWANG AGUNG","1472"
"20613","LAWANG AGUNG","1514"
"20614","LAWANG AGUNG","1498"
"20615","LAWANG AGUNG","1469"
"20616","LAYANG LEKAT","1492"
"20617","LEBONG DONOK","1520"
"20618","LEBONG TAMBANG","1520"
"20619","LEBONG TANDAI","1483"
"20620","LEMEU  /  LIMAU","1538"
"20621","LEMEU PIT","1556"
"20622","LEMPUING","1552"
"20623","LIMAUPIT","1539"
"20624","LIMBUR LAMA (LEMBUR LAMA)","1476"
"20625","LIMBUR / LEMBUR BARU","1474"
"20626","LIMUS","1481"
"20627","LINAU","1438"
"20628","LINGGAR GALING","1518"
"20629","LINGKAR BARAT","1529"
"20630","LINGKAR TIMUR","1537"
"20631","LOKASARI","1520"
"20632","LOKASI BARU","1472"
"20633","LUBUK ALAI","1469"
"20634","LUBUK BALAM","1530"
"20635","LUBUK BANGKO","1496"
"20636","LUBUK BANYAU","1494"
"20637","LUBUK BELIMBING I","1507"
"20638","LUBUK BELIMBING II","1507"
"20639","LUBUK BENTO","1443"
"20640","LUBUK BETUNG","1543"
"20641","LUBUK BINGIN BARU","1507"
"20642","LUBUK CABAU","1555"
"20643","LUBUK DURIAN","1497"
"20644","LUBUK GADING","1486"
"20645","LUBUK GADIS","1471"
"20646","LUBUK GEDANG","1470"
"20647","LUBUK GEDANG","1490"
"20648","LUBUK GILANG","1472"
"20649","LUBUK GIO","1471"
"20650","LUBUK GUNG","1500"
"20651","LUBUK JALE","1497"
"20652","LUBUK KEBUR","1536"
"20653","LUBUK KEMBANG","1516"
"20654","LUBUK LADUNG","1481"
"20655","LUBUK LAGAN","1459"
"20656","LUBUK LAGAN","1506"
"20657","LUBUK LANGKAP","1468"
"20658","LUBUK LESUNG","1470"
"20659","LUBUK LINTANG","1536"
"20660","LUBUK MINDAI","1479"
"20661","LUBUK MUKTI","1525"
"20662","LUBUK MUMPO","1508"
"20663","LUBUK MUMPO","1519"
"20664","LUBUK NGANTUNGAN","1471"
"20665","LUBUK PENDAM","1493"
"20666","LUBUK PENDAM","1486"
"20667","LUBUK PENYAMUN","1515"
"20668","LUBUK PINANG","1490"
"20669","LUBUK PUAR","1493"
"20670","LUBUK RESAM","1514"
"20671","LUBUK RESAM","1557"
"20672","LUBUK SAHUNG","1558"
"20673","LUBUK SAHUNG","1453"
"20674","LUBUK SANAI II","1534"
"20675","LUBUK SANAI III","1534"
"20676","LUBUK SANAI","1534"
"20677","LUBUK SAUNG","1473"
"20678","LUBUK SAUNG / SAHUNG","1532"
"20679","LUBUK SELANDAK","1443"
"20680","LUBUK SEMATUNG","1486"
"20681","LUBUK SINI","1505"
"20682","LUBUK SIRIH ILIR","1547"
"20683","LUBUK SIRIH ULU","1547"
"20684","LUBUK TALANG","1540"
"20685","LUBUK TANJUNG","1467"
"20686","LUBUK TANJUNG / TUNJUNG","1507"
"20687","LUBUK TAPI","1482"
"20688","LUBUK TERENTANG","1491"
"20689","LUBUK UBAR","1458"
"20690","LUBUK UNEN BARU","1504"
"20691","LUBUK UNEN","1504"
"20692","LUNJUK","1459"
"20693","MAGELANG BARU","1556"
"20694","MAGELANG BARU","1539"
"20695","MAGELANG","1497"
"20696","MAKMUR JAYA","1477"
"20697","MALABERO / MALABRO","1503"
"20698","MALAKONI","1489"
"20699","MANAU SEMBILAN I","1528"
"20700","MANAU SEMBILAN II","1528"
"20701","MANDI ANGIN JAYA","1443"
"20702","MANGGUL","1547"
"20703","MANJUNTO JAYA","1436"
"20704","MANUNGGAL JAYA","1444"
"20705","MARAS BANTAN","1543"
"20706","MARAS JAUH","1461"
"20707","MARAS TENGAH","1543"
"20708","MARAS","1551"
"20709","MARGA BAKTI","1479"
"20710","MARGA JAYA","1494"
"20711","MARGA MUKTI","1525"
"20712","MARGA MUKTI","1496"
"20713","MARGA MULIA","1477"
"20714","MARGA MULYO","1454"
"20715","MARGA SAKTI","1494"
"20716","MARGO MULYA","1518"
"20717","MARGO SARI","1535"
"20718","MASAT","1484"
"20719","MASMAMBANG","1471"
"20720","MASRIA BARU","1500"
"20721","MEDAN JAYA","1444"
"20722","MEKAR JAYA","1477"
"20723","MEKAR JAYA","1496"
"20724","MEKAR JAYA","1455"
"20725","MEKAR MULYA","1525"
"20726","MEKAR MULYA","1496"
"20727","MEKAR SARI MUKTI","1461"
"20728","MEKAR SARI","1535"
"20729","MEKAR SARI","1480"
"20730","MEKAR SARI","1513"
"20731","MELAO","1547"
"20732","MENTIRING","1500"
"20733","MEOK","1489"
"20734","MERAMBUNG","1482"
"20735","MERANTAU","1507"
"20736","MERANTI JAYA","1450"
"20737","MERPAS","1441"
"20738","MESIGIT","1508"
"20739","MOJOREJO","1448"
"20740","MUARA DANAU","1502"
"20741","MUARA DANAU","1471"
"20742","MUARA DUA","1549"
"20743","MUARA DUA","1441"
"20744","MUARA DUA","1461"
"20745","MUARA JAYA","1438"
"20746","MUARA KETAYU","1520"
"20747","MUARA LANGKAP","1476"
"20748","MUARA MARAS","1543"
"20749","MUARA NIBUNG","1455"
"20750","MUARA PAYANG","1502"
"20751","MUARA PULUTAN","1502"
"20752","MUARA SAHUNG","1524"
"20753","MUARA SANTAN","1483"
"20754","MUARA SIMPUR","1455"
"20755","MUARA TELITA","1451"
"20756","MUARA TETAP","1501"
"20757","MUARA TIGA ILIR","1514"
"20758","MUARA TIGA","1514"
"20759","MUARA TIMPUT","1543"
"20760","MUBAI","1554"
"20761","MUNDAM MARAP","1444"
"20762","MUNING AGUNG","1556"
"20763","NAGA RANTAI","1528"
"20764","NAKAU","1475"
"20765","NANGAI TAYAU I","1487"
"20766","NANGAI TAYAU","1487"
"20767","NANJUNGAN","1481"
"20768","NANJUNGAN","1452"
"20769","NANJUNGAN","1461"
"20770","NANTI AGUNG","1535"
"20771","NANTI AGUNG","1514"
"20772","NANTI AGUNG","1461"
"20773","NANTI AGUNG","1550"
"20774","NAPAL JUNGUR","1491"
"20775","NAPAL MELINTANG","1452"
"20776","NAPAL MELINTANG","1471"
"20777","NAPAL PUTIH","1483"
"20778","NAPAL","1536"
"20779","NAPALAN","1461"
"20780","NAPALAN","1506"
"20781","NELAN INDAH","1443"
"20782","NENGGALO","1509"
"20783","NIUR","1453"
"20784","NUSA INDAH","1552"
"20785","NUSUK","1500"
"20786","PADANG BAKUNG","1543"
"20787","PADANG BARU","1553"
"20788","PADANG BATU","1535"
"20789","PADANG BENDAR","1439"
"20790","PADANG BERANGIN","1542"
"20791","PADANG BERIANG","1452"
"20792","PADANG BERUNAI","1468"
"20793","PADANG BETUAH","1434"
"20794","PADANG BINDU","1481"
"20795","PADANG BINJAI","1501"
"20796","PADANG BURNAI","1544"
"20797","PADANG CAPO ILIR","1491"
"20798","PADANG CAPO ULU","1491"
"20799","PADANG CEKUR","1535"
"20800","PADANG GADING","1513"
"20801","PADANG GENTING","1446"
"20802","PADANG GENTING","1559"
"20803","PADANG HANGAT","1553"
"20804","PADANG HARAPAN","1529"
"20805","PADANG JATI","1512"
"20806","PADANG JATI","1488"
"20807","PADANG JAWI","1544"
"20808","PADANG JAYA","1494"
"20809","PADANG KALA","1508"
"20810","PADANG KAPUK","1542"
"20811","PADANG KEDEPER","1504"
"20812","PADANG KEDONDONG","1499"
"20813","PADANG KELAPA","1543"
"20814","PADANG KUAS","1453"
"20815","PADANG LEBAN","1499"
"20816","PADANG LEBAR","1484"
"20817","PADANG LEBAR","1502"
"20818","PADANG LEKAT","1523"
"20819","PADANG MANIS","1511"
"20820","PADANG MANIS","1547"
"20821","PADANG MERBAU","1559"
"20822","PADANG MUMPO","1484"
"20823","PADANG NANGKA","1537"
"20824","PADANG NIBUNG","1544"
"20825","PADANG NIUR","1542"
"20826","PADANG PANDAN","1547"
"20827","PADANG PANJANG","1500"
"20828","PADANG PELASAN","1472"
"20829","PADANG PELAWI","1453"
"20830","PADANG PERI","1543"
"20831","PADANG PETRON","1446"
"20832","PADANG RAMBUN","1559"
"20833","PADANG SEPAN","1486"
"20834","PADANG SERAI","1549"
"20835","PADANG SERASAN","1452"
"20836","PADANG SERUNAIAN","1461"
"20837","PADANG SIALANG","1517"
"20838","PADANG SIRING","1533"
"20839","PADANG SIRING","1502"
"20840","PADANG TAMBAK","1533"
"20841","PADANG TAMBAK","1484"
"20842","PADANG TINGGI","1499"
"20843","PADANG ULAKTANJUNG","1475"
"20844","PAGAR AGUNG","1476"
"20845","PAGAR AGUNG","1539"
"20846","PAGAR AGUNG","1493"
"20847","PAGAR AGUNG","1459"
"20848","PAGAR AGUNG","1455"
"20849","PAGAR ALAM","1528"
"20850","PAGAR BANYU","1464"
"20851","PAGAR BANYU","1481"
"20852","PAGAR BANYU","1455"
"20853","PAGAR BESI","1493"
"20854","PAGAR DEWA","1531"
"20855","PAGAR DEWA","1542"
"20856","PAGAR DEWA","1434"
"20857","PAGAR DEWA","1522"
"20858","PAGAR DEWA","1501"
"20859","PAGAR DIN","1460"
"20860","PAGAR GADING","1452"
"20861","PAGAR GUNUNG","1465"
"20862","PAGAR GUNUNG","1533"
"20863","PAGAR GUNUNG","1523"
"20864","PAGAR GUNUNG","1528"
"20865","PAGAR JATI","1492"
"20866","PAGAR JATI","1475"
"20867","PAGAR RUYUNG","1464"
"20868","PAGAR RUYUNG","1463"
"20869","PAGAR","1455"
"20870","PAHLAWAN RATU","1446"
"20871","PAJAR BULAN","1553"
"20872","PAJAR BULAN","1514"
"20873","PAJAR BULAN","1502"
"20874","PAJAR BULAN","1461"
"20875","PAKU HAJI","1518"
"20876","PAL SERATUS / 100","1442"
"20877","PAL TIGA PULUH","1470"
"20878","PAL VII / TUJUH","1442"
"20879","PAL VIII / DELAPAN","1442"
"20880","PALAK BENGKERUNG","1551"
"20881","PALAK SIRING","1514"
"20882","PALUAH TERAP","1535"
"20883","PANCA MUKTI","1434"
"20884","PANCUR NEGARA","1511"
"20885","PANDAN","1557"
"20886","PANGKALAN","1538"
"20887","PANORAMA","1537"
"20888","PAPAHAN","1541"
"20889","PARDA SUKA","1438"
"20890","PASAR BANTAL","1509"
"20891","PASAR BARU KOTA BANI","1466"
"20892","PASAR BARU","1435"
"20893","PASAR BARU","1444"
"20894","PASAR BARU","1446"
"20895","PASAR BARU","1542"
"20896","PASAR BARU","1441"
"20897","PASAR BARU","1502"
"20898","PASAR BARU","1503"
"20899","PASAR BAWAH","1517"
"20900","PASAR BEMBA","1467"
"20901","PASAR BENGKULU","1548"
"20902","PASAR IPUH","1444"
"20903","PASAR JUMAT","1441"
"20904","PASAR KEPAHIANG","1523"
"20905","PASAR KERKAP","1467"
"20906","PASAR KETAHUN","1479"
"20907","PASAR LAIS","1470"
"20908","PASAR LAMA","1446"
"20909","PASAR MELINTANG","1503"
"20910","PASAR MUARA AMAN","1520"
"20911","PASAR MUKOMUKO","1510"
"20912","PASAR MULIA","1517"
"20913","PASAR NGALAM","1472"
"20914","PASAR PADANG ULAK TANDING","1451"
"20915","PASAR PALIK","1467"
"20916","PASAR PEDATI","1434"
"20917","PASAR PINO","1452"
"20918","PASAR SAOH","1446"
"20919","PASAR SEBELAH","1510"
"20920","PASAR SEBELAT","1466"
"20921","PASAR SEJANTUNG","1523"
"20922","PASAR SELUMA","1559"
"20923","PASAR TAIS","1536"
"20924","PASAR TALO","1535"
"20925","PASAR TEBAT","1467"
"20926","PASAR TENGAH","1435"
"20927","PASAR UJUNG","1523"
"20928","PAUH TERENJAH","1534"
"20929","PAYA EMBIK","1487"
"20930","PEKALONGAN","1450"
"20931","PEKAN SABTU","1522"
"20932","PEKIK NYARING","1434"
"20933","PELABAI (PELABI)","1546"
"20934","PELABUHAN BARU","1440"
"20935","PELABUHAN TALANG LEAK","1526"
"20936","PELAJARAN I","1499"
"20937","PELAJARAN II","1499"
"20938","PELALO","1448"
"20939","PELANGKIAN","1523"
"20940","PEMATANG DALAM","1439"
"20941","PEMATANG DANAU AIR LES","1474"
"20942","PEMATANG DANAU","1438"
"20943","PEMATANG DONOK","1480"
"20944","PEMATANG GUBERNUR","1521"
"20945","PEMATANG RIDING / RINDANG","1543"
"20946","PEMATANG SAPANG","1464"
"20947","PEMATANG TIGA LAMA","1457"
"20948","PEMATANG TIGA","1457"
"20949","PENAGO BARU","1535"
"20950","PENAGO I","1535"
"20951","PENAGO II","1535"
"20952","PENANDING","1533"
"20953","PENANDINGAN","1551"
"20954","PENANDINGAN","1541"
"20955","PENANJUNG PANJANG ATAS","1550"
"20956","PENANJUNG PANJANG","1550"
"20957","PENANTIAN","1531"
"20958","PENARIK","1525"
"20959","PENEMBANG","1504"
"20960","PENGAMBANG","1469"
"20961","PENGGANTUNGAN","1488"
"20962","PENGUBAIAN","1446"
"20963","PENGURUNG","1541"
"20964","PENINDAIAN","1481"
"20965","PENINJAU (MANINJAU)","1463"
"20966","PENSIUNAN","1523"
"20967","PENUM","1505"
"20968","PENURUNAN","1488"
"20969","PENYANDINGAN","1553"
"20970","PENYANDINGAN","1438"
"20971","PENYANGKAK","1530"
"20972","PENYANGKAK","1497"
"20973","PERADUAN BINJAI","1550"
"20974","PERBO","1516"
"20975","PERBO","1497"
"20976","PERIANG","1507"
"20977","PERING BARU","1506"
"20978","PERMU BAWAH","1523"
"20979","PERMU","1523"
"20980","PERNYAH","1443"
"20981","PERUGIAN","1511"
"20982","PETAI KAYU","1461"
"20983","PINANG JAWA II","1541"
"20984","PINANG JAWA","1541"
"20985","PINJU LAYANG","1461"
"20986","PINO BARU","1551"
"20987","PINTU BATU","1503"
"20988","PLAJU (PELAJAU)","1533"
"20989","PONDOK BAKIL","1460"
"20990","PONDOK BARU","1558"
"20991","PONDOK BARU","1509"
"20992","PONDOK BATU","1510"
"20993","PONDOK BESI","1503"
"20994","PONDOK KANDANG","1443"
"20995","PONDOK KELAPA","1434"
"20996","PONDOK KOPI","1496"
"20997","PONDOK KUBANG","1518"
"20998","PONDOK LUNANG","1445"
"20999","PONDOK MAKMUR","1436"
"21000","PONDOK PANJANG","1555"
"21001","PONDOK SUGUH","1443"
"21002","PONDOK TENGAH","1555"
"21003","PUDING","1484"
"21004","PUGUK","1557"
"21005","PULANG PANGGUNG","1512"
"21006","PULAU BARU","1444"
"21007","PULAU MAKMUR","1444"
"21008","PULAU PANGGUNG","1454"
"21009","PULAU PANGGUNG","1475"
"21010","PULAU PAYUNG (PULAI PAYUNG)","1444"
"21011","PULO GETO BARU","1515"
"21012","PULOGETO","1515"
"21013","PUNGGUK BERINGIN","1504"
"21014","PUNGGUK JAYA","1493"
"21015","PUNGGUK KETUPAT","1504"
"21016","PUNGGUK LALANG","1458"
"21017","PUNGGUK MERANTI","1450"
"21018","PUNGGUK MERINGANG","1450"
"21019","PUNGGUK PEDARO","1526"
"21020","PUNJUNG","1493"
"21021","PURBOSARI","1459"
"21022","PURWODADI","1532"
"21023","PURWODADI","1465"
"21024","RAJAB BESI  /  RAJAK BESI","1493"
"21025","RAMA AGUNG","1532"
"21026","RAMI MULIA","1477"
"21027","RANAH KARYA","1490"
"21028","RANTAU PANJANG","1461"
"21029","RANTAU SIALANG","1514"
"21030","RASNO","1555"
"21031","RAWA BANGUN","1534"
"21032","RAWA INDAH","1535"
"21033","RAWA MAKMUR PERMAI","1521"
"21034","RAWA MAKMUR","1521"
"21035","RAWA MULYA","1534"
"21036","RAWASARI","1527"
"21037","RENA JAYA","1545"
"21038","RENA JAYA","1492"
"21039","RENA KANDIS","1492"
"21040","RENA LEBAR","1533"
"21041","RENA SEMANEK","1533"
"21042","RENAH GAJAH MATI 1","1461"
"21043","RENAH GAJAH MATI II","1461"
"21044","RENAH KURUNG","1474"
"21045","RENAH / RENA PANJANG","1491"
"21046","RETAK HILIR","1444"
"21047","RETAK MUDIK","1513"
"21048","RETES","1508"
"21049","RIAK SIABUN I","1453"
"21050","RIAK SIABUN","1453"
"21051","RIGANGAN I","1531"
"21052","RIGANGAN II","1531"
"21053","RIGANGAN III","1531"
"21054","RIMBO BESAK","1543"
"21055","RIMBO KEDUI","1559"
"21056","RIMBO PENGADANG","1447"
"21057","RIMBO RECAP","1458"
"21058","RINDU HATI","1505"
"21059","SAKAIAN","1491"
"21060","SALAM HARJO","1497"
"21061","SAMBAN JAYA","1463"
"21062","SAMBIREJO","1449"
"21063","SARI BULAN","1445"
"21064","SARI MAKMUR","1445"
"21065","SARI MULYO","1453"
"21066","SARI PULAU","1507"
"21067","SAWAH JANGKUNG","1446"
"21068","SAWAH LEBAR BARU","1552"
"21069","SAWAH LEBAR","1552"
"21070","SAWANG LEBAR ILIR","1486"
"21071","SAWANG LEBAR","1486"
"21072","SEBELAT","1456"
"21073","SEBERANG TUNGGAL","1463"
"21074","SEBILO","1484"
"21075","SEGURING","1516"
"21076","SEKALAK","1557"
"21077","SEKAYUN HILIR  /  ILIR","1468"
"21078","SEKAYUN MUDIK","1468"
"21079","SEKAYUN","1468"
"21080","SEKIAU","1463"
"21081","SEKUNYIT","1446"
"21082","SELAGAN JAYA","1510"
"21083","SELALI I","1452"
"21084","SELAMAT SUDIARJO","1465"
"21085","SELASIH","1446"
"21086","SELEBAR JAYA","1487"
"21087","SELEBAR","1527"
"21088","SELIKA I","1499"
"21089","SELIKA II","1499"
"21090","SELIKA III","1499"
"21091","SELINGSINGAN","1557"
"21092","SELOLONG","1463"
"21093","SELUBUK","1467"
"21094","SEMAMBANG MAKMUR (SEMAMBUNG)","1540"
"21095","SEMARANG","1548"
"21096","SEMBAYAT","1527"
"21097","SEMELAKO","1539"
"21098","SEMUNDAM","1444"
"21099","SENABAH  /  SENABAN","1457"
"21100","SENAK PERDA","1498"
"21101","SENALI","1532"
"21102","SENDAWAR","1543"
"21103","SENGKUANG JAYA","1459"
"21104","SENGKUANG","1559"
"21105","SENGKUANG","1486"
"21106","SENTRAL BARU","1465"
"21107","SERAMBI GUNUNG","1471"
"21108","SERAMI BARU","1540"
"21109","SERANG BULAN","1452"
"21110","SERANGAI","1463"
"21111","SERIAN BANDUNG","1543"
"21112","SERUMBUNG","1497"
"21113","SETIA BUDI","1496"
"21114","SIBAK (DUSUN SIBAK)","1444"
"21115","SIDO LUHUR","1494"
"21116","SIDO LUHUR","1453"
"21117","SIDO MAKMUR","1480"
"21118","SIDO MAKMUR","1490"
"21119","SIDO MAKMUR","1443"
"21120","SIDO MUKTI","1494"
"21121","SIDO MULYA","1525"
"21122","SIDO MULYO","1529"
"21123","SIDO MULYO","1559"
"21124","SIDO MULYO","1496"
"21125","SIDO REJO","1480"
"21126","SIDO SARI","1453"
"21127","SIDO URIP","1532"
"21128","SIDODADI","1464"
"21129","SIDODADI","1434"
"21130","SIDODADI","1513"
"21131","SIDOREJA (SIDOREJO / SIDEREJO)","1434"
"21132","SIDOREJO / SIDEREJO","1440"
"21133","SIMPANG BELITI","1437"
"21134","SIMPANG KETENONG","1497"
"21135","SIMPANG KOTA BINGIN","1515"
"21136","SIMPANG NANGKA","1449"
"21137","SIMPANG PINO","1482"
"21138","SIMPANG TIGA PAGAR GASING","1471"
"21139","SIMPANG TIGA","1511"
"21140","SIMPANG","1557"
"21141","SINAR BANTEN","1441"
"21142","SINAR BULAN","1498"
"21143","SINAR GUNUNG","1478"
"21144","SINAR GUNUNG","1550"
"21145","SINAR JAYA","1553"
"21146","SINAR JAYA","1490"
"21147","SINAR LAUT","1443"
"21148","SINAR PAGI","1446"
"21149","SINAR PAGI","1557"
"21150","SINDANG BULAN","1502"
"21151","SINDANG JATI","1448"
"21152","SINDANG JAYA","1448"
"21153","SIPUR / SIMPUR IJANG","1455"
"21154","SIRING AGUNG","1531"
"21155","SOSOKAN BARU","1474"
"21156","SOSOKAN CINTA MANDI","1476"
"21157","SOSOKAN TABAH","1474"
"21158","SRI KUNCORO","1434"
"21159","SRIKATON","1434"
"21160","SUBAN AYAM","1449"
"21161","SUBAN","1461"
"21162","SUKA BANDUNG","1551"
"21163","SUKA BANDUNG","1446"
"21164","SUKA BANDUNG","1452"
"21165","SUKA BANJAR","1501"
"21166","SUKA BARU","1466"
"21167","SUKA BULAN","1506"
"21168","SUKA BUMI","1556"
"21169","SUKA BUMI","1539"
"21170","SUKA DAMAI","1539"
"21171","SUKA DATANG","1516"
"21172","SUKA JAYA","1481"
"21173","SUKA JAYA","1441"
"21174","SUKA KAYO","1495"
"21175","SUKA LANGU","1470"
"21176","SUKA MAJU","1551"
"21177","SUKA MAJU","1472"
"21178","SUKA MAJU","1525"
"21179","SUKA MAJU","1466"
"21180","SUKA MAKMUR","1466"
"21181","SUKA MARGA","1487"
"21182","SUKA MARGA","1458"
"21183","SUKA MEDAN","1466"
"21184","SUKA MENANTI","1438"
"21185","SUKA MERINDU","1466"
"21186","SUKA MERINDU","1500"
"21187","SUKA MERINDU","1507"
"21188","SUKA MERINDU","1548"
"21189","SUKA MERINDU","1506"
"21190","SUKA MULYA","1545"
"21191","SUKA NANTI","1498"
"21192","SUKA NEGARA","1466"
"21193","SUKA NEGERI","1551"
"21194","SUKA NEGERI","1485"
"21195","SUKA PINDAH","1490"
"21196","SUKA RAJA","1481"
"21197","SUKA RAJA","1501"
"21198","SUKA RAMI II","1531"
"21199","SUKA RAMI","1465"
"21200","SUKA RAMI","1519"
"21201","SUKA RAMI","1559"
"21202","SUKA RAMI","1505"
"21203","SUKA SARI","1554"
"21204","SUKAKARYA","1507"
"21205","SUKAMAKMUR","1545"
"21206","SUKAMARGA","1463"
"21207","SUKAMERINDU","1523"
"21208","SUKARAJA","1487"
"21209","SUKARAJA","1462"
"21210","SUKARAJA","1502"
"21211","SUKARAJA","1453"
"21212","SUKARAMI I","1481"
"21213","SUKARAMI","1551"
"21214","SUKARAMI","1508"
"21215","SUKARAMI","1553"
"21216","SUKARAMI","1531"
"21217","SUKARAMI","1522"
"21218","SUKASARI","1472"
"21219","SUKASARI","1480"
"21220","SUKAU DATANG I","1546"
"21221","SUKAU DATANG","1546"
"21222","SUKU TIGA","1441"
"21223","SULAUWANGI (SULA WANGI)","1499"
"21224","SUMBER AGUNG","1464"
"21225","SUMBER ARUNG / ARUM","1453"
"21226","SUMBER BENING","1449"
"21227","SUMBER HARAPAN","1438"
"21228","SUMBER HARAPAN","1441"
"21229","SUMBER JAYA","1549"
"21230","SUMBER MAKMUR","1490"
"21231","SUMBER MAKMUR","1524"
"21232","SUMBER MAKMUR","1453"
"21233","SUMBER MAKMUR","1513"
"21234","SUMBER MULYA","1479"
"21235","SUMBER MULYA","1525"
"21236","SUMBER REJO TRANSAD","1442"
"21237","SUMBER SARI","1445"
"21238","SUMBER SARI","1480"
"21239","SUMBER URIP","1449"
"21240","SUMBEREJO","1439"
"21241","SUMUR DEWA","1522"
"21242","SUMUR MELELEH","1503"
"21243","SUNDA KELAPA","1434"
"21244","SUNGAI GADING","1558"
"21245","SUNGAI GERONG","1487"
"21246","SUNGAI IPUH DUA","1496"
"21247","SUNGAI IPUH SATU","1496"
"21248","SUNGAI IPUH","1558"
"21249","SUNGAI JERINJING","1558"
"21250","SUNGAI JERNIH","1473"
"21251","SUNGAI LINTANG","1555"
"21252","SUNGAI LISAI","1456"
"21253","SUNGAI PETAI","1506"
"21254","SUNGAI PURA","1530"
"21255","SUNGAI RENGAS","1555"
"21256","SUNGKAI BERAYUN","1468"
"21257","SURABAYA","1548"
"21258","SURAU","1505"
"21259","SURIAN BUNGKAL","1558"
"21260","SURO BALI","1450"
"21261","SURO BARU","1450"
"21262","SURO ILIR","1450"
"21263","SURO LEMBAK","1450"
"21264","SURO MUNCAR","1450"
"21265","SUSUP","1493"
"21266","TABA AIR PAUH","1550"
"21267","TABA ANYAR","1519"
"21268","TABA ANYAR","1554"
"21269","TABA BARU","1476"
"21270","TABA BARU","1470"
"21271","TABA BARU","1505"
"21272","TABA DURIAN SEBAKUL","1504"
"21273","TABA GEMATUNG","1493"
"21274","TABA JAMBU","1518"
"21275","TABA KELINTANG","1463"
"21276","TABA LAGAN","1475"
"21277","TABA LUBUK PUDING","1472"
"21278","TABA MULAN","1515"
"21279","TABA MUTUNG","1533"
"21280","TABA PADANG KOL","1439"
"21281","TABA PADANG REJANG","1439"
"21282","TABA PADANG","1437"
"21283","TABA PADANG","1473"
"21284","TABA PASEMA (PASMAH)","1475"
"21285","TABA PENANJUNG","1505"
"21286","TABA RENAH  /  RENA","1492"
"21287","TABA SALING","1550"
"21288","TABA SANTING (TABASATING)","1550"
"21289","TABA SEBERANG","1539"
"21290","TABA TEBELET","1523"
"21291","TABA TEMBILANG","1532"
"21292","TABA TENGAH","1468"
"21293","TABA TERET","1505"
"21294","TABA TERUNJAM","1533"
"21295","TABA TINGGI","1451"
"21296","TABA","1506"
"21297","TABARENAH","1516"
"21298","TABEAK BLAU DUA / II","1546"
"21299","TABEAK BLAU I","1495"
"21300","TABEAK BLAU","1495"
"21301","TABEAK DIPOA","1556"
"21302","TABEAK KAUK","1556"
"21303","TAKTOI","1451"
"21304","TALANG ALAI","1472"
"21305","TALANG ALAI","1543"
"21306","TALANG AMBUNG  /  LAMBUNG","1504"
"21307","TALANG ARAH","1540"
"21308","TALANG ARAH","1466"
"21309","TALANG BABATAN","1473"
"21310","TALANG BARU GINTING","1530"
"21311","TALANG BARU I","1485"
"21312","TALANG BARU II","1485"
"21313","TALANG BARU","1479"
"21314","TALANG BARU","1540"
"21315","TALANG BELITAR","1478"
"21316","TALANG BENIH","1435"
"21317","TALANG BENUANG","1472"
"21318","TALANG BERANTAI","1460"
"21319","TALANG BERINGIN","1541"
"21320","TALANG BERINGIN","1557"
"21321","TALANG BERINGIN","1543"
"21322","TALANG BESAR","1454"
"21323","TALANG BUAI","1496"
"21324","TALANG BUNUT","1487"
"21325","TALANG BUSENG  /  BOSENG","1434"
"21326","TALANG CURUP","1497"
"21327","TALANG CURUP","1492"
"21328","TALANG DANTUK","1536"
"21329","TALANG DENAU","1532"
"21330","TALANG DONOK I","1485"
"21331","TALANG DONOK","1468"
"21332","TALANG DONOK","1485"
"21333","TALANG DURIAN","1461"
"21334","TALANG EMPAT","1533"
"21335","TALANG EMPAT","1557"
"21336","TALANG GADING","1513"
"21337","TALANG GELOMPOK","1473"
"21338","TALANG GINTING","1530"
"21339","TALANG GIRING","1491"
"21340","TALANG INDAH","1544"
"21341","TALANG JAMBU","1497"
"21342","TALANG JARANG","1467"
"21343","TALANG JAWI I","1454"
"21344","TALANG JAWI II","1454"
"21345","TALANG KABU","1535"
"21346","TALANG KARET","1550"
"21347","TALANG KEBUN","1491"
"21348","TALANG KEMANG","1543"
"21349","TALANG KERINCI","1526"
"21350","TALANG KERING","1467"
"21351","TALANG KUNING","1496"
"21352","TALANG LAHAT","1448"
"21353","TALANG LEAK I","1526"
"21354","TALANG LEAK II","1526"
"21355","TALANG LEMBAK","1530"
"21356","TALANG MARAP","1531"
"21357","TALANG MEDAN","1496"
"21358","TALANG PADANG","1541"
"21359","TALANG PADANG","1454"
"21360","TALANG PADANG","1452"
"21361","TALANG PADANG","1506"
"21362","TALANG PANJANG","1468"
"21363","TALANG PANJANG","1535"
"21364","TALANG PASAK","1497"
"21365","TALANG PAUH","1434"
"21366","TALANG PERAPAT","1459"
"21367","TALANG PETAI","1555"
"21368","TALANG PITO","1476"
"21369","TALANG PUNGGUK","1530"
"21370","TALANG RAMI","1557"
"21371","TALANG RASAU","1470"
"21372","TALANG RATU","1447"
"21373","TALANG RENAH","1530"
"21374","TALANG RENDAH","1439"
"21375","TALANG RIMBO BARU","1440"
"21376","TALANG RIMBO LAMA","1440"
"21377","TALANG RIO","1477"
"21378","TALANG SAKTI","1539"
"21379","TALANG SAKTI","1555"
"21380","TALANG SALI","1527"
"21381","TALANG SALING","1536"
"21382","TALANG SAWAH","1476"
"21383","TALANG SEBARIS","1472"
"21384","TALANG SEPAKAT","1555"
"21385","TALANG TAIS","1531"
"21386","TALANG TENGAH II","1457"
"21387","TALANG TENGAH","1518"
"21388","TALANG TIGE","1474"
"21389","TALANG TINGGI","1459"
"21390","TALANG TINGGI","1482"
"21391","TALANG TUA / TUO","1494"
"21392","TALANG ULU","1508"
"21393","TALANG ULU","1462"
"21394","TALANG ULU","1520"
"21395","TAMBAK REJO","1494"
"21396","TAMBANG SAWAH","1456"
"21397","TAMBANGAN","1547"
"21398","TANAH ABANG","1535"
"21399","TANAH HARAPAN","1510"
"21400","TANAH HITAM","1494"
"21401","TANAH PATAH","1552"
"21402","TANAH REKAH","1510"
"21403","TANAH TINGGI","1494"
"21404","TANGGA BATU","1559"
"21405","TANGGO RASO","1452"
"21406","TANGSI DUREN","1480"
"21407","TANGUA","1538"
"21408","TANJUNG AGUNG","1438"
"21409","TANJUNG AGUNG","1546"
"21410","TANJUNG AGUNG","1502"
"21411","TANJUNG AGUNG","1459"
"21412","TANJUNG AGUNG","1469"
"21413","TANJUNG AGUNG","1548"
"21414","TANJUNG AGUNG","1486"
"21415","TANJUNG AGUNG","1501"
"21416","TANJUNG AGUNG","1455"
"21417","TANJUNG ALAI","1490"
"21418","TANJUNG ALAI","1483"
"21419","TANJUNG ALAM","1514"
"21420","TANJUNG ALAM","1541"
"21421","TANJUNG ALAM","1450"
"21422","TANJUNG ANOM","1545"
"21423","TANJUNG AUR I","1484"
"21424","TANJUNG AUR II","1499"
"21425","TANJUNG AUR","1508"
"21426","TANJUNG AUR","1544"
"21427","TANJUNG AUR","1438"
"21428","TANJUNG AUR","1452"
"21429","TANJUNG AUR","1448"
"21430","TANJUNG AUR","1499"
"21431","TANJUNG BARU","1541"
"21432","TANJUNG BARU","1438"
"21433","TANJUNG BERINGIN","1551"
"21434","TANJUNG BERINGIN","1516"
"21435","TANJUNG BERINGIN","1512"
"21436","TANJUNG BERINGIN","1438"
"21437","TANJUNG BESAR","1446"
"21438","TANJUNG BESAR","1514"
"21439","TANJUNG BESAR","1547"
"21440","TANJUNG BETUAH","1441"
"21441","TANJUNG BETUNG I","1511"
"21442","TANJUNG BETUNG II","1511"
"21443","TANJUNG BULAN","1499"
"21444","TANJUNG BUNGA II (DUA)","1539"
"21445","TANJUNG BUNGA","1539"
"21446","TANJUNG BUNGA","1501"
"21447","TANJUNG BUNIAN","1498"
"21448","TANJUNG DALAM","1458"
"21449","TANJUNG DALAM","1518"
"21450","TANJUNG DALAM","1501"
"21451","TANJUNG DALAM","1460"
"21452","TANJUNG ERAN","1484"
"21453","TANJUNG GANTI I","1531"
"21454","TANJUNG GANTI II","1531"
"21455","TANJUNG GANTI","1438"
"21456","TANJUNG GELANG","1519"
"21457","TANJUNG GENTING","1530"
"21458","TANJUNG HARAPAN","1444"
"21459","TANJUNG HARAPAN","1494"
"21460","TANJUNG HARAPAN","1500"
"21461","TANJUNG HARAPAN","1460"
"21462","TANJUNG HERAN","1469"
"21463","TANJUNG HERAN","1505"
"21464","TANJUNG IMAN II","1499"
"21465","TANJUNG IMAN","1553"
"21466","TANJUNG IMAN","1499"
"21467","TANJUNG JAYA","1444"
"21468","TANJUNG JAYA","1548"
"21469","TANJUNG KARET","1530"
"21470","TANJUNG KEMAYAN (KEMENYAN)","1483"
"21471","TANJUNG KEMUNING II","1499"
"21472","TANJUNG KEMUNING III","1499"
"21473","TANJUNG KEMUNING","1499"
"21474","TANJUNG KEPAYANG  /  KEPAHYANG","1457"
"21475","TANJUNG KUAW","1491"
"21476","TANJUNG KURUNG","1498"
"21477","TANJUNG MEDAN","1444"
"21478","TANJUNG MENANG","1502"
"21479","TANJUNG MUARA 1","1479"
"21480","TANJUNG MUARA","1479"
"21481","TANJUNG MULIA","1517"
"21482","TANJUNG MULYA","1534"
"21483","TANJUNG NANTI (SUKANANTI)","1514"
"21484","TANJUNG NEGARA","1514"
"21485","TANJUNG PANDAN","1553"
"21486","TANJUNG PUTUS","1497"
"21487","TANJUNG RAMAN","1532"
"21488","TANJUNG RAMAN","1547"
"21489","TANJUNG RAMAN","1505"
"21490","TANJUNG SANAI I","1451"
"21491","TANJUNG SANAI II","1451"
"21492","TANJUNG SARI","1460"
"21493","TANJUNG SELUAI","1559"
"21494","TANJUNG SERU","1559"
"21495","TANJUNG TEBAT","1544"
"21496","TANJUNG TERDANA","1518"
"21497","TANJUNG","1447"
"21498","TANJUNGAN","1559"
"21499","TAPAK GEDUNG","1550"
"21500","TASIKMALAYA","1516"
"21501","TAWANG REJO","1472"
"21502","TEBAT KARAI","1550"
"21503","TEBAT KUBU","1542"
"21504","TEBAT LAUT","1473"
"21505","TEBAT MONOK","1523"
"21506","TEBAT PACUR","1497"
"21507","TEBAT PULAU","1465"
"21508","TEBAT SIBUN","1506"
"21509","TEBAT TENONG DALAM","1465"
"21510","TEBAT TENONG LUAR","1442"
"21511","TEBAT / TEBA GUNUNG","1461"
"21512","TEBING KANDANG","1467"
"21513","TEBING KANING","1464"
"21514","TEBING PENYAMUN","1550"
"21515","TEBING RAMBUTAN","1441"
"21516","TEDUNAN","1543"
"21517","TELADAN (DESA TELADAN)","1458"
"21518","TELAGA DALAM","1452"
"21519","TELATAN","1461"
"21520","TELUK AJANG","1508"
"21521","TELUK ANGGUNG","1483"
"21522","TELUK BAKUNG","1443"
"21523","TELUK DIEN","1447"
"21524","TELUK SEPANG","1549"
"21525","TEMEDAK / TEMDAK","1473"
"21526","TEMIANG","1492"
"21527","TEMPEL REJO","1458"
"21528","TENANGAN","1527"
"21529","TENGAH PADANG","1475"
"21530","TENGAH PADANG","1503"
"21531","TEPI LAUT (TEPIAN LAUT)","1467"
"21532","TERAMANG JAYA","1509"
"21533","TERAS TERUNJAM","1496"
"21534","TERTIK","1550"
"21535","TERULUNG","1547"
"21536","TERUNTUNG","1496"
"21537","TES","1554"
"21538","TIAMBANG","1457"
"21539","TIK KUTO","1447"
"21540","TIK TELEU","1546"
"21541","TIMBUL REJO","1435"
"21542","TIMUR INDAH","1537"
"21543","TINGGI ARI","1499"
"21544","TIRTA KENCANA","1444"
"21545","TIRTA MULYA","1436"
"21546","TIRTA MULYA","1444"
"21547","TIRTA MULYA","1490"
"21548","TOPOS","1485"
"21549","TRI JAYA","1441"
"21550","TRI TUNGGAL BHAKTI","1524"
"21551","TUGUK (PUGUK)","1512"
"21552","TUGUREJO","1480"
"21553","TUMBUAN","1491"
"21554","TUMBUK TEBING","1544"
"21555","TUMBUK","1492"
"21556","TUNAS HARAPAN","1516"
"21557","TUNGGAL JAYA","1496"
"21558","TUNGGANG (DUSUN TUNGGANG)","1443"
"21559","TUNGGANG","1520"
"21560","TUNGKAL I","1452"
"21561","TUNGKAL II","1452"
"21562","TURAN BARU","1458"
"21563","TURAN LALANG","1554"
"21564","TURAN TIGING","1554"
"21565","UJAN MAS ATAS","1450"
"21566","UJAN MAS BAWAH","1450"
"21567","UJAN PANAS","1451"
"21568","UJUNG KARANG","1533"
"21569","UJUNG PADANG","1510"
"21570","UJUNG PADANG","1543"
"21571","UJUNG TANJUNG I (SATU)","1556"
"21572","UJUNG TANJUNG I","1539"
"21573","UJUNG TANJUNG II (DUA)","1556"
"21574","UJUNG TANJUNG II","1539"
"21575","UJUNG TANJUNG III (TIGA)","1556"
"21576","ULAK AGUNG","1454"
"21577","ULAK BANDUNG","1524"
"21578","ULAK LEBAR","1504"
"21579","ULAK LEBAR","1524"
"21580","ULAK LEBAR","1484"
"21581","ULAK PANDAN","1441"
"21582","ULAK TANDING","1463"
"21583","ULAK TANDING","1451"
"21584","UMBUL","1512"
"21585","UPT MANGKU RAJO","1554"
"21586","UPT TANJUNG AGUNG","1546"
"21587","URAI","1479"
"21588","WARUNG POJOK","1474"
"21589","WARUNG POJOK","1478"
"21590","WATAS MARGA","1458"
"21591","WAY HAWANG","1438"
"21592","WESKUST (WESTKUST)","1523"
"21593","WONOHARJO","1545"
"21594","WONOSOBO","1525"
"21595","WONOSOBO","1496"
"21596","ABUNG JAYO","1560"
"21597","ADI JAYA","1561"
"21598","ADI JAYA","1562"
"21599","ADI KARYA MULYA","1563"
"21600","ADI LUHUR","1563"
"21601","ADI LUWIH","1564"
"21602","ADI MULYA  /  MULYO","1563"
"21603","ADI WARNO","1565"
"21604","ADIJAYA","1566"
"21605","ADILUHUR","1567"
"21606","ADIPURO","1568"
"21607","ADIREJO","1567"
"21608","ADIREJO","1566"
"21609","AGOM","1569"
"21610","AGUNG BATIN","1570"
"21611","AGUNG DALEM (AGUNG DALAM)","1571"
"21612","AGUNG JAYA","1571"
"21613","AGUNG JAYA","1572"
"21614","AGUNG TIMUR","1573"
"21615","AIR ABANG","1574"
"21616","AIR BAKOMAN","1575"
"21617","AIR KUBANG","1576"
"21618","AIR NANINGAN","1576"
"21619","AIR RINGKIH","1577"
"21620","AJI JAYA KNPI","1578"
"21621","AJI KAGUNGAN","1579"
"21622","AJI MESIR","1578"
"21623","AJI MURNI JAYA","1578"
"21624","AJI PERMAI TALANG BUAH","1578"
"21625","ALAM JAYA","1580"
"21626","AMBARAWA BARAT","1581"
"21627","AMBARAWA TIMUR","1581"
"21628","AMBARAWA","1581"
"21629","ANDALAS CERMIN","1582"
"21630","ANTARBRAK (ANTARBERAK)","1583"
"21631","ARGO MULYO","1584"
"21632","ARGOMULYO","1585"
"21633","ARGOMULYO","1586"
"21634","ARGOPENI","1586"
"21635","ASAHAN WAY SINDI","1587"
"21636","ASAHAN","1567"
"21637","ASTO MULYO","1588"
"21638","ASTRA KESETRA","1589"
"21639","ATAR BAWANG","1584"
"21640","ATAR KUWAU","1584"
"21641","ATAR LEBAR","1590"
"21642","BABAKAN LOA","1591"
"21643","BABAKAN","1592"
"21644","BABATAN","1593"
"21645","BABULANG","1569"
"21646","BADAK","1583"
"21647","BADAROW INDAH","1594"
"21648","BADRAN SARI","1588"
"21649","BAGELEN","1595"
"21650","BAHWAY","1596"
"21651","BAKAUHENI","1597"
"21652","BAKHU","1584"
"21653","BAKTI NEGARA","1598"
"21654","BAKTI RASA","1599"
"21655","BAKUNG ILIR","1600"
"21656","BAKUNG RAHAYU","1600"
"21657","BAKUNG UDIK","1600"
"21658","BAKUNG","1601"
"21659","BALAI KENCANA","1602"
"21660","BALAI KENCONO","1565"
"21661","BALAI MURNI JAYA","1603"
"21662","BALAI REJO","1573"
"21663","BALAM ASRI","1572"
"21664","BALAM JAYA","1572"
"21665","BALAM","1604"
"21666","BALE REJO","1565"
"21667","BALI AGUNG","1605"
"21668","BALI NURAGA","1606"
"21669","BALI SADAR SELATAN","1585"
"21670","BALI SADAR TENGAH","1585"
"21671","BALI SADAR UTARA","1585"
"21672","BAMBANG","1607"
"21673","BANAR JOYO","1565"
"21674","BANDAN HURIP","1605"
"21675","BANDAR AGUNG","1608"
"21676","BANDAR AGUNG","1609"
"21677","BANDAR AGUNG","1610"
"21678","BANDAR AGUNG","1585"
"21679","BANDAR AGUNG","1611"
"21680","BANDAR AGUNG","1599"
"21681","BANDAR AGUNG","1612"
"21682","BANDAR AJI JAYA","1578"
"21683","BANDAR BARU","1613"
"21684","BANDAR DALAM","1614"
"21685","BANDAR DALAM","1615"
"21686","BANDAR DALAM","1616"
"21687","BANDAR DALAM","1617"
"21688","BANDAR DEWA","1618"
"21689","BANDAR JAYA BARAT","1562"
"21690","BANDAR JAYA TIMUR","1562"
"21691","BANDAR JAYA","1619"
"21692","BANDAR KAGUNGAN RAYA","1560"
"21693","BANDAR KASIH","1615"
"21694","BANDAR KEJADIAN","1620"
"21695","BANDAR NEGERI","1621"
"21696","BANDAR PUGUNG","1607"
"21697","BANDAR PUTIH TUA","1622"
"21698","BANDAR PUTIH","1580"
"21699","BANDAR REJO","1623"
"21700","BANDAR SAKTI","1608"
"21701","BANDAR SAKTI","1612"
"21702","BANDAR SARI","1624"
"21703","BANDAR SUKABUMI","1590"
"21704","BANDARSARI","1625"
"21705","BANDING AGUNG","1626"
"21706","BANDING AGUNG","1627"
"21707","BANDING AGUNG","1628"
"21708","BANDING","1590"
"21709","BANDING","1629"
"21710","BANDUNG BARU BARAT","1564"
"21711","BANDUNG BARU","1564"
"21712","BANGUN JAYA","1630"
"21713","BANGUN JAYA","1631"
"21714","BANGUN JAYA","1632"
"21715","BANGUN MULYO","1570"
"21716","BANGUN NEGARA","1633"
"21717","BANGUN REJO","1634"
"21718","BANGUN REJO","1635"
"21719","BANGUN REJO","1636"
"21720","BANGUN REJO","1637"
"21721","BANGUN REJO","1638"
"21722","BANGUN SARI","1608"
"21723","BANGUN SARI","1639"
"21724","BANGUN SARI","1640"
"21725","BANGUNAN","1605"
"21726","BANGUNSARI","1641"
"21727","BANJAR AGUNG ILIR","1592"
"21728","BANJAR AGUNG MATARAM","1642"
"21729","BANJAR AGUNG UDIK","1592"
"21730","BANJAR AGUNG","1643"
"21731","BANJAR AGUNG","1644"
"21732","BANJAR AGUNG","1598"
"21733","BANJAR AGUNG","1645"
"21734","BANJAR AGUNG","1646"
"21735","BANJAR AGUNG","1583"
"21736","BANJAR AGUNG","1647"
"21737","BANJAR AGUNG","1648"
"21738","BANJAR BARU","1598"
"21739","BANJAR DEWA","1644"
"21740","BANJAR JAYA","1603"
"21741","BANJAR KERTARAHAYU","1649"
"21742","BANJAR KETAPANG","1650"
"21743","BANJAR MANIS","1651"
"21744","BANJAR MASIN","1652"
"21745","BANJAR MULYA","1598"
"21746","BANJAR NEGARA","1598"
"21747","BANJAR NEGERI","1651"
"21748","BANJAR NEGERI","1645"
"21749","BANJAR NEGERI","1611"
"21750","BANJAR NEGERI","1653"
"21751","BANJAR NEGORO","1620"
"21752","BANJAR RATU","1654"
"21753","BANJAR RATU","1611"
"21754","BANJAR RATU","1649"
"21755","BANJAR REJO","1565"
"21756","BANJAR REJO","1649"
"21757","BANJAR SAKTI","1654"
"21758","BANJAR SARI","1598"
"21759","BANJAR SARI","1655"
"21760","BANJAR SETIA","1598"
"21761","BANJAR SURI","1617"
"21762","BANJAR WANGI","1656"
"21763","BANJARAN","1657"
"21764","BANJAREJO","1658"
"21765","BANJARMANIS","1659"
"21766","BANJARMASIN","1598"
"21767","BANJARMASIN","1660"
"21768","BANJARMASIN","1661"
"21769","BANJARNEGERI","1623"
"21770","BANJARSARI","1628"
"21771","BANJARSARI","1662"
"21772","BANJARSARI","1620"
"21773","BANYU URIP","1658"
"21774","BANYU URIP","1620"
"21775","BANYUMAS","1658"
"21776","BANYUMAS","1663"
"21777","BANYUWANGI","1658"
"21778","BAROS","1664"
"21779","BARU RANJI","1665"
"21780","BASUNGAN","1666"
"21781","BATANG HARI OGAN","1667"
"21782","BATANG HARI","1582"
"21783","BATANG HARJO","1565"
"21784","BATU AMPAR","1668"
"21785","BATU API","1666"
"21786","BATU BADAK","1669"
"21787","BATU BALAK","1629"
"21788","BATU BEDIL","1576"
"21789","BATU BEDIL","1575"
"21790","BATU KEBAYAN","1584"
"21791","BATU KERAMAT","1670"
"21792","BATU MENYAN","1657"
"21793","BATU NANGKOP","1671"
"21794","BATU PATAH","1672"
"21795","BATU PUTUK","1601"
"21796","BATU RAJA","1604"
"21797","BATU RAJA","1626"
"21798","BATU RAJA","1631"
"21799","BATUAGUNG","1665"
"21800","BATULIMAN INDAH","1663"
"21801","BATURAJA","1653"
"21802","BAUH GUNUNG SARI","1647"
"21803","BAWANG TIRTO MULYO","1603"
"21804","BAWANG","1626"
"21805","BAYAS JAYA","1673"
"21806","BEDUDU","1674"
"21807","BELAMBANGAN","1661"
"21808","BELIMBING SARI","1567"
"21809","BELU","1660"
"21810","BENGKULU JAYA","1654"
"21811","BENGKULU RAMAN","1654"
"21812","BENGKULU REJO","1654"
"21813","BENGKULU TENGAH","1654"
"21814","BENGKULU","1654"
"21815","BENTENG JAYA","1664"
"21816","BENTENG SARI","1567"
"21817","BERANTI / BRANTI RAYA","1623"
"21818","BERINGIN JAYA","1675"
"21819","BERINGIN JAYA","1676"
"21820","BERINGIN JAYA","1577"
"21821","BERINGIN JAYA","1624"
"21822","BERINGIN KENCANA","1663"
"21823","BERINGIN RAYA","1677"
"21824","BERINGIN","1579"
"21825","BERNUNG","1595"
"21826","BERUNDUNG","1636"
"21827","BETUNG","1678"
"21828","BETUNG","1629"
"21829","BHAKTI NEGARA","1679"
"21830","BIHA","1633"
"21831","BILABONG JAYA","1680"
"21832","BIMA SAKTI","1681"
"21833","BINA BUMI","1637"
"21834","BINA KARYA BUANA","1682"
"21835","BINA KARYA JAYA","1683"
"21836","BINA KARYA SAKTI","1683"
"21837","BINA KARYA UTAMA","1683"
"21838","BINAKARYA BARU","1683"
"21839","BINAKARYA PUTRA","1682"
"21840","BINDU","1579"
"21841","BINJAI NGAGUNG (AGUNG)","1639"
"21842","BINJAI WANGI","1592"
"21843","BLAMBANGAN UMPU","1684"
"21844","BLAMBANGAN","1685"
"21845","BLITAREJO","1686"
"21846","BOGA TAMA","1687"
"21847","BOGOREJO","1595"
"21848","BOJONG BARAT","1688"
"21849","BOJONG","1647"
"21850","BONGLAI","1585"
"21851","BRABASAN","1632"
"21852","BRAJA ASRI","1689"
"21853","BRAJA CAKA","1689"
"21854","BRAJA DEWA","1689"
"21855","BRAJA EMAS","1689"
"21856","BRAJA FAJAR","1689"
"21857","BRAJA GEMILANG","1690"
"21858","BRAJA HARJOSARI","1690"
"21859","BRAJA INDAH","1690"
"21860","BRAJA KENCANA","1690"
"21861","BRAJA LUHUR","1690"
"21862","BRAJA MULYA","1690"
"21863","BRAJA SAKTI","1689"
"21864","BRAJA YEKTI","1690"
"21865","BRATA YUDA (BHERETA YUDA)","1684"
"21866","BRATASENA ADIWARNA","1691"
"21867","BRATASENA MANDIRI","1691"
"21868","BRAWIJAYA","1647"
"21869","BUAH BERAK","1569"
"21870","BUANA SAKTI","1565"
"21871","BUAY NYERUPA","1613"
"21872","BUDI AJI","1570"
"21873","BUDI DAYA","1617"
"21874","BUDI LESTARI","1692"
"21875","BUJUK AGUNG","1571"
"21876","BUJUNG BURING","1632"
"21877","BUJUNG DEWA","1693"
"21878","BUJUNG SARI MARGA","1693"
"21879","BUJUNG TENUK","1589"
"21880","BUKIT GEMURUH","1624"
"21881","BUKIT HARAPAN","1624"
"21882","BUKIT KEMUNING","1694"
"21883","BUKIT RAYA","1669"
"21884","BUKITBATU","1695"
"21885","BUKO POSO","1696"
"21886","BULOK","1569"
"21887","BULUKARTO","1686"
"21888","BULUREJO","1686"
"21889","BULUSARI","1697"
"21890","BUMI AGUNG MARGA","1643"
"21891","BUMI AGUNG WATES / WATAS","1698"
"21892","BUMI AGUNG","1698"
"21893","BUMI AGUNG","1674"
"21894","BUMI AGUNG","1699"
"21895","BUMI AGUNG","1569"
"21896","BUMI AJI","1700"
"21897","BUMI ARUM","1701"
"21898","BUMI ASIH","1605"
"21899","BUMI ASRI","1605"
"21900","BUMI AYU","1701"
"21901","BUMI AYU","1702"
"21902","BUMI BARU","1684"
"21903","BUMI DANA","1624"
"21904","BUMI DAYA","1605"
"21905","BUMI DIPASENA ABADI","1703"
"21906","BUMI DIPASENA AGUNG","1703"
"21907","BUMI DIPASENA JAYA","1703"
"21908","BUMI DIPASENA MAKMUR","1703"
"21909","BUMI DIPASENA MULYA","1703"
"21910","BUMI DIPASENA SEJAHTERA","1703"
"21911","BUMI DIPASENA SENTOSA","1703"
"21912","BUMI DIPASENA UTAMA","1703"
"21913","BUMI HANTATAI","1609"
"21914","BUMI HARAPAN","1696"
"21915","BUMI HARJO","1565"
"21916","BUMI JAWA","1704"
"21917","BUMI JAYA","1643"
"21918","BUMI JAYA","1700"
"21919","BUMI JAYA","1663"
"21920","BUMI JAYA","1561"
"21921","BUMI JAYA","1613"
"21922","BUMI KEDAMAIAN","1705"
"21923","BUMI KENCANA","1706"
"21924","BUMI MANDIRI","1707"
"21925","BUMI MAS","1565"
"21926","BUMI MERAPI","1598"
"21927","BUMI MULYA","1679"
"21928","BUMI MULYO","1647"
"21929","BUMI NABUNG BARU","1708"
"21930","BUMI NABUNG ILIR","1708"
"21931","BUMI NABUNG SELATAN","1708"
"21932","BUMI NABUNG TIMUR","1708"
"21933","BUMI NABUNG UDIK","1702"
"21934","BUMI NABUNG UTARA","1708"
"21935","BUMI NABUNG","1707"
"21936","BUMI RAHARJA","1608"
"21937","BUMI RAHARYA","1631"
"21938","BUMI RATU","1684"
"21939","BUMI RATU","1709"
"21940","BUMI RATU","1710"
"21941","BUMI RATU","1711"
"21942","BUMI RATU","1650"
"21943","BUMI RAYA PEMEKARAN","1560"
"21944","BUMI RAYA","1712"
"21945","BUMI REJO","1598"
"21946","BUMI REJO","1710"
"21947","BUMI RESTU","1608"
"21948","BUMI RESTU","1605"
"21949","BUMI SARI","1582"
"21950","BUMI SAY AGUNG","1699"
"21951","BUMI SETIA MATARAM","1642"
"21952","BUMI TINGGI","1713"
"21953","BUMI WARAS","1712"
"21954","BUMI WARAS","1648"
"21955","BUMIAGUNG","1667"
"21956","BUMIHARJO","1714"
"21957","BUMIRAHARJO","1697"
"21958","BUMIRAHAYU","1697"
"21959","BUMIRATU","1697"
"21960","BUMISARI","1623"
"21961","BUNGA MAJU","1715"
"21962","BUNGKUK","1669"
"21963","BUNGLAY TENGAH (BUNGLAO / BONGLAI)","1676"
"21964","BUNUT SEBERANG","1657"
"21965","BUNUT","1657"
"21966","BURING KENCANA","1685"
"21967","BUYUT BARU","1716"
"21968","BUYUT ILIR","1635"
"21969","BUYUT UDIK","1635"
"21970","BUYUT UTARA","1635"
"21971","CABANG ABUNG RAYA","1560"
"21972","CABANG EMPAT","1560"
"21973","CABANG","1675"
"21974","CAHAYA MAKMUR","1717"
"21975","CAHAYA MAS","1718"
"21976","CAHAYA NEGERI","1707"
"21977","CAHAYA NEGERI","1607"
"21978","CAHYOU / CAHYOW RANDU","1693"
"21979","CAMPANG DELAPAN","1585"
"21980","CAMPANG GIJUL","1719"
"21981","CAMPANG JAYA","1720"
"21982","CAMPANG RAYA","1720"
"21983","CAMPANG TIGA","1584"
"21984","CAMPANG TIGA","1664"
"21985","CAMPANG TIGA","1617"
"21986","CAMPANG WAY HANDAK","1592"
"21987","CAMPANG","1659"
"21988","CAMPUR ASRI","1598"
"21989","CANDI MAS","1560"
"21990","CANDI MAS","1623"
"21991","CANDI REJO","1649"
"21992","CANDI RETNO","1710"
"21993","CANDRA KENCANA","1618"
"21994","CANGGU","1721"
"21995","CANGGU","1569"
"21996","CANGGUNG","1629"
"21997","CANTI","1629"
"21998","CATUR KARYA BUANA JAYA","1571"
"21999","CATUR SWAKO","1713"
"22000","CEMPAKA BARAT","1717"
