"id","nama_desa","kecamatan_id"
"2001","GUNUNG NAGAN","176"
"2002","GUNUNG PAK-PAK","23"
"2003","GUNUNG PUDUNG","128"
"2004","GUNUNG PUTIH","180"
"2005","GUNUNG ROTAN","172"
"2006","GUNUNG SAMARINDA","90"
"2007","GUNUNG SAYANG","135"
"2008","GUNUNG SINGIT","156"
"2009","GUNUNG SUKU","163"
"2010","GUNUNG TUNYANG","202"
"2011","GURAH","21"
"2012","GUREB BLANG GAMPONG JAWA","67"
"2013","GURONG COT","12"
"2014","GUSUNG BATU","224"
"2015","HAGU BARAT LAUT","199"
"2016","HAGU SELATAN","199"
"2017","HAGU TEUNGOH","199"
"2018","HAGU","71"
"2019","HAGU","12"
"2020","HAGU","276"
"2021","HAGU","75"
"2022","HAGU","80"
"2023","HAGU","74"
"2024","HAKHAPEN","23"
"2025","HAKIM BALE BUJANG","163"
"2026","HAKIM PETERI PINTU","135"
"2027","HAKIM TUNGGUL NARU","179"
"2028","HAKIM WIH ILANG","188"
"2029","HALOBAN","162"
"2030","HARAPAN BARU","183"
"2031","HARUM SARI","131"
"2032","HILIR","16"
"2033","HTI RANTO NARO","216"
"2034","HUENG","74"
"2035","HULU PISANG","147"
"2036","HULU","16"
"2037","IBOIH","141"
"2038","IBOIH / IBOH TANJONG","76"
"2039","IBOIH / IBOH TUNONG","76"
"2040","IE ALANG DAYAH","189"
"2041","IE ALANG LAM GHUI","189"
"2042","IE ALANG LAM KREUMEUH (KEUREUMEUN)","189"
"2043","IE ALANG MESJID","189"
"2044","IE BEUDOH","233"
"2045","IE BINTAH","85"
"2046","IE ITAM BAROH","52"
"2047","IE ITAM TUNONG","52"
"2048","IE JEUREUNEH","261"
"2049","IE JEUREUNGEH","79"
"2050","IE MAMEH","107"
"2051","IE MASEN","211"
"2052","IE MERAH","90"
"2053","IE MEUDAMA","277"
"2054","IE MEULEE","144"
"2055","IE RELOP","152"
"2056","IE RHOB BABAH LUENG","99"
"2057","IE RHOB BARAT","99"
"2058","IE RHOB GEULUMPANG / GLUMPANG","99"
"2059","IE RHOB TIMUR","99"
"2060","IE RHOB","103"
"2061","IE SAYANG","94"
"2062","IE SEU UM","225"
"2063","IE TAREK I","38"
"2064","IE TAREK II","38"
"2065","IE / LE BUBOH","42"
"2066","IE / LE DINGEN","42"
"2067","IE / LE MIRAH","278"
"2068","IEMASEN KAYE ADANG","106"
"2069","IEMASEN ULEE KARENG","257"
"2070","IKU LHUNG","109"
"2071","IKU LHUNG","210"
"2072","ILIE","257"
"2073","IMBUDEE (IEMBUDEE)","175"
"2074","INDRA DAMAI","206"
"2075","INDRAPURI","140"
"2076","INGIN JAYA","211"
"2077","INGIN JAYA","123"
"2078","INOR","143"
"2079","ISAQ BUSUR","179"
"2080","ISE ISE","145"
"2081","ISTIQOMAH","253"
"2082","JABA","75"
"2083","JABET","75"
"2084","JABI-JABI","217"
"2085","JABO","223"
"2086","JABOI","144"
"2087","JADI SEPAKAT","188"
"2088","JAGONG JEGET","222"
"2089","JAJA BAROH","238"
"2090","JAJA TUNONG","238"
"2091","JALAN DUA","241"
"2092","JALAN TENGAH","185"
"2093","JALIN","173"
"2094","JALUK","185"
"2095","JAMAT","145"
"2096","JAMBAK","92"
"2097","JAMBEE","250"
"2098","JAMBI BARU","217"
"2099","JAMBO APHA","16"
"2100","JAMBO BALEE","81"
"2101","JAMBO DALAM","192"
"2102","JAMBO DALEM","121"
"2103","JAMBO KAJEUNG","175"
"2104","JAMBO KEUPOK / KEUPHOK","124"
"2105","JAMBO LABU","13"
"2106","JAMBO LUBOK","81"
"2107","JAMBO MANYANG","128"
"2108","JAMBO MASI","113"
"2109","JAMBO PAPAN","126"
"2110","JAMBO PAPEUN","42"
"2111","JAMBO PAPEUN","261"
"2112","JAMBO REUHAT","241"
"2113","JAMBO TIMU","101"
"2114","JAMBO / JAMBU RAMBONG","125"
"2115","JAMBUKH PEKHMATE","119"
"2116","JAMBUR DAMAR","119"
"2117","JAMBUR LAK LAK","171"
"2118","JAMUAN","95"
"2119","JAMUR ATU","135"
"2120","JAMUR JELATANG","123"
"2121","JAMUR KONYEL","170"
"2122","JAMUR LABU","123"
"2123","JAMUR UJUNG","201"
"2124","JAMUR ULUH","201"
"2125","JANARATA","188"
"2126","JANGEUT","105"
"2127","JANGGOT SEUNGKO","98"
"2128","JANGKA ALUE BIE","5"
"2129","JANGKA ALUE U","5"
"2130","JANGKA ALUE","5"
"2131","JANGKA KEUTAPANG","5"
"2132","JANGKA MESJID","5"
"2133","JANTANG","208"
"2134","JANTHO BARU","173"
"2135","JANTHO MAKMUR","173"
"2136","JANTHO","173"
"2137","JAROMMAH BAROH (JARUMMAH BAROH)","175"
"2138","JAROMMAH ME (JARUMMAHME)","175"
"2139","JATI RASA","171"
"2140","JATIREJO","151"
"2141","JAWA TEUBENG","9"
"2142","JAWA","52"
"2143","JAWI","52"
"2144","JAWIE","76"
"2145","JAYA BARU","30"
"2146","JEGET AYU","222"
"2147","JEJEM","152"
"2148","JELOBOK","174"
"2149","JEMEURANG","149"
"2150","JERATA","185"
"2151","JERATA","156"
"2152","JERING","154"
"2153","JEULANGA BARAT","10"
"2154","JEULANGA MATA IE","10"
"2155","JEULANGA MESJID","10"
"2156","JEULIKAT","101"
"2157","JEULIKAT","65"
"2158","JEULIKAT","50"
"2159","JEULINGKE","106"
"2160","JEUMPA B","74"
"2161","JEUMPA GLUMPANG VII","71"
"2162","JEUMPA SIKUREUNG","98"
"2163","JEUMPA","9"
"2164","JEUMPA","76"
"2165","JEUMPET AJUEN / AJUN","218"
"2166","JEUMPHEUK","79"
"2167","JEUNGKI","53"
"2168","JEURAM","56"
"2169","JIEM","33"
"2170","JIJIEM","1"
"2171","JIJIEM","161"
"2172","JILATANG","19"
"2173","JIM","195"
"2174","JOGJA / JOKJA","82"
"2175","JOJO","33"
"2176","JOK","12"
"2177","JOK","49"
"2178","JONGAR","171"
"2179","JONGOK BATHIN","247"
"2180","JONGOK MELUEM","212"
"2181","JONGOK MELUEM","247"
"2182","JONTOR","256"
"2183","JRUEK BAK KREH","140"
"2184","JRUEK BALEE","140"
"2185","JUA","206"
"2186","JUAR","197"
"2187","JULI COT MESJID","3"
"2188","JULI COT MEURAK","3"
"2189","JULI KEUDEE DUA","3"
"2190","JULI MEE TEUNGOH","3"
"2191","JULI MEUNASAH JOK","3"
"2192","JULI MEUNASAH SEUTUY","3"
"2193","JULI MEUNASAH TAMBO","3"
"2194","JULI MEUNASAH TEUNGOH","3"
"2195","JULI PAYA RU","3"
"2196","JULI SEUPENG / LAMPOH","3"
"2197","JULI TAMBO TANJONG","3"
"2198","JULI TEUNGKU DILAMPOH","3"
"2199","JULI URUEK ANOE","3"
"2200","JULOK TUNONG","61"
"2201","JUMPHOI ADAN","33"
"2202","JUNGKA GAJAH","62"
"2203","JUNGKE","174"
"2204","JURONG ANOE","12"
"2205","JURONG ARA","246"
"2206","JURONG BALE","149"
"2207","JURONG BARO","193"
"2208","JURONG BINJE","246"
"2209","JURONG BINJEE","99"
"2210","JURONG MESJID","149"
"2211","JURONG PANDE","138"
"2212","JURONG PANTE","198"
"2213","JURONG PEUJEURA","20"
"2214","JURONG RAYA","195"
"2215","JURONG TEUNGOH","246"
"2216","JURONG","195"
"2217","JURONG","7"
"2218","JURUSEN","152"
"2219","KABAT","195"
"2220","KABONG","116"
"2221","KABU BAROH","233"
"2222","KABU BLANG SAPEK","73"
"2223","KABU TUNONG","233"
"2224","KABU","54"
"2225","KABU","177"
"2226","KAHAT","2"
"2227","KAIN GOLONG","258"
"2228","KAJEUNG","266"
"2229","KAJHU","184"
"2230","KALA BINTANG","170"
"2231","KALA KEMILI","167"
"2232","KALA KETOL","185"
"2233","KALA LENGKIO","247"
"2234","KALA NEMPAN","188"
"2235","KALA NONGKAL","168"
"2236","KALA PEGASING","152"
"2237","KALA SEGI BINTANG","170"
"2238","KALA TENANG","212"
"2239","KALOY","131"
"2240","KALUT","20"
"2241","KAMBAM","262"
"2242","KAMBUK (KAMBUEK)","5"
"2243","KAMBUK NICAH","12"
"2244","KAMBUK PAYAPI","12"
"2245","KAMP PERTAMINA","123"
"2246","KAMPONG ASAN","220"
"2247","KAMPONG BARO","75"
"2248","KAMPONG BARO","9"
"2249","KAMPONG BARO","198"
"2250","KAMPONG BLANG SEUPENG","195"
"2251","KAMPONG COT","198"
"2252","KAMPONG JEUMPA","198"
"2253","KAMPONG / GAMPONG RAYA","76"
"2254","KAMPUNG AIE","265"
"2255","KAMPUNG ARAIH","149"
"2256","KAMPUNG BANTAN","65"
"2257","KAMPUNG BARO","10"
"2258","KAMPUNG BARU","182"
"2259","KAMPUNG BARU","165"
"2260","KAMPUNG BARU","279"
"2261","KAMPUNG BARU","256"
"2262","KAMPUNG BARU","280"
"2263","KAMPUNG BARU","18"
"2264","KAMPUNG BARU","274"
"2265","KAMPUNG BARU","202"
"2266","KAMPUNG BELAKANG","234"
"2267","KAMPUNG BLANG (GAMPONG BLANG)","116"
"2268","KAMPUNG BLANG","244"
"2269","KAMPUNG BLANG","69"
"2270","KAMPUNG BLANG","238"
"2271","KAMPUNG DARAT","234"
"2272","KAMPUNG DURIAN","123"
"2273","KAMPUNG JAWA BARU","199"
"2274","KAMPUNG JAWA LAMA","199"
"2275","KAMPUNG JAWA","14"
"2276","KAMPUNG JAWA","130"
"2277","KAMPUNG MELAYU GABUNGAN","27"
"2278","KAMPUNG NANGKA","186"
"2279","KAMPUNG PADANG","126"
"2280","KAMPUNG PASIR","234"
"2281","KAMPUNG PAYA","128"
"2282","KAMPUNG RAJA","27"
"2283","KAMPUNG RUAK","128"
"2284","KAMPUNG SAWAH","126"
"2285","KAMPUNG TEMPEL","65"
"2286","KAMPUNG TENGAH","107"
"2287","KAMPUNG TINGGI","128"
"2288","KAMPUNG / KAMPONG BARO","278"
"2289","KAMPUNG / KAMPONG BARU","278"
"2290","KANDANG MBELANG MANDIRI","186"
"2291","KANDANG","218"
"2292","KANDANG","198"
"2293","KANDANG","41"
"2294","KANDEH","233"
"2295","KANE LOT","224"
"2296","KANE MENDE","23"
"2297","KANOT","80"
"2298","KAPA","104"
"2299","KAPA","77"
"2300","KAPAI BARO","62"
"2301","KAPAI SEUSAK","121"
"2302","KAPEH","206"
"2303","KARAK","94"
"2304","KARANG AMPAR","185"
"2305","KARANG ANYAR","66"
"2306","KARANG ANYER","47"
"2307","KARANG BAYUR","157"
"2308","KARANG HAMPA","39"
"2309","KARANG JADI","202"
"2310","KARANG REJO","201"
"2311","KARANGJADI","130"
"2312","KARENG ATEUH","105"
"2313","KAREUNG (KAREUENG)","194"
"2314","KAREUNG","97"
"2315","KAREUNG","208"
"2316","KARIENG","209"
"2317","KARIENG","33"
"2318","KARIENG","75"
"2319","KARIENG","77"
"2320","KARYA BAKTI","30"
"2321","KARYA INDAH","248"
"2322","KASIH SAYANG","85"
"2323","KATEMBARU BENCAWAN","186"
"2324","KATI JEROH","224"
"2325","KATI MAJU","171"
"2326","KAYA PANGUR","224"
"2327","KAYEE ADANG","76"
"2328","KAYEE ADANG","139"
"2329","KAYEE JATOE","1"
"2330","KAYEE JATOE","138"
"2331","KAYEE KUNYET","244"
"2332","KAYEE LEE","20"
"2333","KAYEE PANYANG","149"
"2334","KAYEE PANYANG","29"
"2335","KAYEE RAYA","1"
"2336","KAYEE UNOE","47"
"2337","KAYU KUL","152"
"2338","KAYU MBELIN","248"
"2339","KAYU MENANG","281"
"2340","KAYU MENTANGUR","171"
"2341","KEBET","167"
"2342","KEBON BARU / BARO","38"
"2343","KEBUN AFDELING SELELEH","120"
"2344","KEBUN BARU","132"
"2345","KEBUN BARU","201"
"2346","KEBUN BATANG ARA","197"
"2347","KEBUN MEDANG ARA","120"
"2348","KEBUN RANTAU","123"
"2349","KEBUN SERE","280"
"2350","KEBUN SUNGAI LIPUT","130"
"2351","KEBUN TANAH TERBAN","120"
"2352","KEBUN TANJUNG SEUMANTOH","120"
"2353","KEBUN TEUMPEUN","54"
"2354","KEDAI  /  KEUDE PAYA","102"
"2355","KEDAI  /  KEUDE SIBLAH","102"
"2356","KEDAI KANDANG","206"
"2357","KEDAI PADANG","128"
"2358","KEDAI PALAK KERAMBIL","187"
"2359","KEDAI RUNDING","206"
"2360","KEDAI SUSOH","187"
"2361","KEDATARAN GABUNGAN","248"
"2362","KEDELAH","152"
"2363","KEH NIBONG","57"
"2364","KEH","207"
"2365","KEJURUN SYIAH UTAMA","170"
"2366","KEKUYANG","185"
"2367","KELITU SINTEP","170"
"2368","KELUPAK MATA","247"
"2369","KEMERLENG (AIR ASIN KEMERLENG)","145"
"2370","KEMILI","167"
"2371","KEMUNING I","62"
"2372","KEMUNING II","62"
"2373","KEMUNING III","62"
"2374","KEMUNING IV","62"
"2375","KEMUNING V","62"
"2376","KEMUNING / KEUMUNENG HULU","13"
"2377","KENANGAN JAYA","30"
"2378","KENAWAT REDLONG","179"
"2379","KENAWAT","163"
"2380","KENDAWI","181"
"2381","KENINE","202"
"2382","KENYARAN","15"
"2383","KEPALA AKAL","169"
"2384","KEPALA BANDAR","187"
"2385","KEPIE  /  KEPIES","174"
"2386","KERAMAT DALAM","220"
"2387","KERAMAT JAYA","188"
"2388","KERAMAT LUAR","220"
"2389","KERAMAT MUPAKAT","167"
"2390","KERAS","127"
"2391","KERAWANG","158"
"2392","KERLAH","240"
"2393","KERTIMBANG","248"
"2394","KERUKUNAN KOTA (KUTA PANJANG)","219"
"2395","KERUKUNAN","122"
"2396","KESEHATAN","120"
"2397","KETAMBE","171"
"2398","KETANGKIHAN","127"
"2399","KETAPANG INDAH","274"
"2400","KETUKAH","24"
"2401","KEUB","39"
"2402","KEUBANG","191"
"2403","KEUBON NILAM","59"
"2404","KEUBON PIRAK","49"
"2405","KEUDAH","270"
"2406","KEUDE ACEH","199"
"2407","KEUDE ACEH","67"
"2408","KEUDE ACEH","41"
"2409","KEUDE ALUE IE PUTEH","35"
"2410","KEUDE ALUE RHEING","75"
"2411","KEUDE ARON","100"
"2412","KEUDE ARON","80"
"2413","KEUDE BAGOK SA","114"
"2414","KEUDE BAKONGAN","263"
"2415","KEUDE BARO","83"
"2416","KEUDE BAYU","29"
"2417","KEUDE BIREM","13"
"2418","KEUDE BLANG ARA","108"
"2419","KEUDE BLANG JRUEN","74"
"2420","KEUDE BLANG","115"
"2421","KEUDE BLANG","67"
"2422","KEUDE BLANGMEE PULOKAT","228"
"2423","KEUDE BUNGKAIH","262"
"2424","KEUDE CUNDA","37"
"2425","KEUDE DUA","89"
"2426","KEUDE GEUDONG","228"
"2427","KEUDE IE LEUBEUE","149"
"2428","KEUDE JEUNIEB","98"
"2429","KEUDE JRAT MANYANG","31"
"2430","KEUDE JUNGKA GAJAH","207"
"2431","KEUDE KARIENG","207"
"2432","KEUDE KEUMUNENG","96"
"2433","KEUDE KRUENG GEUKUEH","203"
"2434","KEUDE KRUENG SABEE","116"
"2435","KEUDE KRUENG","108"
"2436","KEUDE KUTA BINJEI","61"
"2437","KEUDE LAPANG","103"
"2438","KEUDE LAPANG","272"
"2439","KEUDE LINTEUNG","233"
"2440","KEUDE LUENG PUTU","1"
"2441","KEUDE MANE","262"
"2442","KEUDE MATANG GLUMPANG II","77"
"2443","KEUDE MATANG PANYANG","31"
"2444","KEUDE MATANGKULI","71"
"2445","KEUDE MENYEE IV","35"
"2446","KEUDE MEUKEK","42"
"2447","KEUDE NEULOP","233"
"2448","KEUDE NIBONG","57"
"2449","KEUDE PANGA","32"
"2450","KEUDE PANTEU BRUEH","35"
"2451","KEUDE PANTEUET","101"
"2452","KEUDE PAYA BAKONG","49"
"2453","KEUDE PEUREULAK","68"
"2454","KEUDE PLIMBANG","192"
"2455","KEUDE SAMPOINIET","239"
"2456","KEUDE SEUMOT","176"
"2457","KEUDE SIMPANG EMPAT (IV)","38"
"2458","KEUDE SIMPANG JALAN","43"
"2459","KEUDE SUWAK AWE","92"
"2460","KEUDE TAMBUE","99"
"2461","KEUDE TANJONG","100"
"2462","KEUDE TANJONG","77"
"2463","KEUDE TEUNOM","34"
"2464","KEUDE TEUPIN PUNTI","80"
"2465","KEUDE TRIENGGADENG","251"
"2466","KEUDE TRUMON","277"
"2467","KEUDE TUHA","55"
"2468","KEUDE ULEE GLEE","10"
"2469","KEUDE ULIM","93"
"2470","KEUDE UNGA","105"
"2471","KEUDEE BARO","107"
"2472","KEUDEE JANGKA BUYA","246"
"2473","KEUDEE KEULIBEUT","9"
"2474","KEUDEE PANTE RAJA","276"
"2475","KEUDEE","59"
"2476","KEUDEI","110"
"2477","KEUDONDONG","115"
"2478","KEULEUMBAH","52"
"2479","KEULILEE","57"
"2480","KEUMANGAN CUT","190"
"2481","KEUMIREU","189"
"2482","KEUMUMU HILIR","172"
"2483","KEUMUMU HULU","172"
"2484","KEUMUMU SEBERANG","172"
"2485","KEUMUNENG LHOK","96"
"2486","KEUMUNENG","61"
"2487","KEUMUNENG","68"
"2488","KEUNALOI","76"
"2489","KEUNE","204"
"2490","KEUNEKAI","144"
"2491","KEUNEU UE","21"
"2492","KEUNIRE","9"
"2493","KEUPOK NIBONG","57"
"2494","KEUPULA (KUPULA)","149"
"2495","KEUPULA","138"
"2496","KEUPULA","211"
"2497","KEUPULA","12"
"2498","KEURAMAT (KRAMAT)","200"
"2499","KEURAMAT","100"
"2500","KEUREUSEK","108"
"2501","KEUREUSENG","112"
"2502","KEUREUTOAU","272"
"2503","KEURISI MEUNASAH LUENG","246"
"2504","KEURISI MEUNASAH RAYA","246"
"2505","KEURUMBOK","175"
"2506","KEURUWEUNG BLANG","189"
"2507","KEURUWEUNG KRUENG","189"
"2508","KEUTAMBANG","92"
"2509","KEUTAPANG AREE","250"
"2510","KEUTAPANG BAMBONG","250"
"2511","KEUTAPANG DUA","282"
"2512","KEUTAPANG MAMEH","67"
"2513","KEUTAPANG MESJID","138"
"2514","KEUTAPANG","191"
"2515","KEUTAPANG","116"
"2516","KEUTAPANG","6"
"2517","KEUTAPANG","208"
"2518","KEUTAPANG","195"
"2519","KEUTAPANG","9"
"2520","KEUTAPANG","58"
"2521","KEUTAPANG","80"
"2522","KEUTAPANG","74"
"2523","KEUTAPANG","31"
"2524","KEUTUMBU","9"
"2525","KHAMBUNG TUBUNG","28"
"2526","KHANG TANJONG","12"
"2527","KHUTUNG MBELANG","119"
"2528","KILA","233"
"2529","KILANGAN","283"
"2530","KILO METER VI","38"
"2531","KILO METER VIII","38"
"2532","KIRAN BAROH","246"
"2533","KIRAN DAYAH","246"
"2534","KIRAN KRUENG","246"
"2535","KISAM KUTE PASIR","221"
"2536","KISAM KUTE RAMBE","221"
"2537","KISAM LESTARI","221"
"2538","KISAM","221"
"2539","KITEI MERANGGUN","253"
"2540","KITOU","228"
"2541","KLIENG COT ARON","184"
"2542","KLIENG MANYANG","139"
"2543","KLIENG MEURIA","184"
"2544","KLIET","46"
"2545","KOKHTAN JAYA","253"
"2546","KOLAM PARA KANIS","202"
"2547","KOMPAS","23"
"2548","KONG PALUH","219"
"2549","KONG","22"
"2550","KOPELMA DARUSSALAM","106"
"2551","KOTA ATAS","141"
"2552","KOTA BAHAGIA","107"
"2553","KOTA BARU","200"
"2554","KOTA BARU","19"
"2555","KOTA BATU","17"
"2556","KOTA BAWAH BARAT","141"
"2557","KOTA BAWAH TIMUR","141"
"2558","KOTA BIREUN (BIREUEN)","230"
"2559","KOTA BLANG KEJEREN","14"
"2560","KOTA KUALA SIMPANG","249"
"2561","KOTA KUTACANE","27"
"2562","KOTA LHOKSUKON","6"
"2563","KOTA LINTANG","249"
"2564","KOTA MEUREUDU","226"
"2565","KOTA PALAK","147"
"2566","KOTA PANTON LABU","84"
"2567","KOTA RIKIT GAIB","136"
"2568","KOTA SIMBOLING","283"
"2569","KOTAFAJAR","128"
"2570","KOTO INDARUNG","126"
"2571","KOTO MENGGAMAT","126"
"2572","KP PISANG BUCUE","198"
"2573","KRAK TAMPAI","73"
"2574","KRET","12"
"2575","KRUENG ALEM","47"
"2576","KRUENG ANOI","150"
"2577","KRUENG AYON","79"
"2578","KRUENG BARO BABAH KRUENG","77"
"2579","KRUENG BARO BLANG ME","228"
"2580","KRUENG BARO LGH","228"
"2581","KRUENG BARO MESJID","77"
"2582","KRUENG BARO","7"
"2583","KRUENG BARO / BARU","192"
"2584","KRUENG BATEE","128"
"2585","KRUENG BATEE","107"
"2586","KRUENG BATEE","261"
"2587","KRUENG BATU","128"
"2588","KRUENG BEUKAH","92"
"2589","KRUENG BEUKAH","88"
"2590","KRUENG BEUKAH","235"
"2591","KRUENG CEH / CHEH","56"
"2592","KRUENG CEUKOU","56"
"2593","KRUENG COT","250"
"2594","KRUENG CUT","176"
"2595","KRUENG DHEUE","77"
"2596","KRUENG DHOE","9"
"2597","KRUENG ITAM","44"
"2598","KRUENG JANGKO","138"
"2599","KRUENG JULI BARAT","194"
"2600","KRUENG JULI TIMUR","194"
"2601","KRUENG KALEE","142"
"2602","KRUENG KELEE","278"
"2603","KRUENG KIRAN","10"
"2604","KRUENG KLUET","128"
"2605","KRUENG KULU","233"
"2606","KRUENG LALA","148"
"2607","KRUENG LAMKAREUNG","140"
"2608","KRUENG LINGKA BARAT","35"
"2609","KRUENG LINGKA TIMU","35"
"2610","KRUENG LINGKA","69"
"2611","KRUENG LINGKA","87"
"2612","KRUENG LT","6"
"2613","KRUENG LUAS","121"
"2614","KRUENG MAK","164"
"2615","KRUENG MANGKOM","56"
"2616","KRUENG MANYANG","108"
"2617","KRUENG MATE","228"
"2618","KRUENG MBANG","36"
"2619","KRUENG MEURIYAM","59"
"2620","KRUENG MEUSEUGOB","99"
"2621","KRUENG NO","79"
"2622","KRUENG NYONG","138"
"2623","KRUENG PIRAK","58"
"2624","KRUENG RAYA","141"
"2625","KRUENG SEUMANYAM","47"
"2626","KRUENG SEUNONG","108"
"2627","KRUENG SEUPENG","108"
"2628","KRUENG SIKAJANG","85"
"2629","KRUENG SIKEUEK","59"
"2630","KRUENG SIMPO","3"
"2631","KRUENG THO","72"
"2632","KRUENG TINGGAI","112"
"2633","KRUENG TUNONG","113"
"2634","KRUENG","250"
"2635","KRUENG","211"
"2636","KRUENG","93"
"2637","KRUET TEUMPEUN","138"
"2638","KRUMBOK","250"
"2639","KRUT LINTANG","53"
"2640","KUALA BAGOK","114"
"2641","KUALA BAKONG","79"
"2642","KUALA BAKTI","180"
"2643","KUALA BARO","151"
"2644","KUALA BARU LAUT","281"
"2645","KUALA BARU SUNGAI","281"
"2646","KUALA BARU","180"
"2647","KUALA BHEE","52"
"2648","KUALA BUBON","112"
"2649","KUALA BUGAK","68"
"2650","KUALA CANGKOI / CANGKOY","272"
"2651","KUALA CEURAPE","5"
"2652","KUALA DUA (DEWA)","262"
"2653","KUALA GENTING","60"
"2654","KUALA GEULUMPANG","61"
"2655","KUALA I BINTANG","170"
"2656","KUALA IDI CUT","62"
"2657","KUALA IDI","67"
"2658","KUALA II","170"
"2659","KUALA JERNIH","254"
"2660","KUALA JEUMPA","8"
"2661","KUALA KEPENG (KEUPENG)","183"
"2662","KUALA KERETOU BARAT","31"
"2663","KUALA KEREUTOU","272"
"2664","KUALA LANGSA","284"
"2665","KUALA LEUGE","68"
"2666","KUALA LIGAN","79"
"2667","KUALA MAKMUR","17"
"2668","KUALA MANYE","146"
"2669","KUALA PAREK","87"
"2670","KUALA PENAGA","60"
"2671","KUALA PEUDAWA PUNTONG","67"
"2672","KUALA PIDIE","220"
"2673","KUALA PLING","40"
"2674","KUALA RAJA","194"
"2675","KUALA RAWA","158"
"2676","KUALA SEUMANYAM","47"
"2677","KUALA SIMPANG ULIM","55"
"2678","KUALA TADU","44"
"2679","KUALA TERIPA / TRIPA","177"
"2680","KUALA TERUBUE","107"
"2681","KUALA TRANG","151"
"2682","KUALA TUHA","151"
"2683","KUALA","101"
"2684","KUALA","105"
"2685","KUBU CAPANG (KEUBEU CAPANG)","51"
"2686","KUBU RAYA","78"
"2687","KUBU","39"
"2688","KUBU","214"
"2689","KUBU","78"
"2690","KUBU","7"
"2691","KUBU","34"
"2692","KUDRANG","226"
"2693","KUEH","166"
"2694","KUKUE","75"
"2695","KULAM ARA","33"
"2696","KULAM BARO","238"
"2697","KULAM JEURNEH (JEUREUNEH)","176"
"2698","KULAM KAJU","94"
"2699","KULAM","97"
"2700","KULE","97"
"2701","KULU KUTA","175"
"2702","KULU","175"
"2703","KULU","148"
"2704","KULU","56"
"2705","KUMBA","10"
"2706","KUMBANG BUSU","190"
"2707","KUMBANG INDAH","182"
"2708","KUMBANG JAYA","182"
"2709","KUMBANG KEUPULA","138"
"2710","KUMBANG LT","6"
"2711","KUMBANG PUNTEUET","101"
"2712","KUMBANG TRUEUNG CAMPLI","193"
"2713","KUMBANG UNOE","193"
"2714","KUMBANG WAIDO","195"
"2715","KUMBANG","250"
"2716","KUMBANG","161"
"2717","KUMBANG","207"
"2718","KUMBANG","148"
"2719","KUMBANG","12"
"2720","KUMBANG","80"
"2721","KUMBANG","31"
"2722","KUNG","152"
"2723","KUNING ABADI","253"
"2724","KUNING I","137"
"2725","KUNING II","137"
"2726","KUNING KURNIA","15"
"2727","KUNING","136"
"2728","KUNYET MULE","71"
"2729","KUPULA","238"
"2730","KUTA ACEH","56"
"2731","KUTA ALAM","200"
"2732","KUTA BAHAGIA","102"
"2733","KUTA BAK DRIEN / DRIN","11"
"2734","KUTA BARAT","70"
"2735","KUTA BARO (ABRO)","42"
"2736","KUTA BARO BLANG MULIENG","73"
"2737","KUTA BARO JEURAM","56"
"2738","KUTA BARO","194"
"2739","KUTA BARO","45"
"2740","KUTA BARO","237"
"2741","KUTA BARO / BARU","277"
"2742","KUTA BAROH","246"
"2743","KUTA BATU BARU","214"
"2744","KUTA BATU I","214"
"2745","KUTA BATU II","214"
"2746","KUTA BATU","265"
"2747","KUTA BATU","258"
"2748","KUTA BERINGIN","183"
"2749","KUTA BLANG","199"
"2750","KUTA BLANG","67"
"2751","KUTA BLANG","19"
"2752","KUTA BULOH I","42"
"2753","KUTA BULOH II","42"
"2754","KUTA BULUH BOTONG","186"
"2755","KUTA CEPU","252"
"2756","KUTA CINGKAM I","214"
"2757","KUTA CINGKAM II","214"
"2758","KUTA GALUH ASLI","186"
"2759","KUTA GENTING","186"
"2760","KUTA GLUMPANG","228"
"2761","KUTA INANG","134"
"2762","KUTA JEUMPA","176"
"2763","KUTA JEUMPA","109"
"2764","KUTA KARANG","218"
"2765","KUTA KARANGAN","258"
"2766","KUTA KRUENG","10"
"2767","KUTA KRUENG","228"
"2768","KUTA KUMBANG","56"
"2769","KUTA LAWAH","67"
"2770","KUTA LBOH / IBOH","210"
"2771","KUTA LENGAT PAGAN","122"
"2772","KUTA LENGAT SELIAN","122"
"2773","KUTA LINGGA","122"
"2774","KUTA LINTANG","14"
"2775","KUTA MAKMUR","109"
"2776","KUTA MAKMUR","82"
"2777","KUTA MEULIGOE","8"
"2778","KUTA MEULIGOE","7"
"2779","KUTA PADANG","40"
"2780","KUTA PADANG","234"
"2781","KUTA PADANG","134"
"2782","KUTA PADANG","73"
"2783","KUTA PADANG","277"
"2784","KUTA PANGWA","251"
"2785","KUTA PAYA","260"
"2786","KUTA PAYA","56"
"2787","KUTA REUSEP / RUSEP","86"
"2788","KUTA SAYEH","56"
"2789","KUTA TENGAH","256"
"2790","KUTA TEUNGOH","178"
"2791","KUTA TINGGI","102"
"2792","KUTA TINGGI","258"
"2793","KUTA TRIENG","47"
"2794","KUTA TRIENG","210"
"2795","KUTA TRIENG","226"
"2796","KUTA TRIENG","192"
"2797","KUTA TUHA","102"
"2798","KUTA TUHA","32"
"2799","KUTA UJUNG","219"
"2800","KUTA / KUTE LANG-LANG","28"
"2801","KUTA / KUTE PASIR","182"
"2802","KUTA / KUTE TINGGI","182"
"2803","KUTACANE LAMA","27"
"2804","KUTE ANTARA","137"
"2805","KUTE BAKTI","259"
"2806","KUTE BANTIL","186"
"2807","KUTE BARU","145"
"2808","KUTE BULUH","137"
"2809","KUTE BUNIN","221"
"2810","KUTE GEKHAT","122"
"2811","KUTE GELIME","185"
"2812","KUTE KERAMIL","145"
"2813","KUTE KERING","179"
"2814","KUTE LANG LANG BAKHU","137"
"2815","KUTE LANG LANG","137"
"2816","KUTE LESUNG","221"
"2817","KUTE LINTANG","179"
"2818","KUTE LINTANG","152"
"2819","KUTE MAKMUR","259"
"2820","KUTE MEJILE","119"
"2821","KUTE NIREJE (KUTENI RAJA)","163"
"2822","KUTE PANANG","168"
"2823","KUTE RAMBE","253"
"2824","KUTE RAYANG","145"
"2825","KUTE REJE","145"
"2826","KUTE REJE","223"
"2827","KUTE RIH","27"
"2828","KUTE RIYEM (MERIEM)","145"
"2829","KUTE ROBEL","145"
"2830","KUTE SERE","14"
"2831","KUTE SERI","137"
"2832","KUTE SERKE","248"
"2833","KUTE TANJUNG","179"
"2834","KUTE UJUNG","253"
"2835","KUTE / KUTA BUKIT","22"
"2836","KUTE / KUTA TENGAH","248"
"2837","KUTELAH LANE","240"
"2838","KUTELENGAT SEPAKAT","275"
"2839","KUTELOT","247"
"2840","KUTEM BARU","186"
"2841","KUTESANGE","223"
"2842","KUYUN TOA","155"
"2843","KUYUN UKEN","155"
"2844","KUYUN","155"
"2845","KW PUSUNG KAPAL","18"
"2846","LAAYON","143"
"2847","LABOHAN KERA","243"
"2848","LABUAH","2"
"2849","LABUHAN (LABOHAN)","61"
"2850","LABUHAN BAJAU","132"
"2851","LABUHAN BAKTI","132"
"2852","LABUHAN JAYA","132"
"2853","LABUHAN KEUDE","87"
"2854","LABUHAN TAROK II","42"
"2855","LABUHAN TAROK","42"
"2856","LABUI","184"
"2857","LABUI","9"
"2858","LADANG BARO","47"
"2859","LADANG BARO","61"
"2860","LADANG BARO","32"
"2861","LADANG BARO","42"
"2862","LADANG BISIK","255"
"2863","LADANG KASIK PUTIH","19"
"2864","LADANG NEUBOK","109"
"2865","LADANG PANAH","110"
"2866","LADANG PANTON LUAS","19"
"2867","LADANG RIMBA","279"
"2868","LADANG RIMBA","261"
"2869","LADANG TEUNGOH","278"
"2870","LADANG TUHA I","110"
"2871","LADANG TUHA II","110"
"2872","LADANG TUHA","42"
"2873","LADANG TUHA","278"
"2874","LADANG","187"
"2875","LADONG","225"
"2876","LAE BALNO","231"
"2877","LAE BANGUN","127"
"2878","LAE BERSIH","256"
"2879","LAE BUTAR","243"
"2880","LAE GAMBIR","258"
"2881","LAE GECIH","258"
"2882","LAE IKAN","256"
"2883","LAE LANGGE","217"
"2884","LAE MATE","183"
"2885","LAE MOTONG","256"
"2886","LAE NIPE","258"
"2887","LAE ORAM (ARAM)","252"
"2888","LAE PAMUALAN","183"
"2889","LAE PINANG","285"
"2890","LAE RIMAN","258"
"2891","LAE SAGA","205"
"2892","LAE SIMOLAP","217"
"2893","LAE SIPOLA","285"
"2894","LAFAKHA","286"
"2895","LAGA BARO","228"
"2896","LAGANG","218"
"2897","LAGANG","148"
"2898","LAGANG","7"
"2899","LAKSANA","200"
"2900","LAKUBANG","265"
"2901","LALLA BAHAGIA","30"
"2902","LAM ALING / ALIENG","189"
"2903","LAM ALUE CUT","150"
"2904","LAM ALUE RAYA","150"
"2905","LAM APENG","76"
"2906","LAM ARA CUT","245"
"2907","LAM ARA ENGKIT","245"
"2908","LAM ARA TUNONG","245"
"2909","LAM ARA","271"
"2910","LAM ASAN","184"
"2911","LAM ASAN","142"
"2912","LAM ASAN","150"
"2913","LAM ATEUK","166"
"2914","LAM AWE","21"
"2915","LAM BADA LHOK","184"
"2916","LAM BAET","150"
"2917","LAM BATEE","164"
"2918","LAM BEUGAK","189"
"2919","LAM BEUTONG","140"
"2920","LAM BHEU","218"
"2921","LAM BIHEU","142"
"2922","LAM BITRA","142"
"2923","LAM BLANG MANYANG","218"
"2924","LAM BLANG TRIENG","218"
"2925","LAM BLEUT","229"
"2926","LAM BUNOT PAYA","150"
"2927","LAM BUNOT TANOH","150"
"2928","LAM COK","166"
"2929","LAM COT","20"
"2930","LAM DOM (LANDOM)","213"
"2931","LAM DURIAN","113"
"2932","LAM DUROY","142"
"2933","LAM GABOH","166"
"2934","LAM GAPANG","273"
"2935","LAM GAWEE","142"
"2936","LAM GEU EU","21"
"2937","LAM GLUMPANG / GEULUMPANG","150"
"2938","LAM GRIHEU","208"
"2939","LAM HASAN","21"
"2940","LAM ILIE GANTO","140"
"2941","LAM ILIE MESJID","140"
"2942","LAM ILIE TEUNGOH","140"
"2943","LAM ISEK","21"
"2944","LAM JUHANG","208"
"2945","LAM KAWE","218"
"2946","LAM KEUNUNG","142"
"2947","LAM KLAT","142"
"2948","LAM KLENG / KLEENG","189"
"2949","LAM KRUET","166"
"2950","LAM KUBU","287"
"2951","LAM KUTA BLANG MEE","208"
"2952","LAM LAGANG","271"
"2953","LAM LEUOT","189"
"2954","LAM LEUPUNG","189"
"2955","LAM LHEU","139"
"2956","LAM LUENG","140"
"2957","LAM LUMPU","21"
"2958","LAM MANYANG","21"
"2959","LAM NEUHEUN","150"
"2960","LAM NGA","117"
"2961","LAM PEUDAYA","142"
"2962","LAM PUJA","142"
"2963","LAM PUUK","142"
"2964","LAM RAYA","150"
"2965","LAM RAYA","117"
"2966","LAM REH","142"
"2967","LAM REH","225"
"2968","LAM RUKAM","21"
"2969","LAM SABANG","150"
"2970","LAM SEUNONG","150"
"2971","LAM SIEM","244"
"2972","LAM SINYEU","20"
"2973","LAM SIOT","140"
"2974","LAM SUJEN","208"
"2975","LAM TANJONG","139"
"2976","LAM TEUNGOH","72"
"2977","LAM TEUNGOH","20"
"2978","LAM TIMPEUNG","142"
"2979","LAM TRIENG","150"
"2980","LAM UE","20"
"2981","LAM UJONG","184"
"2982","LAM UJONG","142"
"2983","LAM UJONG","198"
"2984","LAM URIT","164"
"2985","LAMA TUHA","107"
"2986","LAMAMEK","133"
"2987","LAMASAN","113"
"2988","LAMAYANG","265"
"2989","LAMBADA PEUKAN","142"
"2990","LAMBADA","20"
"2991","LAMBADA","76"
"2992","LAMBADEUK","21"
"2993","LAMBARIH BAK MEE","139"
"2994","LAMBARIH JURONG RAYA","139"
"2995","LAMBARO BILUY","229"
"2996","LAMBARO KUEH","166"
"2997","LAMBARO NEJID","21"
"2998","LAMBARO SAMAHANI","245"
"2999","LAMBARO SEUBUN","166"
"3000","LAMBARO SIBREH","139"
"3001","LAMBARO SKEP","200"
"3002","LAMBARO SUKON","142"
"3003","LAMBARO TUNONG","287"
"3004","LAMBARO","138"
"3005","LAMBARO","20"
"3006","LAMBAROH","113"
"3007","LAMBATEE","229"
"3008","LAMBAYA","265"
"3009","LAMBHUK","257"
"3010","LAMBIDENG","238"
"3011","LAMBIHEU SIEM","142"
"3012","LAMBIRAH","139"
"3013","LAMBRO BILEU","150"
"3014","LAMBRO DEYAH","150"
"3015","LAMBUNG BLANG","60"
"3016","LAMBUNG","64"
"3017","LAMBUNOT","140"
"3018","LAMBUNOT","164"
"3019","LAMCARAK","76"
"3020","LAMCEU","150"
"3021","LAMCOT","218"
"3022","LAMDAYA","20"
"3023","LAMDINGIN","200"
"3024","LAMEREM","286"
"3025","LAMEUE MEUNASAH BARO","198"
"3026","LAMGEU BARO","139"
"3027","LAMGEU TUHA","139"
"3028","LAMGLUMPANG","257"
"3029","LAMGUGOB","106"
"3030","LAMGURON","21"
"3031","LAMIE","47"
"3032","LAMJABAT","64"
"3033","LAMJAMEE DAYAH","164"
"3034","LAMJAMEE LAMKRAK","164"
"3035","LAMJAMEE","232"
"3036","LAMJRUEN","76"
"3037","LAMKABU","191"
"3038","LAMKAWE","149"
"3039","LAMKEUMOK","21"
"3040","LAMKUK","76"
"3041","LAMKUNYET","229"
"3042","LAMKUTA","102"
"3043","LAMKUTA","5"
"3044","LAMKUTA","9"
"3045","LAMKUTA","198"
"3046","LAMLEUBOK","140"
"3047","LAMME GAROT","117"
"3048","LAMME","244"
"3049","LAMME","113"
"3050","LAMNGA","225"
"3051","LAMPAGEU","21"
"3052","LAMPAHAN BARAT","202"
"3053","LAMPAHAN TIMUR","202"
"3054","LAMPAHAN","202"
"3055","LAMPAKUK","189"
"3056","LAMPALOH","213"
"3057","LAMPANAH BARO","140"
"3058","LAMPANAH DAYAH","140"
"3059","LAMPANAH INEU","139"
"3060","LAMPANAH RANJO","140"
"3061","LAMPANAH TEUNGOH","140"
"3062","LAMPANAH TUNONG","140"
"3063","LAMPANAH","76"
"3064","LAMPANTE","76"
"3065","LAMPASEH ACEH","64"
"3066","LAMPASEH KOTA","270"
"3067","LAMPASEH KRUENG","117"
"3068","LAMPASEH LHOK","117"
"3069","LAMPASI ENGKING","218"
"3070","LAMPAYA","166"
"3071","LAMPERMEI (LAMPERMEE)","273"
"3072","LAMPEUDEU BAROH","9"
"3073","LAMPEUDEU TUNONG","9"
"3074","LAMPEUNEUEN","218"
"3075","LAMPEUNEURUT GAMPONG","218"
"3076","LAMPEUNEURUT UJONG BLANG","218"
"3077","LAMPINEUNG","184"
"3078","LAMPISANG DAYAH","76"
"3079","LAMPISANG TEUNGOH","76"
"3080","LAMPISANG TUNONG","76"
"3081","LAMPISANG","21"
"3082","LAMPISANG","139"
"3083","LAMPOH DAYA","232"
"3084","LAMPOH DRIEN","187"
"3085","LAMPOH KEUDEE","150"
"3086","LAMPOH KRUENG","220"
"3087","LAMPOH LADA","226"
"3088","LAMPOH LADA","9"
"3089","LAMPOH OE","98"
"3090","LAMPOH RAJA","189"
"3091","LAMPOH RAYEUK","5"
"3092","LAMPOH SIRONG ADAN","190"
"3093","LAMPOH TAROM","150"
"3094","LAMPREH L. TEUNGOH","20"
"3095","LAMPREH LAM JAMPROK","20"
"3096","LAMPUH RAYEUK","55"
"3097","LAMPULA  /  LAMPULO","200"
"3098","LAMPUOT","271"
"3099","LAMPUPOK BARO","140"
"3100","LAMPUPOK RAYA","140"
"3101","LAMPUUK","150"
"3102","LAMPUYANG","111"
"3103","LAMREUNEUNG","191"
"3104","LAMREUNG","218"
"3105","LAMROH","150"
"3106","LAMSENIA (LAMSEUNIA)","264"
"3107","LAMSEUPEUNG","213"
"3108","LAMSIDAYA","218"
"3109","LAMSIE (LAMSIEM)","189"
"3110","LAMSITEH COT","245"
"3111","LAMSITEH","218"
"3112","LAMSOD","229"
"3113","LAMTADOK","229"
"3114","LAMTAMOT","287"
"3115","LAMTEH DAYAH","139"
"3116","LAMTEH","21"
"3117","LAMTEH","257"
"3118","LAMTEMEN BARAT","232"
"3119","LAMTEMEN TIMUR","232"
"3120","LAMTENG","111"
"3121","LAMTEUBA DROI","76"
"3122","LAMTEUBEE GEUPULA","150"
"3123","LAMTEUBEE MON ARA","150"
"3124","LAMTEUNGOH","21"
"3125","LAMTHEUN","218"
"3126","LAMTUI","113"
"3127","LAMTUI","189"
"3128","LAMTUTUI","21"
"3129","LANCANG BARAT","203"
"3130","LANCANG GARAM","199"
"3131","LANCANG PARU","1"
"3132","LANCANG","98"
"3133","LANCANG","149"
"3134","LANCANG","228"
"3135","LANCANG","99"
"3136","LANCOK BUNGO","192"
"3137","LANCOK LANCOK","194"
"3138","LANCOK PANTE ARA","194"
"3139","LANCOK ULIM","86"
"3140","LANCOK","227"
"3141","LANCOK","41"
"3142","LANCOK","7"
"3143","LANCOK","29"
"3144","LANCONG","266"
"3145","LANDUH","123"
"3146","LANG KUTA","108"
"3147","LANGA (MEUNASAH LANGA)","29"
"3148","LANGI","286"
"3149","LANGKAHAN","69"
"3150","LANGKAK","151"
"3151","LANGO","92"
"3152","LANGUNG","196"
"3153","LANTIK","143"
"3154","LANTING","2"
"3155","LAPAHAN BUAYA","255"
"3156","LAPANG BARAT","103"
"3157","LAPANG TIMUR","103"
"3158","LAPANG","234"
"3159","LAPEHAN MESJID","70"
"3160","LAPENG","111"
"3161","LASIKIN","2"
"3162","LATAK AYAH","134"
"3163","LATALING","132"
"3164","LATITIK","265"
"3165","LATIUNG","132"
"3166","LATONG","56"
"3167","LAUBANG (LEUBANG)","143"
"3168","LAUKE","265"
"3169","LAURE-E","265"
"3170","LAUT TAWAR","23"
"3171","LAWA BATU","82"
"3172","LAWANG","71"
"3173","LAWANG","75"
"3174","LAWE AUNAN","171"
"3175","LAWE BEKHINGIN","171"
"3176","LAWE BEKUNG TAMPAHAN","182"
"3177","LAWE BEKUNG","182"
"3178","LAWE BERINGIN GAYO","280"
"3179","LAWE BERINGIN HORAS","280"
"3180","LAWE BULUH DIDI","25"
"3181","LAWE CIMANOK","25"
"3182","LAWE DESKY SABAS","259"
"3183","LAWE DESKY TONGAH","259"
"3184","LAWE DESKY / DESKI I","259"
"3185","LAWE DUA GABUNGAN","122"
"3186","LAWE GER GER","171"
"3187","LAWE HAKHUM","224"
"3188","LAWE HIJO METUAH","137"
"3189","LAWE HIJO","137"
"3190","LAWE KESUMPAT","248"
"3191","LAWE KIHING","137"
"3192","LAWE KINGA GABUNGAN","280"
"3193","LAWE KINGA LAPTER","280"
"3194","LAWE KINGA TEBING TINGGI","280"
"3195","LAWE KINGE","186"
"3196","LAWE KOLOK","186"
"3197","LAWE KONKER HILIR","214"
"3198","LAWE KONKER / KONGKIR","214"
"3199","LAWE LONING AMAN","248"
"3200","LAWE LONING GABUNGAN","248"
"3201","LAWE LONING I","248"
"3202","LAWE LONING SEPAKAT","248"
"3203","LAWE LUBANG INDAH","214"
"3204","LAWE MALUM","28"
"3205","LAWE MAMAS INDAH","253"
"3206","LAWE MANTIK","259"
"3207","LAWE MELANG","126"
"3208","LAWE MENGKUDU","171"
"3209","LAWE MENJILAI","280"
"3210","LAWE PANGKAT","224"
"3211","LAWE PEKHIDINEN","248"
"3212","LAWE PENANGGALAN","171"
"3213","LAWE PERBUNGA","259"
"3214","LAWE PETANDUK I","280"
"3215","LAWE PETANDUK","280"
"3216","LAWE PINIS","253"
"3217","LAWE POLAK","221"
"3218","LAWE RAKAT","248"
"3219","LAWE RUTUNG","186"
"3220","LAWE SAGU BARU","186"
"3221","LAWE SAGU HILIR","186"
"3222","LAWE SAGU HULU","186"
"3223","LAWE SAGU","186"
"3224","LAWE SAWAH","25"
"3225","LAWE SEKEKHAH","182"
"3226","LAWE SEKHAKUT","23"
"3227","LAWE SEMBEKAN","171"
"3228","LAWE SEMPILANG","214"
"3229","LAWE SERKE","248"
"3230","LAWE SIGALA BARAT JAYA","248"
"3231","LAWE SIGALA BARAT","248"
"3232","LAWE SIGALA II","248"
"3233","LAWE SIGALA TIMUR","248"
"3234","LAWE STUL / SETUL","253"
"3235","LAWE SUMUR BARU","221"
"3236","LAWE SUMUR SEPAKAT","221"
"3237","LAWE SUMUR","28"
"3238","LAWE SUMUR","221"
"3239","LAWE TAWAKH","259"
"3240","LAWE TUA GABUNGAN","248"
"3241","LAWE TUA MAKMUR","248"
"3242","LAWE TUA PERSATUAN","248"
"3243","LAWE TUNGKAL","119"
"3244","LAWET","92"
"3245","LAYABAUNG","133"
"3246","LAYAN","59"
"3247","LAYEUN","264"
"3248","LAYUNG","40"
"3249","LEK LEK","146"
"3250","LELABU","167"
"3251","LELES","154"
"3252","LELUMU","152"
"3253","LEMAH BURBANA","167"
"3254","LEMBAH ALAS","224"
"3255","LEMBAH BARU","147"
"3256","LEMBAH HAJI","137"
"3257","LEME","14"
"3258","LEMPUH","14"
"3259","LENGA","157"
"3260","LENGKONG","66"
"3261","LENTONG","255"
"3262","LESTARI","223"
"3263","LESTEN","267"
"3264","LEU BUE","9"
"3265","LEU HONG","74"
"3266","LEU UE (MATA IE)","218"
"3267","LEUBANG HULU","143"
"3268","LEUBEUK TUWE","207"
"3269","LEUBOK BEUTONG","266"
"3270","LEUBOK MANE","69"
"3271","LEUBOK PASI ARA","94"
"3272","LEUBOK","71"
"3273","LEUBOK / LUBOK PANYANG","51"
"3274","LEUBU COT","70"
"3275","LEUBU ME","70"
"3276","LEUBU MESJID","70"
"3277","LEUEN","12"
"3278","LEUGE","68"
"3279","LEUGEU","218"
"3280","LEUHAN","234"
"3281","LEUHOB","12"
"3282","LEUHONG","49"
"3283","LEUHOP","195"
"3284","LEUKEUN","112"
"3285","LEUNGAH","76"
"3286","LEUPE","113"
"3287","LEUPE","58"
"3288","LEUPEUM MESJID","198"
"3289","LEUPON SIREN","74"
"3290","LEUPU","204"
"3291","LEUPUNG BALEU / BALEE","189"
"3292","LEUPUNG BRUK / BRUEK","189"
"3293","LEUPUNG CUT","245"
"3294","LEUPUNG MESJID","150"
"3295","LEUPUNG RAYEUK","245"
"3296","LEUPUNG RIWAT","245"
"3297","LEUPUNG ULEE ALUE","150"
"3298","LEUTEUNG","236"
"3299","LEWAJADI","188"
"3300","LEWAK","286"
"3301","LHAKSAMANA","8"
"3302","LHANG","229"
"3303","LHANG","63"
"3304","LHEE MEUNASAH","250"
"3305","LHEU BLANG","218"
"3306","LHEUE BARAT","98"
"3307","LHEUE JEUMPA","140"
"3308","LHEUE SIMPANG","98"
"3309","LHEUE","238"
"3310","LHIEB","76"
"3311","LHOH","111"
"3312","LHOK AMAN","42"
"3313","LHOK ASAHAN","282"
"3314","LHOK ASAN","36"
"3315","LHOK AWE AWE","194"
"3316","LHOK AWE TEUNGOH","230"
"3317","LHOK BANIE","284"
"3318","LHOK BAYU","7"
"3319","LHOK BENGKUANG TIMUR","16"
"3320","LHOK BENGKUANG","16"
"3321","LHOK BEURINGEN","84"
"3322","LHOK BEUTONG","73"
"3323","LHOK BIKHAO","133"
"3324","LHOK BINTANG HU","84"
"3325","LHOK BOT","269"
"3326","LHOK BUBON","112"
"3327","LHOK BUGENG","5"
"3328","LHOK BUYA","269"
"3329","LHOK CUT","7"
"3330","LHOK DAGANG","86"
"3331","LHOK DALAM","286"
"3332","LHOK DALAM","89"
"3333","LHOK DALAM","68"
"3334","LHOK EMPEH","198"
"3335","LHOK EUNCIEN","239"
"3336","LHOK GAJAH","107"
"3337","LHOK GAJAH","7"
"3338","LHOK GAJAH","93"
"3339","LHOK GEULITUET (GEULETUET)","43"
"3340","LHOK GEULUMPANG","62"
"3341","LHOK GEULUMPANG","269"
"3342","LHOK GUCI","92"
"3343","LHOK GUCI","88"
"3344","LHOK IBOH","239"
"3345","LHOK IGEUH","242"
"3346","LHOK JOK","108"
"3347","LHOK JOK","7"
"3348","LHOK KAREUNG","6"
"3349","LHOK KEUTAPANG (KETAPANG)","16"
"3350","LHOK KEUTAPANG","9"
"3351","LHOK KEUTAPANG","59"
"3352","LHOK KREK","7"
"3353","LHOK KRUET","79"
"3354","LHOK KULAM","98"
"3355","LHOK KUYUN","7"
"3356","LHOK LEUMAK","89"
"3357","LHOK LUBU","148"
"3358","LHOK MAKMUR","133"
"3359","LHOK MALEE","94"
"3360","LHOK MAMBANG","103"
"3361","LHOK MAMPLAM","42"
"3362","LHOK MANE","99"
"3363","LHOK ME","198"
"3364","LHOK MEDANG ARA","85"
"3365","LHOK MERBO (MEUREUBO)","7"
"3366","LHOK MERBO","84"
"3367","LHOK MESJID","233"
"3368","LHOK MEUREU","89"
"3369","LHOK MON PUTEH","37"
"3370","LHOK NGA","175"
"3371","LHOK PADANG","56"
"3372","LHOK PANAH","198"
"3373","LHOK PANGE","233"
"3374","LHOK PANJOU / PANJAU","89"
"3375","LHOK PAOH","286"
"3376","LHOK PAROM","56"
"3377","LHOK PAWOH","110"
"3378","LHOK PAWOH","237"
"3379","LHOK PUNTOL","110"
"3380","LHOK PUSONG","10"
"3381","LHOK PUUK","276"
"3382","LHOK PUUK","43"
"3383","LHOK RAMBIDENG","43"
"3384","LHOK RAMBONG","61"
"3385","LHOK RAMEUN","73"
"3386","LHOK RAYA","261"
"3387","LHOK REUDEUP","84"
"3388","LHOK REUHAT","65"
"3389","LHOK RUKAM","16"
"3390","LHOK SANDENG","227"
"3391","LHOK SARI","92"
"3392","LHOK SENTANG","6"
"3393","LHOK SEUMIRA","41"
"3394","LHOK SEUMOT","176"
"3395","LHOK SEUNTANG","61"
"3396","LHOK SEUTUY","35"
"3397","LHOK SIALANG CUT","278"
"3398","LHOK SIALANG RAYEUK","278"
"3399","LHOK SUKON","20"
"3400","LHOK TANOH","99"
"3401","LHOK TIMON","269"
"3402","LHOKSEUMAWE","199"
"3403","LHONG BARO","110"
"3404","LHONG CUT","271"
"3405","LHONG RAYA","271"
"3406","LHUENG TENGOH","98"
"3407","LHUET","113"
"3408","LHUNG ASAN","102"
"3409","LHUNG GELUMPANG","107"
"3410","LHUNG TAROK","102"
"3411","LHUNG TGK YAH","52"
"3412","LICEH","40"
"3413","LIE EUE","142"
"3414","LIGAN","79"
"3415","LIKAT","137"
"3416","LILIEP BUNGIE","238"
"3417","LIMAU PURUT (KOTA FAJAR)","128"
"3418","LIMAU SARING","172"
"3419","LIMO BLANG","140"
"3420","LIMO LAMLUWEUNG (LAMLUENG)","140"
"3421","LIMO MESJID","140"
"3422","LIMPOK","142"
"3423","LINGE","145"
"3424","LINGGE ALAS","28"
"3425","LINGGI","17"
"3426","LINGGONG SAGOE","238"
"3427","LINGGONG","5"
"3428","LINGKA KUTA","103"
"3429","LINGKOK BUSU","190"
"3430","LINGKOK","198"
"3431","LINGKOK","118"
"3432","LINGOM","140"
"3433","LINUNG AYU","152"
"3434","LINUNG BALE","202"
"3435","LINUNG BULEN I","170"
"3436","LINUNG BULEN II","170"
"3437","LIPAH CUT","8"
"3438","LIPAH RAYEUK","8"
"3439","LIPAT KAJANG ATAS","258"
"3440","LIPAT KAJANG","258"
"3441","LOKOP","154"
"3442","LON ASAN","287"
"3443","LON BAROH","287"
"3444","LONGKIB","205"
"3445","LOOT","154"
"3446","LOT BENER KELIPAH","212"
"3447","LOT KALA","247"
"3448","LOUSER","171"
"3449","LUAN BALU","180"
"3450","LUAN SORIP","265"
"3451","LUAR","206"
"3452","LUAR","19"
"3453","LUBOK BATEE","245"
"3454","LUBOK BATHIL","60"
"3455","LUBOK BUNI","245"
"3456","LUBOK GAPUY","20"
"3457","LUBOK PEMPENG","68"
"3458","LUBOK PUSAKA","69"
"3459","LUBOK","112"
"3460","LUBUK BAIK","286"
"3461","LUBUK BATEE","20"
"3462","LUBUK DAMAR","18"
"3463","LUBUK LAYU","19"
"3464","LUBUK SIDUP","197"
"3465","LUENG BARO","65"
"3466","LUENG BARO","272"
"3467","LUENG BARO","235"
"3468","LUENG BARO","73"
"3469","LUENG BARO","266"
"3470","LUENG BARO","94"
"3471","LUENG BATA","35"
"3472","LUENG BATA","213"
"3473","LUENG BIMBA","227"
"3474","LUENG BULOH","52"
"3475","LUENG DAMA","250"
"3476","LUENG DANEUN","78"
"3477","LUENG DUA","4"
"3478","LUENG GAYO","34"
"3479","LUENG IE","273"
"3480","LUENG JAWA","52"
"3481","LUENG KEUBE JAGAT / JAGAD","177"
"3482","LUENG KEUBEU","41"
"3483","LUENG KULI","235"
"3484","LUENG MANYO","85"
"3485","LUENG MESJID","195"
"3486","LUENG PEUT","4"
"3487","LUENG SAGOE","190"
"3488","LUENG SATU","4"
"3489","LUENG T BEN","151"
"3490","LUENG TANOH THO","52"
"3491","LUENG TUHA","84"
"3492","LUENG","5"
"3493","LUENG","49"
"3494","LUGU SEK BAHAK (SEBAHAK)","180"
"3495","LUGU","17"
"3496","LUKUB SABUN BARAT","168"
"3497","LUKUB SABUN TENGAH","168"
"3498","LUKUB SABUN TIMUR","168"
"3499","LUKUB SABUN","168"
"3500","LUKUP BARU","136"
"3501","LUMBAN SITIO-TIO","28"
"3502","LUMBAN TUA","28"
"3503","LUMUT","145"
"3504","LUT JAYA","158"
"3505","LUT KUCAK","201"
"3506","LUTHU DAYAH KRUENG","139"
"3507","LUTHU LAMWEU","139"
"3508","MACAH","73"
"3509","MADAN","228"
"3510","MADAT","4"
"3511","MADAT","19"
"3512","MADDI","57"
"3513","MADIKA","238"
"3514","MAH BENGI","167"
"3515","MAHA SINGKIL","122"
"3516","MAHENG","189"
"3517","MAKARTI JAYA","47"
"3518","MAKMUR JAYA","253"
"3519","MAKMUR JAYA","252"
"3520","MAKMUR JAYA","223"
"3521","MAKMUR SENTOSA","188"
"3522","MAKMUR","155"
"3523","MALAKA","126"
"3524","MALASIN","133"
"3525","MALI COT","198"
"3526","MALI GUYUI","198"
"3527","MALI MESJID","198"
"3528","MAMAS BARU","253"
"3529","MAMAS","253"
"3530","MAMPLAM","138"
"3531","MAMPLAM","57"
"3532","MAMPLAM","238"
"3533","MAMPREE","80"
"3534","MAMPREI","242"
"3535","MANCANG (MEUNASAH MANCANG)","6"
"3536","MANCANG","9"
"3537","MANCANG","198"
"3538","MANCANG","228"
"3539","MANCANG","38"
"3540","MANCANG","242"
"3541","MANDILAM","183"
"3542","MANDUMPANG","127"
"3543","MANE KAREUNG","101"
"3544","MANE KAWAN","43"
"3545","MANE MEUJINGKI","3"
"3546","MANE RAMPAK","61"
"3547","MANE TUNONG","262"
"3548","MANE","236"
"3549","MANEE DAYAH","229"
"3550","MANGANG","136"
"3551","MANGEU","76"
"3552","MANGGIE","146"
"3553","MANGGIS HARAPAN","147"
"3554","MANGGRA","140"
"3555","MANJENG","92"
"3556","MANTAK RAYA","238"
"3557","MANYANG (MEUNASAH MANYANG)","6"
"3558","MANYANG BAROH","80"
"3559","MANYANG CUT","226"
"3560","MANYANG LAMCOK","226"
"3561","MANYANG SB","74"
"3562","MANYANG TUNONG","74"
"3563","MANYANG","1"
"3564","MANYANG","193"
"3565","MANYANG","149"
"3566","MANYANG","207"
"3567","MAREK","100"
"3568","MAREU","113"
"3569","MARLEMPANG","60"
"3570","MARPUNGE","275"
"3571","MASEN","72"
"3572","MATA IE","102"
"3573","MATA IE","6"
"3574","MATA IE","117"
"3575","MATA IE","235"
"3576","MATA IE","46"
"3577","MATA LE / IE","278"
"3578","MATA MAMPLAM","77"
"3579","MATA U","6"
"3580","MATAIE (MATA IE)","79"
"3581","MATAN URUNG","2"
"3582","MATANG ANOU","43"
"3583","MATANG ARA ACEH","85"
"3584","MATANG ARA JAWA","85"
"3585","MATANG ARONGAN","84"
"3586","MATANG BALOY","74"
"3587","MATANG BANGKA","98"
"3588","MATANG BARO","35"
"3589","MATANG BAROH","272"
"3590","MATANG BAYU","239"
"3591","MATANG BEN","74"
"3592","MATANG BERINGIN","35"
"3593","MATANG BUNGONG","282"
"3594","MATANG CEUBREK (CIBREK)","74"
"3595","MATANG CEUBREK","239"
"3596","MATANG CEUNGAI","104"
"3597","MATANG CINCIN","85"
"3598","MATANG COT PASEH","77"
"3599","MATANG CUT","35"
"3600","MATANG DRIEN","84"
"3601","MATANG GEUTOU","62"
"3602","MATANG GLEUM","68"
"3603","MATANG GLUMPANG II MEUNASAH DAYAH","77"
"3604","MATANG GLUMPANG II MEUNASAH TIMUR","77"
"3605","MATANG GURU","4"
"3606","MATANG JANENG","31"
"3607","MATANG JAREUNG","41"
"3608","MATANG JEULIKAT","43"
"3609","MATANG JROK","4"
"3610","MATANG JURONG","84"
"3611","MATANG KAREUNG","35"
"3612","MATANG KARIENG","43"
"3613","MATANG KEH","58"
"3614","MATANG KELAYU","35"
"3615","MATANG KEUTAPANG","69"
"3616","MATANG KRUET","83"
"3617","MATANG KULEE","192"
"3618","MATANG KULI","149"
"3619","MATANG KUMBANG","35"
"3620","MATANG KUMBANG","70"
"3621","MATANG KUMBANG","55"
"3622","MATANG KUNYET","114"
"3623","MATANG KUPULA / KEUPULA DUA","4"
"3624","MATANG KUPULA / KEUPULA LHEE","4"
"3625","MATANG KUPULA / KEUPULA SATU","4"
"3626","MATANG LADA","43"
"3627","MATANG LAWANG","35"
"3628","MATANG LINYA","35"
"3629","MATANG MANE","74"
"3630","MATANG MANEH","84"
"3631","MATANG MANYAM","35"
"3632","MATANG ME","71"
"3633","MATANG MENYE","71"
"3634","MATANG MESJID","77"
"3635","MATANG MEUNYE","6"
"3636","MATANG MEUNYE","80"
"3637","MATANG NEUHEUN","114"
"3638","MATANG NIBONG","98"
"3639","MATANG NIBONG","4"
"3640","MATANG PANYANG","239"
"3641","MATANG PANYANG","104"
"3642","MATANG PANYANG","114"
"3643","MATANG PANYANG","49"
"3644","MATANG PANYANG","43"
"3645","MATANG PASI","75"
"3646","MATANG PAYA","239"
"3647","MATANG PELAWI","68"
"3648","MATANG PERLAK (PEUREULAK)","83"
"3649","MATANG PEUSANGAN","71"
"3650","MATANG PINEUNG","35"
"3651","MATANG PINEUNG","62"
"3652","MATANG PUDENG","83"
"3653","MATANG PUNTONG","228"
"3654","MATANG PUNTONG","43"
"3655","MATANG RANUB LASEH","31"
"3656","MATANG RAWA","35"
"3657","MATANG RAYA BARAT","35"
"3658","MATANG RAYA TIMU","35"
"3659","MATANG RAYA","84"
"3660","MATANG RAYEUK (SMK)","282"
"3661","MATANG RAYEUK","45"
"3662","MATANG RAYEUK","55"
"3663","MATANG REUDEP","35"
"3664","MATANG REULEUT","75"
"3665","MATANG REYEUK PP","282"
"3666","MATANG RUBEK","69"
"3667","MATANG SAGOE","77"
"3668","MATANG SANTOT","84"
"3669","MATANG SENTANG","18"
"3670","MATANG SEPING / SEUPING","129"
"3671","MATANG SERDANG","84"
"3672","MATANG SEUKE PULOT","84"
"3673","MATANG SEULEUMAK","114"
"3674","MATANG SEULIMENG","284"
"3675","MATANG SEUPENG","55"
"3676","MATANG SEUTUI","104"
"3677","MATANG SIJUEK BARAT","239"
"3678","MATANG SIJUEK TEUNGOH","239"
"3679","MATANG SIJUEK TIMU","239"
"3680","MATANG TEUNGOH AB. (MEUNASAH MATANG TEUNGOH)","6"
"3681","MATANG TEUNGOH L","65"
"3682","MATANG TEUNGOH SELATAN","69"
"3683","MATANG TEUNGOH TEUNGOH","84"
"3684","MATANG TEUNGOH","239"
"3685","MATANG TEUNGOH","98"
"3686","MATANG TEUNGOH","41"
"3687","MATANG TEUPAH","60"
"3688","MATANG TUNONG","272"
"3689","MATANG TUNONG","228"
"3690","MATANG ULIM","35"
"3691","MATANG ULIM","228"
"3692","MATANG WAKEUH","41"
"3693","MATANG WENG","55"
"3694","MATANG","61"
"3695","MATANG","41"
"3696","MATANG","251"
"3697","MAUDIL","143"
"3698","MBACANG RACUN","186"
"3699","MBAK SAKO","122"
"3700","MBARUNG","27"
"3701","MBURUNG DATUK SEKHUDANE","27"
"3702","ME ADAN","33"
"3703","ME ARON","80"
"3704","ME MATANG PANYANG","31"
"3705","ME PANGWA","251"
"3706","ME PEUDUEK (PEUDOK BAROH)","251"
"3707","ME RAYEUK","235"
"3708","ME TANOH","195"
"3709","ME TEUNGOH","190"
"3710","MEDANG ARA","120"
"3711","MEDANG ARA","114"
"3712","MEE BEUREULEUNG (MEUNASAH MEE)","209"
"3713","MEE HAGU","195"
"3714","MEE KRUENG SEUMIDEUN","195"
"3715","MEE KRUKON","195"
"3716","MEE LAMPOH SAKA","195"
"3717","MEE PANYANG BUSU","190"
"3718","MEE TANJONG","33"
"3719","MEE TEUMPEN (MEU TEUMPEUN)","193"
"3720","MEE","71"
"3721","MEE","207"
"3722","MEKAR AYU","202"
"3723","MEKAR INDAH","156"
"3724","MEKAR JADI AYU","201"
"3725","MEKAR MAJU","158"
"3726","MELALA","155"
"3727","MELAYU I","27"
"3728","MELIDI","216"
"3729","MELINGGE","111"
"3730","MELOAK SEPAKAT","275"
"3731","MELUEM","179"
"3732","MENANG GINI","120"
"3733","MENDABE","27"
"3734","MENDALE","247"
"3735","MENGAYA","170"
"3736","MENJE MESJID","195"
"3737","MENUANG KINCO","92"
"3738","MENUANG TANJONG","100"
"3739","MENYE LHEE","57"
"3740","MERAH JERNANG","169"
"3741","MERAH MEGE","169"
"3742","MERAH MERSA","163"
"3743","MERAH MUYANG / MAYANG","169"
"3744","MERAH PUPUK","169"
"3745","MERAH SAID","222"
"3746","MERANTI","28"
"3747","MERBAU II (MERBOU DUA)","13"
"3748","MERBO JURONG","272"
"3749","MERBO LAMA","272"
"3750","MERDUATI","270"
"3751","MERIAH JAYA","26"
"3752","MERIE SATU","201"
"3753","MERODOT","170"
"3754","MERSAK","126"
"3755","MESIR","154"
"3756","MESJID ANDEUE","148"
"3757","MESJID AREE","250"
"3758","MESJID BAMBONG","250"
"3759","MESJID BARO","191"
"3760","MESJID BARO","41"
"3761","MESJID BARO","112"
"3762","MESJID BENDAHARA","60"
"3763","MESJID BEUAH","250"
"3764","MESJID BEURABO","12"
"3765","MESJID BEUREULEUNG","209"
"3766","MESJID BLUEK","207"
"3767","MESJID BUNGIE","238"
"3768","MESJID CALONG","97"
"3769","MESJID DIJIEM","191"
"3770","MESJID GEULEUDIENG","12"
"3771","MESJID GIGIENG","238"
"3772","MESJID GOGO","12"
"3773","MESJID GUMPUENG","33"
"3774","MESJID ILOT","148"
"3775","MESJID JEURAT MANYANG","33"
"3776","MESJID KEUMANGAN","190"
"3777","MESJID KUNYET","12"
"3778","MESJID LAM UJONG","191"
"3779","MESJID LANCOK","1"
"3780","MESJID MEUANEUK","209"
"3781","MESJID MEURAYA","101"
"3782","MESJID NICAH","161"
"3783","MESJID PALOH","12"
"3784","MESJID PANTE RAJA","276"
"3785","MESJID PEUDAYA","12"
"3786","MESJID PEUDUEK","251"
"3787","MESJID PIRAK","71"
"3788","MESJID PUNTEUET","101"
"3789","MESJID REUBEE","250"
"3790","MESJID RUMPONG","195"
"3791","MESJID RUNTOH","9"
"3792","MESJID SUNGAI IYU","60"
"3793","MESJID SUWIEK","191"
"3794","MESJID TANJONG","12"
"3795","MESJID TIBA","33"
"3796","MESJID TRIENGGADENG","251"
"3797","MESJID TUHA","196"
"3798","MESJID TUHA","226"
"3799","MESJID TUMPEUDENG","118"
"3800","MESJID TUNGKOP","191"
"3801","MESJID TUNGUE","238"
"3802","MESJID ULEE GAMPONG","191"
"3803","MESJID ULIM BAROH","93"
"3804","MESJID ULIM TUNONG","93"
"3805","MESJID USI","33"
"3806","MESJID UTUE","9"
"3807","MESJID YAMAN","190"
"3808","MESJID","100"
"3809","MESJID","85"
"3810","MESJID","207"
"3811","MESJID","211"
"3812","MESJID","80"
"3813","MESJID","11"
"3814","METAREUM","250"
"3815","MEUCAT ADAN","33"
"3816","MEUCAT PANGWA","251"
"3817","MEUCAT TEUBENG","9"
"3818","MEUCAT","97"
"3819","MEUCAT","6"
"3820","MEUCAT","228"
"3821","MEUCAT","80"
"3822","MEUDANG ARA (MEDANG ARA)","89"
"3823","MEUDANG ARA","35"
"3824","MEUDANG ARA","102"
"3825","MEUDANG ARA","29"
"3826","MEUDANG GHON","105"
"3827","MEUDHEUN","113"
"3828","MEUE","251"
"3829","MEUGAT MEH","233"
"3830","MEUGIT KAYEI PANYANG","10"
"3831","MEUGIT SAGOE","10"
"3832","MEUGIT","33"
"3833","MEUKO BAROH","10"
"3834","MEUKO DAYAH","10"
"3835","MEUKO KUTHANG","10"
"3836","MEUKO MEUGIT","246"
"3837","MEULAYO (MELAYO)","244"
"3838","MEULAYU","191"
"3839","MEULEUWEUK","195"
"3840","MEULIEK","41"
"3841","MEULIGO","237"
"3842","MEUNAFAH","30"
"3843","MEUNARA","140"
"3844","MEUNASAH ALUE DRIEN LB","6"
"3845","MEUNASAH ALUE","98"
"3846","MEUNASAH ALUE","37"
"3847","MEUNASAH ALUE","50"
"3848","MEUNASAH ALUE","75"
"3849","MEUNASAH ARA","100"
"3850","MEUNASAH AROEN (ARON)","89"
"3851","MEUNASAH ARON","262"
"3852","MEUNASAH ARONGAN AB","6"
"3853","MEUNASAH ASAN AB","6"
"3854","MEUNASAH ASAN LHOKSUKON BARAT","6"
"3855","MEUNASAH ASAN","4"
"3856","MEUNASAH ASAN","228"
"3857","MEUNASAH ASAN","99"
"3858","MEUNASAH BAET","273"
"3859","MEUNASAH BAK TRIENG","150"
"3860","MEUNASAH BAK UE","264"
"3861","MEUNASAH BAKTHU","139"
"3862","MEUNASAH BAKTRIENG","273"
"3863","MEUNASAH BALE","198"
"3864","MEUNASAH BALEE LAMLHOM","166"
"3865","MEUNASAH BALEK","226"
"3866","MEUNASAH BARAT","99"
"3867","MEUNASAH BARO LAM PUUK","166"
"3868","MEUNASAH BARO LAMLHOM","166"
"3869","MEUNASAH BARO","20"
"3870","MEUNASAH BARO","149"
"3871","MEUNASAH BARO","262"
"3872","MEUNASAH BARO","76"
"3873","MEUNASAH BAROH","75"
"3874","MEUNASAH BAROH","38"
"3875","MEUNASAH BEUREMBANG","246"
"3876","MEUNASAH BEUTONG","166"
"3877","MEUNASAH BIE","227"
"3878","MEUNASAH BLANG  / BLT","37"
"3879","MEUNASAH BLANG ARA","108"
"3880","MEUNASAH BLANG GUYUI","198"
"3881","MEUNASAH BLANG","62"
"3882","MEUNASAH BLANG","98"
"3883","MEUNASAH BLANG","69"
"3884","MEUNASAH BLANG","166"
"3885","MEUNASAH BLANG","6"
"3886","MEUNASAH BLANG","148"
"3887","MEUNASAH BLANG","75"
"3888","MEUNASAH BLANG","195"
"3889","MEUNASAH BLANG","198"
"3890","MEUNASAH BLANG","238"
"3891","MEUNASAH BUENG","93"
"3892","MEUNASAH BUJOK","35"
"3893","MEUNASAH BUKET / BUKIT","108"
"3894","MEUNASAH BULOH","100"
"3895","MEUNASAH BULOH","6"
"3896","MEUNASAH BUNGO","75"
"3897","MEUNASAH COT USIBAK","6"
"3898","MEUNASAH CUT","166"
"3899","MEUNASAH CUT","50"
"3900","MEUNASAH CUT","75"
"3901","MEUNASAH DAYAH LT / LB","6"
"3902","MEUNASAH DAYAH MEUNARA (MON ARA)","108"
"3903","MEUNASAH DAYAH SPK","38"
"3904","MEUNASAH DAYAH","176"
"3905","MEUNASAH DAYAH","20"
"3906","MEUNASAH DAYAH","98"
"3907","MEUNASAH DAYAH","215"
"3908","MEUNASAH DAYAH","99"
"3909","MEUNASAH DAYAH","84"
"3910","MEUNASAH DRANG","262"
"3911","MEUNASAH EMPEH","238"
"3912","MEUNASAH GANTUNG","100"
"3913","MEUNASAH GANTUNG","149"
"3914","MEUNASAH GEUDONG","35"
"3915","MEUNASAH GEUDONG","84"
"3916","MEUNASAH GEULINGGANG","6"
"3917","MEUNASAH GONG","238"
"3918","MEUNASAH HAGU","239"
"3919","MEUNASAH HAGU","226"
"3920","MEUNASAH HAGU","114"
"3921","MEUNASAH INTAN","273"
"3922","MEUNASAH JARENG (JAREING)","149"
"3923","MEUNASAH JEUMPA","282"
"3924","MEUNASAH JOK","6"
"3925","MEUNASAH JURONG","227"
"3926","MEUNASAH JURONG","238"
"3927","MEUNASAH KABAT","195"
"3928","MEUNASAH KANDANG","149"
"3929","MEUNASAH KARIENG","166"
"3930","MEUNASAH KEUDEE","225"
"3931","MEUNASAH KEUPULA","98"
"3932","MEUNASAH KEUTAPANG","62"
"3933","MEUNASAH KEUTAPANG","98"
"3934","MEUNASAH KOTA","98"
"3935","MEUNASAH KRUENG KALA","208"
"3936","MEUNASAH KRUENG","176"
"3937","MEUNASAH KRUENG","20"
"3938","MEUNASAH KRUENG","5"
"3939","MEUNASAH KRUENG","149"
"3940","MEUNASAH KRUENG","50"
"3941","MEUNASAH KRUENG","75"
"3942","MEUNASAH KRUENG","45"
"3943","MEUNASAH KRUMBOK","195"
"3944","MEUNASAH KULAM RENTANG","227"
"3945","MEUNASAH KULAM","108"
"3946","MEUNASAH KULAM","225"
"3947","MEUNASAH KULAM","79"
"3948","MEUNASAH KUMBANG","246"
"3949","MEUNASAH KUMBANG","108"
"3950","MEUNASAH KUMBANG","93"
"3951","MEUNASAH LAM GIREK","166"
"3952","MEUNASAH LANCOK","41"
"3953","MEUNASAH LEUBOK AB","6"
"3954","MEUNASAH LEUBOK","83"
"3955","MEUNASAH LHEE","238"
"3956","MEUNASAH LHOK","208"
"3957","MEUNASAH LHOK","226"
"3958","MEUNASAH LHOK","262"
"3959","MEUNASAH LINCAH","41"
"3960","MEUNASAH LUENG","98"
"3961","MEUNASAH LUENG","195"
"3962","MEUNASAH LUENG","198"
"3963","MEUNASAH LUENG","41"
"3964","MEUNASAH MAMPLAM","99"
"3965","MEUNASAH MANCANG","227"
"3966","MEUNASAH MANYANG LG","20"
"3967","MEUNASAH MANYANG PAGAR AIR","20"
"3968","MEUNASAH MANYANG","273"
"3969","MEUNASAH MANYANG","166"
"3970","MEUNASAH MANYANG","37"
"3971","MEUNASAH MANYET","20"
"3972","MEUNASAH ME","246"
"3973","MEUNASAH MEE","97"
"3974","MEUNASAH MEE","149"
"3975","MEUNASAH MEE","37"
"3976","MEUNASAH MERBO","84"
"3977","MEUNASAH MESJID (MESJID LEUPUNG)","264"
"3978","MEUNASAH MESJID LAMLHOM","166"
"3979","MEUNASAH MESJID","149"
"3980","MEUNASAH MESJID","37"
"3981","MEUNASAH MESJID","75"
"3982","MEUNASAH MESJID","99"
"3983","MEUNASAH MESJID","93"
"3984","MEUNASAH MEUCAP","77"
"3985","MEUNASAH MEUCAT","50"
"3986","MEUNASAH MEURBO (MEUREUBO)","6"
"3987","MEUNASAH MEURIA (MEURIYA)","6"
"3988","MEUNASAH MON CUT","166"
"3989","MEUNASAH MON","225"
"3990","MEUNASAH MULIENG","226"
"3991","MEUNASAH NGA LHOKSUKON BARAT","6"
"3992","MEUNASAH NIBONG","77"
"3993","MEUNASAH PAKU","10"
"3994","MEUNASAH PANTE","239"
"3995","MEUNASAH PANTE","176"
"3996","MEUNASAH PANTON LABU","84"
"3997","MEUNASAH PAPEUN","273"
"3998","MEUNASAH PAYA","85"
"3999","MEUNASAH PEUKAN","220"
"4000","MEUNASAH PINTO","262"
