"id","nama_desa","kecamatan_id"
"44001","KUTOREJO","3579"
"44002","KUTORENON","3669"
"44003","KUTU KULON","3734"
"44004","KUTU WETAN","3734"
"44005","KUWIK","3411"
"44006","KUWIRAN","3663"
"44007","KUWOLU","3375"
"44008","KUWON","3674"
"44009","KUWONHARJO","3782"
"44010","KUWU","3314"
"44011","KUWUREJO","3515"
"44012","KWADUNGAN LOR","3504"
"44013","KWADUNGAN","3460"
"44014","KWADUNGAN","3764"
"44015","KWAGEAN","3368"
"44016","KWAJON","3440"
"44017","KWANGSAN","3495"
"44018","KWANGSEN","3593"
"44019","KWANYAR BARAT","3571"
"44020","KWARON","3403"
"44021","KWARON","3755"
"44022","KWATU","3800"
"44023","KWEDEN","3657"
"44024","KWEDENKEMBAR","3800"
"44025","LABAN","3639"
"44026","LABANASEM","3344"
"44027","LABANG","3586"
"44028","LABANG","3472"
"44029","LABRUK KIDUL","3820"
"44030","LABRUK LOR","3532"
"44031","LABUHAN","3685"
"44032","LABUHAN","3475"
"44033","LABUHAN","3472"
"44034","LADEN","3567"
"44035","LAJING","3301"
"44036","LAJO KIDUL","3644"
"44037","LAJO LOR","3644"
"44038","LAJUK","3366"
"44039","LAJUK","3719"
"44040","LAKAR SANTRI","3467"
"44041","LAKARDOWO","3527"
"44042","LALADAN","3330"
"44043","LALANGON","3785"
"44044","LAMBANG KUNING","3431"
"44045","LAMBANGAN","3588"
"44046","LAMBANGKUNING","3673"
"44047","LAMONG","3339"
"44048","LAMONGAN","3293"
"44049","LAMONGREJO","3730"
"44050","LAMPAH","3554"
"44051","LAMPEJI","3862"
"44052","LANAS","3675"
"44053","LANCAR","3660"
"44054","LANDAK","3360"
"44055","LANDANGAN","3735"
"44056","LANDUNGSARI","3786"
"44057","LANGENHARJO","3512"
"44058","LANGKAP","3342"
"44059","LANGKAP","3636"
"44060","LANGKAP","3236"
"44061","LANGLANG","3283"
"44062","LANGON","3335"
"44063","LANGPANGGANG","3245"
"44064","LANGSAR","3226"
"44065","LANJUK","3785"
"44066","LANTEK BARAT","3471"
"44067","LANTEK TEMOR","3471"
"44068","LAOK JANGJANG","3279"
"44069","LAPA DAYA","3437"
"44070","LAPA LAOK","3437"
"44071","LAPA TAMAN","3437"
"44072","LAR LAR","3305"
"44073","LARANGAN BADUNG","3231"
"44074","LARANGAN BARMA","3224"
"44075","LARANGAN DALAM","3660"
"44076","LARANGAN GLINTONG","3535"
"44077","LARANGAN KERTA","3224"
"44078","LARANGAN LUAR","3660"
"44079","LARANGAN PERENG","3225"
"44080","LARANGAN SLAMPAR","3257"
"44081","LARANGAN SORJAN","3535"
"44082","LARANGAN TIMUR","3221"
"44083","LARANGAN TOKOL","3257"
"44084","LARANGAN","3408"
"44085","LAREN","3682"
"44086","LASEM","3309"
"44087","LATEK","3610"
"44088","LATEK","3637"
"44089","LATENG","3853"
"44090","LATSARI","3439"
"44091","LATSARI","3727"
"44092","LATSARI","3579"
"44093","LATUKAN","3523"
"44094","LAWAK","3730"
"44095","LAWANG","3591"
"44096","LAWANGAN AGUNG","3383"
"44097","LAWANGAN DAYA","3341"
"44098","LAWEYAN","3261"
"44099","LEBAK REJO","3724"
"44100","LEBAK","3401"
"44101","LEBAK","3449"
"44102","LEBAKADI","3383"
"44103","LEBAKAYU","3390"
"44104","LEBAKHARJO","3291"
"44105","LEBAKJABUNG","3581"
"44106","LEBAKSARI","3503"
"44107","LEBAKSARI","3733"
"44108","LEBAKSONO","3413"
"44109","LEBANISUKO","3866"
"44110","LEBANIWARAS","3866"
"44111","LEBBEK","3364"
"44112","LEBENG BARAT","3714"
"44113","LEBENG TIMUR","3714"
"44114","LEBO","3506"
"44115","LECARI","3717"
"44116","LECES","3732"
"44117","LEDOK KULON","3507"
"44118","LEDOK WETAN","3507"
"44119","LEDOKOMBO","3859"
"44120","LEDOKOMBO","3729"
"44121","LEDOKTEMPURO","3550"
"44122","LEDUG","3700"
"44123","LEGO KULON","3721"
"44124","LEGO WETAN","3687"
"44125","LEGOK","3706"
"44126","LEGUNDI","3534"
"44127","LEGUNDI","3681"
"44128","LEGUNG BARAT","3537"
"44129","LEGUNG TIMUR","3537"
"44130","LEMAHBANG DEWO","3252"
"44131","LEMAHBANG KULON","3238"
"44132","LEMAHBANG","3606"
"44133","LEMAHBANG","3271"
"44134","LEMAHBANG","3717"
"44135","LEMAHKEMBAR","3261"
"44136","LEMAHPUTRO","3506"
"44137","LEMBAH","3315"
"44138","LEMBAH","3346"
"44139","LEMBENGAN","3859"
"44140","LEMBEYAN KULON","3777"
"44141","LEMBEYAN WETAN","3777"
"44142","LEMBOR","3685"
"44143","LEMBUNG BARAT","3436"
"44144","LEMBUNG GUNUNG / GUNONG","3264"
"44145","LEMBUNG PASESER","3475"
"44146","LEMBUNG TIMUR","3436"
"44147","LEMBUNG","3302"
"44148","LEMINGGIR","3312"
"44149","LEMPENI","3635"
"44150","LEMPER","3341"
"44151","LEMUJUT","3404"
"44152","LENGKONG LOR","3363"
"44153","LENGKONG","3396"
"44154","LENGKONG","3526"
"44155","LENGKONG","3402"
"44156","LENGKONG","3800"
"44157","LENGKONG","3862"
"44158","LENGKONG","3486"
"44159","LENTENG BARAT","3436"
"44160","LENTENG TIMUR","3436"
"44161","LENTENG","3350"
"44162","LEPELLE","3558"
"44163","LEPRAK","3634"
"44164","LERAN KULON","3728"
"44165","LERAN WETAN","3728"
"44166","LERAN","3683"
"44167","LERAN","3528"
"44168","LERAN","3555"
"44169","LERGUNONG","3535"
"44170","LERPAK","3539"
"44171","LESANPURO","3299"
"44172","LESONG DAJA","3474"
"44173","LESONG LAOK","3474"
"44174","LESTARI","3323"
"44175","LICIN","3498"
"44176","LIDAH KULON","3467"
"44177","LIDAH WETAN","3467"
"44178","LINGGO","3256"
"44179","LIPRAK KIDUL","3248"
"44180","LIPRAK KULON","3248"
"44181","LIPRAK WETAN","3248"
"44182","LIRBOYO","3445"
"44183","LOBUK","3223"
"44184","LOCARE","3739"
"44185","LOCERET","3368"
"44186","LODERESAN","3469"
"44187","LOGOWOK","3869"
"44188","LOHGUNG","3685"
"44189","LOJAJAR","3570"
"44190","LOJEJER","3266"
"44191","LOLAWANG","3450"
"44192","LOMAER","3247"
"44193","LOMBANG DAYA","3247"
"44194","LOMBANG LAOK","3247"
"44195","LOMBANG","3537"
"44196","LOMBANG","3222"
"44197","LOMBOK KULON","3616"
"44198","LOMBOK WETAN","3616"
"44199","LONGKEK","3471"
"44200","LONGOS","3274"
"44201","LONTAR","3627"
"44202","LOPANG","3768"
"44203","LOREJO","3386"
"44204","LOROKAN","3256"
"44205","LOSARI","3405"
"44206","LOSARI","3582"
"44207","LOSARI","3283"
"44208","LOSARI","3692"
"44209","LOWAYU","3326"
"44210","LOWOKWARU","3760"
"44211","LUBAWANG","3548"
"44212","LUKREJO","3647"
"44213","LUMBANG REJO","3700"
"44214","LUMBANG","3516"
"44215","LUMBANG","3673"
"44216","LUMBANGSARI","3375"
"44217","LUMPANG KUWIK","3596"
"44218","LUMPUR","3592"
"44219","LUMUTAN","3675"
"44220","LUNDO","3414"
"44221","LUWIHAJI","3442"
"44222","LUWORO","3698"
"44223","LUWUK","3256"
"44224","MABUNG","3564"
"44225","MACAJAH","3221"
"44226","MACAN PUTIH","3344"
"44227","MACANAN","3691"
"44228","MACANAN","3368"
"44229","MACANBANG","3611"
"44230","MADE","3382"
"44231","MADE","3524"
"44232","MADE","3627"
"44233","MADIGONDO","3782"
"44234","MADIREDO","3621"
"44235","MADIUN LOR","3870"
"44236","MADULANG","3280"
"44237","MADULEGI","3425"
"44238","MADUMULYOREJO","3326"
"44239","MADUPAT","3278"
"44240","MADURAN","3659"
"44241","MADUREJO","3349"
"44242","MADURESO","3459"
"44243","MADURETNO","3755"
"44244","MADUSARI","3640"
"44245","MADYO PURO","3340"
"44246","MADYOPURO","3299"
"44247","MAESAN","3790"
"44248","MAESAN","3653"
"44249","MAGERSARI","3418"
"44250","MAGERSARI","3456"
"44251","MAGERSARI","3506"
"44252","MAGETAN","3565"
"44253","MAGUAN","3416"
"44254","MAGUAN","3317"
"44255","MAGUWAN","3438"
"44256","MAIBIT","3502"
"44257","MAINDU","3525"
"44258","MAINDU","3689"
"44259","MAJAN","3469"
"44260","MAJANGAN","3306"
"44261","MAJANGTENGAH","3255"
"44262","MAJASEM","3745"
"44263","MAJENANG","3525"
"44264","MAJUNGAN","3341"
"44265","MAKAM AGUNG","3301"
"44266","MALANG","3822"
"44267","MALANGSARI","3489"
"44268","MALANGSUKO","3626"
"44269","MALASAN KULON","3732"
"44270","MALASAN WETAN","3531"
"44271","MALASAN","3566"
"44272","MALING MATI","3380"
"44273","MALIRAN","3335"
"44274","MALO","3432"
"44275","MAMBULU BARAT","3491"
"44276","MANARUWI","3610"
"44277","MANCAR","3672"
"44278","MANCILAN","3638"
"44279","MANCON","3871"
"44280","MANDALA","3274"
"44281","MANDALA","3428"
"44282","MANDARANREJO","3464"
"44283","MANDER","3604"
"44284","MANDESAN","3829"
"44285","MANDING DAYA","3785"
"44286","MANDING LAOK","3785"
"44287","MANDING TIMUR","3785"
"44288","MANDING","3759"
"44289","MANDIREJO","3666"
"44290","MANDIRO","3860"
"44291","MANDUNG","3264"
"44292","MANDURO MANGGUNG GAJAH","3450"
"44293","MANDURO","3493"
"44294","MANERON","3475"
"44295","MANGAR","3257"
"44296","MANGARAN","3229"
"44297","MANGARAN","3872"
"44298","MANGGAAN","3245"
"44299","MANGGE","3480"
"44300","MANGGIS","3318"
"44301","MANGGIS","3499"
"44302","MANGGIS","3311"
"44303","MANGGISAN","3751"
"44304","MANGGUAN","3271"
"44305","MANGIR","3252"
"44306","MANGKON","3301"
"44307","MANGKUJAJAR","3768"
"44308","MANGKUJAYAN","3565"
"44309","MANGKUJAYAN","3488"
"44310","MANGLI WETAN","3731"
"44311","MANGLI","3839"
"44312","MANGLI","3250"
"44313","MANGLIAWAN","3268"
"44314","MANGUHARJO","3870"
"44315","MANGUN DIKARAN","3406"
"44316","MANGUNAN","3493"
"44317","MANGUNAN","3388"
"44318","MANGUNHARJO","3295"
"44319","MANGUNHARJO","3833"
"44320","MANGUNHARJO","3542"
"44321","MANGUNREJO","3398"
"44322","MANGUNREJO","3284"
"44323","MANGUNREJO","3337"
"44324","MANGUNSARI","3469"
"44325","MANGUNSARI","3861"
"44326","MANGUNSUMAN (NGAMUNSUMAN)","3640"
"44327","MANIK REJO","3298"
"44328","MANISHARJO","3319"
"44329","MANISREJO","3422"
"44330","MANISREJO","3514"
"44331","MANISRENGGO","3421"
"44332","MANJUNG","3480"
"44333","MANJUNG","3689"
"44334","MANJUNG","3511"
"44335","MANONGGAL","3535"
"44336","MANO\AN","3264"
"44337","MANTAJUN","3573"
"44338","MANTING","3581"
"44339","MANTINGAN","3835"
"44340","MANTREN","3422"
"44341","MANTREN","3518"
"44342","MANTREN","3667"
"44343","MANTUP","3865"
"44344","MANUK","3640"
"44345","MANUKAN KULON","3407"
"44346","MANUKAN WETAN (BIBIS  BUNTARAN)","3407"
"44347","MANUKAN","3595"
"44348","MANUNGGAL","3304"
"44349","MANYAR SABRANGAN","3776"
"44350","MANYAR SIDOMUKTI","3528"
"44351","MANYAR SIDORUKUN","3528"
"44352","MANYAR","3637"
"44353","MANYARAN","3538"
"44354","MANYAREJO","3528"
"44355","MAOR","3768"
"44356","MAOSPATI","3822"
"44357","MAPPER","3350"
"44358","MARENGAN DAYA","3465"
"44359","MARENGAN LAOK","3850"
"44360","MARGANTOKO","3306"
"44361","MARGO MULYO","3392"
"44362","MARGOAGUNG","3521"
"44363","MARGOANYAR","3468"
"44364","MARGOMULYO","3396"
"44365","MARGOMULYO","3707"
"44366","MARGOMULYO","3789"
"44367","MARGOMULYO","3811"
"44368","MARGOMULYO","3542"
"44369","MARGOMULYO","3778"
"44370","MARGOPATUT","3561"
"44371","MARGOREJO","3789"
"44372","MARGOREJO","3624"
"44373","MARGOSUKO","3439"
"44374","MARGOURIP","3318"
"44375","MARMOYO","3493"
"44376","MARON KIDUL","3678"
"44377","MARON KULON","3678"
"44378","MARON WETAN","3678"
"44379","MARON","3538"
"44380","MARON","3620"
"44381","MARON","3422"
"44382","MARON","3688"
"44383","MARON","3352"
"44384","MARPARAN","3472"
"44385","MARTOPURO","3379"
"44386","MASAKAMBING","3858"
"44387","MASANGAN KULON","3277"
"44388","MASANGAN WETAN","3277"
"44389","MASANGAN","3610"
"44390","MASANGAN","3218"
"44391","MASARAN","3305"
"44392","MASARAN","3676"
"44393","MASARAN","3223"
"44394","MASARAN","3479"
"44395","MASARAN","3233"
"44396","MASKUNING KULON","3250"
"44397","MASKUNING WETAN","3250"
"44398","MASSALIMA","3858"
"44399","MATANAIR","3428"
"44400","MATEGAL","3709"
"44401","MATEKAN","3235"
"44402","MAYANG","3873"
"44403","MAYANGAN","3358"
"44404","MAYANGAN","3232"
"44405","MAYANGAN","3833"
"44406","MAYANGAN","3464"
"44407","MAYANGGENENG","3683"
"44408","MAYANGKAWIS","3396"
"44409","MAYANGREJO","3683"
"44410","MAYONG","3509"
"44411","MEDAENG","3629"
"44412","MEDALEM","3836"
"44413","MEDALEM","3555"
"44414","MEDALEM","3807"
"44415","MEDALI","3415"
"44416","MEDANG","3468"
"44417","MEDELAN","3436"
"44418","MEDIYUNAN","3455"
"44419","MEDOKAN AYU","3849"
"44420","MEDOKAN SEMAMPIR","3801"
"44421","MEDOWO","3430"
"44422","MEDURI","3811"
"44423","MEGALE","3313"
"44424","MEGALUH","3410"
"44425","MEJAYAN","3487"
"44426","MEJONO","3512"
"44427","MEJOYO","3473"
"44428","MEJOYOLOSARI","3651"
"44429","MEJUWET","3521"
"44430","MEKANDEREJO","3525"
"44431","MEKIKIS","3605"
"44432","MELIRANG","3218"
"44433","MELIS","3797"
"44434","MELUNTUR","3468"
"44435","MELUWUR","3468"
"44436","MENADI","3300"
"44437","MENAMPU","3358"
"44438","MENANG","3649"
"44439","MENANG","3613"
"44440","MENANGGAL","3773"
"44441","MENANGGAL","3312"
"44442","MENDAK","3508"
"44443","MENDALAN","3449"
"44444","MENDALANWANGI","3747"
"44445","MENDIRO","3319"
"44446","MENDOGO","3468"
"44447","MENDOGO","3730"
"44448","MENDOLO KIDUL","3667"
"44449","MENDOLO LOR","3667"
"44450","MENGANTI","3468"
"44451","MENGANTI","3639"
"44452","MENGANTO","3727"
"44453","MENGEN","3851"
"44454","MENGGARE","3690"
"44455","MENGGER","3484"
"44456","MENGOK","3250"
"44457","MENILO","3485"
"44458","MENINJO","3254"
"44459","MENONGO","3425"
"44460","MENTAOS","3651"
"44461","MENTARAMAN","3517"
"44462","MENTARAS","3326"
"44463","MENTIKAN","3658"
"44464","MENTOR","3261"
"44465","MENTORO","3300"
"44466","MENTORO","3485"
"44467","MENTORO","3340"
"44468","MENTOSO","3599"
"44469","MENTURUS","3382"
"44470","MENUNGGAL","3554"
"44471","MENUR PUMPUNGAN","3801"
"44472","MENYARIK","3449"
"44473","MENYONO","3837"
"44474","MENYUNYUR","3546"
"44475","MERAKAN","3325"
"44476","MERGAYU","3452"
"44477","MERGOASRI","3680"
"44478","MERGOBENER","3412"
"44479","MERGOREJO","3680"
"44480","MERGOSARI","3644"
"44481","MERGOSARI","3412"
"44482","MERGOSONO","3299"
"44483","MERI","3418"
"44484","MERJOSARI","3760"
"44485","MERJOYO","3605"
"44486","MERKAWANG","3604"
"44487","MERTAJASAH (MARTAJASAH)","3441"
"44488","MERTANI","3523"
"44489","METATU","3414"
"44490","METENG","3280"
"44491","METESIH","3593"
"44492","MIAGAN","3638"
"44493","MIJI","3658"
"44494","MILANGASRI","3511"
"44495","MIMBAAN","3285"
"44496","MINDI","3719"
"44497","MINDUGADING","3412"
"44498","MINGGIR","3449"
"44499","MINGGIRAN","3755"
"44500","MINGGIRSARI","3461"
"44501","MINOHOREJO","3500"
"44502","MIRIGAMBAR","3609"
"44503","MIRU","3637"
"44504","MIYONO","3562"
"44505","MLAJAH","3441"
"44506","MLAKA","3306"
"44507","MLANCU","3430"
"44508","MLANDANGAN","3320"
"44509","MLANDINGAN KULON","3234"
"44510","MLANDINGAN WETAN","3650"
"44511","MLANGI","3500"
"44512","MLARAK","3362"
"44513","MLARAS","3340"
"44514","MLATEN","3683"
"44515","MLATEN","3748"
"44516","MLATEN","3415"
"44517","MLATI","3295"
"44518","MLATI","3525"
"44519","MLATI","3653"
"44520","MLAWANG","3780"
"44521","MLIDEG","3313"
"44522","MLILIR","3416"
"44523","MLILIR","3346"
"44524","MLINJENG","3521"
"44525","MLINJON","3794"
"44526","MLIRIP","3527"
"44527","MLIRIPROWO","3412"
"44528","MLIWANG","3789"
"44529","MLOKOREJO","3355"
"44530","MLORAH","3513"
"44531","MODANGAN","3477"
"44532","MODONG","3807"
"44533","MODONGAN","3655"
"44534","MODOPURO","3312"
"44535","MODUNG","3245"
"44536","MOJO AGUNG","3400"
"44537","MOJO ASEM","3682"
"44538","MOJO DUNGKOL","3694"
"44539","MOJO KAMPUNG","3507"
"44540","MOJO","3687"
"44541","MOJO","3228"
"44542","MOJO","3683"
"44543","MOJO","3653"
"44544","MOJO","3325"
"44545","MOJOAGUNG","3529"
"44546","MOJOAGUNG","3485"
"44547","MOJOARUM","3611"
"44548","MOJOASEM","3309"
"44549","MOJOAYU","3512"
"44550","MOJODADI","3525"
"44551","MOJODADI","3628"
"44552","MOJODANU","3304"
"44553","MOJODELIK","3595"
"44554","MOJODESO","3378"
"44555","MOJODOWO","3628"
"44556","MOJODUWUR","3727"
"44557","MOJODUWUR","3657"
"44558","MOJOGEBANG","3628"
"44559","MOJOGEDE","3331"
"44560","MOJOGENENG","3581"
"44561","MOJOGENI","3294"
"44562","MOJOJAJAR","3628"
"44563","MOJOJEJER","3727"
"44564","MOJOKAMBANG","3444"
"44565","MOJOKARANG","3762"
"44566","MOJOKEMBANG","3625"
"44567","MOJOKENDIL","3496"
"44568","MOJOKEREP","3512"
"44569","MOJOKRAPAK","3590"
"44570","MOJOKUMPUL","3628"
"44571","MOJOKUSUMO","3628"
"44572","MOJOLANGU","3760"
"44573","MOJOLEBAK","3527"
"44574","MOJOLEGI","3572"
"44575","MOJOMALANG","3680"
"44576","MOJOMANIS","3460"
"44577","MOJOMATI","3734"
"44578","MOJOMULYO","3355"
"44579","MOJONGAPIT","3492"
"44580","MOJOPANGGUNG","3677"
"44581","MOJOPARON","3810"
"44582","MOJOPETUNG","3326"
"44583","MOJOPILANG","3628"
"44584","MOJOPITU","3690"
"44585","MOJOPURNO","3394"
"44586","MOJOPURNO","3536"
"44587","MOJOPURO GEDE","3218"
"44588","MOJOPURO WETAN","3218"
"44589","MOJORANGAGUNG","3588"
"44590","MOJORANU","3749"
"44591","MOJORANU","3655"
"44592","MOJORAYUNG","3536"
"44593","MOJOREJO","3527"
"44594","MOJOREJO","3734"
"44595","MOJOREJO","3600"
"44596","MOJOREJO","3398"
"44597","MOJOREJO","3334"
"44598","MOJOREJO","3313"
"44599","MOJOREJO","3628"
"44600","MOJOREJO","3836"
"44601","MOJOREJO","3442"
"44602","MOJOREJO","3413"
"44603","MOJOREJO","3514"
"44604","MOJOREJO","3874"
"44605","MOJOREMBUN","3513"
"44606","MOJOROTO","3445"
"44607","MOJORUNTUT","3404"
"44608","MOJOSARI","3307"
"44609","MOJOSARI","3683"
"44610","MOJOSARI","3397"
"44611","MOJOSARI","3284"
"44612","MOJOSARI","3409"
"44613","MOJOSARI","3505"
"44614","MOJOSARI","3865"
"44615","MOJOSARI","3312"
"44616","MOJOSARI","3355"
"44617","MOJOSARI","3820"
"44618","MOJOSARIREJO","3427"
"44619","MOJOSARIREJO","3628"
"44620","MOJOSETO","3405"
"44621","MOJOSULUR","3312"
"44622","MOJOTAMPING","3473"
"44623","MOJOTENGAH","3501"
"44624","MOJOTENGAH","3639"
"44625","MOJOTENGAH","3717"
"44626","MOJOTRISNO","3638"
"44627","MOJOWANGI","3727"
"44628","MOJOWARNO","3727"
"44629","MOJOWATESREJO","3628"
"44630","MOJOWIRYO","3628"
"44631","MOJOWONO","3628"
"44632","MOJOWUKU","3554"
"44633","MONCEK BARAT","3436"
"44634","MONCEK TENGAH","3436"
"44635","MONCEK TIMUR","3436"
"44636","MONDO","3653"
"44637","MONDOKAN","3579"
"44638","MONDOLUKU","3866"
"44639","MONTOK","3660"
"44640","MONTONGSEKAR","3689"
"44641","MONTOR","3305"
"44642","MONTORNA","3714"
"44643","MORANG","3663"
"44644","MORBATOH","3305"
"44645","MORI","3530"
"44646","MORKEPEK","3586"
"44647","MORO KREMBANGAN","3779"
"44648","MORO","3637"
"44649","MOROBAKUNG","3528"
"44650","MOROCALAN","3468"
"44651","MOROMBUH","3571"
"44652","MORONYAMPLUNG","3768"
"44653","MOROPELANG","3329"
"44654","MOROREJO","3395"
"44655","MOROSARI","3486"
"44656","MOROSUNGGINGAN","3672"
"44657","MOROWUDI","3526"
"44658","MOYOKETEN","3598"
"44659","MRAGEL","3462"
"44660","MRAHU","3583"
"44661","MRANDUNG","3535"
"44662","MRANGGEN","3822"
"44663","MRANGGEN","3605"
"44664","MRANGGON LAWANG","3770"
"44665","MRAWAN","3873"
"44666","MRAWAN","3731"
"44667","MRAYAN (MERAYAN)","3557"
"44668","MRECAH","3360"
"44669","MRICAN","3840"
"44670","MRICAN","3445"
"44671","MRIYUNAN","3309"
"44672","MRONJO","3829"
"44673","MRUTUK","3500"
"44674","MRUWAK","3508"
"44675","MUANGAN","3226"
"44676","MUARAH (MOARAH)","3535"
"44677","MUDUNG","3409"
"44678","MUJING","3818"
"44679","MUKTESAREH (MOKTESAREH)","3367"
"44680","MUKUH","3476"
"44681","MULUNG","3427"
"44682","MULYO REJO","3308"
"44683","MULYOAGUNG","3396"
"44684","MULYOAGUNG","3507"
"44685","MULYOAGUNG","3786"
"44686","MULYOAGUNG","3644"
"44687","MULYOARJO","3591"
"44688","MULYOASRI","3291"
"44689","MULYODADI","3588"
"44690","MULYOREJO","3396"
"44691","MULYOREJO","3776"
"44692","MULYOREJO","3510"
"44693","MULYOREJO","3798"
"44694","MULYOREJO","3644"
"44695","MULYOREJO","3372"
"44696","MULYOREJO","3380"
"44697","MULYOSARI","3792"
"44698","MUMBULSARI","3862"
"44699","MUNDER","3752"
"44700","MUNDUREJO","3787"
"44701","MUNDUSEWU","3501"
"44702","MUNENG KIDUL","3261"
"44703","MUNENG","3361"
"44704","MUNENG","3698"
"44705","MUNENG","3605"
"44706","MUNENG","3261"
"44707","MUNGGU","3440"
"44708","MUNGGUGEBANG","3414"
"44709","MUNGGUGIANTI","3414"
"44710","MUNGGUNG","3434"
"44711","MUNGGUT","3504"
"44712","MUNGGUT","3536"
"44713","MUNGKUNG","3368"
"44714","MUNGKUNG","3513"
"44715","MUNGLI","3647"
"44716","MUNJUNGAN","3479"
"44717","MUNUNG KEREP","3493"
"44718","MUNUNG","3596"
"44719","MUNUNGREJO","3730"
"44720","MURTAJIH","3341"
"44721","MURUKAN","3638"
"44722","MUSIR KIDUL","3513"
"44723","MUSIR LOR","3513"
"44724","NAGASAREH","3305"
"44725","NAILAN","3690"
"44726","NAMBAAN","3764"
"44727","NAMBAAN","3576"
"44728","NAMBAK","3440"
"44729","NAMBAKOR","3226"
"44730","NAMBANGAN KIDUL","3870"
"44731","NAMBANGAN LOR","3870"
"44732","NAMBANGREJO","3486"
"44733","NAMPAN","3486"
"44734","NAMPU","3574"
"44735","NANGGUNGAN","3476"
"44736","NANGGUNGAN","3300"
"44737","NANGKAAN","3343"
"44738","NAPIS","3380"
"44739","NAPO DAYA (NAPA DAYA)","3280"
"44740","NAPOLAOK (NAPA LAOK)","3280"
"44741","NAWANGAN","3818"
"44742","NEGOROREJO","3673"
"44743","NEPA","3305"
"44744","NEROH","3245"
"44745","NGABAB","3621"
"44746","NGABAN","3490"
"44747","NGABAR","3527"
"44748","NGABAR","3308"
"44749","NGABAR","3640"
"44750","NGABETAN","3526"
"44751","NGABLAK","3538"
"44752","NGABLAK","3749"
"44753","NGADAS","3289"
"44754","NGADAS","3842"
"44755","NGADI","3653"
"44756","NGADIBOYO","3513"
"44757","NGADILANGKUNG","3284"
"44758","NGADILUHUR","3396"
"44759","NGADILUWIH","3337"
"44760","NGADILUWIH","3455"
"44761","NGADIMULYO","3615"
"44762","NGADIMULYO","3717"
"44763","NGADIPIRO","3871"
"44764","NGADIPURO","3500"
"44765","NGADIPURO","3824"
"44766","NGADIREJAN","3718"
"44767","NGADIREJO","3287"
"44768","NGADIREJO","3398"
"44769","NGADIREJO","3421"
"44770","NGADIREJO","3612"
"44771","NGADIREJO","3830"
"44772","NGADIREJO","3619"
"44773","NGADIREJO","3502"
"44774","NGADIREJO","3842"
"44775","NGADIREJO","3489"
"44776","NGADIREJO","3273"
"44777","NGADIREJO","3500"
"44778","NGADIREJO","3443"
"44779","NGADIRENGGO","3619"
"44780","NGADIRENGGO","3324"
"44781","NGADIRESO","3289"
"44782","NGADIROJO (NGADIREJO)","3594"
"44783","NGADIROJO","3664"
"44784","NGADISANAN","3438"
"44785","NGADISARI","3842"
"44786","NGADISUKO","3566"
"44787","NGADIWONO","3395"
"44788","NGADRI","3643"
"44789","NGAGEL","3750"
"44790","NGAGELREJO","3750"
"44791","NGAGLIK","3875"
"44792","NGAGLIK","3575"
"44793","NGAGLIK","3709"
"44794","NGAGLIK","3352"
"44795","NGAJUM","3317"
"44796","NGALE","3322"
"44797","NGALE","3698"
"44798","NGAMBEG","3333"
"44799","NGAMBON","3668"
"44800","NGAMPAL","3521"
"44801","NGAMPEL","3331"
"44802","NGAMPEL","3361"
"44803","NGAMPEL","3378"
"44804","NGAMPEL","3528"
"44805","NGAMPEL","3487"
"44806","NGAMPEL","3445"
"44807","NGAMPEL","3304"
"44808","NGAMPEL","3755"
"44809","NGAMPELREJO","3439"
"44810","NGAMPELREJO","3844"
"44811","NGAMPELSARI","3408"
"44812","NGAMPUNGAN","3501"
"44813","NGANCAR","3318"
"44814","NGANCAR","3483"
"44815","NGANCAR","3665"
"44816","NGANDONG","3546"
"44817","NGANGKATAN","3513"
"44818","NGANTI","3442"
"44819","NGANTRU","3510"
"44820","NGANTRU","3529"
"44821","NGANTRU","3455"
"44822","NGANTRU","3758"
"44823","NGANTUNGAN","3271"
"44824","NGARES","3758"
"44825","NGARESKIDUL","3417"
"44826","NGARESREJO","3277"
"44827","NGARGOSARI","3746"
"44828","NGARIBOYO","3394"
"44829","NGARINGAN","3710"
"44830","NGARJO","3800"
"44831","NGARUM","3546"
"44832","NGARUM","3637"
"44833","NGASEM LEMAHBANG","3730"
"44834","NGASEM","3219"
"44835","NGASEM","3596"
"44836","NGASEM","3317"
"44837","NGASEM","3455"
"44838","NGASEM","3764"
"44839","NGASIN","3331"
"44840","NGASINAN","3734"
"44841","NGASINAN","3519"
"44842","NGASTEMI","3473"
"44843","NGAWEN","3309"
"44844","NGAWI","3542"
"44845","NGAWONGGO","3826"
"44846","NGAWUN","3680"
"44847","NGAYUNG","3659"
"44848","NGEBEL","3819"
"44849","NGEBONG","3481"
"44850","NGEBRAK","3793"
"44851","NGEBRUK","3289"
"44852","NGEBRUK","3834"
"44853","NGEGONG","3870"
"44854","NGELANG","3583"
"44855","NGELO","3811"
"44856","NGELOM","3587"
"44857","NGEMBAL","3273"
"44858","NGEMBAL","3426"
"44859","NGEMBAT","3376"
"44860","NGEMBE","3580"
"44861","NGEMBEH","3762"
"44862","NGEMBEL","3778"
"44863","NGEMBOH","3556"
"44864","NGEMBUL","3643"
"44865","NGEMBUNG","3526"
"44866","NGEMPIT","3308"
"44867","NGEMPLAK","3503"
"44868","NGEMPLAKREJO","3464"
"44869","NGENDUT","3361"
"44870","NGENEP","3267"
"44871","NGENGOR","3698"
"44872","NGENI","3824"
"44873","NGENTEP","3398"
"44874","NGENTRONG","3715"
"44875","NGENTRONG","3699"
"44876","NGEPEH","3452"
"44877","NGEPEH","3368"
"44878","NGEPEH","3369"
"44879","NGEPEH","3435"
"44880","NGEPER","3519"
"44881","NGEPOH","3770"
"44882","NGEPOH","3841"
"44883","NGEPON","3347"
"44884","NGEPUNG","3554"
"44885","NGEPUNG","3402"
"44886","NGEPUNG","3323"
"44887","NGEPUNG","3842"
"44888","NGERDANI","3713"
"44889","NGERONG","3706"
"44890","NGETAL","3619"
"44891","NGETOS","3657"
"44892","NGETREP","3593"
"44893","NGETREP","3653"
"44894","NGIJO","3267"
"44895","NGILE","3692"
"44896","NGILIRAN","3511"
"44897","NGILO-ILO","3690"
"44898","NGIMBANG","3730"
"44899","NGIMBANG","3728"
"44900","NGIMBANGAN","3312"
"44901","NGINDEN JANGKUNGAN","3801"
"44902","NGINDENG","3670"
"44903","NGINGAS","3629"
"44904","NGINGASREMBYONG","3655"
"44905","NGINGIT","3626"
"44906","NGINO","3512"
"44907","NGINO","3597"
"44908","NGIPIK","3592"
"44909","NGLABAN","3368"
"44910","NGLAJANG","3244"
"44911","NGLAMBANGAN","3536"
"44912","NGLAMES","3353"
"44913","NGLAMPIN","3668"
"44914","NGLAMPIR","3452"
"44915","NGLANDUK","3536"
"44916","NGLANDUNG","3429"
"44917","NGLARAN (NGELARAN)","3692"
"44918","NGLARANGAN (NLARANGAN)","3688"
"44919","NGLARANGAN","3387"
"44920","NGLAWAK","3431"
"44921","NGLAWAK","3400"
"44922","NGLAYANG","3840"
"44923","NGLEBAK","3501"
"44924","NGLEBENG","3499"
"44925","NGLEBO","3794"
"44926","NGLEBUR","3525"
"44927","NGLEGOK","3477"
"44928","NGLELE","3340"
"44929","NGLETIH","3646"
"44930","NGLETIH","3433"
"44931","NGLEWAN (NGELEWAN)","3438"
"44932","NGLIMAN","3561"
"44933","NGLINGGIS","3435"
"44934","NGLINGGO","3405"
"44935","NGLONGSOR","3435"
"44936","NGLONING","3690"
"44937","NGLOPANG","3709"
"44938","NGLUMBANG","3219"
"44939","NGLUMBER","3409"
"44940","NGLUMPANG","3362"
"44941","NGLUNDO","3357"
"44942","NGLURUP","3725"
"44943","NGLURUP","3766"
"44944","NGLUTUNG","3766"
"44945","NGLUYU","3363"
"44946","NGOGRI","3410"
"44947","NGOMPRO","3321"
"44948","NGORAN","3477"
"44949","NGORO","3338"
"44950","NGORO","3450"
"44951","NGOROGUNUNG","3693"
"44952","NGRADIN","3519"
"44953","NGRAHO","3595"
"44954","NGRAHO","3442"
"44955","NGRAKET","3361"
"44956","NGRAMBE","3319"
"44957","NGRAMBINGAN","3499"
"44958","NGRAME","3413"
"44959","NGRAMI","3357"
"44960","NGRANCANG","3380"
"44961","NGRANCE","3481"
"44962","NGRANDU LOR","3672"
"44963","NGRANDU","3688"
"44964","NGRANDU","3313"
"44965","NGRANDU","3794"
"44966","NGRANGET","3508"
"44967","NGRANGGON ANYAR","3409"
"44968","NGRANTI","3598"
"44969","NGRASEH","3749"
"44970","NGRAWAN","3416"
"44971","NGRAYUDAN","3691"
"44972","NGRAYUN (NGERAYUN)","3557"
"44973","NGRAYUNG","3797"
"44974","NGRAYUNG","3456"
"44975","NGRECO (NGERECO)","3803"
"44976","NGRECO","3646"
"44977","NGRECO","3269"
"44978","NGREJENG","3546"
"44979","NGREJENG","3765"
"44980","NGREJO","3386"
"44981","NGREJO","3841"
"44982","NGRENCAK","3499"
"44983","NGRENDENG","3611"
"44984","NGRENDENG","3269"
"44985","NGRENDENG","3809"
"44986","NGRENGKET","3357"
"44987","NGRIMBI","3501"
"44988","NGRINGIN","3402"
"44989","NGRINGINREJO","3683"
"44990","NGROGUNG","3819"
"44991","NGROJO","3463"
"44992","NGROMBOT","3323"
"44993","NGROMO","3818"
"44994","NGRONGGO","3421"
"44995","NGRONGGOT","3496"
"44996","NGROTO","3621"
"44997","NGROWO","3473"
"44998","NGROWO","3507"
"44999","NGRUKEM (NGERUKEM)","3362"
"45000","NGRUPIT","3840"
"45001","NGUBALAN","3553"
"45002","NGUDIKAN","3871"
"45003","NGUDIREJO","3403"
"45004","NGUJANG","3469"
"45005","NGUJO","3683"
"45006","NGUJUNG","3405"
"45007","NGUJUNG","3432"
"45008","NGUJUNG","3822"
"45009","NGUJUNG","3385"
"45010","NGUJUNGREJO","3351"
"45011","NGUJURAN","3439"
"45012","NGUKEN","3519"
"45013","NGULAHAN","3604"
"45014","NGULANAN","3749"
"45015","NGULANKULON","3619"
"45016","NGULANWETAN","3619"
"45017","NGULING","3748"
"45018","NGULUHAN","3689"
"45019","NGULUNGKULON","3479"
"45020","NGULUNGWETAN","3479"
"45021","NGUMBUL","3692"
"45022","NGUMPAK DALEM","3749"
"45023","NGUMPUL","3356"
"45024","NGUMPUL","3361"
"45025","NGUMPUL","3480"
"45026","NGUMPUL","3232"
"45027","NGUNGGAHAN","3452"
"45028","NGUNTORONADI","3771"
"45029","NGUNUT","3315"
"45030","NGUNUT","3446"
"45031","NGUNUT","3749"
"45032","NGUNUT","3398"
"45033","NGUNUT","3399"
"45034","NGUNUT","3709"
"45035","NGURI","3777"
"45036","NGURUAN","3485"
"45037","NGUSIKAN","3304"
"45038","NGUTER","3349"
"45039","NGUWOK","3836"
"45040","NITIKAN","3665"
"45041","NOGOJATISARI","3286"
"45042","NOGOSAREN","3572"
"45043","NOGOSARI","3664"
"45044","NOGOSARI","3625"
"45045","NOGOSARI","3494"
"45046","NOGOSARI","3741"
"45047","NOGOSARI","3756"
"45048","NOGOSARI","3868"
"45049","NOLOGATEN","3488"
"45050","NONGGUNONG","3876"
"45051","NONGKODONO","3688"
"45052","NOREH","3472"
"45053","NOTOREJO","3611"
"45054","NYABAKAN BARAT","3537"
"45055","NYABAKAN TIMUR","3537"
"45056","NYAMPLONG","3799"
"45057","NYAMPLUNGAN","3671"
"45058","NYAPAR","3573"
"45059","NYAWANGAN","3505"
"45060","NYAWANGAN","3766"
"45061","NYELOH","3367"
"45062","NYLABU DAYA / DAJA","3567"
"45063","NYLABU LAOK","3567"
"45064","NYOR MANIS (NYORMANES)","3247"
"45065","OLAK ALEN","3269"
"45066","OLEAN","3757"
"45067","OLEHSARI","3389"
"45068","OLOR","3305"
"45069","OMBEN","3280"
"45070","OMBUL","3301"
"45071","OMBUL","3367"
"45072","OPO OPO","3754"
"45073","ORO ORO DOWO","3560"
"45074","ORO ORO OMBO","3856"
"45075","ORO ORO OMBO","3877"
"45076","ORO ORO PULE","3256"
"45077","ORO-ORO OMBO","3875"
"45078","ORO-ORO OMBO","3657"
"45079","OROBULU","3810"
"45080","OROOMBO KULON","3810"
"45081","OROOMBO WETAN","3810"
"45082","PABEAN","3770"
"45083","PABEAN","3495"
"45084","PABERASAN","3465"
"45085","PABEYAN","3604"
"45086","PABIAN","3279"
"45087","PABIAN","3465"
"45088","PACALAN","3665"
"45089","PACANGAN","3233"
"45090","PACANGGAAN","3282"
"45091","PACAR KELING","3256"
"45092","PACAR KELING","3775"
"45093","PACAR KEMBANG","3775"
"45094","PACAR PELUK","3410"
"45095","PACE WETAN","3320"
"45096","PACE","3798"
"45097","PACEKULON","3320"
"45098","PACENTAN","3360"
"45099","PACET","3625"
"45100","PACINAN","3314"
"45101","PACING","3473"
"45102","PACING","3504"
"45103","PACING","3680"
"45104","PACING","3783"
"45105","PACIRAN","3533"
"45106","PACITAN","3300"
"45107","PACUH","3331"
"45108","PACUL","3507"
"45109","PADANG BANDUNG","3326"
"45110","PADANG MENTOYO","3378"
"45111","PADANG","3325"
"45112","PADANG","3238"
"45113","PADANG","3530"
"45114","PADANGAN","3476"
"45115","PADANGAN","3529"
"45116","PADANGAN","3519"
"45117","PADANGASRI","3581"
"45118","PADANGDANGAN","3714"
"45119","PADAS","3440"
"45120","PADAS","3508"
"45121","PADAS","3504"
"45122","PADASAN","3789"
"45123","PADASAN","3250"
"45124","PADEG","3526"
"45125","PADELEGAN (PEDELEGAN)","3341"
"45126","PADEMAWU BARAT","3341"
"45127","PADEMAWU TIMUR","3341"
"45128","PADEMONEGORO","3277"
"45129","PADENGANPLOSO","3333"
"45130","PADI","3376"
"45131","PADI","3692"
"45132","PADIKE","3711"
"45133","PADOMASAN","3844"
"45134","PADURUNGAN","3360"
"45135","PADUSAN","3625"
"45136","PAENG","3245"
"45137","PAGAGAN","3341"
"45138","PAGAK","3580"
"45139","PAGAK","3795"
"45140","PAGARBATU","3226"
"45141","PAGEDANGAN","3804"
"45142","PAGELARAN","3393"
"45143","PAGENDINGAN","3302"
"45144","PAGENTAN","3283"
"45145","PAGER KIDUL","3825"
"45146","PAGER LOR","3825"
"45147","PAGER TANJUNG","3582"
"45148","PAGER","3440"
"45149","PAGER","3379"
"45150","PAGEREJO (PANGEREJO)","3664"
"45151","PAGERGUNUNG","3708"
"45152","PAGERJO","3417"
"45153","PAGERLUYUNG","3417"
"45154","PAGERNGUMBUK","3588"
"45155","PAGERSARI","3553"
"45156","PAGERSARI","3510"
"45157","PAGERUKIR","3725"
"45158","PAGERUNGAN BESAR","3878"
"45159","PAGERUNGAN KECIL","3878"
"45160","PAGERWESI","3530"
"45161","PAGERWOJO","3522"
"45162","PAGERWOJO","3708"
"45163","PAGERWOJO","3792"
"45164","PAGERWOJO","3723"
"45165","PAGESANGAN","3827"
"45166","PAGOTAN","3429"
"45167","PAGOWAN","3828"
"45168","PAGU","3613"
"45169","PAGU","3781"
"45170","PAGUAN","3814"
"45171","PAGUNG","3662"
"45172","PAGUTAN","3295"
"45173","PAIT","3584"
"45174","PAITON","3240"
"45175","PAJAGALAN","3465"
"45176","PAJANGAN","3425"
"45177","PAJARAKAN KULON","3805"
"45178","PAJARAN","3289"
"45179","PAJARAN","3810"
"45180","PAJARAN","3369"
"45181","PAJENANGGER","3279"
"45182","PAJENG","3817"
"45183","PAJERUAN","3367"
"45184","PAJI","3333"
"45185","PAJU","3488"
"45186","PAJURANGAN","3544"
"45187","PAKAAN DAYA","3471"
"45188","PAKAH","3835"
"45189","PAKAL","3328"
"45190","PAKAMBAN DAYA","3225"
"45191","PAKAMBAN LAOK","3225"
"45192","PAKANDANGAN BARAT","3223"
"45193","PAKANDANGAN SANGRA","3223"
"45194","PAKANDANGAN TENGAH","3223"
"45195","PAKA\AN LAOK","3471"
"45196","PAKEL","3501"
"45197","PAKEL","3744"
"45198","PAKEL","3498"
"45199","PAKEL","3689"
"45200","PAKEL","3529"
"45201","PAKEL","3481"
"45202","PAKEL","3843"
"45203","PAKEL","3842"
"45204","PAKEL","3778"
"45205","PAKELAN","3421"
"45206","PAKEM","3276"
"45207","PAKES","3453"
"45208","PAKIJANGAN","3733"
"45209","PAKIS","3853"
"45210","PAKIS","3566"
"45211","PAKIS","3546"
"45212","PAKIS","3411"
"45213","PAKIS","3816"
"45214","PAKIS","3543"
"45215","PAKIS","3420"
"45216","PAKISAJI","3620"
"45217","PAKISAJI","3553"
"45218","PAKISAJI","3812"
"45219","PAKISAN","3679"
"45220","PAKISBARU","3818"
"45221","PAKISJAJAR","3268"
"45222","PAKISKEMBAR","3268"
"45223","PAKISREJO","3303"
"45224","PAKISREJO","3352"
"45225","PAKISREJO","3841"
"45226","PAKISTAJI","3344"
"45227","PAKISTAJI","3845"
"45228","PAKONDANG","3428"
"45229","PAKONG","3245"
"45230","PAKONG","3364"
"45231","PAKUKERTO","3717"
"45232","PAKUNCEN","3323"
"45233","PAKUNDEN","3433"
"45234","PAKUNDEN","3488"
"45235","PAKUNDEN","3656"
"45236","PAKUNIRAN","3790"
"45237","PAKUNIRAN","3239"
"45238","PAKUSARI","3589"
"45239","PAKUWESI","3739"
"45240","PALAAN","3317"
"45241","PALALANG","3364"
"45242","PALANG SARI","3832"
"45243","PALANG","3728"
"45244","PALANGAN","3227"
"45245","PALANGAN","3509"
"45246","PALANGBESI","3673"
"45247","PALASA","3711"
"45248","PALEBON","3259"
"45249","PALEMBON","3387"
"45250","PALENGAAN DAJA","3231"
"45251","PALENGAAN LAOK","3231"
"45252","PALENGGIYAN (PALENGGIAN)","3367"
"45253","PALERAN","3787"
"45254","PALESANGGAR","3258"
"45255","PALIAT","3878"
"45256","PALOH","3533"
"45257","PALOKLOAN (PALOLOAN)","3274"
"45258","PALONGAN","3223"
"45259","PALREJO","3340"
"45260","PALUR","3334"
"45261","PAMAROH","3466"
"45262","PAMATAN","3585"
"45263","PAMOLAAN","3278"
"45264","PAMOLOKAN","3465"
"45265","PAMONGAN","3653"
"45266","PAMORAH","3233"
"45267","PAMOROH","3466"
"45268","PAMOTAN","3255"
"45269","PAMOTAN","3719"
"45270","PAMOTAN","3286"
"45271","PANAAN","3231"
"45272","PANAGAN","3274"
"45273","PANAGUAN","3660"
"45274","PANAGUAN","3350"
"45275","PANANGGUNGAN","3384"
"45276","PANAONGAN","3714"
"45277","PANCAKARYA","3229"
"45278","PANCOR","3799"
"45279","PANCOR","3551"
"45280","PANCORAN","3343"
"45281","PANCUR","3516"
"45282","PANCUR","3385"
"45283","PANDAAN","3494"
"45284","PANDAK","3361"
"45285","PANDAK","3634"
"45286","PANDAN BLOLE","3582"
"45287","PANDAN LANJANG","3301"
"45288","PANDAN REJO","3701"
"45289","PANDAN REJO","3298"
"45290","PANDAN TOYO","3431"
"45291","PANDAN","3302"
"45292","PANDAN","3442"
"45293","PANDAN","3280"
"45294","PANDANAGUNG","3485"
"45295","PANDANAJENG","3626"
"45296","PANDANAN","3259"
"45297","PANDANAN","3571"
"45298","PANDANARUM","3625"
"45299","PANDANARUM","3336"
"45300","PANDANARUM","3635"
"45301","PANDANKRAJAN","3628"
"45302","PANDANLANDUNG","3747"
"45303","PANDANLARAS","3630"
"45304","PANDANMULYO","3826"
"45305","PANDANPANCUR","3330"
"45306","PANDANREJO","3795"
"45307","PANDANREJO","3747"
"45308","PANDANSARI LOR","3287"
"45309","PANDANSARI","3448"
"45310","PANDANSARI","3510"
"45311","PANDANSARI","3399"
"45312","PANDANSARI","3289"
"45313","PANDANSARI","3605"
"45314","PANDANSARI","3288"
"45315","PANDANSARI","3809"
"45316","PANDANSARI","3729"
"45317","PANDANTOYO","3318"
"45318","PANDANTOYO","3385"
"45319","PANDANWANGI","3296"
"45320","PANDANWANGI","3403"
"45321","PANDANWANGI","3485"
"45322","PANDANWANGI","3635"
"45323","PANDEAN","3713"
"45324","PANDEAN","3566"
"45325","PANDEAN","3405"
"45326","PANDEAN","3484"
"45327","PANDEAN","3240"
"45328","PANDEAN","3810"
"45329","PANDEAN","3514"
"45330","PANDEMAN","3279"
"45331","PANDEREJO","3853"
"45332","PANDESARI","3621"
"45333","PANDEYAN","3822"
"45334","PANDEYAN","3487"
"45335","PANDIAN","3465"
"45336","PANDITAN","3516"
"45337","PANDIYANGAN","3558"
"45338","PANDU","3526"
"45339","PANDUMAN","3838"
"45340","PANEKAN","3511"
"45341","PANEMON","3244"
"45342","PANEMPAN","3567"
"45343","PANGARANGAN","3465"
"45344","PANGARENGAN","3282"
"45345","PANGBATOK","3350"
"45346","PANGEAN","3659"
"45347","PANGELEN","3220"
"45348","PANGELEYAN","3360"
"45349","PANGERAN GEDUNGAN (GADUNGAN)","3247"
"45350","PANGERANAN","3441"
"45351","PANGEREMAN","3474"
"45352","PANGEREMAN","3551"
"45353","PANGGANG","3468"
"45354","PANGGIH","3420"
"45355","PANGGREH","3419"
"45356","PANGGUL","3499"
"45357","PANGGUNG ASRI","3392"
"45358","PANGGUNG REJO","3392"
"45359","PANGGUNG","3480"
"45360","PANGGUNG","3220"
"45361","PANGGUNGDUWET","3620"
"45362","PANGGUNGHARJO","3702"
"45363","PANGGUNGKALAK","3759"
"45364","PANGGUNGREJO","3397"
"45365","PANGGUNGREJO","3284"
"45366","PANGGUNGREJO","3464"
"45367","PANGGUNGREJO","3354"
"45368","PANGGUNGSARI","3566"
"45369","PANGGUNGUNI","3759"
"45370","PANGKAH KULON","3556"
"45371","PANGKAH WETAN","3556"
"45372","PANGKAL","3670"
"45373","PANGKATREJO","3524"
"45374","PANGKATREJO","3659"
"45375","PANGKATREJO","3383"
"45376","PANGKEMIRI","3807"
"45377","PANGKUR","3321"
"45378","PANGLEGUR","3257"
"45379","PANGLEMAH","3350"
"45380","PANGLUNGAN","3726"
"45381","PANGOLANGAN","3236"
"45382","PANGONGANGAN","3870"
"45383","PANGONGSEAN","3686"
"45384","PANGPAJUNG","3245"
"45385","PANGPONG","3586"
"45386","PANGTONGGAL","3350"
"45387","PANGURAYAN","3350"
"45388","PANJALINAN","3247"
"45389","PANJANG JIWO","3867"
"45390","PANJANG","3313"
"45391","PANJENG","3840"
"45392","PANJER","3684"
"45393","PANJEREJO","3303"
"45394","PANJI KIDUL","3285"
"45395","PANJI LOR","3285"
"45396","PANJUNAN","3259"
"45397","PANJUNAN","3683"
"45398","PANJUNAN","3277"
"45399","PANTENAN","3552"
"45400","PANTI","3816"
"45401","PANUNGGALAN","3244"
"45402","PANYAKSAGAN","3535"
"45403","PANYEPEN","3306"
"45404","PANYERANGAN (PANYIRANGAN)","3282"
"45405","PANYURAN","3728"
"45406","PAOPALE DAYA","3551"
"45407","PAOPALELAOK","3551"
"45408","PAORAN","3571"
"45409","PAOWAN","3237"
"45410","PAPAR","3755"
"45411","PAPRINGAN","3780"
"45412","PAPRINGAN","3385"
"45413","PAPUNGAN","3461"
"45414","PAPUNGAN","3483"
"45415","PARAKAN","3758"
"45416","PARANG","3538"
"45417","PARANG","3709"
"45418","PARANGARGO","3747"
"45419","PARANGBATU","3680"
"45420","PARANGHARJO","3391"
"45421","PARAS REJO","3869"
"45422","PARAS","3321"
"45423","PARAS","3531"
"45424","PARE","3614"
"45425","PARELOR","3411"
"45426","PARENGAN","3659"
"45427","PAREREJO","3724"
"45428","PARIJATAH KULON","3359"
"45429","PARIJATAH WETAN","3359"
"45430","PARINGAN","3840"
"45431","PARINGAN","3527"
"45432","PARON","3356"
"45433","PARON","3764"
"45434","PARON","3322"
"45435","PARSANGA","3465"
"45436","PARSEH","3641"
"45437","PARTEKER","3567"
"45438","PASANGGAR","3258"
"45439","PASANGGRAHAN (PESANGGRAHAN)","3571"
"45440","PASAREJO","3616"
"45441","PASARENAN","3367"
"45442","PASARLEGI","3286"
"45443","PASEBAN","3712"
"45444","PASEMBON","3742"
"45445","PASERAMAN","3279"
"45446","PASESEH","3221"
"45447","PASEYAN","3347"
"45448","PASEYAN","3220"
"45449","PASI","3468"
"45450","PASINAN LEMAHPUTIH","3866"
"45451","PASINAN","3503"
"45452","PASINAN","3242"
"45453","PASIR PUTIH","3650"
"45454","PASIRAMAN","3824"
"45455","PASIRHARJO","3365"
"45456","PASIRIAN","3349"
"45457","PASONGSONGAN","3714"
"45458","PASPAN","3389"
"45459","PASREPAN","3271"
"45460","PASRUJAMBE (PASUJAMBE)","3828"
"45461","PATAAN","3286"
"45462","PATALAN","3745"
"45463","PATALAN","3847"
"45464","PATAPAN","3686"
"45465","PATARONGAN","3686"
"45466","PATARSELAMAT","3401"
"45467","PATEAN","3327"
"45468","PATEBON","3256"
"45469","PATEGALAN","3738"
"45470","PATEGUHAN","3366"
"45471","PATEMON KULON","3239"
"45472","PATEMON","3650"
"45473","PATEMON","3738"
"45474","PATEMON","3754"
"45475","PATEMON","3276"
"45476","PATEMON","3589"
"45477","PATEMON","3567"
"45478","PATEMON","3360"
"45479","PATEMON","3751"
"45480","PATEMON","3679"
"45481","PATEMPURAN","3230"
"45482","PATENGTENG","3245"
"45483","PATEREMAN","3245"
"45484","PATERONGAN","3471"
"45485","PATIANROWO","3323"
"45486","PATIHAN KIDUL","3640"
"45487","PATIHAN WETAN","3315"
"45488","PATIHAN","3329"
"45489","PATIHAN","3422"
"45490","PATIHAN","3368"
"45491","PATIHAN","3870"
"45492","PATIHAN","3500"
"45493","PATIK","3434"
"45494","PATOKAN","3534"
"45495","PATOKAN","3249"
"45496","PATOKAN","3757"
"45497","PATOKPICIS","3426"
"45498","PATOMAN","3252"
"45499","PATRANG","3497"
"45500","PATRANREJO","3416"
"45501","PATUGURAN","3298"
"45502","PATUNJUNGAN","3240"
"45503","PAYAMAN","3406"
"45504","PAYAMAN","3442"
"45505","PAYAMAN","3512"
"45506","PAYAMAN","3547"
"45507","PAYUDAN DALEMAN","3384"
"45508","PAYUDAN DUNDANG","3384"
"45509","PAYUDAN KARANGSOKON","3384"
"45510","PAYUDAN NANGGER","3384"
"45511","PAYUNGREJO","3802"
"45512","PECALONGAN","3868"
"45513","PECALUKAN","3700"
"45514","PECORO","3741"
"45515","PECUK","3481"
"45516","PECUK","3323"
"45517","PEDAGANGAN","3866"
"45518","PEGADANGAN","3275"
"45519","PEGALANGAN KIDUL","3678"
"45520","PEGANDEN","3528"
"45521","PEGANTENAN (PAGANTENAN)","3258"
"45522","PEGIRIAN","3265"
"45523","PEGUNDAN","3218"
"45524","PEHKULON","3755"
"45525","PEHSERUT","3357"
"45526","PEHWETAN","3755"
"45527","PEJAGAN (PAJAGAN)","3441"
"45528","PEJAGAN","3821"
"45529","PEJAMBON","3521"
"45530","PEJANGGANAN","3528"
"45531","PEJANGKUNGAN","3623"
"45532","PEJANGKUNGAN","3810"
"45533","PEJARAKAN","3419"
"45534","PEJARAKAN","3550"
"45535","PEJATEN","3343"
"45536","PEJOK","3313"
"45537","PEJOK","3409"
"45538","PEKADAN","3471"
"45539","PEKALANGAN","3570"
"45540","PEKALONGAN (PAKALONGAN)","3220"
"45541","PEKALONGAN","3761"
"45542","PEKANGKUNGAN","3366"
"45543","PEKARUNGAN","3277"
"45544","PEKAUMAN","3592"
"45545","PEKAUMAN","3743"
"45546","PEKAUMAN","3506"
"45547","PEKELINGAN","3592"
"45548","PEKOREN","3810"
"45549","PEKUKUHAN","3312"
"45550","PEKUNCEN","3464"
"45551","PEKUWON","3473"
"45552","PEKUWON","3502"
"45553","PEKUWON","3521"
"45554","PELALANGAN","3371"
"45555","PELALANGAN","3616"
"45556","PELANG KIDUL","3482"
"45557","PELANG LOR","3482"
"45558","PELANG","3768"
"45559","PELANGWOT","3682"
"45560","PELAS","3505"
"45561","PELEM","3440"
"45562","PELEM","3715"
"45563","PELEM","3422"
"45564","PELEM","3431"
"45565","PELEM","3542"
"45566","PELEM","3614"
"45567","PELEM","3718"
"45568","PELEM","3765"
"45569","PELEMWATU","3639"
"45570","PELEYAN","3735"
"45571","PELEYAN","3237"
"45572","PELTONG","3660"
"45573","PENAMBANGAN","3373"
"45574","PENAMBANGAN","3739"
"45575","PENAMBANGAN","3805"
"45576","PENAMBANGAN","3597"
"45577","PENANG","3675"
"45578","PENANGGAL","3720"
"45579","PENANGGUNGAN","3560"
"45580","PENANGGUNGAN","3790"
"45581","PENANGGUNGAN","3603"
"45582","PENARUKAN","3284"
"45583","PENATAAN","3449"
"45584","PENATABAN","3677"
"45585","PENATARAN","3477"
"45586","PENATARSEWU","3490"
"45587","PENAWUNGAN","3254"
"45588","PENCOL","3583"
"45589","PENDABAH (PENDEBEH)","3642"
"45590","PENDARUNGAN","3344"
"45591","PENDEM","3600"
"45592","PENDEM","3394"
"45593","PENDIL","3248"
"45594","PENDOWOKUMPUL","3462"
"45595","PENDOWOLIMO","3509"
"45596","PENELEH","3784"
"45597","PENGALANGAN","3639"
"45598","PENGAMPON","3493"
"45599","PENGANGSALAN","3647"
"45600","PENGANJURAN","3853"
"45601","PENGANTEN","3396"
"45602","PENGANTIGAN","3853"
"45603","PENGANTIGAN","3252"
"45604","PENGARANG","3821"
"45605","PENGGARON","3727"
"45606","PENGGUNG","3818"
"45607","PENGKOL","3688"
"45608","PENGKOL","3835"
"45609","PENGKOL","3380"
"45610","PENGULU","3309"
"45611","PENGUMBULANADI","3381"
"45612","PENIDON","3456"
"45613","PENIWEN","3830"
"45614","PENJARINGAN SARI","3849"
"45615","PENJOR","3792"
"45616","PENOMPO","3527"
"45617","PENUNGGUL","3748"
"45618","PEPE","3495"
"45619","PEPELEGI","3629"
"45620","PERAK BARAT","3779"
"45621","PERAK TIMUR","3671"
"45622","PERAK UTARA","3671"
"45623","PERAK","3723"
"45624","PERANTE","3307"
"45625","PERBON","3579"
"45626","PERMANU","3812"
"45627","PERMISAN","3419"
"45628","PERNAJUH","3641"
"45629","PERNING","3596"
"45630","PERNING","3527"
"45631","PEROMAAN (PAROMAAN)","3761"
"45632","PERRENG","3236"
"45633","PERTAPAN MADURETNO","3587"
"45634","PESANGGARAN","3855"
"45635","PESANGGRAHAN","3875"
"45636","PESANGGRAHAN","3651"
"45637","PESANGGRAHAN","3227"
"45638","PESANGGRAHAN","3802"
"45639","PESANGGRAHAN","3682"
"45640","PESANTREN","3433"
"45641","PESANTREN","3590"
"45642","PESAWAHAN","3719"
"45643","PESAWAHAN","3275"
"45644","PESEN","3387"
"45645","PESING","3605"
"45646","PESISIR","3636"
"45647","PESISIR","3544"
"45648","PESISIR","3261"
"45649","PESU","3822"
"45650","PESUCEN","3705"
"45651","PESUDUKUH","3356"
"45652","PETAHUNAN","3695"
"45653","PETAHUNAN","3820"
"45654","PETAK","3356"
"45655","PETAK","3432"
"45656","PETAK","3625"
"45657","PETAMANAN","3464"
"45658","PETAONAN","3641"
"45659","PETAPAN","3586"
"45660","PETEMON","3543"
"45661","PETERONGAN","3473"
"45662","PETERONGAN","3672"
"45663","PETIKEN","3427"
"45664","PETISBENEM","3259"
"45665","PETIYIN TUNGGAL","3326"
"45666","PETOK","3653"
"45667","PETRAH","3360"
"45668","PETTONG","3360"
"45669","PETUNG SEWU","3786"
"45670","PETUNG","3342"
"45671","PETUNG","3739"
"45672","PETUNG","3713"
"45673","PETUNG","3276"
"45674","PETUNG","3552"
"45675","PETUNG","3271"
"45676","PETUNGASRI","3494"
"45677","PETUNGREJO","3771"
"45678","PETUNGROTO","3653"
"45679","PETUNGSEWU","3747"
"45680","PETUNGSINARANG","3446"
"45681","PICISAN","3766"
"45682","PIJERAN","3640"
"45683","PIKATAN","3544"
"45684","PIKATAN","3796"
"45685","PILANG GEDE","3396"
"45686","PILANG","3848"
"45687","PILANG","3387"
"45688","PILANG","3588"
"45689","PILANGBANGO","3856"
"45690","PILANGKENCENG","3698"
"45691","PILANGREJO","3536"
"45692","PILANGSARI","3683"
"45693","PINGGIR SARI","3488"
"45694","PINGGIR","3331"
"45695","PINGGIR","3402"
"45696","PINGGIRPAPAS","3850"
"45697","PINGGIRSARI","3529"
"45698","PINGKUK","3606"
"45699","PINTU","3840"
"45700","PISANG CANDI","3372"
"45701","PISANG","3323"
"45702","PITON","3667"
"45703","PITU","3483"
"45704","PIYAK","3387"
"45705","PLABUHAN","3478"
"45706","PLABUHANREJO","3865"
"45707","PLAJAN","3604"
"45708","PLAKARAN","3301"
"45709","PLAKARAN","3306"
"45710","PLAKPAK","3258"
"45711","PLALANGAN","3840"
"45712","PLALANGAN","3230"
"45713","PLALANGAN","3241"
"45714","PLAMPAAN","3278"
"45715","PLAMPANG","3240"
"45716","PLAMPANGREJO","3608"
"45717","PLANCUNGAN","3690"
"45718","PLANDAAN","3469"
"45719","PLANDAAN","3478"
"45720","PLANDI","3492"
"45721","PLANDI","3458"
"45722","PLANDIREJO","3386"
"45723","PLANDIREJO","3456"
"45724","PLANGGARAN BARAT","3305"
"45725","PLANGGARAN TIMUR","3305"
"45726","PLANGGIRAN","3221"
"45727","PLANGKRONGAN","3251"
"45728","PLAOSAN","3329"
"45729","PLAOSAN","3630"
"45730","PLAOSAN","3665"
"45731","PLAOSAN","3781"
"45732","PLAOSAN","3588"
"45733","PLAOSAN","3458"
"45734","PLASAH","3472"
"45735","PLEMAHAN","3512"
"45736","PLEMAHAN","3340"
"45737","PLERET","3869"
"45738","PLEREYAN","3737"
"45739","PLESET","3321"
"45740","PLESUNGAN","3378"
"45741","PLINGGISAN","3308"
"45742","PLINTAHAN","3494"
"45743","PLIWETAN","3728"
"45744","PLOSO LOR","3681"
"45745","PLOSO","3745"
"45746","PLOSO","3404"
"45747","PLOSO","3653"
"45748","PLOSO","3406"
"45749","PLOSO","3300"
"45750","PLOSO","3582"
"45751","PLOSO","3667"
"45752","PLOSO","3829"
"45753","PLOSO","3775"
"45754","PLOSO","3803"
"45755","PLOSO","3588"
"45756","PLOSOARANG","3622"
"45757","PLOSOBUDEN","3330"
"45758","PLOSOGENENG","3492"
"45759","PLOSOGENUK","3723"
"45760","PLOSOHARJO","3320"
"45761","PLOSOJENAR","3688"
"45762","PLOSOKANDANG","3469"
"45763","PLOSOKEREP","3617"
"45764","PLOSOKEREP","3340"
"45765","PLOSOKIDUL","3684"
"45766","PLOSOLOR","3684"
"45767","PLOSOREJO","3793"
"45768","PLOSOREJO","3620"
"45769","PLOSOSARI","3736"
"45770","PLOSOSARI","3415"
"45771","PLOSOSETRO","3333"
"45772","PLOSOWAHYU","3524"
"45773","PLUMBANGAN","3763"
"45774","PLUMBON GAMBANG","3651"
"45775","PLUMBON","3719"
"45776","PLUMBUNGAN (PELUMBUNGAN)","3518"
"45777","PLUMBUNGAN","3277"
"45778","PLUMPANG","3456"
"45779","PLUMPANG","3425"
"45780","PLUMPUNG","3665"
"45781","PLUMPUNGREJO","3620"
"45782","PLUMPUNGREJO","3443"
"45783","PLUNTURAN","3434"
"45784","POCANAN","3421"
"45785","POCANGAN","3294"
"45786","POCOL","3809"
"45787","POCONG","3233"
"45788","PODOKOYO","3395"
"45789","PODOREJO","3609"
"45790","PODOROTO","3652"
"45791","POGALAN","3619"
"45792","POGAR","3610"
"45793","POH BOGO","3396"
"45794","POH GADING","3271"
"45795","POH GEDANG","3271"
"45796","POH KONYAL","3321"
"45797","POHGAJIH","3269"
"45798","POHIJO","3725"
"45799","POHJEJER","3376"
"45800","POHJENTREK","3864"
"45801","POHKECIK","3762"
"45802","POHSANGIT KIDUL","3848"
"45803","POHSANGIT LERES","3261"
"45804","POHSANGIT LOR","3847"
"45805","POHSANGIT NGISOR","3847"
"45806","POHSANGIT TENGAH","3847"
"45807","POHWATES","3409"
"45808","POJA","3274"
"45809","POJOK KULON","3652"
"45810","POJOK REJO","3652"
"45811","POJOK","3715"
"45812","POJOK","3255"
"45813","POJOK","3607"
"45814","POJOK","3398"
"45815","POJOK","3460"
"45816","POJOK","3445"
"45817","POJOK","3529"
"45818","POJOK","3335"
"45819","POJOK","3765"
"45820","POJOK","3781"
"45821","POJOKSARI","3447"
"45822","POKA\AN","3735"
"45823","POKO","3649"
"45824","POKO","3718"
"45825","POLAGAN","3302"
"45826","POLAGAN","3220"
"45827","POLEHAN","3296"
"45828","POLONGAN","3535"
"45829","POLOREJO","3315"
"45830","POLOWIJEN","3296"
"45831","POMAHAN JANGGAN","3351"
"45832","POMAHAN","3503"
"45833","POMAHAN","3434"
"45834","PONCOGATI","3739"
"45835","PONCOKUSUMO","3289"
"45836","PONCOL","3251"
"45837","PONDOK AGUNG","3584"
"45838","PONDOK DALEM","3879"
"45839","PONDOK JOYO","3879"
"45840","PONDOK KELOR","3240"
"45841","PONDOK WULUH","3732"
"45842","PONDOK","3315"
"45843","PONDOKNONGKO","3344"
"45844","PONDOKREJO","3272"
"45845","PONGANGAN","3528"
"45846","PONGGOK","3653"
"45847","PONGGOK","3300"
"45848","PONGGOK","3335"
"45849","PONGPONGAN","3666"
"45850","PONJANAN BARAT","3474"
"45851","PONJANAN TIMUR","3474"
"45852","PONOKAWAN","3563"
"45853","PONTANG","3260"
"45854","PONTEH","3302"
"45855","POPOH","3829"
"45856","POPOH","3588"
"45857","PORDAPOR","3384"
"45858","POREH","3661"
"45859","POREH","3436"
"45860","PORODESO","3637"
"45861","PORONG","3719"
"45862","POTER","3360"
"45863","POTERAN","3246"
"45864","POTERAN","3711"
"45865","POTOAN DAJA","3231"
"45866","POTOAN LAOK","3231"
"45867","PRADAH KALI KENDAL","3772"
"45868","PRAGAAN DAYA","3225"
"45869","PRAGAAN LAOK","3225"
"45870","PRAGAK","3709"
"45871","PRAGELAN","3817"
"45872","PRAJEGAN","3486"
"45873","PRAJEKAN KIDUL","3451"
"45874","PRAJEKAN LOR","3451"
"45875","PRAJJAN","3278"
"45876","PRAJURIT KULON","3658"
"45877","PRAMBANAN","3799"
"45878","PRAMBANGAN","3746"
"45879","PRAMBATAN","3396"
"45880","PRAMBON WETAN","3502"
"45881","PRAMBON","3508"
"45882","PRAMBON","3623"
"45883","PRAMBON","3435"
"45884","PRAMBONTERGAYANG","3485"
"45885","PRAMPELAN","3422"
"45886","PRANCAK","3714"
"45887","PRANCAK","3475"
"45888","PRANGGANG","3684"
"45889","PRANGI","3519"
"45890","PRANTI","3639"
"45891","PRANTI","3495"
"45892","PRAPEN","3867"
"45893","PRASI","3572"
"45894","PRASUNG","3522"
"45895","PRAYUNGAN","3402"
"45896","PRAYUNGAN","3670"
"45897","PRAYUNGAN","3521"
"45898","PREKBUN","3341"
"45899","PRENDUAN","3225"
"45900","PRIGEN","3700"
"45901","PRIGI","3387"
"45902","PRIGI","3778"
"45903","PRIJEK NGABLAG","3523"
"45904","PRIMPEN","3515"
"45905","PRINGAPUS","3713"
"45906","PRINGGOBOYO","3659"
"45907","PRINGGODANI","3454"
"45908","PRINGGONDANI","3737"
"45909","PRINGGOWIRAWAN","3806"
"45910","PRINGKUKU","3718"
"45911","PRINGU","3375"
"45912","PRIYOSO","3509"
"45913","PRODO","3449"
"45914","PRONOJIWO","3877"
"45915","PROPPO","3350"
"45916","PRUNGGAHAN KULON","3597"
"45917","PRUNGGAHAN WETAN","3597"
"45918","PRUPUH","3552"
"45919","PUCAKWANGI","3329"
"45920","PUCANG ANOM","3821"
"45921","PUCANG SARI","3724"
"45922","PUCANG SEWU","3228"
"45923","PUCANG SIMO","3444"
"45924","PUCANG SONGO","3268"
"45925","PUCANG","3506"
"45926","PUCANGAN","3397"
"45927","PUCANGAN","3689"
"45928","PUCANGAN","3319"
"45929","PUCANGAN","3728"
"45930","PUCANGANAK","3435"
"45931","PUCANGANOM","3334"
"45932","PUCANGANOM","3506"
"45933","PUCANGARUM","3503"
"45934","PUCANGLABAN","3759"
"45935","PUCANGOMBO (PUCUNG OMBO)","3803"
"45936","PUCANGREJO","3390"
"45937","PUCANGRO","3651"
"45938","PUCANGRO","3647"
"45939","PUCANGSARI","3379"
"45940","PUCANGSEWU (PACUNGSEWU)","3300"
"45941","PUCANGTELU","3647"
"45942","PUCUK","3459"
"45943","PUCUK","3333"
"45944","PUCUNG KIDUL","3598"
"45945","PUCUNG LOR","3529"
"45946","PUCUNG","3331"
"45947","PUDAKIT BARAT","3401"
"45948","PUDAKIT TIMUR","3401"
"45949","PUDAKKULON","3520"
"45950","PUDAKWETAN","3520"
"45951","PUGER KULON","3355"
"45952","PUGER WETAN","3355"
"45953","PUGERAN","3376"
"45954","PUGOH","3439"
"45955","PUH KEREP","3513"
"45956","PUHJAJAR","3755"
"45957","PUHJARAK","3512"
"45958","PUHRUBUH","3662"
"45959","PUHSARANG","3662"
"45960","PUHTI","3681"
"45961","PUJERBARU","3790"
"45962","PUJIHARJO","3270"
"45963","PUJON KIDUL","3621"
"45964","PUJON LOR","3621"
"45965","PUKUL","3308"
"45966","PULAU MANDANGIN (MANDINGAN)","3220"
"45967","PULE","3596"
"45968","PULE","3646"
"45969","PULE","3836"
"45970","PULE","3843"
"45971","PULE","3390"
"45972","PULEREJO","3386"
"45973","PULEREJO","3529"
"45974","PULEREJO","3698"
"45975","PULO GEDANG","3590"
"45976","PULO LOR","3492"
"45977","PULO","3635"
"45978","PULOGEDE","3604"
"45979","PULOKERTO","3308"
"45980","PULONITI","3473"
"45981","PULOPANCIKAN","3592"
"45982","PULOREJO","3459"
"45983","PULOREJO","3338"
"45984","PULOREJO","3658"
"45985","PULOREJO","3590"
"45986","PULOSARI","3501"
"45987","PULOSARI","3649"
"45988","PULOSARI","3399"
"45989","PULOTONDO","3399"
"45990","PULOWETAN","3596"
"45991","PULUNG MERDIKO","3434"
"45992","PULUNG","3434"
"45993","PULUNGAN","3495"
"45994","PULUNGDOWO","3626"
"45995","PUNCU","3311"
"45996","PUNDONG","3403"
"45997","PUNDUNGSARI","3704"
"45998","PUNDUTTRATE","3414"
"45999","PUNGGING","3413"
"46000","PUNGGING","3273"
