"id","nama_desa","kecamatan_id"
"22001","CEMPAKA DALEM (CEMPAKA DALAM)","1594"
"22002","CEMPAKA JAYA","1594"
"22003","CEMPAKA NUBAN","1704"
"22004","CEMPAKA PUTIH","1675"
"22005","CEMPAKA TIMUR","1717"
"22006","CEMPAKA","1717"
"22007","CEMPEDAK","1688"
"22008","CERINGIN SARI","1657"
"22009","CIAMIS","1631"
"22010","CIHERANG","1645"
"22011","CILIMUS","1657"
"22012","CIMANUK","1653"
"22013","CIMARIAS","1634"
"22014","CINTAMULYA","1663"
"22015","CIPADANG","1595"
"22016","CIPTA MULYA","1722"
"22017","CIPTA WARAS","1723"
"22018","COMOK SINAR JAYA","1718"
"22019","CUGAH","1598"
"22020","CUGUNG","1629"
"22021","CURUP GURUH KAGUNGAN","1580"
"22022","CURUP PATAH","1654"
"22023","DADAPAN","1586"
"22024","DADIMULYO","1620"
"22025","DADIREJO","1620"
"22026","DADISARI","1620"
"22027","DARUSSALAM","1645"
"22028","DATAR BANCONG","1695"
"22029","DATAR LEBUAY","1576"
"22030","DATARAJAN","1574"
"22031","DAYA ASRI","1724"
"22032","DAYA MURNI","1724"
"22033","DAYA SAKTI","1724"
"22034","DENTE MAKMUR","1691"
"22035","DEPOK REJO","1568"
"22036","DHARMA AGUNG MATARAM","1642"
"22037","DONO ARUM","1706"
"22038","DONO MULYO","1585"
"22039","DONOMULYO","1713"
"22040","DURIAN PAYUNG","1725"
"22041","DURIAN","1657"
"22042","DWI KARYA MUSTIKA","1726"
"22043","DWI MULYO","1687"
"22044","DWI WARGA TUNGGAL JAYA","1644"
"22045","DWIKORA","1694"
"22046","EKA MULYA","1726"
"22047","ENDANG REJO","1706"
"22048","ENGGAL REJO","1564"
"22049","ENGGAL","1727"
"22050","FAJAR AGUNG BARAT","1701"
"22051","FAJAR AGUNG","1674"
"22052","FAJAR ASRI","1563"
"22053","FAJAR ASRI","1706"
"22054","FAJAR BARU","1646"
"22055","FAJAR BARU","1728"
"22056","FAJAR BARU","1563"
"22057","FAJAR BULAN (PAJAR BULAN)","1635"
"22058","FAJAR BULAN (PAJAR BULAN)","1729"
"22059","FAJAR INDAH","1563"
"22060","FAJAR MATARAM","1642"
"22061","FAJAR MULYA  /  MULIA","1728"
"22062","FAJARESUK (PAJAR ESUK)","1701"
"22063","GADING REJO","1686"
"22064","GADING","1592"
"22065","GADINGREJO TIMUR","1686"
"22066","GADINGREJO UTARA","1686"
"22067","GALIH LUNIK","1692"
"22068","GALIH / GILIH KARANGJATI","1730"
"22069","GANDRI","1661"
"22070","GANJAR AGUNG","1731"
"22071","GANJAR ASRI","1731"
"22072","GANJARAN","1710"
"22073","GANTI WARNO","1566"
"22074","GANTIMULYO","1566"
"22075","GARUNTANG","1712"
"22076","GARUT","1638"
"22077","GAYA BARU DELAPAN","1732"
"22078","GAYA BARU DUA","1732"
"22079","GAYA BARU EMPAT","1732"
"22080","GAYA BARU ENAM","1732"
"22081","GAYA BARU LIMA","1675"
"22082","GAYA BARU SATU","1732"
"22083","GAYA BARU TIGA","1732"
"22084","GAYA BARU TUJUH","1732"
"22085","GAYAM","1661"
"22086","GAYAU SAKTI","1706"
"22087","GEBANG","1657"
"22088","GEDAU","1604"
"22089","GEDONG AIR","1733"
"22090","GEDONG BATIN","1684"
"22091","GEDONG MENENG BARU","1734"
"22092","GEDONG MENENG","1734"
"22093","GEDONG PAKUAN / PAKUON","1735"
"22094","GEDONG / GEDUNG JAYA","1561"
"22095","GEDONG / GEDUNG JAYA","1615"
"22096","GEDUNG (PEKON GEDUNG)","1651"
"22097","GEDUNG AGUNG","1646"
"22098","GEDUNG AGUNG","1575"
"22099","GEDUNG AJI","1578"
"22100","GEDUNG ASRI","1736"
"22101","GEDUNG BANDAR RAHAYU","1600"
"22102","GEDUNG BANDAR REJO","1600"
"22103","GEDUNG BATIN","1631"
"22104","GEDUNG BOGA / RAJA","1696"
"22105","GEDUNG CAHYA KUNINGAN","1709"
"22106","GEDUNG DALAM","1704"
"22107","GEDUNG DALAM / DALOM","1653"
"22108","GEDUNG HAJI","1730"
"22109","GEDUNG HARAPAN","1646"
"22110","GEDUNG HARAPAN","1615"
"22111","GEDUNG HARAPAN","1736"
"22112","GEDUNG HARTA","1730"
"22113","GEDUNG JAMBU","1660"
"22114","GEDUNG JAYA","1582"
"22115","GEDUNG KARYA JITU","1711"
"22116","GEDUNG KETAPANG","1650"
"22117","GEDUNG MAKRIFAT","1676"
"22118","GEDUNG MENENG BARU","1600"
"22119","GEDUNG MENENG","1600"
"22120","GEDUNG MENONG","1615"
"22121","GEDUNG NEGARA","1676"
"22122","GEDUNG NYAPAH","1643"
"22123","GEDUNG PAKUON","1598"
"22124","GEDUNG RAJA","1676"
"22125","GEDUNG RAM","1632"
"22126","GEDUNG RATU","1622"
"22127","GEDUNG RATU","1737"
"22128","GEDUNG REJO SAKTI","1736"
"22129","GEDUNG REJO","1598"
"22130","GEDUNG RIANG","1684"
"22131","GEDUNG SARI","1622"
"22132","GEDUNG SURIAN","1723"
"22133","GEDUNG TATAAN","1595"
"22134","GEDUNG WANI TIMUR","1738"
"22135","GEDUNG WANI","1738"
"22136","GEDUNG / GEDONG GUMANTI","1667"
"22137","GEDUNGHARTA","1661"
"22138","GELOMBANG PANJANG","1695"
"22139","GEMAH RIPAH","1710"
"22140","GERNING","1667"
"22141","GIHAM SUKAMAJU","1739"
"22142","GILANG TUNGGAL MAKARTA","1740"
"22143","GILIH SUKANEGERI","1560"
"22144","GIRI HARJO","1698"
"22145","GIRI KLOPO / KELOPO MULYO","1741"
"22146","GIRI MULYO","1669"
"22147","GIRI TUNGGAL","1728"
"22148","GIRIKARTO","1741"
"22149","GISTANG","1684"
"22150","GISTING ATAS","1659"
"22151","GISTING BAWAH","1659"
"22152","GISTING JAYA","1561"
"22153","GISTING PERMAI","1659"
"22154","GONDANG REJO","1566"
"22155","GORAS JAYA","1639"
"22156","GOTONG ROYONG","1725"
"22157","GULAK GALIK","1742"
"22158","GUMUK MAS","1710"
"22159","GUMUK REJO","1710"
"22160","GUNUNG AGUNG I","1743"
"22161","GUNUNG AGUNG","1700"
"22162","GUNUNG AGUNG","1743"
"22163","GUNUNG AGUNG","1680"
"22164","GUNUNG AGUNG","1647"
"22165","GUNUNG AGUNG","1612"
"22166","GUNUNG BARU","1654"
"22167","GUNUNG BATIN BARU","1612"
"22168","GUNUNG BATIN ILIR","1612"
"22169","GUNUNG BATIN UDIK","1612"
"22170","GUNUNG BESAR","1744"
"22171","GUNUNG BETUAH","1707"
"22172","GUNUNG CAHYA","1679"
"22173","GUNUNG DOH","1590"
"22174","GUNUNG GIJUL","1744"
"22175","GUNUNG HAJI","1745"
"22176","GUNUNG KASIH","1592"
"22177","GUNUNG KATON","1746"
"22178","GUNUNG KATUN MALAI","1737"
"22179","GUNUNG KATUN TANJUNGAN","1737"
"22180","GUNUNG KATUN","1598"
"22181","GUNUNG KEMALA TIMUR","1648"
"22182","GUNUNG KEMALA","1648"
"22183","GUNUNG KRAMAT","1747"
"22184","GUNUNG LABUAN","1650"
"22185","GUNUNG LABUHAN","1654"
"22186","GUNUNG MAKNIBAI","1718"
"22187","GUNUNG MAS","1669"
"22188","GUNUNG MAS","1735"
"22189","GUNUNG MEGANG","1575"
"22190","GUNUNG MEKAR","1567"
"22191","GUNUNG MENANTI","1724"
"22192","GUNUNG MERAKSA","1575"
"22193","GUNUNG MULYO","1647"
"22194","GUNUNG PASIR JAYA","1647"
"22195","GUNUNG PEKUWON","1654"
"22196","GUNUNG RAJA","1718"
"22197","GUNUNG RATU","1609"
"22198","GUNUNG RAYA","1669"
"22199","GUNUNG RAYA","1728"
"22200","GUNUNG RAYA","1745"
"22201","GUNUNG REJO","1657"
"22202","GUNUNG SADAR","1744"
"22203","GUNUNG SANGKARAN","1684"
"22204","GUNUNG SARI","1747"
"22205","GUNUNG SARI","1727"
"22206","GUNUNG SARI","1654"
"22207","GUNUNG SARI","1635"
"22208","GUNUNG SARI","1740"
"22209","GUNUNG SARI","1577"
"22210","GUNUNG SARI","1574"
"22211","GUNUNG SUGIH BARU","1667"
"22212","GUNUNG SUGIH BESAR","1647"
"22213","GUNUNG SUGIH KECIL","1567"
"22214","GUNUNG SUGIH RAYA","1635"
"22215","GUNUNG SUGIH","1596"
"22216","GUNUNG SUGIH","1721"
"22217","GUNUNG SUGIH","1635"
"22218","GUNUNG SUGIH","1591"
"22219","GUNUNG SULAH","1748"
"22220","GUNUNG TAPA ILIR","1600"
"22221","GUNUNG TAPA TENGAH","1600"
"22222","GUNUNG TAPA UDIK","1600"
"22223","GUNUNG TAPA","1600"
"22224","GUNUNG TERANG","1749"
"22225","GUNUNG TERANG","1652"
"22226","GUNUNG TERANG","1743"
"22227","GUNUNG TERANG","1569"
"22228","GUNUNG TERANG","1680"
"22229","GUNUNG TIGA","1704"
"22230","GUNUNG TIGA","1592"
"22231","GUNUNG TIMBUL","1724"
"22232","GUNUNG WARAS","1679"
"22233","GUNUNGREJO","1653"
"22234","GUNUNGSARI","1673"
"22235","GUNUNGTIGA","1574"
"22236","GURING","1678"
"22237","HADI MULYO","1696"
"22238","HADIMULYO BARAT","1750"
"22239","HADIMULYO TIMUR","1750"
"22240","HADUYANG RATU","1715"
"22241","HADUYANG RATU","1625"
"22242","HADUYANG","1623"
"22243","HAJI PEMANGGILAN","1700"
"22244","HAJIMENA","1623"
"22245","HALANGAN RATU","1640"
"22246","HANAKAU JAYA","1631"
"22247","HANAKAU","1613"
"22248","HANAU BERAK","1657"
"22249","HANURA","1657"
"22250","HARA BANJAR MANIS","1569"
"22251","HARAPAN JAYA","1591"
"22252","HARAPAN JAYA","1657"
"22253","HARAPAN JAYA","1570"
"22254","HARAPAN MUKTI","1632"
"22255","HARAPAN REJO","1706"
"22256","HARGO MULYO","1711"
"22257","HARGO PANCORAN","1629"
"22258","HARGO REJO","1711"
"22259","HARGOMULYO","1741"
"22260","HATTA (HATA)","1597"
"22261","HENI HARONG","1751"
"22262","HIBUL / IBUL JAYA","1676"
"22263","HUJAN MAS","1707"
"22264","HUJUNG","1674"
"22265","HURUN","1657"
"22266","IMOPURO","1750"
"22267","INDRA PUTRA SUBING","1562"
"22268","INDRALOKA I","1572"
"22269","INDRALOKA II","1572"
"22270","IRINGMULYO","1752"
"22271","ISOREJO","1715"
"22272","ITIK RENDAY (RENDAI)","1753"
"22273","JABUNG","1567"
"22274","JADIMULYO","1741"
"22275","JAGA BAYA I","1748"
"22276","JAGA RAGA","1613"
"22277","JAGABAYA II","1748"
"22278","JAGABAYA III","1748"
"22279","JAGANG","1685"
"22280","JATI AGUNG","1581"
"22281","JATI DATAR MATARAM","1754"
"22282","JATI INDAH","1692"
"22283","JATIBARU","1692"
"22284","JATIMULYO","1646"
"22285","JAYA ASRI","1755"
"22286","JAYA GUNA","1738"
"22287","JAYA MAKMUR","1603"
"22288","JAYA MURNI","1630"
"22289","JAYA SAKTI","1700"
"22290","JAYA SAKTI","1570"
"22291","JAYA TINGGI","1695"
"22292","JEMBRANA","1756"
"22293","JEPARA","1689"
"22294","JERANGKANG","1580"
"22295","JOHARAN","1683"
"22296","JOJOG","1566"
"22297","JONDONG","1569"
"22298","JUKU BATU","1585"
"22299","JUKUH KEMUNING","1695"
"22300","KACA PURA","1638"
"22301","KACAMARGA","1651"
"22302","KAGUNGAN DALAM","1632"
"22303","KAGUNGAN RAHAYU","1589"
"22304","KAGUNGAN RATU","1640"
"22305","KAGUNGAN RATU","1737"
"22306","KAGUNGAN","1670"
"22307","KAHURIPAN JAYA","1603"
"22308","KALI ASIN","1692"
"22309","KALI BALOK / BALAU KENCANA","1705"
"22310","KALI BENING","1566"
"22311","KALI CINTA","1656"
"22312","KALI DADI","1573"
"22313","KALI MIRING","1660"
"22314","KALI PAPAN","1615"
"22315","KALI PASIR","1757"
"22316","KALI REJO","1573"
"22317","KALI SARI","1623"
"22318","KALI WUNGU","1573"
"22319","KALIANDA","1569"
"22320","KALIAWI INDAH","1681"
"22321","KALIAWI PERSADA","1725"
"22322","KALIAWI","1681"
"22323","KALIAWI","1725"
"22324","KALIBALANGAN","1560"
"22325","KALIBENING RAYA","1560"
"22326","KALIBENING","1628"
"22327","KALIREJO","1640"
"22328","KALIREJO","1605"
"22329","KALIREJO","1620"
"22330","KALISARI","1620"
"22331","KAMPUNG BARU RAYA","1758"
"22332","KAMPUNG BARU","1695"
"22333","KAMPUNG BARU","1670"
"22334","KAMPUNG BARU","1758"
"22335","KAMPUNG BARU","1759"
"22336","KAMPUNG BARU","1678"
"22337","KAMPUNG JAWA","1760"
"22338","KAMPUNGBARU","1661"
"22339","KANDANG BESI","1660"
"22340","KANGKUNG","1712"
"22341","KANOMAN","1638"
"22342","KANYANGAN","1660"
"22343","KARANG AGUNG","1580"
"22344","KARANG AGUNG","1679"
"22345","KARANG AGUNG","1638"
"22346","KARANG AGUNG","1729"
"22347","KARANG ANOM","1756"
"22348","KARANG ANYAR","1595"
"22349","KARANG ANYAR","1646"
"22350","KARANG ANYAR","1621"
"22351","KARANG ANYAR","1730"
"22352","KARANG ANYAR","1620"
"22353","KARANG BRAK","1678"
"22354","KARANG BUAH","1651"
"22355","KARANG ENDAH","1562"
"22356","KARANG JAWA","1622"
"22357","KARANG JAYA","1665"
"22358","KARANG LANTANG","1695"
"22359","KARANG MARITIM","1761"
"22360","KARANG MULYO","1611"
"22361","KARANG PUCUNG","1662"
"22362","KARANG RAJA","1665"
"22363","KARANG REJO II","1611"
"22364","KARANG REJO","1646"
"22365","KARANG REJO","1655"
"22366","KARANG REJO","1640"
"22367","KARANG REJO","1638"
"22368","KARANG REJO","1650"
"22369","KARANG SAKTI","1611"
"22370","KARANG SARI","1576"
"22371","KARANG SARI","1646"
"22372","KARANG SARI","1636"
"22373","KARANG SARI","1611"
"22374","KARANG SARI","1625"
"22375","KARANG TANJUNG","1625"
"22376","KARANG UMPU","1684"
"22377","KARANG WARINGIN","1746"
"22378","KARANGAN","1699"
"22379","KARANGREJO","1574"
"22380","KARANGSARI","1710"
"22381","KARTA JAYA","1561"
"22382","KARTA RAHARJA","1737"
"22383","KARTA SARI","1737"
"22384","KARTA","1670"
"22385","KARTA","1737"
"22386","KARYA AGUNG","1615"
"22387","KARYA BAKTI","1637"
"22388","KARYA BASUKI","1756"
"22389","KARYA CIPTA ABADI","1711"
"22390","KARYA JAYA","1624"
"22391","KARYA JITU MUKTI","1711"
"22392","KARYA MAJU","1577"
"22393","KARYA MAKMUR","1621"
"22394","KARYA MAKMUR","1736"
"22395","KARYA MUKTI","1741"
"22396","KARYA MULYA SARI","1663"
"22397","KARYA MURNI JAYA","1603"
"22398","KARYA SAKTI","1608"
"22399","KARYA TUNGGAL","1593"
"22400","KARYATANI","1621"
"22401","KASUI LAMA","1695"
"22402","KASUI PASAR","1695"
"22403","KAUR GADING","1678"
"22404","KAYU BATU","1654"
"22405","KAYUHUBI","1592"
"22406","KEAGUNGAN","1751"
"22407","KEBAGUSAN","1595"
"22408","KEBON DAMAR","1762"
"22409","KEBONJERUK","1763"
"22410","KEBUAYAN","1587"
"22411","KEBUMEN","1586"
"22412","KEBUN DALAM","1764"
"22413","KEBUN DALAM","1696"
"22414","KECAPI","1569"
"22415","KECUBUNG JAYA","1578"
"22416","KECUBUNG MULYA","1578"
"22417","KECUBUNG RAYA","1578"
"22418","KECUBUNG RAYA","1637"
"22419","KEDALOMAN","1645"
"22420","KEDAMAIAN","1705"
"22421","KEDAMAIAN","1664"
"22422","KEDATON I (SATU)","1704"
"22423","KEDATON II (DUA)","1704"
"22424","KEDATON INDUK","1704"
"22425","KEDATON","1744"
"22426","KEDATON","1569"
"22427","KEDATON","1695"
"22428","KEDATON","1765"
"22429","KEDATUAN","1639"
"22430","KEDAUNG","1677"
"22431","KEDAUNG","1766"
"22432","KEDAUNG","1599"
"22433","KEDIRI","1686"
"22434","KEDONDONG","1591"
"22435","KEDUNG RINGIN","1767"
"22436","KEGERINGAN","1721"
"22437","KEJADIAN","1674"
"22438","KEJADIAN","1667"
"22439","KEJADIAN","1696"
"22440","KEJADIAN","1620"
"22441","KEJADIANLOM","1651"
"22442","KEJAYAAN","1628"
"22443","KEKATANG","1759"
"22444","KEKATUNG","1691"
"22445","KEKILING","1661"
"22446","KELAPA TIGA PERMAI","1733"
"22447","KELAPA TIGA","1725"
"22448","KELAPA TUJUH","1580"
"22449","KELAU","1661"
"22450","KELAWI","1597"
"22451","KELUNGU","1664"
"22452","KEMALA RAJA","1746"
"22453","KEMALO ABUNG","1560"
"22454","KEMBAHANG","1721"
"22455","KEMBANG GADING","1560"
"22456","KEMBANG TANJUNG","1560"
"22457","KEMILIN","1728"
"22458","KEMILING PERMAI","1677"
"22459","KEMILING RAYA","1677"
"22460","KEMPLAS / KAMPLAS","1707"
"22461","KEMU","1585"
"22462","KEMUKUS","1636"
"22463","KEMUNING","1575"
"22464","KENALI","1674"
"22465","KENANGA SARI","1732"
"22466","KEPUTRAN","1768"
"22467","KERANG","1721"
"22468","KERBANG DALAM","1604"
"22469","KERBANG LANGGAR","1604"
"22470","KERINJING","1629"
"22471","KERTA SANA","1591"
"22472","KERTOSARI","1641"
"22473","KESUGIHAN","1569"
"22474","KESUGIHAN","1660"
"22475","KESUMA JAYA","1639"
"22476","KESUMADADI","1639"
"22477","KETAPANG KUALA","1761"
"22478","KETAPANG","1636"
"22479","KETAPANG","1583"
"22480","KETAPANG","1761"
"22481","KETAPANG","1650"
"22482","KETEGUHAN","1769"
"22483","KHEPONG JAYA","1657"
"22484","KIBANG BUDI JAYA","1740"
"22485","KIBANG PACING","1594"
"22486","KIBANG TRI JAYA","1740"
"22487","KIBANG YEKTI JAYA","1740"
"22488","KIBANG","1755"
"22489","KILAUAN NEGERI","1770"
"22490","KILING KILING","1681"
"22491","KINCIRAN","1744"
"22492","KISTANG","1707"
"22493","KLATEN","1686"
"22494","KLATEN","1661"
"22495","KOMERING AGUNG","1635"
"22496","KOMERING PUTIH","1635"
"22497","KORPRI JAYA","1771"
"22498","KORPRI RAYA","1771"
"22499","KOTA AGUNG","1664"
"22500","KOTA AGUNG","1650"
"22501","KOTA AGUNG","1667"
"22502","KOTA ALAM","1580"
"22503","KOTA BARU","1615"
"22504","KOTA BARU","1625"
"22505","KOTA BARU","1763"
"22506","KOTA BATU","1619"
"22507","KOTA BATU","1664"
"22508","KOTA BATU","1745"
"22509","KOTA BESI","1721"
"22510","KOTA DALAM","1617"
"22511","KOTA DALOM / DALAM","1659"
"22512","KOTA GAJAH TIMUR","1772"
"22513","KOTA GAJAH","1772"
"22514","KOTA GAPURA","1688"
"22515","KOTA GURING","1629"
"22516","KOTA JAWA","1614"
"22517","KOTA JAWA","1561"
"22518","KOTA JAWA","1626"
"22519","KOTA JAWA","1673"
"22520","KOTA KARANG RAYA","1769"
"22521","KOTA KARANG","1604"
"22522","KOTA KARANG","1769"
"22523","KOTA NAPAL","1715"
"22524","KOTA NEGARA ILIR","1631"
"22525","KOTA NEGARA","1631"
"22526","KOTA PASAR KRUI","1760"
"22527","KOTA RAMAN","1773"
"22528","KOTA SEPANG","1758"
"22529","KOTA WAY","1695"
"22530","KOTABUMI ILIR","1688"
"22531","KOTABUMI PASAR","1688"
"22532","KOTABUMI TENGAH BARAT","1688"
"22533","KOTABUMI TENGAH","1688"
"22534","KOTABUMI UDIK","1688"
"22535","KOTABUMI WAY KANAN","1615"
"22536","KOTADALAM","1653"
"22537","KRAWANG SARI","1623"
"22538","KRESNO WIDODO","1667"
"22539","KRESNOMULYO","1581"
"22540","KUALA SEKAMPUNG","1599"
"22541","KUALA TELADAS","1691"
"22542","KUBU BATU","1673"
"22543","KUBU LIKU JAYA","1584"
"22544","KUBU PERAHU","1596"
"22545","KUBUHITU","1718"
"22546","KUBULANGKA","1651"
"22547","KUNYAIAN","1759"
"22548","KUNYAYAN","1620"
"22549","KUNYIR","1629"
"22550","KUPANG KOTA","1742"
"22551","KUPANG RAYA","1742"
"22552","KUPANG TEBA","1742"
"22553","KURIPAN DALEM","1594"
"22554","KURIPAN","1664"
"22555","KURIPAN","1583"
"22556","KURIPAN","1625"
"22557","KURIPAN","1661"
"22558","KURIPAN","1604"
"22559","KURIPAN","1601"
"22560","KURUNGAN NYAWA","1595"
"22561","KUSA","1664"
"22562","KUTA WARINGIN","1564"
"22563","KUTAKAKHANG","1651"
"22564","KUTOARJO","1595"
"22565","KUTOWINANGUN","1774"
"22566","LAAY","1587"
"22567","LABUAN","1648"
"22568","LABUHAN BARU","1696"
"22569","LABUHAN BATIN","1696"
"22570","LABUHAN DALAM","1775"
"22571","LABUHAN JAYA","1654"
"22572","LABUHAN MAKMUR","1696"
"22573","LABUHAN MARINGAI","1621"
"22574","LABUHAN RATU BARU","1689"
"22575","LABUHAN RATU DANAU","1689"
"22576","LABUHAN RATU DELAPAN (VIII)","1776"
"22577","LABUHAN RATU DUA (II)","1689"
"22578","LABUHAN RATU EMPAT (IV)","1776"
"22579","LABUHAN RATU ENAM (VI)","1776"
"22580","LABUHAN RATU KP","1650"
"22581","LABUHAN RATU LIMA (V)","1776"
"22582","LABUHAN RATU PASAR","1650"
"22583","LABUHAN RATU RAYA","1758"
"22584","LABUHAN RATU SATU (I)","1689"
"22585","LABUHAN RATU SEMBILAN (IX)","1776"
"22586","LABUHAN RATU TIGA (III)","1776"
"22587","LABUHAN RATU TUJUH (VII)","1776"
"22588","LABUHAN RATU","1758"
"22589","LABUHAN RATU","1776"
"22590","LABUHAN RATU","1767"
"22591","LABUHAN","1616"
"22592","LAKARAN","1620"
"22593","LANDBRAW","1659"
"22594","LANGKA PURA BARU","1680"
"22595","LANGKA PURA","1680"
"22596","LEBAK PENIANGAN","1577"
"22597","LEBUH DALEM","1594"
"22598","LEBUNG LAWE","1714"
"22599","LEBUNGSARI","1665"
"22600","LEGUNDI","1636"
"22601","LEHAN","1713"
"22602","LEMAN / LIMAN BENAWI","1568"
"22603","LEMATANG","1692"
"22604","LEMBASUNG","1684"
"22605","LEMBUNG NALA","1636"
"22606","LEMONG","1607"
"22607","LEMPUYANG BANDAR","1649"
"22608","LENGKUKAI","1672"
"22609","LEPANG BESAR","1707"
"22610","LEPANG / LEMPANG TENGAH","1717"
"22611","LESUNG BAKTI JAYA","1740"
"22612","LINGAI","1594"
"22613","LINGGA PURA","1730"
"22614","LINTIK","1602"
"22615","LOMBOK SELATAN","1751"
"22616","LOMBOK TIMUR","1751"
"22617","LOMBOK","1751"
"22618","LUAS","1584"
"22619","LUBUK RUKAM","1676"
"22620","LUGUSARI","1710"
"22621","LUMBI REJO","1640"
"22622","MADA JAYA","1673"
"22623","MADANG JAYA","1577"
"22624","MADARAYA","1728"
"22625","MADUKORO BARU","1656"
"22626","MADUKORO","1656"
"22627","MAGODADI","1777"
"22628","MAHABANG","1691"
"22629","MAJA","1569"
"22630","MAJA","1660"
"22631","MAJA","1759"
"22632","MAKARTI TAMA","1668"
"22633","MAKARTI","1724"
"22634","MALANG SARI","1641"
"22635","MALAYA","1607"
"22636","MANDAH","1623"
"22637","MANDALA SARI","1762"
"22638","MANDALASARI","1599"
"22639","MANDIRI SEJATI","1602"
"22640","MANGARAI","1749"
"22641","MARANG","1633"
"22642","MARGA BATIN","1756"
"22643","MARGA CATUR","1569"
"22644","MARGA JAYA INDAH","1693"
"22645","MARGA JAYA","1630"
"22646","MARGA JAYA","1637"
"22647","MARGA JAYA","1561"
"22648","MARGA JAYA","1666"
"22649","MARGA JAYA","1730"
"22650","MARGA KAYA","1646"
"22651","MARGA KENCANA","1737"
"22652","MARGA MULYA (MARGO MULYO)","1743"
"22653","MARGA MULYA","1713"
"22654","MARGA MULYA","1672"
"22655","MARGA RAHAYU","1570"
"22656","MARGA SARI","1743"
"22657","MARGA / MARGO AGUNG","1646"
"22658","MARGA / MARGO JADI","1726"
"22659","MARGAJASA","1599"
"22660","MARGAKAYA","1701"
"22661","MARGASARI","1621"
"22662","MARGASARI","1599"
"22663","MARGO DADI","1724"
"22664","MARGO DADI / DARI","1646"
"22665","MARGO JAYA (MARGAJAYA)","1755"
"22666","MARGO LESTARI","1646"
"22667","MARGO MULYO","1667"
"22668","MARGO MULYO","1724"
"22669","MARGO REJO","1646"
"22670","MARGO REJO","1777"
"22671","MARGO REJO","1667"
"22672","MARGO SARI","1755"
"22673","MARGO TOTO","1755"
"22674","MARGODADI","1581"
"22675","MARGODADI","1586"
"22676","MARGODADI","1653"
"22677","MARGOMULYO","1576"
"22678","MARGOMULYO","1646"
"22679","MARGOMULYO","1638"
"22680","MARGOREJO","1656"
"22681","MARGOREJO","1625"
"22682","MARGOSARI","1728"
"22683","MARGOYOSO","1586"
"22684","MARINGGAI","1621"
"22685","MARTANDA","1678"
"22686","MATARAM BARU","1762"
"22687","MATARAM ILIR","1732"
"22688","MATARAM JAYA","1754"
"22689","MATARAM MARGA","1702"
"22690","MATARAM UDIK","1754"
"22691","MATARAM","1686"
"22692","MAUARA TEMBULIH","1709"
"22693","MEDA SARI","1711"
"22694","MEKAR ASRI","1598"
"22695","MEKAR ASRI","1668"
"22696","MEKAR ASRI","1671"
"22697","MEKAR AYU","1603"
"22698","MEKAR INDAH JAYA","1603"
"22699","MEKAR JAYA","1610"
"22700","MEKAR JAYA","1634"
"22701","MEKAR JAYA","1571"
"22702","MEKAR JAYA","1630"
"22703","MEKAR JAYA","1567"
"22704","MEKAR JAYA","1665"
"22705","MEKAR JAYA","1683"
"22706","MEKAR JAYA","1746"
"22707","MEKAR KARYA","1756"
"22708","MEKAR MUKTI","1741"
"22709","MEKAR MULYA","1605"
"22710","MEKAR MULYA / MULYO","1741"
"22711","MEKAR SARI JAYA","1740"
"22712","MEKAR SARI","1666"
"22713","MEKAR SARI","1767"
"22714","MEKAR SARI","1741"
"22715","MEKAR SARI","1632"
"22716","MEKARJAYA","1723"
"22717","MEKARSARI","1662"
"22718","MELUNGUN RATU","1671"
"22719","MENANGA JAYA","1585"
"22720","MENANGA SIAMANG","1585"
"22721","MENGANDUNG SARI","1647"
"22722","MENGGALA KOTA","1589"
"22723","MENGGALA MAS","1618"
"22724","MENGGALA SELATAN","1589"
"22725","MENGGALA TENGAH","1589"
"22726","MENGGALA","1670"
"22727","MENGGALA","1594"
"22728","MENYANCANG","1587"
"22729","MERAK BATIN","1623"
"22730","MERAK BELANTUNG","1569"
"22731","MERAMBUNG","1746"
"22732","MERBAU MATARAM","1665"
"22733","MERBAU","1672"
"22734","MERCU BUANA","1572"
"22735","MESIR DWI JAYA","1668"
"22736","MESIR ILIR","1698"
"22737","MESIR UDIK","1698"
"22738","METRO","1750"
"22739","MOJO PAHIT","1588"
"22740","MOJOKERTO","1625"
"22741","MORIS JAYA","1644"
"22742","MRANGGI JAYA","1683"
"22743","MUARA AMAN","1694"
"22744","MUARA BARU","1722"
"22745","MUARA DUA ULU BELU","1574"
"22746","MUARA DUA","1764"
"22747","MUARA DUA","1575"
"22748","MUARA GADING MAS","1621"
"22749","MUARA JAYA DUA (II)","1722"
"22750","MUARA JAYA SATU (I)","1722"
"22751","MUARA JAYA","1702"
"22752","MUARA MAS","1726"
"22753","MUARA PUTIH","1623"
"22754","MUARA TENANG","1632"
"22755","MUJI RAHAYU","1706"
"22756","MUKTI KARYA","1563"
"22757","MULANG MAYA","1619"
"22758","MULANG MAYA","1670"
"22759","MULANG MAYA","1580"
"22760","MULYA AJI","1637"
"22761","MULYA ASRI (MULYO ASRI)","1618"
"22762","MULYA JAYA","1630"
"22763","MULYA JAYA","1577"
"22764","MULYA JAYA","1618"
"22765","MULYA KENCANA","1618"
"22766","MULYA SARI (MULYOSARI)","1778"
"22767","MULYA SARI","1630"
"22768","MULYO ASRI","1713"
"22769","MULYO DADI","1582"
"22770","MULYO HAJI","1700"
"22771","MULYO HARJO","1699"
"22772","MULYO REJO I","1715"
"22773","MULYO REJO II","1715"
"22774","MULYO REJO","1658"
"22775","MULYO SARI","1767"
"22776","MULYO SARI","1641"
"22777","MULYO / MULYA SARI","1615"
"22778","MULYOJATI","1731"
"22779","MULYOSARI","1731"
"22780","MULYOSARI","1657"
"22781","MUMBANG JAYA","1567"
"22782","MUNCA","1657"
"22783","MUNJUK SEMPURNA","1569"
"22784","MURNI JAYA","1724"
"22785","MUTAR ALAM","1729"
"22786","NABANG BARU","1738"
"22787","NAMBAH DADI","1562"
"22788","NAMBAH REJO","1772"
"22789","NAMPI REJO","1565"
"22790","NAPAL","1652"
"22791","NAPAL","1770"
"22792","NATAR","1623"
"22793","NEGARA AGUNG","1717"
"22794","NEGARA AJI BARU","1700"
"22795","NEGARA AJI TUA","1700"
"22796","NEGARA BATIN II","1631"
"22797","NEGARA BATIN","1567"
"22798","NEGARA BATIN","1660"
"22799","NEGARA BATIN","1561"
"22800","NEGARA BATIN","1631"
"22801","NEGARA BUMI ILIR","1700"
"22802","NEGARA BUMI UDIK","1700"
"22803","NEGARA BUMI","1671"
"22804","NEGARA HARJA","1679"
"22805","NEGARA JAYA","1681"
"22806","NEGARA KEMAKMURAN","1676"
"22807","NEGARA MULYA","1561"
"22808","NEGARA NABUNG","1702"
"22809","NEGARA RATU","1704"
"22810","NEGARA RATU","1623"
"22811","NEGARA RATU","1679"
"22812","NEGARA RATU","1631"
"22813","NEGARA RATUWATES","1667"
"22814","NEGARA SAKA","1567"
"22815","NEGARA SAKTI","1679"
"22816","NEGARA TAMA","1679"
"22817","NEGARA TULANG BAWANG BARU","1715"
"22818","NEGARA TULANG BAWANG","1715"
"22819","NEGARA","1709"
"22820","NEGARASAKA","1640"
"22821","NEGERI AGUNG","1590"
"22822","NEGERI AGUNG","1779"
"22823","NEGERI AGUNG","1738"
"22824","NEGERI AGUNG","1615"
"22825","NEGERI AGUNG","1730"
"22826","NEGERI AGUNG","1628"
"22827","NEGERI BARU","1684"
"22828","NEGERI BATIN JAYA","1718"
"22829","NEGERI BATIN","1684"
"22830","NEGERI BESAR","1681"
"22831","NEGERI BUMI PUTRA","1684"
"22832","NEGERI CAMPANG JAYA","1671"
"22833","NEGERI GALIH / GALIK REJO","1671"
"22834","NEGERI JAYA","1609"
"22835","NEGERI JAYA","1681"
"22836","NEGERI JAYA","1730"
"22837","NEGERI JEMANTEN","1738"
"22838","NEGERI KASIH","1681"
"22839","NEGERI KATON","1738"
"22840","NEGERI KATON","1730"
"22841","NEGERI KATON / KATUN","1640"
"22842","NEGERI KELUMBAYAN","1770"
"22843","NEGERI KEPAYUNG (KEPAYUNGAN)","1745"
"22844","NEGERI MULYA","1654"
"22845","NEGERI NGARIP","1620"
"22846","NEGERI OLOK GADING","1601"
"22847","NEGERI PANDAN","1569"
"22848","NEGERI RATU NGAMBUR","1709"
"22849","NEGERI RATU NGARAS","1619"
"22850","NEGERI RATU TENUMBANG","1633"
"22851","NEGERI RATU","1721"
"22852","NEGERI RATU","1664"
"22853","NEGERI RATU","1611"
"22854","NEGERI RATU","1604"
"22855","NEGERI RATU","1745"
"22856","NEGERI RATU","1592"
"22857","NEGERI RATU","1631"
"22858","NEGERI SAKTI","1595"
"22859","NEGERI SAKTI","1718"
"22860","NEGERI SAKTI","1631"
"22861","NEGERI SUNGKAI","1654"
"22862","NEGERI TUA","1738"
"22863","NEGERI UJAN MAS","1654"
"22864","NEGERI UJUNG KARANG","1611"
"22865","NEGERI ULANGAN JAYA","1640"
"22866","NEGLA SARI","1744"
"22867","NEGLASARI","1593"
"22868","NEGLASARI","1728"
"22869","NEKI","1585"
"22870","NGARIP","1574"
"22871","NGESTI KARYA","1756"
"22872","NGESTI RAHAYU","1588"
"22873","NIBUNG","1779"
"22874","NIPAHKUNING","1778"
"22875","NOTOHARJO","1568"
"22876","NUAR MAJU","1714"
"22877","NUNGGAL REJO","1588"
"22878","NUSA WUNGU","1658"
"22879","NUSANTARA PERMAI","1720"
"22880","NYAMPIR","1713"
"22881","NYAPAH BANYU","1719"
"22882","NYUKANG HARJO","1730"
"22883","OGAN CAMPANG","1719"
"22884","OGAN JAYA","1719"
"22885","OGAN JAYA","1631"
"22886","OGAN LIMA","1707"
"22887","ONO HARJO","1562"
"22888","PADAN","1661"
"22889","PADANG CAHYA","1596"
"22890","PADANG CERMIN","1657"
"22891","PADANG CERMIN","1673"
"22892","PADANG DALAM","1619"
"22893","PADANG DALOM","1596"
"22894","PADANG HALUAN","1602"
"22895","PADANG MANIS","1653"
"22896","PADANG MANIS","1620"
"22897","PADANG RATU","1595"
"22898","PADANG RATU","1583"
"22899","PADANG RATU","1625"
"22900","PADANG RATU","1631"
"22901","PADANG RATU","1620"
"22902","PADANG RAYA","1602"
"22903","PADANG REJO","1710"
"22904","PADANG REJO","1745"
"22905","PADANG RINDU","1604"
"22906","PADANG TAMBAK","1729"
"22907","PAGAR ALAM","1633"
"22908","PAGAR BUANA","1572"
"22909","PAGAR BUKIT INDUK","1614"
"22910","PAGAR BUKIT","1614"
"22911","PAGAR DALAM","1607"
"22912","PAGAR DEWA SUKA MULYA","1693"
"22913","PAGAR DEWA","1666"
"22914","PAGAR DEWA","1693"
"22915","PAGAR DEWA","1613"
"22916","PAGAR GADING","1685"
"22917","PAGAR IMAN","1681"
"22918","PAGAR JAYA","1740"
"22919","PAGAR JAYA","1626"
"22920","PAGAR","1685"
"22921","PAGARALAM ULUBELU","1574"
"22922","PAGELARAN","1710"
"22923","PAHAYU JAYA","1666"
"22924","PAHMUNGAN","1760"
"22925","PAHOMAN","1727"
"22926","PAJAJARAN","1660"
"22927","PAJAR BULAN","1648"
"22928","PAJAR / FAJAR AGUNG","1701"
"22929","PAKU NEGARA","1633"
"22930","PAKU","1770"
"22931","PAKUAN AGUNG","1611"
"22932","PAKUAN AJI","1702"
"22933","PAKUAN BARU","1679"
"22934","PAKUAN RATU","1679"
"22935","PAKUAN SAKTI","1679"
"22936","PALAPA","1725"
"22937","PALAS AJI","1605"
"22938","PALAS JAYA","1605"
"22939","PALAS PASEMAH","1605"
"22940","PALEMBAPANG","1569"
"22941","PAMENANG","1710"
"22942","PAMPANG TANGGUB / TANGGUK JAYA","1671"
"22943","PAMPANGAN","1651"
"22944","PAMPANGAN","1595"
"22945","PAMPANGAN","1739"
"22946","PANARAGAN JAYA","1618"
"22947","PANARAGAN","1618"
"22948","PANCA BAKTI","1667"
"22949","PANCA KARSA PURNA JAYA","1603"
"22950","PANCA MARGA","1743"
"22951","PANCA MULYA","1603"
"22952","PANCA NEGERI","1684"
"22953","PANCA TUNGGAL JAYA","1736"
"22954","PANCA TUNGGAL","1665"
"22955","PANCA WARNA","1696"
"22956","PANCASILA","1623"
"22957","PANCUR MAS","1751"
"22958","PANDAN SARI SELATAN","1768"
"22959","PANDAN SARI","1768"
"22960","PANDAN SURAT","1768"
"22961","PANDUAN RAJAWALI","1637"
"22962","PANENGAHAN","1661"
"22963","PANGGUNG JAYA","1780"
"22964","PANGGUNG MULYA (PANGGUNG MULYO)","1582"
"22965","PANGGUNG REJO UTARA","1768"
"22966","PANGGUNG REJO","1780"
"22967","PANGGUNG REJO","1768"
"22968","PANGKAL MAS JAYA","1726"
"22969","PANGKAL MAS MULYA","1726"
"22970","PANJANG SELATAN","1761"
"22971","PANJANG UTARA","1761"
"22972","PANJEREJO","1686"
"22973","PANUTAN","1710"
"22974","PAPAN ASRI","1747"
"22975","PAPAN REJO","1643"
"22976","PARDA HAGA","1607"
"22977","PARDA SUKA","1619"
"22978","PARDA SUKA","1620"
"22979","PARDA WARAS","1638"
"22980","PARDASUKA SELATAN","1766"
"22981","PARDASUKA TIMUR","1766"
"22982","PARDASUKA","1593"
"22983","PARDASUKA","1664"
"22984","PARDASUKA","1766"
"22985","PAREREJO","1686"
"22986","PARIAMAN","1645"
"22987","PARIAMAN","1583"
"22988","PASAR BARU","1591"
"22989","PASAR BATANG","1736"
"22990","PASAR KRUI","1760"
"22991","PASAR LIWA","1596"
"22992","PASAR MADANG","1664"
"22993","PASAR PULAU PISANG","1616"
"22994","PASAR SUKADANA","1702"
"22995","PASIR BANJIT","1585"
"22996","PASIR GINTUNG","1725"
"22997","PASIR SAKTI","1767"
"22998","PASIR UKIR","1710"
"22999","PASIRAN JAYA","1691"
"23000","PASURUAN","1661"
"23001","PATOMAN","1710"
"23002","PAUH TANJUNG IMAN","1569"
"23003","PAYA","1657"
"23004","PAYUNG BATU","1745"
"23005","PAYUNG DADI","1745"
"23006","PAYUNG MAKMUR","1745"
"23007","PAYUNG MULYA","1745"
"23008","PAYUNG REJO","1745"
"23009","PAYUNG","1660"
"23010","PEJAMBON","1640"
"23011","PEKALONGAN","1566"
"23012","PEKANDANGAN","1745"
"23013","PEKON AMPAI","1583"
"23014","PEKON AMPAI","1759"
"23015","PEKON BALAK","1721"
"23016","PEKON BALAK","1620"
"23017","PEKON LOK","1616"
"23018","PEKON MON","1709"
"23019","PEKON SUSUK","1770"
"23020","PEKON UNGGAK","1770"
"23021","PEKONDOH GEDUNG","1653"
"23022","PEKONDOH","1651"
"23023","PEKONDOH","1653"
"23024","PEKURUN BARAT","1744"
"23025","PEKURUN SELATAN","1744"
"23026","PEKURUN TENGAH","1719"
"23027","PEKURUN UDIK","1719"
"23028","PEKURUN UTARA","1744"
"23029","PEKURUN","1719"
"23030","PELINDUNG JAYA","1779"
"23031","PELITA JAYA","1633"
"23032","PELITA","1727"
"23033","PEMANCAR","1604"
"23034","PEMANGGILAN","1623"
"23035","PEMATANG BARU","1605"
"23036","PEMATANG KASIH","1707"
"23037","PEMATANG NEBAK","1652"
"23038","PEMATANG PASIR","1636"
"23039","PEMATANG TAHALO","1567"
"23040","PEMATANG WANGI","1775"
"23041","PEMATANG","1569"
"23042","PEMERIHAN","1614"
"23043","PEMERIHAN","1602"
"23044","PEMPEN","1779"
"23045","PEMULIHAN","1662"
"23046","PENAGAN RATU","1643"
"23047","PENANGGUNGAN","1645"
"23048","PENANGGUNGAN","1664"
"23049","PENANTIAN ULUBELU","1574"
"23050","PENANTIAN","1575"
"23051","PENAWAR BARU","1578"
"23052","PENAWAR JAYA","1571"
"23053","PENAWAR REJO","1571"
"23054","PENDOWO ASRI","1691"
"23055","PENENGAHAN RAYA","1765"
"23056","PENENGAHAN","1587"
"23057","PENENGAHAN","1765"
"23058","PENENGAHAN","1615"
"23059","PENENGAHAN","1673"
"23060","PENGAJARAN","1742"
"23061","PENGARINGAN","1707"
"23062","PENGEHAN","1607"
"23063","PENGGAWA V ILIR","1648"
"23064","PENGGAWA V TENGAH","1587"
"23065","PENGGAWA V ULU","1587"
"23066","PENGGAWA V","1648"
"23067","PENIANGAN","1669"
"23068","PENUMANGAN BARU","1618"
"23069","PENUMANGAN","1618"
"23070","PENYANDINGAN","1614"
"23071","PENYANDINGAN","1770"
"23072","PENYANDINGAN","1759"
"23073","PERADUAN WARAS","1643"
"23074","PERUMNAS WAY HALIM","1748"
"23075","PERUMNAS WAY KANDIS","1775"
"23076","PERWATA","1769"
"23077","PESANGUAN","1678"
"23078","PESAWAHAN","1735"
"23079","PESAWARAN INDAH","1657"
"23080","PESAWARAN","1591"
"23081","PETAY KAYU","1574"
"23082","PIDADA","1761"
"23083","PINANG JAYA","1677"
"23084","PISANG BARU","1699"
"23085","PISANG INDAH","1699"
"23086","PISANG","1661"
"23087","PODOMORO","1701"
"23088","PODOSARI","1701"
"23089","PONCO WARNO","1573"
"23090","PONCOKRESNO","1640"
"23091","PONCOREJO","1657"
"23092","PONCOWATI","1562"
"23093","PRIANGAN RATU","1746"
"23094","PRINGSEWU BARAT","1701"
"23095","PRINGSEWU SELATAN","1701"
"23096","PRINGSEWU TIMUR","1701"
"23097","PRINGSEWU UTARA","1701"
"23098","PUGUNG RAHARJO","1647"
"23099","PUJI HARJO","1710"
"23100","PUJIRAHAYU","1665"
"23101","PUJO BASUKI","1568"
"23102","PUJOASRI","1568"
"23103","PUJODADI","1766"
"23104","PUJODADI","1568"
"23105","PUJOKERTO","1568"
"23106","PUJORAHAYU","1640"
"23107","PULAU BATU","1615"
"23108","PULAU BENAWANG","1660"
"23109","PULAU JAYA","1605"
"23110","PULAU LEGUNDI","1626"
"23111","PULAU PAHAWANG","1759"
"23112","PULAU PANGGUNG","1764"
"23113","PULAU PANGGUNG","1575"
"23114","PULAU TENGAH","1605"
"23115","PULO GADUNG","1687"
"23116","PULUNG KENCANA","1618"
"23117","PUNGGUK LAMA","1643"
"23118","PUNGKUT","1592"
"23119","PUNJUL AGUNG","1714"
"23120","PURA LAKSANA","1729"
"23121","PURAJAYA","1722"
"23122","PURAMEKAR","1723"
"23123","PURAWIWITAN","1722"
"23124","PURBA SAKTI","1608"
"23125","PURBO SEMBODO","1755"
"23126","PURNAMA TUNGGAL","1649"
"23127","PURWA AGUNG","1561"
"23128","PURWA NEGARA","1561"
"23129","PURWAJAYA","1571"
"23130","PURWO ASRI","1655"
"23131","PURWO KENCONO","1647"
"23132","PURWO SARI","1655"
"23133","PURWOADI","1568"
"23134","PURWODADI DALAM","1641"
"23135","PURWODADI MEKAR","1565"
"23136","PURWODADI SIMPANG","1692"
"23137","PURWODADI","1564"
"23138","PURWODADI","1634"
"23139","PURWODADI","1659"
"23140","PURWODADI","1568"
"23141","PURWODADI","1662"
"23142","PURWOREJO","1772"
"23143","PURWOREJO","1640"
"23144","PURWOREJO","1625"
"23145","PURWOREJO","1767"
"23146","PURWOSARI","1704"
"23147","PURWOSARI","1672"
"23148","PURWOSARI","1669"
"23149","PURWOSARI","1623"
"23150","PURWOSARI","1625"
"23151","PURWOTANI","1646"
"23152","PUTIH DOH","1651"
"23153","PUTRA AJI DUA","1702"
"23154","PUTRA AJI SATU","1702"
"23155","PUTRA BUYUT","1635"
"23156","QURNIA MATARAM","1642"
"23157","RAJA BASA BATANGHARI","1702"
"23158","RAJA BASA LAMA DUA (II)","1776"
"23159","RAJA BASA LAMA SATU (I)","1776"
"23160","RAJA BASA LAMA","1776"
"23161","RAJA BASA","1590"
"23162","RAJA BASA","1619"
"23163","RAJA WALI","1675"
"23164","RAJABASA BARU","1762"
"23165","RAJABASA JAYA","1734"
"23166","RAJABASA NUNYAI","1734"
"23167","RAJABASA PEMUKA","1734"
"23168","RAJABASA RAYA","1734"
"23169","RAJABASA","1734"
"23170","RAJABASA","1629"
"23171","RAMA DEWA","1716"
"23172","RAMA GUNAWAN","1716"
"23173","RAMA INDERA","1716"
"23174","RAMA KELANDUNGAN","1716"
"23175","RAMA MURTI","1716"
"23176","RAMA NIRWANA","1716"
"23177","RAMA OETAMA (UTAMA)","1716"
"23178","RAMA PUJA","1773"
"23179","RAMAN AJI","1773"
"23180","RAMAN ENDRA","1773"
"23181","RAMAN FAJAR","1773"
"23182","RAMAYANA","1716"
"23183","RAMBANG JAYA","1684"
"23184","RAMSAI / RAMSAY","1624"
"23185","RANGAI TRI TUNGGAL","1593"
"23186","RANTAU FAJAR","1773"
"23187","RANTAU JAYA BARU","1683"
"23188","RANTAU JAYA ILIR","1683"
"23189","RANTAU JAYA MAKMUR","1683"
"23190","RANTAU JAYA UDIK I","1702"
"23191","RANTAU JAYA UDIK II","1702"
"23192","RANTAU JAYA","1585"
"23193","RANTAU MINYAK","1663"
"23194","RANTAU TEMIANG","1585"
"23195","RANTAU TIJANG","1766"
"23196","RANTAU TIJANG","1592"
"23197","RATA AGUNG","1607"
"23198","RATNA DAYA","1773"
"23199","RATNA KHATON","1716"
"23200","RATU ABUNG","1560"
"23201","RATU JAYA","1671"
"23202","RAWA BETIK","1732"
"23203","RAWA LAUT","1727"
"23204","RAWA RAGIL","1582"
"23205","RAWA SELAPAN","1663"
"23206","RAWAS","1760"
"23207","RAWI","1661"
"23208","REBANG TINGGI","1585"
"23209","REJO AGUNG","1565"
"23210","REJO ASRI","1716"
"23211","REJO BASUKI","1716"
"23212","REJO BINANGUN","1773"
"23213","REJO BINANGUN","1570"
"23214","REJO KATON","1773"
"23215","REJO MULYO","1643"
"23216","REJO MULYO","1605"
"23217","REJO MULYO","1767"
"23218","REJO MULYO","1696"
"23219","REJOAGUNG","1667"
"23220","REJOMULYO","1646"
"23221","REJOMULYO","1777"
"23222","REJOMULYO","1692"
"23223","REJOSARI MATARAM","1642"
"23224","REJOSARI","1688"
"23225","REJOSARI","1623"
"23226","REJOSARI","1687"
"23227","REJOSARI","1701"
"23228","REJOSARI","1574"
"23229","REJOSASI","1615"
"23230","REKSO BINANGUN","1682"
"23231","RENGAS","1639"
"23232","RENO BASUKI","1682"
"23233","RESTU BARU","1682"
"23234","RESTU BUANA","1682"
"23235","RESTU RAHAYU","1773"
"23236","RIAU PERIANGAN","1745"
"23237","RIGIS JAYA","1749"
"23238","RINGIN JAYA","1609"
"23239","RINGIN SARI","1571"
"23240","RINGIN SARI","1627"
"23241","ROWOREJO","1640"
"23242","ROWOREJO","1627"
"23243","RUANG TENGAH","1661"
"23244","RUGUK","1636"
"23245","RUKTI BASUKI","1682"
"23246","RUKTI ENDAH","1716"
"23247","RUKTI HARJO","1716"
"23248","RUKTI SUDIYO","1773"
"23249","RULUNG HEROK / HELOK","1623"
"23250","RULUNG MULYA","1623"
"23251","RULUNG RAYA","1623"
"23252","RULUNG SARI","1623"
"23253","RUMBIH","1679"
"23254","RUSABA","1626"
"23255","SABAH BALAU","1692"
"23256","SABUK EMPAT","1579"
"23257","SABUK INDAH","1579"
"23258","SADAR SRIWIJAYA","1610"
"23259","SAKTI BUANA","1781"
"23260","SAKTI JAYA","1743"
"23261","SAMBI REJO","1567"
"23262","SAMBIKARTO","1741"
"23263","SAMPANG TURUS","1620"
"23264","SANGGA BUANA","1782"
"23265","SANGGAR BUANA","1781"
"23266","SANGGI UNGGAK","1590"
"23267","SANGGI","1590"
"23268","SANGGI","1657"
"23269","SANGKARAN BAKTI","1684"
"23270","SANGUN RATU","1745"
"23271","SAPTO MULYO","1772"
"23272","SAPTO RENGGO","1698"
"23273","SARI BAKTI","1781"
"23274","SARI JAYA","1561"
"23275","SAWAH BREBES","1763"
"23276","SAWAH LAMA","1763"
"23277","SAWANG BALAK","1651"
"23278","SAWO JAJAR","1656"
"23279","SAY UMPU","1624"
"23280","SEBARUS","1596"
"23281","SEDAMPAH INDAH","1596"
"23282","SEDAYU","1638"
"23283","SEGALA MIDER","1745"
"23284","SEGALA MIDER","1733"
"23285","SEGERA MIDER","1684"
"23286","SEKINCAU","1739"
"23287","SEKIPI","1764"
"23288","SELAPAN","1766"
"23289","SELERETNO (SELORETNO)","1617"
"23290","SELO REJO","1565"
"23291","SELUSUBAN","1706"
"23292","SEMANAK","1597"
"23293","SEMARANG JAYA","1749"
"23294","SEMULI JAYA","1747"
"23295","SEMULI RAYA","1747"
"23296","SENDANG AGUNG MATARAM","1754"
"23297","SENDANG AGUNG","1774"
"23298","SENDANG ASIH","1774"
"23299","SENDANG AYU","1625"
"23300","SENDANG BARU","1774"
"23301","SENDANG MUKTI","1774"
"23302","SENDANG MULYO","1774"
"23303","SENDANG REJO","1774"
"23304","SENDANG RETNO","1774"
"23305","SENDANG SARI (ASRI)","1774"
"23306","SEPANG JAYA","1758"
"23307","SEPUTIH JAYA","1635"
"23308","SERAI  /  SERAY","1760"
"23309","SERDANG KURING","1698"
"23310","SERDANG","1692"
"23311","SERINUMPI","1699"
"23312","SERUNGKUK","1674"
"23313","SERUPA INDAH","1679"
"23314","SETIA BAKTI","1781"
"23315","SETIA BUMI","1743"
"23316","SETIA BUMI","1781"
"23317","SETIA NEGARA","1598"
"23318","SETIA NEGARA","1561"
"23319","SETIA TAMA","1668"
"23320","SIDANG BANDAR ANOM","1780"
"23321","SIDANG GUNUNG TIGA","1780"
"23322","SIDANG ISO MUKTI","1780"
"23323","SIDANG KURNIA AGUNG","1780"
"23324","SIDANG SIDO RAHAYU","1780"
"23325","SIDANG WAY PUJI","1780"
"23326","SIDO BINANGUN","1782"
"23327","SIDO DADI","1675"
"23328","SIDO DADI","1638"
"23329","SIDO HARJO","1606"
"23330","SIDO KAYO","1764"
"23331","SIDO LUHUR","1636"
"23332","SIDO MAKMUR","1743"
"23333","SIDO MAKMUR","1606"
"23334","SIDO MEKAR","1668"
"23335","SIDO MUKTI","1668"
"23336","SIDO MULYO","1588"
"23337","SIDO MULYO","1638"
"23338","SIDO MULYO","1746"
"23339","SIDO RAHAYU","1747"
"23340","SIDO RAHAYU","1756"
"23341","SIDO RENO","1606"
"23342","SIDOARJO","1684"
"23343","SIDOASIH","1636"
"23344","SIDOASRI (SIDODADI ASRI)","1646"
"23345","SIDOASRI","1663"
"23346","SIDODADI","1749"
"23347","SIDODADI","1634"
"23348","SIDODADI","1765"
"23349","SIDODADI","1657"
"23350","SIDODADI","1710"
"23351","SIDODADI","1766"
"23352","SIDODADI","1566"
"23353","SIDODADI","1687"
"23354","SIDODADI","1741"
"23355","SIDODADI","1739"
"23356","SIDODADI","1617"
"23357","SIDODADI","1650"
"23358","SIDODADI","1653"
"23359","SIDOHARJO","1646"
"23360","SIDOHARJO","1672"
"23361","SIDOHARJO","1687"
"23362","SIDOHARJO","1701"
"23363","SIDOHARJO","1730"
"23364","SIDOKATON","1659"
"23365","SIDOKERTO","1697"
"23366","SIDOLUHUR","1634"
"23367","SIDOMAKMUR","1753"
"23368","SIDOMAKMUR","1687"
"23369","SIDOMEKAR","1593"
"23370","SIDOMUKTI","1643"
"23371","SIDOMUKTI","1741"
"23372","SIDOMUKTI","1641"
"23373","SIDOMULYO","1576"
"23374","SIDOMULYO","1634"
"23375","SIDOMULYO","1694"
"23376","SIDOMULYO","1778"
"23377","SIDOMULYO","1640"
"23378","SIDOMULYO","1666"
"23379","SIDOMULYO","1687"
"23380","SIDOMULYO","1741"
"23381","SIDOMULYO","1617"
"23382","SIDOMULYO","1586"
"23383","SIDOREJO","1634"
"23384","SIDOREJO","1647"
"23385","SIDOREJO","1617"
"23386","SIDOREJO","1586"
"23387","SIDOREJO","1627"
"23388","SIDOSARI","1623"
"23389","SIDOWALUYO","1617"
"23390","SIDOWARAS","1697"
"23391","SILIWANGI","1768"
"23392","SIMBAR WARINGIN","1568"
"23393","SIMPANG ABUNG / AGUNG","1707"
"23394","SIMPANG AGUNG","1706"
"23395","SIMPANG ASAM","1585"
"23396","SIMPANG BAYUR","1590"
"23397","SIMPANG KANAN","1586"
"23398","SIMPANG PEMATANG","1570"
"23399","SIMPANG TIGA","1577"
"23400","SIMPANGSARI","1783"
"23401","SINAR AGUNG","1592"
"23402","SINAR BANGUN","1590"
"23403","SINAR BANTEN","1628"
"23404","SINAR BANTEN","1574"
"23405","SINAR BANTEN / BEKRI","1639"
"23406","SINAR BARU TIMUR","1768"
"23407","SINAR BARU","1768"
"23408","SINAR BETUNG","1628"
"23409","SINAR GADING","1695"
"23410","SINAR GUNUNG","1719"
"23411","SINAR HARAPAN","1591"
"23412","SINAR HARAPAN","1718"
"23413","SINAR HARAPAN","1628"
"23414","SINAR JATI","1667"
"23415","SINAR JAWA","1576"
"23416","SINAR JAYA","1749"
"23417","SINAR JAYA","1746"
"23418","SINAR KARYA","1665"
"23419","SINAR LAGA","1632"
"23420","SINAR LUAS","1634"
"23421","SINAR LUAS","1722"
"23422","SINAR MANCAK","1575"
"23423","SINAR MAS ALAM","1580"
"23424","SINAR MULYO","1575"
"23425","SINAR MULYO / MULYA","1658"
"23426","SINAR NEGERI","1745"
"23427","SINAR OGAN","1560"
"23428","SINAR OGAN","1692"
"23429","SINAR PALEMBANG","1663"
"23430","SINAR PASEMAH","1663"
"23431","SINAR PETIR","1628"
"23432","SINAR REJEKI","1646"
"23433","SINAR REJO","1573"
"23434","SINAR SARI","1573"
"23435","SINAR SAUDARA","1620"
"23436","SINAR SEKAMPUNG","1576"
"23437","SINAR SEMENDO","1628"
"23438","SINAR SEPUTIH","1634"
"23439","SINAR WAYA","1564"
"23440","SINARBANDUNG","1640"
"23441","SINARMULYA","1746"
"23442","SINARPETIR","1652"
"23443","SINDANG AGUNG","1746"
"23444","SINDANG ANOM","1647"
"23445","SINDANG GARUT","1653"
"23446","SINDANG MARGA","1575"
"23447","SINDANG MARGA","1746"
"23448","SINDANG PAGAR","1783"
"23449","SINDANG SARI","1688"
"23450","SINDANG SARI","1692"
"23451","SINGOSARI","1628"
"23452","SIRAMAN","1566"
"23453","SIRING GADING","1614"
"23454","SIRING JAHA","1617"
"23455","SIRNA GALIH","1650"
"23456","SIRNAGALIH","1574"
"23457","SISWA BANGUN","1781"
"23458","SOPONYONO","1620"
"23459","SRENGSEM","1761"
"23460","SRI AGUNG","1625"
"23461","SRI AGUNG","1717"
"23462","SRI BANDUNG","1744"
"23463","SRI BASUKI","1565"
"23464","SRI BASUKI","1573"
"23465","SRI BASUKI","1681"
"23466","SRI BASUKI","1781"
"23467","SRI BAWONO (BHAWONO)","1610"
"23468","SRI BAWONO","1782"
"23469","SRI BUDAYA","1782"
"23470","SRI BUSONO","1782"
"23471","SRI DADI","1573"
"23472","SRI GADING","1621"
"23473","SRI GEDUNG MULYA","1696"
"23474","SRI JAYA","1717"
"23475","SRI KATON","1700"
"23476","SRI KATON","1638"
"23477","SRI KATON","1732"
"23478","SRI KATON","1692"
"23479","SRI KENCANA (KENCONO)","1708"
"23480","SRI KUNCORO","1638"
"23481","SRI MELATI","1620"
"23482","SRI MENANTI","1749"
"23483","SRI MENANTI","1610"
"23484","SRI MENANTI","1561"
"23485","SRI MENANTI","1746"
"23486","SRI MINOSARI","1621"
"23487","SRI MULYA JAYA","1732"
"23488","SRI MULYO","1622"
"23489","SRI MULYO","1573"
"23490","SRI MULYO","1561"
"23491","SRI PENDOWO","1610"
"23492","SRI PENDOWO","1634"
"23493","SRI PENDOWO","1636"
"23494","SRI PURNOMO","1573"
"23495","SRI PURNOMO","1638"
"23496","SRI RAHAYU","1658"
"23497","SRI REJEKI","1684"
"23498","SRI REJOSARI","1689"
"23499","SRI SAWAHAN","1588"
"23500","SRI TEJO KENCONO","1772"
"23501","SRI TUNGGAL","1714"
"23502","SRI WANGI","1689"
"23503","SRI WAY LANGSEP","1573"
"23504","SRI / SERI TANJUNG","1632"
"23505","SRIBASUKI","1688"
"23506","SRIDADI","1620"
"23507","SRIKATON","1564"
"23508","SRIMANGANTEN","1575"
"23509","SRIMULYO","1609"
"23510","SRIWEDARI","1667"
"23511","SRIWIJAYA MATARAM","1754"
"23512","SRIWIJAYA","1684"
"23513","SRIWUNGU","1658"
"23514","SUAK","1617"
"23515","SUBAN","1665"
"23516","SUBANG JAYA","1675"
"23517","SUBIK","1744"
"23518","SUBING KARYA","1642"
"23519","SUDIMORO BANGUN","1638"
"23520","SUDIMORO","1638"
"23521","SUKA AGUNG BARAT","1652"
"23522","SUKA AGUNG TIMUR","1652"
"23523","SUKA AGUNG","1714"
"23524","SUKA AGUNG","1696"
"23525","SUKA BANDUNG","1628"
"23526","SUKA BANJAR II UJUNG REMBUN","1751"
"23527","SUKA BANJAR","1651"
"23528","SUKA BANJAR","1670"
"23529","SUKA BANJAR","1751"
"23530","SUKA BANJAR","1709"
"23531","SUKA BHAKTI","1668"
"23532","SUKA JADI","1602"
"23533","SUKA JAWA","1733"
"23534","SUKA JAYA PIDADA","1626"
"23535","SUKA JAYA PUNDUH","1759"
"23536","SUKA JAYA","1630"
"23537","SUKA JAYA","1666"
"23538","SUKA MAJU","1764"
"23539","SUKA MAJU","1619"
"23540","SUKA MAJU","1751"
"23541","SUKA MAJU","1592"
"23542","SUKA MAJU","1574"
"23543","SUKA MAKMUR","1674"
"23544","SUKA MAKMUR","1736"
"23545","SUKA MARGA","1764"
"23546","SUKA MARGA","1614"
"23547","SUKA MARGA","1627"
"23548","SUKA MENANTI","1694"
"23549","SUKA MERINDU","1628"
"23550","SUKA MULYA","1607"
"23551","SUKA MULYA","1666"
"23552","SUKA MULYA","1605"
"23553","SUKA MULYA","1592"
"23554","SUKA MULYA","1613"
"23555","SUKA MULYA","1746"
"23556","SUKA NEGARA","1634"
"23557","SUKA NEGERI","1614"
"23558","SUKA NEGERI","1654"
"23559","SUKA NEGERI","1628"
"23560","SUKA TANI","1569"
"23561","SUKA WARINGIN","1634"
"23562","SUKABAKTI","1605"
"23563","SUKABANJAR","1595"
"23564","SUKABANJAR","1645"
"23565","SUKABANJAR","1617"
"23566","SUKABARU","1661"
"23567","SUKABARU","1648"
"23568","SUKABUMI INDAH","1720"
"23569","SUKABUMI","1721"
"23570","SUKABUMI","1714"
"23571","SUKABUMI","1679"
"23572","SUKABUMI","1720"
"23573","SUKABUMI","1628"
"23574","SUKACARI","1704"
"23575","SUKADADI","1595"
"23576","SUKADAMAI","1749"
"23577","SUKADAMAI","1645"
"23578","SUKADAMAI","1623"
"23579","SUKADANA BARU","1738"
"23580","SUKADANA HAM","1733"
"23581","SUKADANA ILIR","1715"
"23582","SUKADANA ILIR","1702"
"23583","SUKADANA JAYA","1702"
"23584","SUKADANA SELATAN","1702"
"23585","SUKADANA TENGAH","1702"
"23586","SUKADANA TIMUR","1702"
"23587","SUKADANA UDIK","1715"
"23588","SUKADANA","1714"
"23589","SUKADANA","1616"
"23590","SUKADANA","1702"
"23591","SUKAJADI","1749"
"23592","SUKAJADI","1697"
"23593","SUKAJADI","1695"
"23594","SUKAJADI","1592"
"23595","SUKAJAWA BARU","1733"
"23596","SUKAJAWA","1697"
"23597","SUKAJAYA LEMPASING","1657"
"23598","SUKAJAYA","1622"
"23599","SUKAJAYA","1593"
"23600","SUKAJAYA","1661"
"23601","SUKAJAYA","1638"
"23602","SUKAJAYA","1783"
"23603","SUKAJAYA","1717"
"23604","SUKAJAYA","1673"
"23605","SUKAMAJU","1747"
"23606","SUKAMAJU","1571"
"23607","SUKAMAJU","1699"
"23608","SUKAMAJU","1591"
"23609","SUKAMAJU","1626"
"23610","SUKAMAJU","1617"
"23611","SUKAMAJU","1769"
"23612","SUKAMAJU","1662"
"23613","SUKAMANDI","1653"
"23614","SUKAMARGA","1616"
"23615","SUKAMARGA","1617"
"23616","SUKAMENANTI BARU","1765"
"23617","SUKAMENANTI","1765"
"23618","SUKAMERNAH (SUKAMARNAH)","1645"
"23619","SUKAMULYA","1658"
"23620","SUKANANTI","1729"
"23621","SUKANEGARA (SUKA NEGERI)","1652"
"23622","SUKANEGARA","1760"
"23623","SUKANEGARA","1692"
"23624","SUKANEGERI (SUKANEGARA)","1766"
"23625","SUKANEGERI JAYA","1628"
"23626","SUKAPADANG","1651"
"23627","SUKAPURA","1599"
"23628","SUKAPURA","1783"
"23629","SUKARAJA NUBAN","1704"
"23630","SUKARAJA TIGA","1738"
"23631","SUKARAJA","1721"
"23632","SUKARAJA","1712"
"23633","SUKARAJA","1651"
"23634","SUKARAJA","1595"
"23635","SUKARAJA","1645"
"23636","SUKARAJA","1605"
"23637","SUKARAJA","1629"
"23638","SUKARAJA","1638"
"23639","SUKARAJA","1729"
"23640","SUKARAMA (SUKAMARA)","1652"
"23641","SUKARAME BARU","1771"
"23642","SUKARAME II","1601"
"23643","SUKARAME","1596"
"23644","SUKARAME","1674"
"23645","SUKARAME","1619"
"23646","SUKARAME","1654"
"23647","SUKARAME","1637"
"23648","SUKARAME","1633"
"23649","SUKARAME","1626"
"23650","SUKARAME","1771"
"23651","SUKARAME","1628"
"23652","SUKARATU","1569"
"23653","SUKARATU","1710"
"23654","SUKASARI","1746"
"23655","SUKAWANGI","1710"
"23656","SUKO BINANGUN","1782"
"23657","SUKO HARJO","1741"
"23658","SUKOHARJO I","1768"
"23659","SUKOHARJO II","1768"
"23660","SUKOHARJO III BARAT","1768"
"23661","SUKOHARJO III","1768"
"23662","SUKOHARJO IV","1768"
"23663","SUKOHARJO","1608"
"23664","SUKOHARUM","1564"
"23665","SUKORAHAYU","1621"
"23666","SUKOREJO","1766"
"23667","SUKOSARI","1598"
"23668","SUKOSARI","1573"
"23669","SUKOYOSO","1768"
"23670","SUMA MUKTI","1624"
"23671","SUMANDA","1592"
"23672","SUMBER AGUNG MATARAM","1642"
"23673","SUMBER AGUNG","1643"
"23674","SUMBER AGUNG","1581"
"23675","SUMBER AGUNG","1675"
"23676","SUMBER AGUNG","1565"
"23677","SUMBER AGUNG","1677"
"23678","SUMBER AGUNG","1755"
"23679","SUMBER AGUNG","1611"
"23680","SUMBER AGUNG","1709"
"23681","SUMBER AGUNG","1582"
"23682","SUMBER AGUNG","1599"
"23683","SUMBER AGUNG","1627"
"23684","SUMBER ALAM","1749"
"23685","SUMBER ARUM","1688"
"23686","SUMBER BAHAGIA","1781"
"23687","SUMBER BANDUNG","1728"
"23688","SUMBER BARU","1585"
"23689","SUMBER BARU","1781"
"23690","SUMBER FAJAR","1781"
"23691","SUMBER GEDE","1741"
"23692","SUMBER JAYA","1668"
"23693","SUMBER JAYA","1630"
"23694","SUMBER JAYA","1646"
"23695","SUMBER JAYA","1657"
"23696","SUMBER JAYA","1756"
"23697","SUMBER KATON","1732"
"23698","SUMBER MAKMUR","1571"
"23699","SUMBER MAKMUR","1778"
"23700","SUMBER MARGA","1689"
"23701","SUMBER MULYO","1586"
"23702","SUMBER MULYO / MULYA","1575"
"23703","SUMBER REJEKI MATARAM","1754"
"23704","SUMBER REJEKI","1615"
"23705","SUMBER REJO SEJAHTERA","1677"
"23706","SUMBER REJO","1565"
"23707","SUMBER REJO","1584"
"23708","SUMBER REJO","1677"
"23709","SUMBER REJO","1772"
"23710","SUMBER REJO","1740"
"23711","SUMBER REJO","1710"
"23712","SUMBER REJO","1586"
"23713","SUMBER REJO","1724"
"23714","SUMBER REJO","1756"
"23715","SUMBER SARI","1585"
"23716","SUMBER SARI","1625"
"23717","SUMBER SARI","1736"
"23718","SUMBER SARI","1599"
"23719","SUMBER TANI","1719"
"23720","SUMBERAGUNG","1662"
"23721","SUMBEREJO","1614"
"23722","SUMBERHADI","1753"
"23723","SUMBERJO","1689"
"23724","SUMBERNADI","1636"
"23725","SUMBERSARI","1777"
"23726","SUMBERSARI","1741"
"23727","SUMUR BANDUNG","1689"
"23728","SUMUR BATU","1742"
"23729","SUMUR JAYA","1633"
"23730","SUMUR KUCING","1767"
"23731","SUMUR PUTRI","1735"
"23732","SUMUR TUJUH","1620"
"23733","SUMUR","1636"
"23734","SUMURKUMBANG","1569"
"23735","SUNGAI BADAK","1778"
"23736","SUNGAI BUAYA","1780"
"23737","SUNGAI BURUNG","1691"
"23738","SUNGAI CAMBAI","1726"
"23739","SUNGAI LANGKA","1595"
"23740","SUNGAI LUAR","1594"
"23741","SUNGAI NIBUNG","1691"
"23742","SUNGAI SIDANG","1780"
"23743","SUNGSANG","1615"
"23744","SUOH","1609"
"23745","SURABAYA BARU","1675"
"23746","SURABAYA ILIR","1675"
"23747","SURABAYA UDIK","1702"
"23748","SURABAYA","1765"
"23749","SURABAYA","1625"
"23750","SURAKARTA","1643"
"23751","SURYA MATARAM","1738"
"23752","SUSUNAN BARU","1733"
"23753","SWASTIKA BUANA","1781"
"23754","TAJIMALELA","1569"
"23755","TAJUR","1759"
"23756","TALANG BARU","1617"
"23757","TALANG BATU / T GUNUNG","1726"
"23758","TALANG BERINGIN","1575"
"23759","TALANG BOJONG","1688"
"23760","TALANG JALI","1656"
"23761","TALANG JAWA","1665"
"23762","TALANG JAWA","1575"
"23763","TALANG JEMBATAN","1579"
"23764","TALANG LEBAR","1592"
"23765","TALANG MANGGA","1695"
"23766","TALANG MULYO","1657"
"23767","TALANG PADANG","1628"
"23768","TALANG REJO","1670"
"23769","TALANG SEPUH","1628"
"23770","TALANG WAY SULAN","1662"
"23771","TALANG","1735"
"23772","TALANGENING (TELA GENING)","1660"
"23773","TAMAN AGUNG","1569"
"23774","TAMAN ASRI","1598"
"23775","TAMAN ASRI","1784"
"23776","TAMAN BARU","1661"
"23777","TAMAN BOGO","1784"
"23778","TAMAN CARI","1784"
"23779","TAMAN ENDAH","1784"
"23780","TAMAN JAYA","1580"
"23781","TAMAN NEGERI","1757"
"23782","TAMAN PAJAR","1784"
"23783","TAMAN SARI","1636"
"23784","TAMAN SARI","1730"
"23785","TAMANSARI","1595"
"23786","TAMANSARI","1592"
"23787","TAMBAH DADI","1784"
"23788","TAMBAH LUHUR","1784"
"23789","TAMBAH SUBUR","1757"
"23790","TAMBAHREJO BARAT","1686"
"23791","TAMBAK JAYA","1729"
"23792","TAMBAK REJO","1686"
"23793","TAMBANGAN","1657"
"23794","TAMPANG MUDA","1678"
"23795","TAMPANG","1678"
"23796","TANAH ABANG","1715"
"23797","TANGGUL ANGIN","1588"
"23798","TANGKAS","1695"
"23799","TANGKIT SERDANG","1592"
"23800","TANJUNG AGUNG RAYA","1705"
"23801","TANJUNG AGUNG","1660"
"23802","TANJUNG AGUNG","1657"
"23803","TANJUNG AGUNG","1679"
"23804","TANJUNG AGUNG","1592"
"23805","TANJUNG AGUNG","1763"
"23806","TANJUNG AGUNG","1653"
"23807","TANJUNG AJI","1753"
"23808","TANJUNG AMAN","1580"
"23809","TANJUNG ANOM","1581"
"23810","TANJUNG ANOM","1670"
"23811","TANJUNG ANOM","1612"
"23812","TANJUNG BARU TIMUR","1694"
"23813","TANJUNG BARU","1694"
"23814","TANJUNG BARU","1705"
"23815","TANJUNG BARU","1665"
"23816","TANJUNG BARU","1574"
"23817","TANJUNG BEGELUNG","1575"
"23818","TANJUNG BERINGIN","1746"
"23819","TANJUNG BETUAH","1651"
"23820","TANJUNG BULAN","1695"
"23821","TANJUNG DALAM","1699"
"23822","TANJUNG DALAM / DALOM","1710"
"23823","TANJUNG GADING","1705"
"23824","TANJUNG GADING","1629"
"23825","TANJUNG HARAPAN","1700"
"23826","TANJUNG HARAPAN","1676"
"23827","TANJUNG HARAPAN","1695"
"23828","TANJUNG HARAPAN","1580"
"23829","TANJUNG HARAPAN","1738"
"23830","TANJUNG HARAPAN","1665"
"23831","TANJUNG HARAPAN","1781"
"23832","TANJUNG HARTA","1707"
"23833","TANJUNG HERAN","1661"
"23834","TANJUNG HERAN","1592"
"23835","TANJUNG INTEN","1784"
"23836","TANJUNG JATI","1651"
"23837","TANJUNG JATI","1607"
"23838","TANJUNG JATI","1633"
"23839","TANJUNG JAYA","1634"
"23840","TANJUNG JAYA","1605"
"23841","TANJUNG JAYA","1718"
"23842","TANJUNG KARANG","1727"
"23843","TANJUNG KEMALA","1614"
"23844","TANJUNG KEMALA","1745"
"23845","TANJUNG KEMALA","1592"
"23846","TANJUNG KENCONO","1757"
"23847","TANJUNG KERTA","1673"
"23848","TANJUNG KESUMA","1784"
"23849","TANJUNG KURUNG LAMA","1695"
"23850","TANJUNG KURUNG","1695"
"23851","TANJUNG KURUNG","1620"
"23852","TANJUNG MAS JAYA","1726"
"23853","TANJUNG MAS MAKMUR","1726"
"23854","TANJUNG MAS MULYA","1726"
"23855","TANJUNG MENANG","1726"
"23856","TANJUNG PANDAN","1634"
"23857","TANJUNG RAJA","1651"
"23858","TANJUNG RAJA","1746"
"23859","TANJUNG RATU ILIR","1649"
"23860","TANJUNG RATU","1679"
"23861","TANJUNG RATU","1730"
"23862","TANJUNG RAYA GIHAM","1684"
"23863","TANJUNG RAYA SAKTI","1684"
"23864","TANJUNG RAYA","1705"
"23865","TANJUNG RAYA","1633"
"23866","TANJUNG RAYA","1577"
"23867","TANJUNG RAYA","1613"
"23868","TANJUNG RAYA","1729"
"23869","TANJUNG REJO","1614"
"23870","TANJUNG REJO","1615"
"23871","TANJUNG REJO","1640"
"23872","TANJUNG REJO","1745"
"23873","TANJUNG REJO","1575"
"23874","TANJUNG RIANG","1746"
"23875","TANJUNG RUSIA TIMUR","1766"
"23876","TANJUNG RUSIA","1766"
"23877","TANJUNG SAKTI","1607"
"23878","TANJUNG SARI","1684"
"23879","TANJUNG SARI","1567"
"23880","TANJUNG SARI","1605"
"23881","TANJUNG SARI","1632"
"23882","TANJUNG SENANG","1580"
"23883","TANJUNG SENANG","1775"
"23884","TANJUNG SERAYAN","1778"
"23885","TANJUNG SERUPA","1679"
"23886","TANJUNG SETIA","1633"
"23887","TANJUNG SIOM","1583"
"23888","TANJUNG TIGA","1577"
"23889","TANJUNG TIRTO","1757"
"23890","TANJUNG WANGI","1756"
"23891","TANJUNG WARAS","1694"
"23892","TANJUNGAGUNG","1593"
"23893","TANJUNGAN","1593"
"23894","TANJUNGAN","1678"
"23895","TANJUNGGUNUNG","1575"
"23896","TANJUNGIMAN","1685"
"23897","TANJUNGJATI","1670"
"23898","TANJUNGJAYA","1583"
"23899","TANJUNGKERAJAN","1781"
"23900","TANJUNGMAS","1681"
"23901","TANJUNGRATU","1593"
"23902","TANJUNGSARI","1609"
"23903","TANJUNGSARI","1652"
"23904","TANJUNGSARI","1623"
"23905","TAPAK SIRING","1613"
"23906","TARAHAN","1593"
"23907","TATA KARYA","1608"
"23908","TAWAN SUKA MULYA","1751"
"23909","TAWANG NEGERI","1745"
"23910","TEBA BUNUK","1660"
"23911","TEBA LIYOKH","1721"
"23912","TEBA PERING RAYA","1613"
"23913","TEBA","1670"
"23914","TEBAJAWA","1591"
"23915","TEBAKAK WAY SIDI","1587"
"23916","TEBING","1753"
"23917","TEGAL BINANGUN","1586"
"23918","TEGAL GONDO","1784"
"23919","TEGAL MUKTI","1681"
"23920","TEGAL OMBO","1757"
"23921","TEGAL YOSO","1784"
"23922","TEGALSARI","1686"
"23923","TEGINENENG","1583"
"23924","TEJANG PULAU SEBESI","1629"
"23925","TEJO AGUNG","1752"
"23926","TEJO SARI","1752"
"23927","TEKAD","1575"
"23928","TELADAS","1691"
"23929","TELOGO REJO","1565"
"23930","TELOGO REJO","1780"
"23931","TELUK BETUNG","1735"
"23932","TELUK BRAK","1678"
"23933","TELUK DALEM ILIR","1682"
"23934","TELUK DALEM","1762"
"23935","TEMBELANG","1609"
"23936","TEMPEL REJO","1591"
"23937","TEMPURAN","1568"
"23938","TENGKUJUH","1569"
"23939","TENGOR","1651"
"23940","TERANG BUMI AGUNG","1743"
"23941","TERANG MULYA","1743"
"23942","TERATAS","1664"
"23943","TERBANGGI AGUNG","1635"
"23944","TERBANGGI BESAR","1754"
"23945","TERBANGGI BESAR","1562"
"23946","TERBANGGI MARGA","1702"
"23947","TERBANGGI MULYA","1754"
"23948","TERBANGGI SUBING","1635"
"23949","TERBAYA","1664"
"23950","TERDANA","1664"
"23951","TETAAN","1661"
"23952","TIAS BANGUN","1745"
"23953","TIGA JAYA","1739"
"23954","TIMBUL REJO","1634"
"23955","TIROM","1678"
"23956","TIRTA KENCANA","1618"
"23957","TIRTALAGA","1778"
"23958","TITIWANGI (CANDIPURO)","1663"
"23959","TIUH BALAK I","1598"
"23960","TIUH BALAK II","1654"
"23961","TIUH BALAK PASAR","1598"
"23962","TIUH BALAK","1598"
"23963","TIUH BARU","1681"
"23964","TIUH MEMON","1592"
"23965","TIUH TOHO","1589"
"23966","TOBA / TUBA","1647"
"23967","TOTO HARJO","1784"
"23968","TOTO KATON","1743"
"23969","TOTO KATON","1588"
"23970","TOTO MULYO","1743"
"23971","TOTO MULYO","1757"
"23972","TOTO PROJO","1757"
"23973","TOTO WONODADI","1743"
"23974","TOTOHARJO","1597"
"23975","TOTOKARTO","1564"
"23976","TRANS TANJUNGAN","1593"
"23977","TRI BUDISUKUR (TRIBUDI SYUKUR)","1722"
"23978","TRI DHARMA WIRA JAYA","1644"
"23979","TRI JAYA","1687"
"23980","TRI KARYA MULYA","1632"
"23981","TRI KARYA","1687"
"23982","TRI MAKMUR JAYA","1594"
"23983","TRI MEKAR JAYA","1609"
"23984","TRI MUKTI JAYA","1644"
"23985","TRI MULYA JAYA","1644"
"23986","TRI RAHAYU","1640"
"23987","TRI REJO MULYO","1687"
"23988","TRI TUNGGAL JAYA","1644"
"23989","TRI TUNGGAL JAYA","1571"
"23990","TRI TUNGGAL JAYA","1630"
"23991","TRI TUNGGAL JAYA","1687"
"23992","TRI TUNGGAL","1756"
"23993","TRIBUDI MAKMUR","1722"
"23994","TRIDARMAYOGA","1636"
"23995","TRIHARJO","1665"
"23996","TRIMODADI","1560"
"23997","TRIMOMUKTI","1663"
"23998","TRIMULYO MATARAM","1642"
"23999","TRIMULYO","1723"
"24000","TRIMULYO","1657"
