"id","nama_desa","kecamatan_id"
"46001","PUNGGUL","3762"
"46002","PUNGGUL","3457"
"46003","PUNGGULREJO","3502"
"46004","PUNGGUR","3765"
"46005","PUNGPUNGAN","3683"
"46006","PUNJUL","3316"
"46007","PUNJUL","3684"
"46008","PUNJUNG","3518"
"46009","PUNTEN","3701"
"46010","PUNTUKDORO","3665"
"46011","PUNUNG","3667"
"46012","PUPUS","3777"
"46013","PUPUS","3819"
"46014","PURBOSUMAN","3488"
"46015","PURI","3415"
"46016","PURISEMANDING","3478"
"46017","PURNAMA","3860"
"46018","PUROREJO","3704"
"46019","PURU","3794"
"46020","PURUT","3673"
"46021","PURUTREJO","3864"
"46022","PURWANTORO","3296"
"46023","PURWOAGUNG","3852"
"46024","PURWOASRI","3358"
"46025","PURWOASRI","3518"
"46026","PURWOASRI","3605"
"46027","PURWOASRI","3283"
"46028","PURWOASRI","3783"
"46029","PURWOASRI","3852"
"46030","PURWODADI","3480"
"46031","PURWODADI","3296"
"46032","PURWODADI","3517"
"46033","PURWODADI","3791"
"46034","PURWODADI","3505"
"46035","PURWODADI","3605"
"46036","PURWODADI","3724"
"46037","PURWODADI","3576"
"46038","PURWODADI","3309"
"46039","PURWODADI","3270"
"46040","PURWOHARJO","3291"
"46041","PURWOHARJO","3703"
"46042","PURWOJATI","3450"
"46043","PURWOKERTO","3337"
"46044","PURWOKERTO","3730"
"46045","PURWOKERTO","3352"
"46046","PURWOREJO","3361"
"46047","PURWOREJO","3517"
"46048","PURWOREJO","3429"
"46049","PURWOREJO","3599"
"46050","PURWOREJO","3646"
"46051","PURWOREJO","3510"
"46052","PURWOREJO","3771"
"46053","PURWOREJO","3399"
"46054","PURWOREJO","3300"
"46055","PURWOREJO","3519"
"46056","PURWOREJO","3698"
"46057","PURWOREJO","3413"
"46058","PURWOREJO","3864"
"46059","PURWOREJO","3622"
"46060","PURWOREJO","3288"
"46061","PURWOREJO","3874"
"46062","PURWOSARI","3315"
"46063","PURWOSARI","3460"
"46064","PURWOSARI","3565"
"46065","PURWOSARI","3765"
"46066","PURWOSARI","3379"
"46067","PURWOSARI","3443"
"46068","PURWOSEKAR","3826"
"46069","PURWOSONO","3820"
"46070","PURWOTENGAH","3418"
"46071","PURWOTENGAH","3755"
"46072","PUSPAN","3678"
"46073","PUSPO","3832"
"46074","PUSUNG MALANG","3832"
"46075","PUTAT GEDE","3880"
"46076","PUTAT JAYA","3543"
"46077","PUTAT KIDUL","3702"
"46078","PUTAT LOR","3702"
"46079","PUTAT LOR","3639"
"46080","PUTAT","3429"
"46081","PUTAT","3490"
"46082","PUTATBANGAH","3509"
"46083","PUTATKUMPUL","3351"
"46084","PUTER","3768"
"46085","PUTIH","3793"
"46086","PUTON","3403"
"46087","PUTREN","3357"
"46088","PUTUKREJO","3702"
"46089","PUTUKREJO","3297"
"46090","PUTUKREJO","3368"
"46091","PUYUNG","3843"
"46092","RABASAN","3278"
"46093","RABASAN","3367"
"46094","RABIYAN","3551"
"46095","RACEK","3275"
"46096","RACI","3610"
"46097","RACIKULON","3309"
"46098","RACITENGAH","3309"
"46099","RACIWETAN","3218"
"46100","RAGANG","3370"
"46101","RAGUNG","3282"
"46102","RAHAYU","3485"
"46103","RAJEKWESI","3424"
"46104","RAJUN","3714"
"46105","RAMBAAN","3729"
"46106","RAMBAN KULON","3371"
"46107","RAMBAN WETAN","3371"
"46108","RAMBIGUNDAM","3741"
"46109","RAMBIPUJI","3741"
"46110","RAMPAL CELAKET","3560"
"46111","RANCANG KENCONO","3524"
"46112","RANDEGAN","3459"
"46113","RANDEGAN","3490"
"46114","RANDEGANSARI","3427"
"46115","RANDU AGUNG","3737"
"46116","RANDU GONG","3256"
"46117","RANDU JALAK","3235"
"46118","RANDU MERAK","3240"
"46119","RANDU TATAH","3240"
"46120","RANDUAGUNG","3746"
"46121","RANDUAGUNG","3550"
"46122","RANDUAGUNG","3283"
"46123","RANDUALAS","3663"
"46124","RANDUATI","3748"
"46125","RANDUBANGO","3312"
"46126","RANDUBENER","3768"
"46127","RANDUBOTO","3309"
"46128","RANDUCANGKRING","3250"
"46129","RANDUGADING","3826"
"46130","RANDUGEDE","3665"
"46131","RANDUGENENGAN","3762"
"46132","RANDUHARJO","3413"
"46133","RANDUPADANGAN","3639"
"46134","RANDUPITU","3706"
"46135","RANDUPITU","3544"
"46136","RANDUPUTIH","3770"
"46137","RANDUSARI","3695"
"46138","RANDUSONGO","3815"
"46139","RANDUWATANG","3382"
"46140","RANG PERANG DAYA","3350"
"46141","RANG PERANG LAOK","3350"
"46142","RANGANG (RANGKANG)","3249"
"46143","RANGGEH","3366"
"46144","RANGKAH","3775"
"46145","RANGKAHKIDUL","3506"
"46146","RANON","3239"
"46147","RANU KLINDUNGAN","3736"
"46148","RANUAGUNG","3275"
"46149","RANUBEDALI","3254"
"46150","RANUGEDANG","3275"
"46151","RANULOGONG","3550"
"46152","RANUPAKIS","3780"
"46153","RANUPANI","3288"
"46154","RANUWURUNG","3572"
"46155","RANUWURUNG","3550"
"46156","RANUYOSO","3254"
"46157","RAPA DAYA","3280"
"46158","RAPA LAOK","3280"
"46159","RAWAN","3754"
"46160","RAWASAN","3599"
"46161","RAYUNG","3555"
"46162","RAYUNGGUMUK","3468"
"46163","RA\AS","3535"
"46164","REBALAS","3736"
"46165","REBONO","3733"
"46166","REJENI","3404"
"46167","REJO AGUNG","3879"
"46168","REJOAGUNG","3469"
"46169","REJOAGUNG","3338"
"46170","REJOAGUNG","3582"
"46171","REJOAGUNG","3359"
"46172","REJOAGUNG","3881"
"46173","REJOMULYO","3480"
"46174","REJOMULYO","3681"
"46175","REJOMULYO","3856"
"46176","REJOMULYO","3421"
"46177","REJOMULYO","3505"
"46178","REJOMULYO","3511"
"46179","REJOSALAM","3271"
"46180","REJOSARI","3454"
"46181","REJOSARI","3330"
"46182","REJOSARI","3389"
"46183","REJOSARI","3611"
"46184","REJOSARI","3581"
"46185","REJOSARI","3553"
"46186","REJOSARI","3398"
"46187","REJOSARI","3334"
"46188","REJOSARI","3308"
"46189","REJOSARI","3390"
"46190","REJOSARI","3796"
"46191","REJOSLAMET","3727"
"46192","REJOSO KIDUL","3298"
"46193","REJOSO PINGGIR","3590"
"46194","REJOSO","3643"
"46195","REJOSO","3513"
"46196","REJOSOLOR","3298"
"46197","REJOTANGAN","3303"
"46198","REJOTENGAH (TEJOTENGAH)","3330"
"46199","REJOWINANGUN","3620"
"46200","REJOWINANGUN","3758"
"46201","REJOYOSO","3454"
"46202","REJUNO","3681"
"46203","REK KERREK","3231"
"46204","REMBANG","3337"
"46205","REMBANG","3810"
"46206","REMBANG","3617"
"46207","REMBANGKEPUH","3337"
"46208","REMBUN","3255"
"46209","REMEN","3599"
"46210","RENDENG","3432"
"46211","RENGEL","3502"
"46212","RENJING (REJING)","3275"
"46213","RENOKENONGO","3719"
"46214","RENTENG","3572"
"46215","RESAPOMBO","3763"
"46216","RESONGO","3837"
"46217","RINGIN ANOM","3681"
"46218","RINGIN ANOM","3421"
"46219","RINGIN ANOM","3406"
"46220","RINGIN REJO","3874"
"46221","RINGINAGUNG","3565"
"46222","RINGINANOM","3388"
"46223","RINGINANYAR","3335"
"46224","RINGINKEMBAR","3290"
"46225","RINGINPITU","3469"
"46226","RINGINPITU","3512"
"46227","RINGINPUTIH","3725"
"46228","RINGINREJO","3576"
"46229","RINGINSARI","3646"
"46230","RINGINSARI","3290"
"46231","RINGINTELU","3470"
"46232","RINGINTUNGGAL","3595"
"46233","ROBATAL","3558"
"46234","ROGOJAMPI","3252"
"46235","ROGOTRUNAN","3532"
"46236","ROHAYU","3367"
"46237","ROJOPOLO","3549"
"46238","ROMBASAN","3225"
"46239","ROMBEN BARAT","3437"
"46240","ROMBEN GUNA","3437"
"46241","ROMBEN RANA","3437"
"46242","ROMBIYA BARAT","3569"
"46243","ROMBIYA TIMUR","3569"
"46244","ROMBUH","3231"
"46245","ROMOKALISARI (BABAT JERAWAT)","3854"
"46246","RONDOKUNING","3249"
"46247","RONG TENGAH","3220"
"46248","RONGDALEM (RONGDALAM)","3280"
"46249","RONGDURIN","3360"
"46250","RONGGOMULYO","3579"
"46251","RONOSENTANAN","3640"
"46252","RONOWIJAYAN","3822"
"46253","RONOWIJAYAN","3640"
"46254","ROOMO","3528"
"46255","ROSEP","3247"
"46256","ROSONG","3876"
"46257","ROTO","3630"
"46258","ROWO GEMPOL","3242"
"46259","ROWO INDAH","3229"
"46260","ROWO TENGAH","3806"
"46261","ROWOHARJO","3400"
"46262","ROWOKANGKUNG","3756"
"46263","ROWOMARTO","3323"
"46264","ROWOSARI","3737"
"46265","ROWOTAMTU","3741"
"46266","RUBARU","3428"
"46267","RUMPUK","3865"
"46268","RUNGKUT KIDUL","3849"
"46269","RUNGKUT MENANGGAL","3823"
"46270","RUNGKUT TENGAH","3823"
"46271","SABIYAN","3441"
"46272","SABRANG","3260"
"46273","SABUNTAN","3878"
"46274","SADAH","3471"
"46275","SADANG","3347"
"46276","SADANG","3587"
"46277","SADARTENGAH","3800"
"46278","SADENG REJO","3298"
"46279","SAHANG","3819"
"46280","SAJEN","3625"
"46281","SAKALA","3878"
"46282","SALAK KEMBANG","3553"
"46283","SALAK","3550"
"46284","SALAM","3796"
"46285","SALAMREJO","3643"
"46286","SALAMREJO","3699"
"46287","SALAMROJO","3416"
"46288","SALAMWATES","3713"
"46289","SALEN","3473"
"46290","SAMAAN","3560"
"46291","SAMAR","3792"
"46292","SAMARAN","3491"
"46293","SAMATAN","3350"
"46294","SAMBAKATI","3279"
"46295","SAMBANGAN","3329"
"46296","SAMBANGREJO","3836"
"46297","SAMBENG","3575"
"46298","SAMBERAN","3387"
"46299","SAMBEREJO","3593"
"46300","SAMBI BULU","3587"
"46301","SAMBI KEREP","3513"
"46302","SAMBI","3576"
"46303","SAMBIDOPLANG","3609"
"46304","SAMBIGEDE","3643"
"46305","SAMBIGEDE","3834"
"46306","SAMBIJAJAR","3609"
"46307","SAMBIKEREP","3627"
"46308","SAMBILAWANG","3440"
"46309","SAMBILAWANG","3762"
"46310","SAMBIMULYO","3470"
"46311","SAMBIPONDOK","3309"
"46312","SAMBIRAMPAK KIDUL","3742"
"46313","SAMBIRAMPAK LOR","3742"
"46314","SAMBIREJO","3470"
"46315","SAMBIREJO","3793"
"46316","SAMBIREJO","3429"
"46317","SAMBIREJO","3232"
"46318","SAMBIREJO","3835"
"46319","SAMBIREJO","3319"
"46320","SAMBIREJO","3614"
"46321","SAMBIREJO","3298"
"46322","SAMBIREJO","3369"
"46323","SAMBIREJO","3489"
"46324","SAMBIREJO","3758"
"46325","SAMBIREJO","3726"
"46326","SAMBIREMBE","3422"
"46327","SAMBIRESIK","3793"
"46328","SAMBIROBYONG","3476"
"46329","SAMBIROBYONG","3716"
"46330","SAMBIROBYONG","3609"
"46331","SAMBIROTO","3564"
"46332","SAMBIROTO","3378"
"46333","SAMBIROTO","3504"
"46334","SAMBIROTO","3655"
"46335","SAMBISIRAH","3733"
"46336","SAMBIT","3438"
"46337","SAMBITAN","3481"
"46338","SAMBIYAN","3453"
"46339","SAMBOGUNUNG","3326"
"46340","SAMBONG DUKUH","3492"
"46341","SAMBONG","3455"
"46342","SAMBONG","3300"
"46343","SAMBONGGEDE","3666"
"46344","SAMBONGREJO","3817"
"46345","SAMBONGREJO","3597"
"46346","SAMBONGREJO","3521"
"46347","SAMBOPINGGIR","3509"
"46348","SAMBUNGREJO","3836"
"46349","SAMBUNGREJO","3277"
"46350","SAMIR","3399"
"46351","SAMIRAN","3350"
"46352","SAMIRPLAPAN","3259"
"46353","SAMPANGAGUNG","3802"
"46354","SAMPUNG","3398"
"46355","SAMPUNG","3725"
"46356","SANA DAJA","3577"
"46357","SANA LAOK","3370"
"46358","SANA TENGAH","3577"
"46359","SANAN WETAN","3617"
"46360","SANAN","3320"
"46361","SANAN","3481"
"46362","SANANKERTO","3804"
"46363","SANANKULON","3622"
"46364","SANANREJO","3804"
"46365","SANDINGROWO","3485"
"46366","SANENREJO","3272"
"46367","SANG ANOM","3748"
"46368","SANGEN","3429"
"46369","SANGGRA / SANGGAR AGUNG","3641"
"46370","SANGGRAHAN","3598"
"46371","SANGGRAHAN","3405"
"46372","SANGGRAHAN","3518"
"46373","SANGGRAHAN","3400"
"46374","SAOBI","3578"
"46375","SAPEKEN","3878"
"46376","SAPIH","3673"
"46377","SAPIKEREP","3842"
"46378","SAPLASAH","3475"
"46379","SAPTORENGGO","3268"
"46380","SAPULANTE","3271"
"46381","SARANGAN","3387"
"46382","SARANGAN","3665"
"46383","SARENG","3429"
"46384","SARI ROGO","3506"
"46385","SARIKEMUNING","3288"
"46386","SARIMULYO","3608"
"46387","SARIMULYO","3844"
"46388","SARINGEMBAT","3644"
"46389","SARIREJO","3396"
"46390","SARIREJO","3312"
"46391","SARIREJO","3631"
"46392","SARIWANI","3842"
"46393","SAROKA","3226"
"46394","SARONGAN","3855"
"46395","SARONGGI","3226"
"46396","SASIIL (SASEEL)","3878"
"46397","SATAK","3311"
"46398","SATREYAN","3461"
"46399","SATREYAN","3678"
"46400","SAWAH TENGAH","3558"
"46401","SAWAHAN","3602"
"46402","SAWAHAN","3402"
"46403","SAWAHAN","3312"
"46404","SAWAHAN","3499"
"46405","SAWAHAN","3502"
"46406","SAWAHAN","3390"
"46407","SAWAHAN","3561"
"46408","SAWAHAN","3543"
"46409","SAWAHAN","3804"
"46410","SAWAHAN","3778"
"46411","SAWAHMULYA","3401"
"46412","SAWAHSUMUR","3279"
"46413","SAWARAN KULON","3448"
"46414","SAWARAN LOR","3780"
"46415","SAWENTAR","3461"
"46416","SAWIJI","3232"
"46417","SAWIR","3604"
"46418","SAWO","3715"
"46419","SAWO","3326"
"46420","SAWO","3527"
"46421","SAWO","3681"
"46422","SAWO","3802"
"46423","SAWOCANGKRING","3588"
"46424","SAWOHAN","3522"
"46425","SAWOJAJAR","3299"
"46426","SAWOJAJAR","3782"
"46427","SAWOO","3670"
"46428","SAWOTRATAP","3457"
"46429","SAWUH","3640"
"46430","SAWUNGGALING","3750"
"46431","SAYUTAN","3709"
"46432","SEBALONG","3748"
"46433","SEBALOR","3452"
"46434","SEBANDUNG","3717"
"46435","SEBANEN","3230"
"46436","SEBANI","3695"
"46437","SEBANI","3494"
"46438","SEBANI","3340"
"46439","SEBANI","3412"
"46440","SEBAUNG","3544"
"46441","SEBAYI","3574"
"46442","SEBET","3512"
"46443","SEBORO","3754"
"46444","SEDAENG","3395"
"46445","SEDAGARAN","3309"
"46446","SEDAH","3840"
"46447","SEDAHKIDUL","3765"
"46448","SEDAPURKLAGEN","3414"
"46449","SEDARAT","3361"
"46450","SEDARUM","3748"
"46451","SEDATI AGUNG","3495"
"46452","SEDATI GEDE","3495"
"46453","SEDATI","3450"
"46454","SEDAYU","3295"
"46455","SEDAYU","3804"
"46456","SEDAYUGUNUNG","3632"
"46457","SEDAYULAWAS","3685"
"46458","SEDDUR","3364"
"46459","SEDENG","3387"
"46460","SEDENG","3300"
"46461","SEDENGAN MIJEN","3563"
"46462","SEDURI","3373"
"46463","SEDURI","3312"
"46464","SEGARAN","3788"
"46465","SEGARAN","3275"
"46466","SEGARAN","3781"
"46467","SEGAWE","3792"
"46468","SEGOBANG","3498"
"46469","SEGODOBANCANG","3412"
"46470","SEGODOREJO","3340"
"46471","SEGORO PURO","3298"
"46472","SEGORO TAMBAK","3495"
"46473","SEGOROMADU","3746"
"46474","SEGULUNG","3508"
"46475","SEGUNUNG","3762"
"46476","SEJATI","3278"
"46477","SEKAPUK","3556"
"46478","SEKAR ALAS","3540"
"46479","SEKAR MOJO","3379"
"46480","SEKAR PUTIH","3356"
"46481","SEKAR PUTIH","3366"
"46482","SEKAR PUTIH","3540"
"46483","SEKAR","3602"
"46484","SEKAR","3562"
"46485","SEKARAN (SAKARAN)","3640"
"46486","SEKARAN","3396"
"46487","SEKARAN","3347"
"46488","SEKARAN","3575"
"46489","SEKARAN","3476"
"46490","SEKARAN","3368"
"46491","SEKARAN","3637"
"46492","SEKARBAGUS","3383"
"46493","SEKARBANYU","3290"
"46494","SEKARDADI","3599"
"46495","SEKARDANGAN","3506"
"46496","SEKARGADUNG","3326"
"46497","SEKARGADUNG","3413"
"46498","SEKARGADUNG","3864"
"46499","SEKARJATI","3484"
"46500","SEKARJOHO","3700"
"46501","SEKARKARE","3770"
"46502","SEKARKURUNG","3746"
"46503","SEKARPURO","3268"
"46504","SEKARPUTIH","3331"
"46505","SEKARPUTIH","3860"
"46506","SEKETI","3373"
"46507","SEKETI","3638"
"46508","SEKETI","3337"
"46509","SEKIDANG","3286"
"46510","SEKOTO","3339"
"46511","SELETRENG","3735"
"46512","SELOBANTENG","3548"
"46513","SELODAKON","3751"
"46514","SELODONO","3576"
"46515","SELOGABUS","3680"
"46516","SELOGUDIG KULON","3805"
"46517","SELOGUDIG WETAN","3805"
"46518","SELOK ANYAR","3349"
"46519","SELOK AWAR AWAR","3349"
"46520","SELOKAJANG","3352"
"46521","SELOKBESUKI","3669"
"46522","SELOKGONDANG","3669"
"46523","SELOLIMAN","3603"
"46524","SELOMUKTI","3234"
"46525","SELOPANGGUNG","3394"
"46526","SELOPANGGUNG","3662"
"46527","SELOPURO","3483"
"46528","SELOPURO","3829"
"46529","SELOREJO","3356"
"46530","SELOREJO","3503"
"46531","SELOREJO","3786"
"46532","SELOREJO","3398"
"46533","SELOREJO","3727"
"46534","SELOREJO","3399"
"46535","SELOREJO","3286"
"46536","SELOREJO","3269"
"46537","SELOSARI","3646"
"46538","SELOSARI","3565"
"46539","SELOTAMBAK","3308"
"46540","SELOTAPAK","3603"
"46541","SELOTINATAH","3394"
"46542","SELOWOGO","3650"
"46543","SELUR","3557"
"46544","SEMAAN","3573"
"46545","SEMAMBUNG","3457"
"46546","SEMAMBUNG","3419"
"46547","SEMAMBUNG","3738"
"46548","SEMAMBUNG","3387"
"46549","SEMAMBUNG","3476"
"46550","SEMAMBUNG","3588"
"46551","SEMAMPIR","3526"
"46552","SEMAMPIR","3421"
"46553","SEMAMPIR","3249"
"46554","SEMAMPIR","3495"
"46555","SEMAMPIREJO","3286"
"46556","SEMANDING","3507"
"46557","SEMANDING","3840"
"46558","SEMANDING","3688"
"46559","SEMANDING","3613"
"46560","SEMANDING","3597"
"46561","SEMANTEN","3300"
"46562","SEMARE","3416"
"46563","SEMARE","3308"
"46564","SEMARUM","3566"
"46565","SEMAWOT","3783"
"46566","SEMBAYAT","3528"
"46567","SEMBILANGAN","3441"
"46568","SEMBON","3316"
"46569","SEMBORO","3879"
"46570","SEMBOWO","3825"
"46571","SEMBULUNG","3608"
"46572","SEMBUNG ANYAR","3326"
"46573","SEMBUNG","3378"
"46574","SEMBUNG","3681"
"46575","SEMBUNG","3680"
"46576","SEMBUNG","3723"
"46577","SEMBUNG","3462"
"46578","SEMBUNG","3354"
"46579","SEMBUNG","3866"
"46580","SEMBUNGAN KIDUL","3326"
"46581","SEMBUNGIN","3439"
"46582","SEMBUNGLOR","3503"
"46583","SEMBUNGREJO","3666"
"46584","SEMBUNGREJO","3456"
"46585","SEMEDUSARI","3242"
"46586","SEMEMI","3854"
"46587","SEMEMU","3349"
"46588","SEMEN KIDUL","3783"
"46589","SEMEN PINGGIR","3378"
"46590","SEMEN","3710"
"46591","SEMEN","3771"
"46592","SEMEN","3613"
"46593","SEMEN","3322"
"46594","SEMEN","3662"
"46595","SEMIRING","3872"
"46596","SEMLARAN","3432"
"46597","SEMOLOWARU","3801"
"46598","SEMPALWADAK","3375"
"46599","SEMPOL","3822"
"46600","SEMPOL","3795"
"46601","SEMPOL","3451"
"46602","SEMPOL","3831"
"46603","SEMPOLAN","3798"
"46604","SEMPU","3818"
"46605","SEMPU","3318"
"46606","SEMPU","3819"
"46607","SEMPU","3808"
"46608","SEMPUSARI","3839"
"46609","SEMUT","3724"
"46610","SEN ASEN","3453"
"46611","SENDANG BUMEN","3416"
"46612","SENDANG DAYA / DAJAH","3586"
"46613","SENDANG LAOK","3586"
"46614","SENDANG","3538"
"46615","SENDANG","3602"
"46616","SENDANG","3649"
"46617","SENDANG","3557"
"46618","SENDANG","3225"
"46619","SENDANG","3766"
"46620","SENDANG","3555"
"46621","SENDANGAGUNG","3533"
"46622","SENDANGAGUNG","3665"
"46623","SENDANGAGUNG","3521"
"46624","SENDANGDUWUR","3533"
"46625","SENDANGHAJI","3666"
"46626","SENDANGHARJO","3685"
"46627","SENDANGHARJO","3455"
"46628","SENDANGHARJO","3579"
"46629","SENDANGREJO","3749"
"46630","SENDANGREJO","3524"
"46631","SENDANGREJO","3353"
"46632","SENDANGREJO","3730"
"46633","SENDANGREJO","3680"
"46634","SENDANGREJO","3380"
"46635","SENDEN","3615"
"46636","SENDEN","3476"
"46637","SENDEN","3672"
"46638","SENDIR","3436"
"46639","SENDURO","3288"
"46640","SENENG","3630"
"46641","SENEPO","3690"
"46642","SENEPOREJO","3568"
"46643","SENGATEN","3817"
"46644","SENGGOWAR","3405"
"46645","SENGGRENG","3834"
"46646","SENGGURUH","3284"
"46647","SENGKUT","3416"
"46648","SENGON AGUNG","3379"
"46649","SENGON","3676"
"46650","SENGON","3492"
"46651","SENGON","3668"
"46652","SENJAYAN","3405"
"46653","SENORI","3666"
"46654","SENTANAN","3418"
"46655","SENTOL DAYA","3225"
"46656","SENTOL LAOK","3225"
"46657","SENTOL","3341"
"46658","SENTONG","3754"
"46659","SENTONOREJO","3420"
"46660","SENTUL","3572"
"46661","SENTUL","3612"
"46662","SENTUL","3724"
"46663","SENTUL","3820"
"46664","SENTUL","3490"
"46665","SENTUL","3590"
"46666","SENTULAN","3248"
"46667","SEPANDE","3408"
"46668","SEPANJANG","3707"
"46669","SEPANJANG","3702"
"46670","SEPANJANG","3878"
"46671","SEPANJANG","3587"
"46672","SEPANYUL","3651"
"46673","SEPARAH","3471"
"46674","SEPATAN","3611"
"46675","SEPAWON","3684"
"46676","SEPUH GEMPOL","3847"
"46677","SEPULU","3475"
"46678","SEPUTIH","3873"
"46679","SERA BARAT","3223"
"46680","SERA TENGAH","3223"
"46681","SERA TIMUR","3223"
"46682","SERAG","3434"
"46683","SERAH","3552"
"46684","SERANG","3392"
"46685","SERANGAN","3362"
"46686","SERANGAN","3486"
"46687","SERGANG","3224"
"46688","SERUNI","3722"
"46689","SERUT","3598"
"46690","SERUT","3816"
"46691","SETAIL","3813"
"46692","SETONO GEDONG","3421"
"46693","SETONO PANDE","3421"
"46694","SETONO","3840"
"46695","SETONO","3319"
"46696","SETONOREJO","3505"
"46697","SETREN","3606"
"46698","SETREN","3455"
"46699","SETREN","3513"
"46700","SETRO","3639"
"46701","SETROHADI","3259"
"46702","SEWOR","3462"
"46703","SEWULAN","3508"
"46704","SIBON","3271"
"46705","SIDEM","3611"
"46706","SIDEPAN","3449"
"46707","SIDING","3439"
"46708","SIDOASRI","3290"
"46709","SIDOBANDUNG","3396"
"46710","SIDOBANGUN","3525"
"46711","SIDOBINANGUN","3330"
"46712","SIDOBOGEM","3383"
"46713","SIDODADI","3463"
"46714","SIDODADI","3408"
"46715","SIDODADI","3607"
"46716","SIDODADI","3788"
"46717","SIDODADI","3591"
"46718","SIDODADI","3487"
"46719","SIDODADI","3510"
"46720","SIDODADI","3240"
"46721","SIDODADI","3857"
"46722","SIDODADI","3783"
"46723","SIDODADI","3587"
"46724","SIDODADI","3272"
"46725","SIDODADI","3243"
"46726","SIDODOWO","3836"
"46727","SIDOGEDUNG BATU","3401"
"46728","SIDOGEMBUL","3425"
"46729","SIDOGIRI","3308"
"46730","SIDOHARJO","3417"
"46731","SIDOHARJO","3649"
"46732","SIDOHARJO","3524"
"46733","SIDOHARJO","3300"
"46734","SIDOHARJO","3434"
"46735","SIDOHARJO","3555"
"46736","SIDOHARJO","3489"
"46737","SIDOHASRI","3618"
"46738","SIDOJANGKUNG","3639"
"46739","SIDOKARE","3513"
"46740","SIDOKARE","3506"
"46741","SIDOKATON","3382"
"46742","SIDOKELAR","3533"
"46743","SIDOKEPUNG","3522"
"46744","SIDOKERTO","3522"
"46745","SIDOKERTO","3681"
"46746","SIDOKERTO","3727"
"46747","SIDOKERTO","3716"
"46748","SIDOKLUMPUK","3506"
"46749","SIDOKUMPUL","3463"
"46750","SIDOKUMPUL","3218"
"46751","SIDOKUMPUL","3592"
"46752","SIDOKUMPUL","3524"
"46753","SIDOKUMPUL","3533"
"46754","SIDOKUMPUL","3286"
"46755","SIDOKUMPUL","3506"
"46756","SIDOLAJU","3540"
"46757","SIDOLUHUR","3591"
"46758","SIDOMAKMUR","3540"
"46759","SIDOMEKAR","3879"
"46760","SIDOMLANGEAN","3525"
"46761","SIDOMOJO","3563"
"46762","SIDOMORO","3746"
"46763","SIDOMUKTI","3685"
"46764","SIDOMUKTI","3218"
"46765","SIDOMUKTI","3575"
"46766","SIDOMUKTI","3746"
"46767","SIDOMUKTI","3768"
"46768","SIDOMUKTI","3618"
"46769","SIDOMUKTI","3409"
"46770","SIDOMUKTI","3249"
"46771","SIDOMUKTI","3524"
"46772","SIDOMUKTI","3873"
"46773","SIDOMUKTI","3665"
"46774","SIDOMULYO","3386"
"46775","SIDOMULYO","3439"
"46776","SIDOMULYO","3473"
"46777","SIDOMULYO","3875"
"46778","SIDOMULYO","3522"
"46779","SIDOMULYO","3330"
"46780","SIDOMULYO","3611"
"46781","SIDOMULYO","3287"
"46782","SIDOMULYO","3347"
"46783","SIDOMULYO","3518"
"46784","SIDOMULYO","3313"
"46785","SIDOMULYO","3742"
"46786","SIDOMULYO","3563"
"46787","SIDOMULYO","3865"
"46788","SIDOMULYO","3410"
"46789","SIDOMULYO","3836"
"46790","SIDOMULYO","3664"
"46791","SIDOMULYO","3319"
"46792","SIDOMULYO","3792"
"46793","SIDOMULYO","3877"
"46794","SIDOMULYO","3843"
"46795","SIDOMULYO","3311"
"46796","SIDOMULYO","3605"
"46797","SIDOMULYO","3390"
"46798","SIDOMULYO","3269"
"46799","SIDOMULYO","3879"
"46800","SIDOMULYO","3662"
"46801","SIDOMULYO","3309"
"46802","SIDOMULYO","3716"
"46803","SIDOMULYO","3798"
"46804","SIDOMULYO","3579"
"46805","SIDOMULYO","3781"
"46806","SIDOMULYO","3443"
"46807","SIDONGANTI","3789"
"46808","SIDOPEKSO","3249"
"46809","SIDORAHARJO","3554"
"46810","SIDORAHAYU","3747"
"46811","SIDOREJO","3218"
"46812","SIDOREJO","3330"
"46813","SIDOREJO","3763"
"46814","SIDOREJO","3348"
"46815","SIDOREJO","3287"
"46816","SIDOREJO","3527"
"46817","SIDOREJO","3681"
"46818","SIDOREJO","3397"
"46819","SIDOREJO","3334"
"46820","SIDOREJO","3313"
"46821","SIDOREJO","3745"
"46822","SIDOREJO","3618"
"46823","SIDOREJO","3742"
"46824","SIDOREJO","3563"
"46825","SIDOREJO","3519"
"46826","SIDOREJO","3393"
"46827","SIDOREJO","3614"
"46828","SIDOREJO","3335"
"46829","SIDOREJO","3703"
"46830","SIDOREJO","3756"
"46831","SIDOREJO","3369"
"46832","SIDOREJO","3561"
"46833","SIDOREJO","3716"
"46834","SIDOREJO","3383"
"46835","SIDOREJO","3486"
"46836","SIDOREJO","3783"
"46837","SIDOREJO","3579"
"46838","SIDOREJO","3787"
"46839","SIDOREJO","3536"
"46840","SIDORENGGO","3291"
"46841","SIDORUKUN","3592"
"46842","SIDOSERMO","3624"
"46843","SIDOTENTREM","3463"
"46844","SIDOTOPO","3265"
"46845","SIDOTOPO / SIDOROPO WETAN","3696"
"46846","SIDOWANGI","3243"
"46847","SIDOWAREK","3338"
"46848","SIDOWAREK","3512"
"46849","SIDOWAYAH","3580"
"46850","SIDOWAYAH","3511"
"46851","SIDOWUNGU","3639"
"46852","SIKI","3713"
"46853","SILIR","3781"
"46854","SILIRAGUNG","3568"
"46855","SILO","3798"
"46856","SILOLEMBU","3739"
"46857","SIMAN","3633"
"46858","SIMAN","3637"
"46859","SIMAN","3640"
"46860","SIMBARINGIN","3802"
"46861","SIMBATAN","3387"
"46862","SIMBATAN","3771"
"46863","SIMBATAN","3631"
"46864","SIMO ANGIN ANGIN","3588"
"46865","SIMO","3314"
"46866","SIMO","3469"
"46867","SIMO","3745"
"46868","SIMO","3460"
"46869","SIMO","3690"
"46870","SIMO","3485"
"46871","SIMOGIRANG","3623"
"46872","SIMOJAYAN","3291"
"46873","SIMOKERTO","3857"
"46874","SIMOKETAWANG","3588"
"46875","SIMOLAWANG","3857"
"46876","SIMOMULYO BARU","3880"
"46877","SIMOMULYO","3880"
"46878","SIMONGAGROK","3459"
"46879","SIMOREJO","3387"
"46880","SIMOREJO","3409"
"46881","SIMOREJO","3500"
"46882","SIMPANG","3623"
"46883","SINDET ANYAR","3235"
"46884","SINDET LAMI","3235"
"46885","SINDUREJO","3788"
"46886","SINE","3809"
"46887","SINGGAHAN","3334"
"46888","SINGGAHAN","3434"
"46889","SINGGIT","3452"
"46890","SINGKAL ANYAR","3400"
"46891","SINGKALAN","3373"
"46892","SINGKIL","3361"
"46893","SINGOGALIH","3412"
"46894","SINGOJURUH","3238"
"46895","SINGOLATREN","3238"
"46896","SINGONEGARAN","3853"
"46897","SINGONEGARAN","3433"
"46898","SINGOPADU","3807"
"46899","SINGOSAREN","3840"
"46900","SINGOSARI","3746"
"46901","SINGOTRUNAN","3853"
"46902","SINGOWANGI","3802"
"46903","SIRAMAN","3708"
"46904","SIRAPAN","3353"
"46905","SIRIGAN","3322"
"46906","SIRING","3719"
"46907","SIRNOBOYO","3414"
"46908","SIRNOBOYO","3300"
"46909","SISER","3682"
"46910","SISIR","3875"
"46911","SITIAJI","3783"
"46912","SITIARJO","3290"
"46913","SITIMERT0","3613"
"46914","SITIREJO","3747"
"46915","SIWALAN PANJI","3522"
"46916","SIWALAN","3362"
"46917","SIWALAN","3552"
"46918","SIWALAN","3561"
"46919","SIWALAN","3244"
"46920","SIWALANKERTO","3624"
"46921","SIWALANREJO","3425"
"46922","SIWURAN","3659"
"46923","SIYAR","3810"
"46924","SIYOTOBAGUS","3632"
"46925","SLADI","3256"
"46926","SLAHARWOTAN","3730"
"46927","SLAHUNG","3690"
"46928","SLAMBRIT","3308"
"46929","SLAMBUR","3429"
"46930","SLAMET","3626"
"46931","SLAMPAREJO","3287"
"46932","SLATENG","3859"
"46933","SLAWE","3778"
"46934","SLAWU","3497"
"46935","SLEMANAN","3388"
"46936","SLEMPIT","3554"
"46937","SLIWUNG","3285"
"46938","SLOPENG","3573"
"46939","SLOROK","3763"
"46940","SLOROK","3607"
"46941","SLOROK","3830"
"46942","SLUMBUNG","3710"
"46943","SLUMBUNG","3337"
"46944","SOBIH","3236"
"46945","SOBO","3853"
"46946","SOBO","3479"
"46947","SOBO","3718"
"46948","SOBONTORO","3396"
"46949","SOBONTORO","3598"
"46950","SOBONTORO","3674"
"46951","SOBONTORO","3604"
"46952","SOBRAH","3536"
"46953","SOCAH","3641"
"46954","SOCO","3606"
"46955","SOCO","3691"
"46956","SOCOREJO","3599"
"46957","SODDARA","3714"
"46958","SODO","3481"
"46959","SOGAAN","3239"
"46960","SOGATEN","3870"
"46961","SOGIAN","3263"
"46962","SOGIYAN (SOGIAN)","3280"
"46963","SOGO","3329"
"46964","SOGO","3314"
"46965","SOKAAN","3754"
"46966","SOKARAME PASESER","3876"
"46967","SOKARAME TIMUR","3876"
"46968","SOKET DAJAH","3233"
"46969","SOKET LAOK","3233"
"46970","SOKO (SOOKO)","3866"
"46971","SOKO","3452"
"46972","SOKO","3468"
"46973","SOKO","3385"
"46974","SOKO","3381"
"46975","SOKOBANAH DAYA","3645"
"46976","SOKOBANAH LAOK","3645"
"46977","SOKOBANAH TENGAH","3645"
"46978","SOKOGRENJENG","3618"
"46979","SOKOGUNUNG","3618"
"46980","SOKOLELAH","3466"
"46981","SOKOSARI","3485"
"46982","SOLOKURO","3547"
"46983","SOLOR","3371"
"46984","SOMALANG","3364"
"46985","SOMBER","3876"
"46986","SOMBER","3491"
"46987","SOMBO","3744"
"46988","SOMBO","3251"
"46989","SOMBRON","3368"
"46990","SOMOROTO","3688"
"46991","SOMOSARI","3647"
"46992","SOMOWINANGUN","3509"
"46993","SONGGO KERTO","3875"
"46994","SONGGON","3391"
"46995","SONGOWARENG","3515"
"46996","SONO AGENG","3400"
"46997","SONO PATIK","3416"
"46998","SONOADI","3523"
"46999","SONOBEKEL","3489"
"47000","SONOK","3876"
"47001","SONOKWIJENAN","3880"
"47002","SONOREJO","3377"
"47003","SONOREJO","3519"
"47004","SONOWANGI","3291"
"47005","SOOKA (SOKO)","3667"
"47006","SOOKO","3655"
"47007","SOOKO","3594"
"47008","SOPA\AH","3341"
"47009","SOPET","3227"
"47010","SORPA","3471"
"47011","SOSO","3710"
"47012","SOTANG","3604"
"47013","SOTOBAR (SOTABAR)","3577"
"47014","SOTOJAYAN (SUTOJAYAN)","3336"
"47015","SRABAH","3676"
"47016","SRABI / SERABI BARAT","3245"
"47017","SRABI / SERABI TIMUR","3245"
"47018","SRAGI","3391"
"47019","SRAGI","3486"
"47020","SRAGI","3365"
"47021","SRAMBAH","3350"
"47022","SRANAK","3530"
"47023","SRANDIL","3649"
"47024","SRATEN","3608"
"47025","SRATEN","3840"
"47026","SRATUREJO","3503"
"47027","SRENGAT","3352"
"47028","SRESEH","3472"
"47029","SRI WEDARI","3484"
"47030","SRIGADING","3591"
"47031","SRIGADING","3450"
"47032","SRIGONCO","3454"
"47033","SRIKATON","3529"
"47034","SRIKATON","3755"
"47035","SRIKATON","3576"
"47036","SRIMULYO","3255"
"47037","SRIRANDE","3330"
"47038","SRITI (SERINTI)","3670"
"47039","SROWO","3309"
"47040","SROYO","3387"
"47041","SRUNI","3457"
"47042","SRUNI","3780"
"47043","SRUWI","3449"
"47044","SUBO","3589"
"47045","SUBOH","3694"
"47046","SUCI","3528"
"47047","SUCI","3816"
"47048","SUCIHARJO","3680"
"47049","SUCO PANGEPOK","3838"
"47050","SUCO","3862"
"47051","SUCOLOR","3790"
"47052","SUDAH","3432"
"47053","SUDANGAN","3468"
"47054","SUDIMORO","3375"
"47055","SUDIMORO","3410"
"47056","SUDIMORO","3825"
"47057","SUDIMORO","3807"
"47058","SUDIMOROHARJO","3871"
"47059","SUDIMULYO","3748"
"47060","SUDU","3595"
"47061","SUGENG","3603"
"47062","SUGER KIDUL","3838"
"47063","SUGER LOR","3790"
"47064","SUGIH WARAS","3356"
"47065","SUGIH WARAS","3408"
"47066","SUGIH WARAS","3442"
"47067","SUGIHAN","3347"
"47068","SUGIHAN","3615"
"47069","SUGIHAN","3666"
"47070","SUGIHAN","3547"
"47071","SUGIHARJO","3579"
"47072","SUGIHREJO","3398"
"47073","SUGIHREJO","3425"
"47074","SUGIHWARAS","3330"
"47075","SUGIHWARAS","3599"
"47076","SUGIHWARAS","3647"
"47077","SUGIHWARAS","3409"
"47078","SUGIHWARAS","3822"
"47079","SUGIHWARAS","3318"
"47080","SUGIHWARAS","3363"
"47081","SUGIHWARAS","3338"
"47082","SUGIHWARAS","3680"
"47083","SUGIHWARAS","3400"
"47084","SUGIHWARAS","3718"
"47085","SUGIHWARAS","3369"
"47086","SUGIHWARAS","3244"
"47087","SUGIO","3383"
"47088","SUKABUMI","3833"
"47089","SUKAJERUK","3858"
"47090","SUKALELA","3761"
"47091","SUKAMAKMUR","3229"
"47092","SUKAONENG","3761"
"47093","SUKAPURA","3842"
"47094","SUKO JEMBER","3838"
"47095","SUKO MANUNGGAL","3880"
"47096","SUKO","3678"
"47097","SUKO","3506"
"47098","SUKO","3277"
"47099","SUKOANYAR","3526"
"47100","SUKOANYAR","3708"
"47101","SUKOANYAR","3653"
"47102","SUKOANYAR","3450"
"47103","SUKOANYAR","3481"
"47104","SUKOANYAR","3268"
"47105","SUKOANYAR","3351"
"47106","SUKOANYAR","3426"
"47107","SUKOBENDU","3865"
"47108","SUKODADI","3493"
"47109","SUKODADI","3240"
"47110","SUKODADI","3425"
"47111","SUKODADI","3747"
"47112","SUKODERMO","3379"
"47113","SUKODONO","3255"
"47114","SUKODONO","3602"
"47115","SUKODONO","3592"
"47116","SUKODONO","3316"
"47117","SUKODONO","3552"
"47118","SUKODONO","3250"
"47119","SUKODONO","3277"
"47120","SUKOGIDRI","3859"
"47121","SUKOHARJO","3439"
"47122","SUKOHARJO","3452"
"47123","SUKOHARJO","3683"
"47124","SUKOHARJO","3740"
"47125","SUKOHARJO","3476"
"47126","SUKOHARJO","3560"
"47127","SUKOHARJO","3300"
"47128","SUKOHARJO","3512"
"47129","SUKOHARJO","3871"
"47130","SUKOIBER","3651"
"47131","SUKOJATI","3344"
"47132","SUKOKERTO","3805"
"47133","SUKOKERTO","3250"
"47134","SUKOKERTO","3294"
"47135","SUKOKIDUL","3843"
"47136","SUKOLELO","3700"
"47137","SUKOLILO BARAT","3586"
"47138","SUKOLILO TIMUR","3586"
"47139","SUKOLILO","3439"
"47140","SUKOLILO","3697"
"47141","SUKOLILO","3287"
"47142","SUKOLILO","3593"
"47143","SUKOLILO","3425"
"47144","SUKOLILO","3579"
"47145","SUKOLILO","3426"
"47146","SUKOMAJU","3359"
"47147","SUKOMALO","3525"
"47148","SUKOMORO","3755"
"47149","SUKOMORO","3447"
"47150","SUKOMORO","3357"
"47151","SUKOMULYO","3524"
"47152","SUKOMULYO","3528"
"47153","SUKOMULYO","3727"
"47154","SUKOMULYO","3805"
"47155","SUKOMULYO","3621"
"47156","SUKONATAR","3359"
"47157","SUKONOLO","3375"
"47158","SUKOPINGGIR","3651"
"47159","SUKOPURO","3287"
"47160","SUKORAHARJO","3284"
"47161","SUKORAMBI","3774"
"47162","SUKORAME","3643"
"47163","SUKORAME","3797"
"47164","SUKORAME","3592"
"47165","SUKORAME","3445"
"47166","SUKORAME","3462"
"47167","SUKORAME","3717"
"47168","SUKOREJO KULON","3553"
"47169","SUKOREJO WETAN","3303"
"47170","SUKOREJO","3470"
"47171","SUKOREJO","3342"
"47172","SUKOREJO","3507"
"47173","SUKOREJO","3522"
"47174","SUKOREJO","3218"
"47175","SUKOREJO","3797"
"47176","SUKOREJO","3702"
"47177","SUKOREJO","3219"
"47178","SUKOREJO","3316"
"47179","SUKOREJO","3509"
"47180","SUKOREJO","3746"
"47181","SUKOREJO","3334"
"47182","SUKOREJO","3742"
"47183","SUKOREJO","3767"
"47184","SUKOREJO","3524"
"47185","SUKOREJO","3368"
"47186","SUKOREJO","3432"
"47187","SUKOREJO","3764"
"47188","SUKOREJO","3680"
"47189","SUKOREJO","3828"
"47190","SUKOREJO","3723"
"47191","SUKOREJO","3869"
"47192","SUKOREJO","3513"
"47193","SUKOREJO","3369"
"47194","SUKOREJO","3309"
"47195","SUKOREJO","3825"
"47196","SUKOREJO","3656"
"47197","SUKOREJO","3717"
"47198","SUKOREJO","3486"
"47199","SUKOREJO","3294"
"47200","SUKOREJO","3881"
"47201","SUKOREJO","3336"
"47202","SUKOREJO","3380"
"47203","SUKOREJO","3270"
"47204","SUKOREJO","3435"
"47205","SUKOREJO","3351"
"47206","SUKOREJO","3388"
"47207","SUKOREJO","3874"
"47208","SUKORENO","3230"
"47209","SUKORENO","3700"
"47210","SUKORENO","3787"
"47211","SUKOSARI KIDUL","3881"
"47212","SUKOSARI LOR","3868"
"47213","SUKOSARI","3315"
"47214","SUKOSARI","3508"
"47215","SUKOSARI","3702"
"47216","SUKOSARI","3549"
"47217","SUKOSARI","3232"
"47218","SUKOSARI","3856"
"47219","SUKOSARI","3584"
"47220","SUKOSARI","3688"
"47221","SUKOSARI","3767"
"47222","SUKOSARI","3865"
"47223","SUKOSARI","3294"
"47224","SUKOSARI","3851"
"47225","SUKOSARI","3603"
"47226","SUKOSARI","3758"
"47227","SUKOSEWU","3710"
"47228","SUKOSEWU","3783"
"47229","SUKOSONGO","3768"
"47230","SUKOWATI","3218"
"47231","SUKOWATI","3378"
"47232","SUKOWETAN","3699"
"47233","SUKOWIDI","3583"
"47234","SUKOWIDI","3771"
"47235","SUKOWIDI","3511"
"47236","SUKOWIDODO","3316"
"47237","SUKOWILANGUN","3297"
"47238","SUKOWINANGUN","3565"
"47239","SUKOWIRYO","3343"
"47240","SUKOWIRYO","3838"
"47241","SUKOWIYONO","3316"
"47242","SUKOWIYONO","3504"
"47243","SUKOWONO","3250"
"47244","SUKOWONO","3294"
"47245","SUKUN","3372"
"47246","SULEK","3679"
"47247","SULING KULON","3371"
"47248","SULING WETAN","3371"
"47249","SULUK","3346"
"47250","SUMARI","3259"
"47251","SUMBANG TIMUN","3530"
"47252","SUMBANG","3507"
"47253","SUMBER AGUNG","3749"
"47254","SUMBER AGUNG","3770"
"47255","SUMBER AGUNG","3710"
"47256","SUMBER AGUNG","3405"
"47257","SUMBER AGUNG","3736"
"47258","SUMBER AGUNG","3410"
"47259","SUMBER AGUNG","3392"
"47260","SUMBER AGUNG","3269"
"47261","SUMBER AGUNG","3806"
"47262","SUMBER ANGET","3859"
"47263","SUMBER ANOM","3851"
"47264","SUMBER ANYAR","3821"
"47265","SUMBER ANYAR","3790"
"47266","SUMBER ANYAR","3234"
"47267","SUMBER ANYAR","3748"
"47268","SUMBER ARUM","3749"
"47269","SUMBER ARUM","3391"
"47270","SUMBER BANTENG","3256"
"47271","SUMBER BARU","3238"
"47272","SUMBER BENDO","3693"
"47273","SUMBER BENING","3687"
"47274","SUMBER BRANTAS","3701"
"47275","SUMBER BULU","3391"
"47276","SUMBER BULUS","3859"
"47277","SUMBER DAWESARI","3736"
"47278","SUMBER DUMPYONG","3276"
"47279","SUMBER DUREN","3630"
"47280","SUMBER GADING","3881"
"47281","SUMBER GEDANG","3494"
"47282","SUMBER GLAGAH","3810"
"47283","SUMBER GONDANG","3493"
"47284","SUMBER GONDO","3701"
"47285","SUMBER JERUK","3821"
"47286","SUMBER JERUK","3230"
"47287","SUMBER KALONG","3230"
"47288","SUMBER KEDAWUNG","3732"
"47289","SUMBER KEJAYAN","3873"
"47290","SUMBER KEMBAR","3643"
"47291","SUMBER KEMBAR","3239"
"47292","SUMBER KEPUH","3402"
"47293","SUMBER KETEMPAH","3230"
"47294","SUMBER KOLAK","3237"
"47295","SUMBER LESUNG","3859"
"47296","SUMBER MULYO","3232"
"47297","SUMBER NGEPOH","3591"
"47298","SUMBER NONGKO","3304"
"47299","SUMBER PAKEM","3737"
"47300","SUMBER PINANG","3234"
"47301","SUMBER PINANG","3589"
"47302","SUMBER PITU","3273"
"47303","SUMBER PORONG","3591"
"47304","SUMBER REJO","3494"
"47305","SUMBER REJO","3379"
"47306","SUMBER REJO","3831"
"47307","SUMBER REJO","3449"
"47308","SUMBER SALAK","3739"
"47309","SUMBER SALAK","3859"
"47310","SUMBER SUKO","3770"
"47311","SUMBER SUKO","3706"
"47312","SUMBER SUKO","3256"
"47313","SUMBER SUKO","3379"
"47314","SUMBER TAMAN","3845"
"47315","SUMBER TEGUH","3382"
"47316","SUMBER TEMPUR","3458"
"47317","SUMBER TLASEH","3749"
"47318","SUMBER URIP","3416"
"47319","SUMBER URIP","3763"
"47320","SUMBER WARU","3370"
"47321","SUMBER WETAN","3846"
"47322","SUMBER WRINGIN","3294"
"47323","SUMBER WRINGIN","3881"
"47324","SUMBER","3699"
"47325","SUMBER","3666"
"47326","SUMBER","3321"
"47327","SUMBER","3622"
"47328","SUMBER","3729"
"47329","SUMBERAGUNG","3685"
"47330","SUMBERAGUNG","3581"
"47331","SUMBERAGUNG","3409"
"47332","SUMBERAGUNG","3865"
"47333","SUMBERAGUNG","3836"
"47334","SUMBERAGUNG","3510"
"47335","SUMBERAGUNG","3442"
"47336","SUMBERAGUNG","3723"
"47337","SUMBERAGUNG","3855"
"47338","SUMBERAGUNG","3672"
"47339","SUMBERAGUNG","3665"
"47340","SUMBERAGUNG","3684"
"47341","SUMBERAGUNG","3456"
"47342","SUMBERAGUNG","3303"
"47343","SUMBERAGUNG","3425"
"47344","SUMBERAGUNG","3290"
"47345","SUMBERAGUNG","3781"
"47346","SUMBERAJI","3493"
"47347","SUMBERAJI","3425"
"47348","SUMBERAME","3866"
"47349","SUMBERAN","3439"
"47350","SUMBERAN","3235"
"47351","SUMBERANOM","3729"
"47352","SUMBERANYAR","3541"
"47353","SUMBERANYAR","3738"
"47354","SUMBERANYAR","3240"
"47355","SUMBERANYAR","3756"
"47356","SUMBERANYAR","3243"
"47357","SUMBERARGO","3241"
"47358","SUMBERARUM","3789"
"47359","SUMBERARUM","3442"
"47360","SUMBERARUM","3874"
"47361","SUMBERASRI","3477"
"47362","SUMBERASRI","3703"
"47363","SUMBERBANJAR","3515"
"47364","SUMBERBENDO","3865"
"47365","SUMBERBENDO","3614"
"47366","SUMBERBENDO","3759"
"47367","SUMBERBENDO","3369"
"47368","SUMBERBENDO","3261"
"47369","SUMBERBENING","3314"
"47370","SUMBERBENING","3454"
"47371","SUMBERBENING","3713"
"47372","SUMBERBERAS","3648"
"47373","SUMBERBOTO","3824"
"47374","SUMBERBULU","3531"
"47375","SUMBERCANGKRING","3219"
"47376","SUMBERCANTING","3675"
"47377","SUMBERCANTING","3262"
"47378","SUMBERCENTANG (SUMBERCENTENG)","3742"
"47379","SUMBERDADAP","3759"
"47380","SUMBERDADI","3386"
"47381","SUMBERDADI","3865"
"47382","SUMBERDADI","3609"
"47383","SUMBERDADI","3758"
"47384","SUMBERDANTI","3294"
"47385","SUMBERDAWE","3678"
"47386","SUMBERDEM","3458"
"47387","SUMBERDIREN","3607"
"47388","SUMBERDODOL","3511"
"47389","SUMBERDUKUN","3394"
"47390","SUMBERDUREN","3654"
"47391","SUMBEREJO (SUMBER REJO)","3875"
"47392","SUMBEREJO (SUMBER REJO)","3825"
"47393","SUMBEREJO KIDUL","3783"
"47394","SUMBEREJO KULON","3399"
"47395","SUMBEREJO WETAN","3399"
"47396","SUMBEREJO","3361"
"47397","SUMBEREJO","3541"
"47398","SUMBEREJO","3636"
"47399","SUMBEREJO","3566"
"47400","SUMBEREJO","3788"
"47401","SUMBEREJO","3429"
"47402","SUMBEREJO","3377"
"47403","SUMBEREJO","3646"
"47404","SUMBEREJO","3353"
"47405","SUMBEREJO","3432"
"47406","SUMBEREJO","3528"
"47407","SUMBEREJO","3822"
"47408","SUMBEREJO","3811"
"47409","SUMBEREJO","3666"
"47410","SUMBEREJO","3240"
"47411","SUMBEREJO","3289"
"47412","SUMBEREJO","3502"
"47413","SUMBEREJO","3809"
"47414","SUMBEREJO","3669"
"47415","SUMBEREJO","3585"
"47416","SUMBEREJO","3500"
"47417","SUMBEREJO","3588"
"47418","SUMBERGANDU","3698"
"47419","SUMBERGAYAM","3566"
"47420","SUMBERGEDE","3409"
"47421","SUMBERGEDE","3866"
"47422","SUMBERGEDONG","3758"
"47423","SUMBERGIRANG","3415"
"47424","SUMBERGONDO","3707"
"47425","SUMBERHARJO","3300"
"47426","SUMBERHARJO","3521"
"47427","SUMBERINGIN KIDUL","3399"
"47428","SUMBERINGIN KULON","3399"
"47429","SUMBERINGIN","3699"
"47430","SUMBERINGIN","3622"
"47431","SUMBERJAMBE","3737"
"47432","SUMBERJATI","3581"
"47433","SUMBERJATI","3620"
"47434","SUMBERJATI","3800"
"47435","SUMBERJATI","3798"
"47436","SUMBERJATI","3635"
"47437","SUMBERJAYA","3702"
"47438","SUMBERJO","3405"
"47439","SUMBERJO","3492"
"47440","SUMBERJO","3620"
"47441","SUMBERJO","3524"
"47442","SUMBERJO","3764"
"47443","SUMBERJO","3478"
"47444","SUMBERJO","3333"
"47445","SUMBERJO","3605"
"47446","SUMBERJO","3622"
"47447","SUMBERJO","3631"
"47448","SUMBERJO","3336"
"47449","SUMBERJO","3726"
"47450","SUMBERKALONG","3616"
"47451","SUMBERKARANG","3762"
"47452","SUMBERKARE","3847"
"47453","SUMBERKATIMOHO","3754"
"47454","SUMBERKEMBAR","3625"
"47455","SUMBERKEMUNING","3851"
"47456","SUMBERKENCONO","3243"
"47457","SUMBERKEPUH","3489"
"47458","SUMBERKERANG","3544"
"47459","SUMBERKEREP","3865"
"47460","SUMBERKERTO","3795"
"47461","SUMBERKLEDUNG","3531"
"47462","SUMBERKOKAP","3814"
"47463","SUMBERKRADENAN","3268"
"47464","SUMBERKRAMAT","3585"
"47465","SUMBERLELE","3249"
"47466","SUMBERMALANG","3262"
"47467","SUMBERMANJING KULON","3795"
"47468","SUMBERMANJING WETAN","3290"
"47469","SUMBERMIRI","3402"
"47470","SUMBERMUJUR","3720"
"47471","SUMBERMULYO","3855"
"47472","SUMBERNANGKA","3279"
"47473","SUMBEROTO","3517"
"47474","SUMBEROTO","3409"
"47475","SUMBERPAKEM","3790"
"47476","SUMBERPANDAN","3743"
"47477","SUMBERPASIR","3268"
"47478","SUMBERPETUNG","3297"
"47479","SUMBERPETUNG","3254"
"47480","SUMBERPOH","3678"
"47481","SUMBERPUCUNG","3834"
"47482","SUMBERPUTIH","3426"
"47483","SUMBERREJO (SOMBE REJO)","3328"
"47484","SUMBERREJO","3260"
"47485","SUMBERREJO","3853"
"47486","SUMBERREJO","3720"
"47487","SUMBERREJO","3795"
"47488","SUMBERREJO","3521"
"47489","SUMBERREJO","3530"
"47490","SUMBERRINGIN","3493"
"47491","SUMBERSALAM","3570"
"47492","SUMBERSARI","3760"
"47493","SUMBERSARI","3790"
"47494","SUMBERSARI","3410"
"47495","SUMBERSARI","3756"
"47496","SUMBERSARI","3286"
"47497","SUMBERSARI","3369"
"47498","SUMBERSARI","3809"
"47499","SUMBERSARI","3359"
"47500","SUMBERSARI","3281"
"47501","SUMBERSARI","3388"
"47502","SUMBERSAWIT","3716"
"47503","SUMBERSECANG","3572"
"47504","SUMBERSEKAR","3786"
"47505","SUMBERSEWU","3648"
"47506","SUMBERSIH","3392"
"47507","SUMBERSONO","3762"
"47508","SUMBERSONO","3402"
"47509","SUMBERSUKO","3739"
"47510","SUMBERSUKO","3255"
"47511","SUMBERSUKO","3634"
"47512","SUMBERSUKO","3820"
"47513","SUMBERSUKO","3826"
"47514","SUMBERSUKO","3747"
"47515","SUMBERTANGGUL","3312"
"47516","SUMBERTANGKIL","3270"
"47517","SUMBERTEBU","3473"
"47518","SUMBERTENGAH","3559"
"47519","SUMBERTENGAH","3650"
"47520","SUMBERURIP","3877"
"47521","SUMBERWANGI","3387"
"47522","SUMBERWARU","3541"
"47523","SUMBERWARU","3559"
"47524","SUMBERWARU","3294"
"47525","SUMBERWARU","3866"
"47526","SUMBERWINDU","3416"
"47527","SUMBERWONO","3473"
"47528","SUMBERWRINGIN","3780"
"47529","SUMBERWUDI","3523"
"47530","SUMBERWULUH","3720"
"47531","SUMBERWULUH","3459"
"47532","SUMEDANGAN","3341"
"47533","SUMENDI","3585"
"47534","SUMENGKO","3259"
"47535","SUMENGKO","3581"
"47536","SUMENGKO","3683"
"47537","SUMENGKO","3525"
"47538","SUMENGKO","3460"
"47539","SUMENGKO","3357"
"47540","SUMENGKO","3866"
"47541","SUMOBITO","3340"
"47542","SUMODIKARAN","3749"
"47543","SUMOKALI","3408"
"47544","SUMOKEMBANGSRI","3373"
"47545","SUMOLAWANG","3415"
"47546","SUMORAME","3408"
"47547","SUMPUT","3427"
"47548","SUMPUT","3506"
"47549","SUMUR DALAM","3235"
"47550","SUMUR GENUK","3329"
"47551","SUMUR KUNING (SOMOR KONENG)","3571"
"47552","SUMUR WELUT","3467"
"47553","SUMURAGUNG","3503"
"47554","SUMURAGUNG","3521"
"47555","SUMURBER","3552"
"47556","SUMURCINDE","3485"
"47557","SUMURGAYAM","3533"
"47558","SUMURGENENG","3599"
"47559","SUMURGUNG","3689"
"47560","SUMURGUNG","3728"
"47561","SUMURGUNG","3579"
"47562","SUMURJALAK","3456"
"47563","SUMURMATI","3261"
"47564","SUMURSONGO","3674"
"47565","SUMURUP","3676"
"47566","SUNDUL","3709"
"47567","SUNGAI RUJING","3401"
"47568","SUNGAI TELUK","3401"
"47569","SUNGEGENENG","3637"
"47570","SUNGELEBAK","3523"
"47571","SUNGI KULON","3869"
"47572","SUNGI WETAN","3869"
"47573","SUNGONLEGOWO","3218"
"47574","SUPENUH","3383"
"47575","SUPITURANG","3877"
"47576","SURABAYAN","3425"
"47577","SURAT","3653"
"47578","SURATMAJAN","3822"
"47579","SUREN","3859"
"47580","SUREN","3362"
"47581","SURENLOR","3676"
"47582","SURODAKAN","3758"
"47583","SURODIKRAMAN","3488"
"47584","SURODINAWAN","3658"
"47585","SUROWITI","3552"
"47586","SURU (SERU)","3594"
"47587","SURU","3459"
"47588","SURU","3763"
"47589","SURU","3657"
"47590","SURUH","3687"
"47591","SURUH","3277"
"47592","SURUH","3794"
"47593","SURUHAN KIDUL","3452"
"47594","SURUHAN LOR","3452"
"47595","SURUHWADANG","3620"
"47596","SUSUHBANGO","3576"
"47597","SUSUKAN REJO","3869"
"47598","SUTOJAYAN","3812"
"47599","SUWAAN","3245"
"47600","SUWALAN","3599"
"47601","SUWALOH","3396"
"47602","SUWALUH","3373"
"47603","SUWALUH","3481"
"47604","SUWARI","3401"
"47605","SUWARU","3452"
"47606","SUWARU","3393"
"47607","SUWAYUWO","3717"
"47608","TAAL","3731"
"47609","TADDAN","3278"
"47610","TAGUBANG (TOGUBANG)","3539"
"47611","TAGUNGGUH","3221"
"47612","TAHULU","3666"
"47613","TAHUNAN BARU","3803"
"47614","TAHUNAN","3803"
"47615","TAJI","3287"
"47616","TAJI","3674"
"47617","TAJI","3659"
"47618","TAJINAN","3826"
"47619","TAJUG","3640"
"47620","TAJUNG WIDORO","3218"
"47621","TAJUNGAN","3642"
"47622","TAKERAN","3782"
"47623","TAKERANKLATING","3381"
"47624","TAKERHARJO","3547"
"47625","TALAGA","3569"
"47626","TALAGA","3876"
"47627","TALANG","3691"
"47628","TALANG","3513"
"47629","TALANG","3226"
"47630","TALANG","3766"
"47631","TALANGAGUNG","3284"
"47632","TALANGKEMBAR","3689"
"47633","TALANGO","3711"
"47634","TALANGSUKO","3804"
"47635","TALES","3337"
"47636","TALKADANG","3742"
"47637","TALKANDANG","3757"
"47638","TALOK","3762"
"47639","TALOK","3683"
"47640","TALOK","3804"
"47641","TALUN KIDUL","3340"
"47642","TALUN","3689"
"47643","TALUN","3819"
"47644","TALUN","3513"
"47645","TALUN","3521"
"47646","TALUN","3365"
"47647","TALUNBLANDONG","3459"
"47648","TALUNKULON","3452"
"47649","TALUNREJO","3515"
"47650","TAMAN ARUM","3488"
"47651","TAMAN PRIJEK","3682"
"47652","TAMAN SAREH","3220"
"47653","TAMAN SARI","3770"
"47654","TAMAN SARI","3249"
"47655","TAMAN SARI","3241"
"47656","TAMAN","3743"
"47657","TAMAN","3306"
"47658","TAMAN","3240"
"47659","TAMAN","3472"
"47660","TAMAN","3241"
"47661","TAMAN","3814"
"47662","TAMAN","3514"
"47663","TAMAN","3587"
"47664","TAMANAGUNG","3608"
"47665","TAMANAN","3445"
"47666","TAMANAN","3447"
"47667","TAMANAN","3851"
"47668","TAMANAN","3758"
"47669","TAMANAN","3354"
"47670","TAMANARUM","3709"
"47671","TAMANASRI","3291"
"47672","TAMANASRI","3718"
"47673","TAMANAYU","3877"
"47674","TAMANBARU","3853"
"47675","TAMANHARJO","3283"
"47676","TAMANKUNCARAN","3270"
"47677","TAMANKURSI","3241"
"47678","TAMANSARE","3437"
"47679","TAMANSARI","3291"
"47680","TAMANSARI","3343"
"47681","TAMANSARI","3498"
"47682","TAMANSARI","3862"
"47683","TAMANSARI","3753"
"47684","TAMANSARI","3733"
"47685","TAMANSARI","3266"
"47686","TAMANSATRIYAN","3270"
"47687","TAMANSURUH","3389"
"47688","TAMBAAGUNG ARES","3263"
"47689","TAMBAAGUNG BARAT","3263"
"47690","TAMBAAGUNG TENGAH","3263"
"47691","TAMBAAGUNG TIMUR","3263"
"47692","TAMBAAN","3278"
"47693","TAMBAAN","3464"
"47694","TAMBAHREJO","3720"
"47695","TAMBAHREJO","3387"
"47696","TAMBAK ASRI","3290"
"47697","TAMBAK BAYAN","3488"
"47698","TAMBAK BOYO","3835"
"47699","TAMBAK CEMANDI","3495"
"47700","TAMBAK DONO","3328"
"47701","TAMBAK KALISOGO","3419"
"47702","TAMBAK KEMERAKAN","3563"
"47703","TAMBAK LANGON","3310"
"47704","TAMBAK LEKOK","3242"
"47705","TAMBAK OSO","3629"
"47706","TAMBAK POCOK","3221"
"47707","TAMBAK REJO","3492"
"47708","TAMBAK REJO","3380"
"47709","TAMBAK REJO","3629"
"47710","TAMBAK SARI","3724"
"47711","TAMBAK SAWAH","3629"
"47712","TAMBAK SUMUR","3629"
"47713","TAMBAK UKIR","3424"
"47714","TAMBAK WEDI","3696"
"47715","TAMBAK","3280"
"47716","TAMBAK","3761"
"47717","TAMBAKAGUNG","3415"
"47718","TAMBAKAN","3610"
"47719","TAMBAKAN","3710"
"47720","TAMBAKASRI","3826"
"47721","TAMBAKBERAS","3526"
"47722","TAMBAKBOYO","3604"
"47723","TAMBAKMAS","3334"
"47724","TAMBAKMAS","3447"
"47725","TAMBAKMENJANGAN","3631"
"47726","TAMBAKMERAK","3575"
"47727","TAMBAKOSO WILANGON","3854"
"47728","TAMBAKPLOSO","3351"
"47729","TAMBAKREJO","3259"
"47730","TAMBAKREJO","3219"
"47731","TAMBAKREJO","3308"
"47732","TAMBAKREJO","3404"
"47733","TAMBAKREJO","3565"
"47734","TAMBAKREJO","3648"
"47735","TAMBAKREJO","3450"
"47736","TAMBAKREJO","3300"
"47737","TAMBAKREJO","3271"
"47738","TAMBAKREJO","3502"
"47739","TAMBAKREJO","3857"
"47740","TAMBAKREJO","3609"
"47741","TAMBAKREJO","3290"
"47742","TAMBAKREJO","3585"
"47743","TAMBAKREJO","3824"
"47744","TAMBAKRIGADUNG","3381"
"47745","TAMBAKROMO","3348"
"47746","TAMBAKROMO","3432"
"47747","TAMBAKROMO","3504"
"47748","TAMBAKSARI","3308"
"47749","TAMBAKSARI","3428"
"47750","TAMBAKSARI","3775"
"47751","TAMBAKUKIR","3742"
"47752","TAMBAN","3481"
"47753","TAMBANG","3520"
"47754","TAMBAR","3232"
"47755","TAMBEGAN","3301"
"47756","TAMBELANG","3630"
"47757","TAMBELANGAN","3491"
"47758","TAMBERU BARAT","3645"
"47759","TAMBERU DAYA","3645"
"47760","TAMBERU LAOK","3645"
"47761","TAMBERU TIMUR","3645"
"47762","TAMBERU","3474"
"47763","TAMBIBENDO","3653"
"47764","TAMBIN","3233"
"47765","TAMBONG","3344"
"47766","TAMBRAN","3565"
"47767","TAMBUKO","3384"
"47768","TAMBUNG","3341"
"47769","TAMEDUNG","3537"
"47770","TAMIAJENG","3603"
"47771","TAMPING MOJO","3590"
"47772","TAMPO","3608"
"47773","TAMPOJUNG GUWA","3370"
"47774","TAMPOJUNG PREGI","3370"
"47775","TAMPOJUNG TENGAH","3370"
"47776","TAMPOJUNG TENGGINA","3370"
"47777","TAMPUNG","3242"
"47778","TAMPUNG","3810"
"47779","TAMPUNGREJO","3415"
"47780","TANAH GURAH BARAT (TANAGURA BARAT)","3475"
"47781","TANAH GURAH TEMOR (TANAGURA TIMUR)","3475"
"47782","TANAH KALI KEDINDING","3696"
"47783","TANAH MERAH DAJAH","3360"
"47784","TANAH MERAH LAOK","3360"
"47785","TANAH MERAH","3226"
"47786","TANAH MERAH","3686"
"47787","TANAHLANDEAN","3331"
"47788","TANAHMERAH","3876"
"47789","TANAHWULAN","3790"
"47790","TANDES (KIDUL / LOR / GEDANG ASIN)","3407"
"47791","TANDONGSENTUL (TANDON SENTUL)","3673"
"47792","TANEN","3303"
"47793","TANGGALREJO","3638"
"47794","TANGGARAN","3843"
"47795","TANGGIR","3432"
"47796","TANGGIR","3644"
"47797","TANGGUL KULON","3751"
"47798","TANGGUL WETAN","3751"
"47799","TANGGUL","3588"
"47800","TANGGULANGIN","3256"
"47801","TANGGULANGIN","3689"
"47802","TANGGULANGIN","3860"
"47803","TANGGULKUNDUNG","3632"
"47804","TANGGULREJO","3528"
"47805","TANGGULTURUS","3632"
"47806","TANGGULWELAHAN","3632"
"47807","TANGGUMONG","3220"
"47808","TANGGUNG KRAMAT","3582"
"47809","TANGGUNG","3715"
"47810","TANGGUNG","3612"
"47811","TANGGUNG","3325"
"47812","TANGGUNG","3804"
"47813","TANGGUNGAN","3503"
"47814","TANGGUNGAN","3651"
"47815","TANGGUNGAN","3442"
"47816","TANGGUNGAN","3333"
"47817","TANGGUNGGUNUNG","3841"
"47818","TANGGUNGPRIGEL","3468"
"47819","TANGKIL","3499"
"47820","TANGKIL","3324"
"47821","TANGKILSARI","3826"
"47822","TANGSIL KULON","3570"
"47823","TANGSIL WETAN","3616"
"47824","TANGUNAN","3415"
"47825","TANJANGAWAN","3556"
"47826","TANJANGRONO","3450"
"47827","TANJEG WAGIR","3404"
"47828","TANJUNG ANOM","3489"
"47829","TANJUNG BUMI","3221"
"47830","TANJUNG GLUGUR","3872"
"47831","TANJUNG GUNUNG","3345"
"47832","TANJUNG GUNUNG","3672"
"47833","TANJUNG HARJO","3378"
"47834","TANJUNG JATI","3642"
"47835","TANJUNG KALANG","3496"
"47836","TANJUNG KAMAL","3872"
"47837","TANJUNG LOR","3664"
"47838","TANJUNG PECINAN","3872"
"47839","TANJUNG REJO","3266"
"47840","TANJUNG SARI","3840"
"47841","TANJUNG SARI","3656"
"47842","TANJUNG TANI","3400"
"47843","TANJUNG WADUNG","3493"
"47844","TANJUNG","3606"
"47845","TANJUNG","3553"
"47846","TANJUNG","3554"
"47847","TANJUNG","3431"
"47848","TANJUNG","3524"
"47849","TANJUNG","3341"
"47850","TANJUNG","3613"
"47851","TANJUNG","3805"
"47852","TANJUNG","3258"
"47853","TANJUNG","3226"
"47854","TANJUNG","3380"
"47855","TANJUNGAN","3427"
"47856","TANJUNGAN","3628"
"47857","TANJUNGARUM","3717"
"47858","TANJUNGKENONGO","3625"
"47859","TANJUNGKIAOK","3878"
"47860","TANJUNGORI","3761"
"47861","TANJUNGPURO","3664"
"47862","TANJUNGREJO","3345"
"47863","TANJUNGREJO","3334"
"47864","TANJUNGREJO","3368"
"47865","TANJUNGREJO","3353"
"47866","TANJUNGREJO","3644"
"47867","TANJUNGREJO","3372"
"47868","TANJUNGREJO","3585"
"47869","TANJUNGSARI","3598"
"47870","TANJUNGSARI","3691"
"47871","TANJUNGSARI","3316"
"47872","TANJUNGSARI","3754"
"47873","TANJUNGSARI","3300"
"47874","TANJUNGSARI","3511"
"47875","TANJUNGSARI","3880"
"47876","TANJUNGSARI","3587"
"47877","TANJUNGSARI","3787"
"47878","TANJUNGSEPREH","3822"
"47879","TANON","3755"
"47880","TAPAAN","3305"
"47881","TAPAAN","3374"
"47882","TAPAK","3511"
"47883","TAPAKREJO","3708"
"47884","TAPAN","3469"
"47885","TAPANREJO","3648"
"47886","TAPELAN","3314"
"47887","TAPELAN","3378"
"47888","TAPELAN","3442"
"47889","TAPEN","3382"
"47890","TAPEN","3777"
"47891","TAPEN","3731"
"47892","TARABAN","3660"
"47893","TAREBUNG","3799"
"47894","TARIK","3412"
"47895","TAROGAN","3436"
"47896","TAROKAN","3248"
"47897","TAROKAN","3654"
"47898","TARO\AN","3257"
"47899","TARUM","3451"
"47900","TASIKHARJO","3599"
"47901","TASIKMADU","3760"
"47902","TASIKMADU","3728"
"47903","TASIKMADU","3778"
"47904","TATTANGOH","3350"
"47905","TATUNG","3361"
"47906","TAWANG REJO","3643"
"47907","TAWANG REJO","3494"
"47908","TAWANG SARI","3607"
"47909","TAWANG","3781"
"47910","TAWANGAGUNG","3291"
"47911","TAWANGANOM","3565"
"47912","TAWANGARGO","3267"
"47913","TAWANGREJENI","3804"
"47914","TAWANGREJO","3574"
"47915","TAWANGREJO","3581"
"47916","TAWANGREJO","3856"
"47917","TAWANGREJO","3319"
"47918","TAWANGREJO","3782"
"47919","TAWANGREJO","3351"
"47920","TAWANGREJO","3796"
"47921","TAWANGSARI","3469"
"47922","TAWANGSARI","3621"
"47923","TAWANGSARI","3587"
"47924","TAWANGSARI","3420"
"47925","TAWAR","3376"
"47926","TAWARAN","3618"
"47927","TAWING","3611"
"47928","TAWING","3479"
"47929","TAWUN","3721"
"47930","TEBALO","3528"
"47931","TEBALOAN","3259"
"47932","TEBANAH","3305"
"47933","TEBAS","3366"
"47934","TEBEL","3501"
"47935","TEBEL","3457"
"47936","TEBLURU","3547"
"47937","TEBON","3480"
"47938","TEBON","3519"
"47939","TEBUL BARAT","3258"
"47940","TEBUL TIMUR","3258"
"47941","TEBUL","3571"
"47942","TEBUWUNG","3326"
"47943","TEGAL BESAR","3839"
"47944","TEGAL GEDE","3281"
"47945","TEGAL MOJO","3531"
"47946","TEGAL SIWALAN","3531"
"47947","TEGAL SONO","3531"
"47948","TEGAL WANGI","3787"
"47949","TEGAL WARU","3873"
"47950","TEGALAGUNG","3597"
"47951","TEGALAMPEL","3860"
"47952","TEGALAN","3646"
"47953","TEGALARUM","3606"
"47954","TEGALARUM","3808"
"47955","TEGALASRI","3324"
"47956","TEGALBANG","3728"
"47957","TEGALBANGSRI","3254"
"47958","TEGALCIUT","3780"
"47959","TEGALDLIMO","3852"
"47960","TEGALGONDO","3267"
"47961","TEGALHARJO","3707"
"47962","TEGALJATI","3881"
"47963","TEGALKODO","3783"
"47964","TEGALMIJIN","3743"
"47965","TEGALOMBO","3688"
"47966","TEGALOMBO","3803"
"47967","TEGALPASIR","3821"
"47968","TEGALRANDU","3780"
"47969","TEGALREJO","3770"
"47970","TEGALREJO","3873"
"47971","TEGALREJO","3666"
"47972","TEGALREJO","3434"
"47973","TEGALREJO","3303"
"47974","TEGALREJO","3829"
"47975","TEGALREJO","3290"
"47976","TEGALREJO","3753"
"47977","TEGALREJO","3704"
"47978","TEGALREJO","3500"
"47979","TEGALSARI","3260"
"47980","TEGALSARI","3734"
"47981","TEGALSARI","3284"
"47982","TEGALSARI","3753"
"47983","TEGALSARI","3769"
"47984","TEGALSARI","3500"
"47985","TEGALWATU","3275"
"47986","TEGALWERU","3786"
"47987","TEGANGSER DAYA","3577"
"47988","TEGANGSER LAOK (TAGANGSER LAOK)","3370"
"47989","TEGAREN","3435"
"47990","TEGARON","3400"
"47991","TEGERPRIYAH (TEGARPRIYAH)","3539"
"47992","TEGOWANGI","3512"
"47993","TEGUHAN","3593"
"47994","TEGUHAN","3322"
"47995","TEJAH / TEJA BARAT","3567"
"47996","TEJAH / TEJA TIMUR","3567"
"47997","TEJO","3387"
"47998","TEJO","3638"
"47999","TEJOASRI","3682"
"48000","TEJOWANGI","3379"
