"id","nama_desa","kecamatan_id"
"10001","PEKAN BANDAR KHALIPAH","511"
"10002","PEKAN BESITANG","610"
"10003","PEKAN BINJAI","587"
"10004","PEKAN DOLOK MASIHUL","426"
"10005","PEKAN GEBANG","376"
"10006","PEKAN GUNUNG MERIAH","597"
"10007","PEKAN HILISIMAETANO","576"
"10008","PEKAN KEMIS","426"
"10009","PEKAN KUALA","477"
"10010","PEKAN LABUHAN","589"
"10011","PEKAN SAWAH","583"
"10012","PEKAN SELESAI","582"
"10013","PEKAN SIALANG BUAH","599"
"10014","PEKAN TANJUNG BERINGIN","446"
"10015","PEKAN TANJUNG MORAWA","352"
"10016","PEKAN TANJUNG PURA","469"
"10017","PEKUBUAN","469"
"10018","PELANGGIRAN LAUT TADOR","609"
"10019","PELAWI SELATAN","608"
"10020","PELAWI UTARA","608"
"10021","PELITA","507"
"10022","PELITA","607"
"10023","PEMATANG ASILUM","510"
"10024","PEMATANG BANDAR","501"
"10025","PEMATANG BIARA","447"
"10026","PEMATANG CENGAL BARAT","469"
"10027","PEMATANG CENGAL","469"
"10028","PEMATANG CENGKERING","347"
"10029","PEMATANG CERMAI","446"
"10030","PEMATANG DOLOK KAHEAN","566"
"10031","PEMATANG GAJING","510"
"10032","PEMATANG GANJANG","621"
"10033","PEMATANG GUNTUNG","599"
"10034","PEMATANG JERING","609"
"10035","PEMATANG JOHAR","668"
"10036","PEMATANG KASIH","423"
"10037","PEMATANG KERASAAN REJO","458"
"10038","PEMATANG KERASAAN","458"
"10039","PEMATANG KUALA","599"
"10040","PEMATANG KUNING","609"
"10041","PEMATANG LALANG","411"
"10042","PEMATANG MARIHAT","710"
"10043","PEMATANG NIBUNG","347"
"10044","PEMATANG PANE","537"
"10045","PEMATANG PANJANG","427"
"10046","PEMATANG PANJANG","378"
"10047","PEMATANG PANOMBEIAN","537"
"10048","PEMATANG PASIR","591"
"10049","PEMATANG PELINTAHAN","621"
"10050","PEMATANG PURBA","673"
"10051","PEMATANG RAMBE","443"
"10052","PEMATANG RAYA","453"
"10053","PEMATANG SERAI","469"
"10054","PEMATANG SETERAK (STRAK)","599"
"10055","PEMATANG SIDAMANIK","500"
"10056","PEMATANG SIJONAM","297"
"10057","PEMATANG SILAMPUYANG","633"
"10058","PEMATANG SIMALUNGUN","633"
"10059","PEMATANG SLANG (SELENG)","512"
"10060","PEMATANG SUNGAI / SEI BARU","432"
"10061","PEMATANG SYAHKUDA (SAH KUDA)","510"
"10062","PEMATANG TAMBUN RAYA","500"
"10063","PEMATANG TANAH JAWA","456"
"10064","PEMATANG TATAL","297"
"10065","PEMATANG TENGAH","378"
"10066","PEMATANG TENGAH","628"
"10067","PEMATANG TENGAH","469"
"10068","PEMATANG TERANG","446"
"10069","PEMATANG","330"
"10070","PENAMPEN","544"
"10071","PENAMPEN","660"
"10072","PENANGGALAN BINANGA BOANG","598"
"10073","PENARA KEBON / KEBUN","352"
"10074","PENEN","385"
"10075","PENGGALANGAN","476"
"10076","PENGGALANGAN","465"
"10077","PENGGALIAN","465"
"10078","PENONGGOL","461"
"10079","PENUNGKIREN","661"
"10080","PER RIA RIA","385"
"10081","PERASMIAN","570"
"10082","PERBAHINGAN","490"
"10083","PERBAJI","660"
"10084","PERBANGUNAN","516"
"10085","PERBARAKAN","492"
"10086","PERBATASAN","312"
"10087","PERBAUNGAN","512"
"10088","PERBESI","568"
"10089","PERBULAN","615"
"10090","PERCUT","411"
"10091","PERDAGANGAN I","458"
"10092","PERDAGANGAN II","458"
"10093","PERDAGANGAN III","458"
"10094","PERDAMAIAN","422"
"10095","PERDAMAINA (PERDAMEAN)","701"
"10096","PERDAMEAN (PERDAMAIAN)","352"
"10097","PERDAMEAN","475"
"10098","PERDUHAPEN","700"
"10099","PERGAJAHAN / PEGAJAHAN HULU","498"
"10100","PERGAJAHAN / PEGAJAHAN KAHAN","498"
"10101","PERGENDANGEN","568"
"10102","PERGULAAN","621"
"10103","PERGUROAN (PERGURUAN)","449"
"10104","PERHIASAN","582"
"10105","PERHUTAAN SILAU","620"
"10106","PERINTIS","638"
"10107","PERJAGA","489"
"10108","PERJUANGAN","484"
"10109","PERJUANGAN","585"
"10110","PERJUANGAN","636"
"10111","PERJUANGAN","591"
"10112","PERK. SIMPANG GAMBIR","312"
"10113","PERKEBUNAN AEK BURU SELATAN","496"
"10114","PERKEBUNAN AEK NAGAGA","555"
"10115","PERKEBUNAN AEK PAMINGKE","293"
"10116","PERKEBUNAN AEK TARUM","341"
"10117","PERKEBUNAN AFDELING I RANTAU PRAPAT","496"
"10118","PERKEBUNAN AFDELING II RANTAU PRAPAT","496"
"10119","PERKEBUNAN AIR BATU I-II","375"
"10120","PERKEBUNAN AIR BATU III-IV","375"
"10121","PERKEBUNAN AMALTANI","396"
"10122","PERKEBUNAN BANDAR PULAU","299"
"10123","PERKEBUNAN BANDAR SELAMAT","299"
"10124","PERKEBUNAN BANDAR TELU","296"
"10125","PERKEBUNAN BATANG SEPONGGOL","380"
"10126","PERKEBUNAN BATANG TORU","346"
"10127","PERKEBUNAN BEKIUN","477"
"10128","PERKEBUNAN BERANGIR","330"
"10129","PERKEBUNAN BILAH","685"
"10130","PERKEBUNAN BRUSSEL","324"
"10131","PERKEBUNAN BUKIT LAWANG","558"
"10132","PERKEBUNAN BUNGARA","558"
"10133","PERKEBUNAN DAMAR CONDONG","628"
"10134","PERKEBUNAN DOLOK","378"
"10135","PERKEBUNAN GELUGUR LANGKAT","296"
"10136","PERKEBUNAN GUNUNG MELAYU","555"
"10137","PERKEBUNAN HALIM B","293"
"10138","PERKEBUNAN HANNA","328"
"10139","PERKEBUNAN HAPESONG","346"
"10140","PERKEBUNAN HESSA","420"
"10141","PERKEBUNAN KANOPAN ULU","328"
"10142","PERKEBUNAN KWALA GUNUNG","378"
"10143","PERKEBUNAN LABUHAN HAJI","328"
"10144","PERKEBUNAN LIMA PULUH","378"
"10145","PERKEBUNAN LIMAU MANIS","378"
"10146","PERKEBUNAN LONDUT","328"
"10147","PERKEBUNAN MAMBANG / MEMBANG MUDA","328"
"10148","PERKEBUNAN MARBAU SELATAN","324"
"10149","PERKEBUNAN MARIKIE","688"
"10150","PERKEBUNAN MILANO","324"
"10151","PERKEBUNAN NAGODANG","663"
"10152","PERKEBUNAN NAMOTONGAN","688"
"10153","PERKEBUNAN NEGERI LAMA","685"
"10154","PERKEBUNAN NORMARK","663"
"10155","PERKEBUNAN PADANG HALABAN","329"
"10156","PERKEBUNAN PADANG PULAU","341"
"10157","PERKEBUNAN PANGKATAN","687"
"10158","PERKEBUNAN PANIGORAN","329"
"10159","PERKEBUNAN PATILUBAN","480"
"10160","PERKEBUNAN PERAPEN","628"
"10161","PERKEBUNAN PERLABIAN","380"
"10162","PERKEBUNAN PERNANTIAN","324"
"10163","PERKEBUNAN PETATAL","521"
"10164","PERKEBUNAN PIJOR KOLING","654"
"10165","PERKEBUNAN PULAHAN","375"
"10166","PERKEBUNAN PULAU RAMBUNG","558"
"10167","PERKEBUNAN RAMONIA (RAMUNIA)","447"
"10168","PERKEBUNAN SEI BALAI (BALEH)","381"
"10169","PERKEBUNAN SEI BALAI","585"
"10170","PERKEBUNAN SEI BEJANGKAR","585"
"10171","PERKEBUNAN SEI DADAP I-II","467"
"10172","PERKEBUNAN SEI DADAP III-IV","467"
"10173","PERKEBUNAN SEI MUSAM","558"
"10174","PERKEBUNAN SEI SILAU","399"
"10175","PERKEBUNAN SENNAH","685"
"10176","PERKEBUNAN SIMARPINGGAN","342"
"10177","PERKEBUNAN SIPARE-PARE","609"
"10178","PERKEBUNAN SUKA RAJA","420"
"10179","PERKEBUNAN TAMBUNAN","296"
"10180","PERKEBUNAN TANAH DATAR","521"
"10181","PERKEBUNAN TANAH GAMBUS","378"
"10182","PERKEBUNAN TANAH ITAM HILIR","378"
"10183","PERKEBUNAN TANAH ITAM HULU","378"
"10184","PERKEBUNAN TANJUNG BERINGIN","543"
"10185","PERKEBUNAN TANJUNG KASAU","609"
"10186","PERKEBUNAN TANJUNG KELILING","296"
"10187","PERKEBUNAN TELUK DALAM","382"
"10188","PERKEBUNAN TELUK PANJI","380"
"10189","PERKEBUNAN TOLAN (PEKAN TOLAN)","380"
"10190","PERKEBUNAN TOLAN I / II","380"
"10191","PERKEBUNAN TURANGI","558"
"10192","PERKEBUNAN","353"
"10193","PERKOTAAN","427"
"10194","PERKOTAAN","625"
"10195","PERLABIAN (KAMPUNG PERLABIAN)","380"
"10196","PERLANAAN","458"
"10197","PERLIS","690"
"10198","PERNANTIN","560"
"10199","PEROLIHEN","489"
"10200","PERPANDEN","697"
"10201","PERSADANTA","544"
"10202","PERSATUAN","525"
"10203","PERSIAKAN","513"
"10204","PERTAHANAN","516"
"10205","PERTAMBATAN","426"
"10206","PERTAMPILAN (PERTAMPILEN)","542"
"10207","PERTAPAAN","461"
"10208","PERTEGUHEN","580"
"10209","PERTENGAHAN","354"
"10210","PERTIBI LAMA","387"
"10211","PERTIBITEMBE","387"
"10212","PERTUMBUKAN","590"
"10213","PERTUMBUKEN","544"
"10214","PERTUMBUKEN","568"
"10215","PERTUMBUNGEN","503"
"10216","PERUMNAS SIMALINGKAR","542"
"10217","PERUPUK","378"
"10218","PERWIRA","682"
"10219","PETANGGUHAN","495"
"10220","PETAPAHAN","474"
"10221","PETATAL","521"
"10222","PETISAH HULU","441"
"10223","PETISAH TENGAH","722"
"10224","PETUMBUKAN","495"
"10225","PIASA ULU","715"
"10226","PIDOLI DOLOK","291"
"10227","PIDOLI LOMBANG","291"
"10228","PIJOR KOLING","322"
"10229","PIJOR KOLING","654"
"10230","PIJOR KOLING","323"
"10231","PINAGAR","429"
"10232","PINANG BARU","659"
"10233","PINANG DAME","304"
"10234","PINANG MANCUNG","507"
"10235","PINANG RATUS","451"
"10236","PINANGGIRIPAN","375"
"10237","PINANGSORI","659"
"10238","PINARIK","362"
"10239","PINARIK","326"
"10240","PINTU AIR","393"
"10241","PINTU BATU","627"
"10242","PINTU BESI","580"
"10243","PINTU BOSI","315"
"10244","PINTU BOSI","431"
"10245","PINTU LANGIT JAE","559"
"10246","PINTU PADANG JAE","313"
"10247","PINTU PADANG JULU","313"
"10248","PINTU PADANG MANDALASENA","359"
"10249","PINTU PADANG MERDEKA","322"
"10250","PINTU PADANG RAYA DUA","319"
"10251","PINTU PADANG RAYA SATU","319"
"10252","PINTU PADANG","342"
"10253","PINTU PADANG","551"
"10254","PINTU PADANG","368"
"10255","PINTU POHAN DOLOK","400"
"10256","PINTU POHAN","400"
"10257","PINTU SONA","348"
"10258","PIR ADB BESITANG","610"
"10259","PIRTRANS SOSA II","390"
"10260","PISANG PALA","495"
"10261","PISPIS","468"
"10262","PLASMA MONDANG (TRANS SOSA IV)","365"
"10263","POHAN JAE","463"
"10264","POHAN JULU","463"
"10265","POHAN TONGA","463"
"10266","POLA TEBU","409"
"10267","POLDUNG","293"
"10268","POLLING ANAK-ANAK","471"
"10269","POLLUNG","344"
"10270","POLONIA","416"
"10271","PON (KAMPUNG PON)","476"
"10272","PONDOK BATU","512"
"10273","PONDOK BATU","721"
"10274","PONDOK BULUH","491"
"10275","PONDOK BUNGUR","717"
"10276","PONDOK SAYUR","712"
"10277","PONDOK TENGAH","584"
"10278","PORTIBI JAE","323"
"10279","PORTIBI JULU","323"
"10280","PP MAKMUR","357"
"10281","PRAPAT JANJI","399"
"10282","PROKLAMASI","530"
"10283","PRONGIL","616"
"10284","PUANG AJA","488"
"10285","PUDUN JAE","306"
"10286","PUDUN JULU","306"
"10287","PUJI MULYO","669"
"10288","PUJIDADI","592"
"10289","PULAU BANYAK","469"
"10290","PULAU BOGI","486"
"10291","PULAU GAMBAR","460"
"10292","PULAU KAMPAI","393"
"10293","PULAU MARIA","382"
"10294","PULAU PULE","375"
"10295","PULAU RAKYAT PEKAN","525"
"10296","PULAU RAKYAT TUA","525"
"10297","PULAU SEJUK","378"
"10298","PULAU SEMBILAN","393"
"10299","PULAU SEMIKAT","396"
"10300","PULAU SIMARDAN","617"
"10301","PULAU TAGOR BATU","495"
"10302","PULAU TAGOR","460"
"10303","PULAU TAMANG","526"
"10304","PULAU TANJUNG","382"
"10305","PULI BUAH","405"
"10306","PULO BANDRING","620"
"10307","PULO BARGOT","324"
"10308","PULO BARIAN / BARIANG","593"
"10309","PULO BAYU","464"
"10310","PULO BRAYAN BENGKEL BARU","638"
"10311","PULO BRAYAN BENGKEL","638"
"10312","PULO BRAYAN DARAT I","638"
"10313","PULO BRAYAN DARAT II","638"
"10314","PULO BRAYAN KOTA","651"
"10315","PULO DOGOM","328"
"10316","PULO GODANG","403"
"10317","PULO JANTAN","330"
"10318","PULO LIMAN (LIMO)","326"
"10319","PULO PADANG","351"
"10320","PULO PAKKAT I","684"
"10321","PULO PAKKAT II","684"
"10322","PULO PITU MARIHAT","314"
"10323","PUNCAK LOLOMATUA","406"
"10324","PUNDEN REJO","352"
"10325","PUNGGULAN","379"
"10326","PURAKA I PERTAMINA","394"
"10327","PURAKA II","394"
"10328","PURBA BARINGIN","403"
"10329","PURBA BARU","335"
"10330","PURBA BERSATU","403"
"10331","PURBA DOLOG","673"
"10332","PURBA DOLOK","334"
"10333","PURBA DOLOK","354"
"10334","PURBA GANDA","501"
"10335","PURBA JULU","664"
"10336","PURBA LAMO","335"
"10337","PURBA MANALU","334"
"10338","PURBA SARI","566"
"10339","PURBA SIANJUR","403"
"10340","PURBA SINOMBA","305"
"10341","PURBA SINOMBAH","517"
"10342","PURBA SIPINGGAN","673"
"10343","PURBA TENGAH / TONGAH","673"
"10344","PURBA TUA BARU","517"
"10345","PURBA TUA DOLOK","323"
"10346","PURBA TUA","551"
"10347","PURBA TUA","367"
"10348","PURBA TUA","305"
"10349","PURBA TUA","517"
"10350","PURBA TUA","327"
"10351","PURBASINOMBA SENA","359"
"10352","PURBATUA (PURBABA TUA)","322"
"10353","PURBATUA PIJOR KOLING","654"
"10354","PURBATUA","430"
"10355","PURBATUA","678"
"10356","PURBATUA","564"
"10357","PURBATUA","602"
"10358","PURWO REJO","329"
"10359","PURWOBINANGUN","583"
"10360","PURWODADI","306"
"10361","PURWODADI","492"
"10362","PURWODADI","669"
"10363","PURWOSARI","501"
"10364","PUSAT PASAR","696"
"10365","PUSUK I","540"
"10366","PUSUK II SIMANINGGIR","540"
"10367","PUTUARAN / PETUARAN ILIR","584"
"10368","PUTUARAN / PETUARAN ULU","584"
"10369","RABUHIT","499"
"10370","RAHUNING I","555"
"10371","RAHUNING II","555"
"10372","RAHUNING","555"
"10373","RAHUNNING / RAHUNING JAE","305"
"10374","RAHUT BOSI","564"
"10375","RAJA MALIGAS I","464"
"10376","RAJA MALIGAS","464"
"10377","RAJA TENGAH","477"
"10378","RAMBA SIHOSUR","303"
"10379","RAMBA","593"
"10380","RAMBA","365"
"10381","RAMBA-RAMBA","397"
"10382","RAMBAH TAMPU","615"
"10383","RAMBAI","661"
"10384","RAMBUNG BARAT","592"
"10385","RAMBUNG BARU","488"
"10386","RAMBUNG DALAM","592"
"10387","RAMBUNG ESTATE","621"
"10388","RAMBUNG MERAH","633"
"10389","RAMBUNG SIALANG HILIR","621"
"10390","RAMBUNG SIALANG HULU","621"
"10391","RAMBUNG SIALANG TENGAH","621"
"10392","RAMBUNG TIMUR","592"
"10393","RAMBUNG","442"
"10394","RAMONIA I (RAMUNIA SATU)","447"
"10395","RAMONIA II (RAMUNIA DUA)","447"
"10396","RAMPA JAE","305"
"10397","RAMPA JULU","305"
"10398","RAMPA","601"
"10399","RAMPAH ESTATE","476"
"10400","RAMPAH","688"
"10401","RANGGITGIT","450"
"10402","RANJO BATU","504"
"10403","RANTAU LABAN","689"
"10404","RANTAU PANJANG","563"
"10405","RANTAU PANJANG","447"
"10406","RANTAUPRAPAT","351"
"10407","RANTE BESI","557"
"10408","RANTO NALINJANG","522"
"10409","RANTO NATAS","338"
"10410","RANTO PANJANG","522"
"10411","RANTOBI","320"
"10412","RAO RAO DOLOK","365"
"10413","RAO RAO DOLOK","417"
"10414","RAO RAO LOMBANG","417"
"10415","RAO RAO","320"
"10416","RAPA RAPA MELAYU","482"
"10417","RASAU","304"
"10418","RAUT BOSI","404"
"10419","RAWA MAKMUR","675"
"10420","RAWA SARI","333"
"10421","RAWANG BARU","717"
"10422","RAWANG LAMA","717"
"10423","RAWANG PASAR IV","717"
"10424","RAWANG PASAR V","717"
"10425","RAWANG PASAR VI","717"
"10426","RAYA BAYU","453"
"10427","RAYA HULUAN","453"
"10428","RAYA USANG","453"
"10429","RAYA","637"
"10430","REGAJI","387"
"10431","REGEMUK","447"
"10432","RENGAS PULAU","702"
"10433","RENUN","662"
"10434","RIA-RIA","344"
"10435","RIAH POSO","314"
"10436","RIANIATE","353"
"10437","RIANIATE","367"
"10438","RIANIATE","348"
"10439","RIANIATE","607"
"10440","RIGANJANG","367"
"10441","RIH TENGAH","409"
"10442","RIMBA SOPING","559"
"10443","RIMBUN","468"
"10444","RIMO BUNGA","506"
"10445","RIMOKAYU","567"
"10446","RINABOLAK","603"
"10447","RINABOLAK","666"
"10448","RINTIS","318"
"10449","ROBEAN","602"
"10450","ROBURAN DOLOK","350"
"10451","ROBURAN LOMBANG","350"
"10452","ROBURAN","365"
"10453","ROMBAYAN","362"
"10454","ROMBISAN","293"
"10455","RONDAMAN DOLOK (RONDA MANDOLOK)","323"
"10456","RONDAMAN LOMBANG (RONDA MANLOMBANG)","323"
"10457","RONDAMAN SIBUREGAR","479"
"10458","RONDAMAN","479"
"10459","RONGGUR NIHUTA","706"
"10460","RONGKARE","322"
"10461","RUBUN DUNIA","490"
"10462","RUDING","539"
"10463","RUKUN JAYA","480"
"10464","RUMAH BRASTAGI / BERASTAGI","637"
"10465","RUMAH DELENG","449"
"10466","RUMAH GALUH","583"
"10467","RUMAH GERAT","385"
"10468","RUMAH KABANJAHE","657"
"10469","RUMAH KEBEN","556"
"10470","RUMAH KINANGKUNG SP","488"
"10471","RUMAH LENGO","450"
"10472","RUMAH MBACANG","556"
"10473","RUMAH PIL-PIL","488"
"10474","RUMAH RIH","450"
"10475","RUMAH SUMBUL","488"
"10476","RUMAH SUMBUL","450"
"10477","RUMAMIS","544"
"10478","RUMBIO","586"
"10479","RURA AEK SOPANG","403"
"10480","RURA JULU DOLOK","680"
"10481","RURA JULU TORUAN","680"
"10482","RURA TANJUNG","403"
"10483","S 1 / SATU AEK NABARA","512"
"10484","S 2 / DUA AEK NABARA","512"
"10485","S 3 / TIGA AEK NABARA","512"
"10486","S 4 / EMPAT AEK NABARA","512"
"10487","S 5 / LIMA AEK NABARA","512"
"10488","S 6 / ENAM AEK NABARA","512"
"10489","SABA BANGUNAN","326"
"10490","SABA BANGUNAN","305"
"10491","SABA BATANG MIHA","303"
"10492","SABA DOLOK","547"
"10493","SABA JIOR","539"
"10494","SABA RIMBA / RIBA","430"
"10495","SABA SITAHUL TAHUL","305"
"10496","SABA","479"
"10497","SABAHOTANG","430"
"10498","SABI / SAMBI REJO","701"
"10499","SABULAN","618"
"10500","SABUNGAN JAE","679"
"10501","SABUNGAN NIHUTA I","345"
"10502","SABUNGAN NIHUTA II","345"
"10503","SABUNGAN NIHUTA III","345"
"10504","SABUNGAN NIHUTA IV","345"
"10505","SABUNGAN NIHUTA V","345"
"10506","SABUNGAN NIHUTA","706"
"10507","SABUNGAN SIPABANGUN","679"
"10508","SABUNGAN","550"
"10509","SADA PERARIH","626"
"10510","SADABUAN","548"
"10511","SAENTIS","411"
"10512","SAERU MELAYU","487"
"10513","SAEWE","573"
"10514","SAIT BUTTU SARIBU","500"
"10515","SAIT NIHUTA KALANGAN II","309"
"10516","SAITAGARAMBA (SAETAGARAMBA)","546"
"10517","SAITNIHUTA","334"
"10518","SAITNIHUTA","348"
"10519","SAIWAHILI HILIADULO","374"
"10520","SALA BULAN","488"
"10521","SALAHAJI","628"
"10522","SALAK I","598"
"10523","SALAK II","598"
"10524","SALAM TANI","542"
"10525","SALAMBUE (SIALAM BUE)","430"
"10526","SALAMBUE","362"
"10527","SALAMBUE","654"
"10528","SALAMBUE","291"
"10529","SALANG TUNGIR","556"
"10530","SALAON DOLOK","706"
"10531","SALAON TOBA","706"
"10532","SALAON TONGA TONGA","706"
"10533","SALE BARU","563"
"10534","SALIT","386"
"10535","SALOO","611"
"10536","SALUSUHAN","326"
"10537","SAMADAYA HILISIMAETANO","576"
"10538","SAMASI","437"
"10539","SAMBALIANG","529"
"10540","SAMBOSAR RAYA","405"
"10541","SAMBULU","406"
"10542","SAMIRI","412"
"10543","SAMONGGAL PARMONANGAN","298"
"10544","SAMPAGUL","564"
"10545","SAMPALI","411"
"10546","SAMPANG MARUHUR","470"
"10547","SAMPE GITA (CITA)","697"
"10548","SAMPE RAYA","558"
"10549","SAMPEAN","334"
"10550","SAMPEAN","550"
"10551","SAMPEAN","303"
"10552","SAMPETUA","316"
"10553","SAMPUARA","634"
"10554","SAMPUN","612"
"10555","SAMPUR TOBA","635"
"10556","SAMPURAN SIMARLOTING","315"
"10557","SAMPURAN","428"
"10558","SAMPURAN","305"
"10559","SAMPURAN","522"
"10560","SAMURA","657"
"10561","SANAWUYU","672"
"10562","SANDEAN JAE","479"
"10563","SANDEAN JULU","479"
"10564","SANDEAN TONGA","479"
"10565","SANDRUTA","374"
"10566","SANGGA LIMA (PERKEBUNAN SERAP)","376"
"10567","SANGGAPATI","553"
"10568","SANGGARAN I","565"
"10569","SANGGARAN II","316"
"10570","SANGKAR NIHUTA","307"
"10571","SANGKARAN","639"
"10572","SANGKILON","331"
"10573","SANGKUNUR","353"
"10574","SAOMBO","573"
"10575","SAOR NAULI HATOGUAN","653"
"10576","SARAGIH","595"
"10577","SARAHILILAZA","419"
"10578","SARAK MATUA","291"
"10579","SARAN PADANG","570"
"10580","SARANG GINTING HULU","498"
"10581","SARANG GINTING KAHAN","498"
"10582","SARANG GINTING","426"
"10583","SARANG HELANG","723"
"10584","SARANG TOROP","426"
"10585","SARI KENANGA BATAHAN","526"
"10586","SARI LABA JAHE","385"
"10587","SARI MARIHIT","360"
"10588","SARI REJO","416"
"10589","SARIBU ASIH","604"
"10590","SARIBU DOLOK","517"
"10591","SARIBUJANDI / SARIBU JANJI","709"
"10592","SARIBURAJA JANJI MARIA","307"
"10593","SARIMANIS","544"
"10594","SARIMATONDANG","401"
"10595","SARIMATTIN","500"
"10596","SARIMUNTE","503"
"10597","SARINEMBAH","503"
"10598","SARINTONU","588"
"10599","SARMA NAULI","595"
"10600","SAROGODUNG","303"
"10601","SARUDIK","721"
"10602","SARULLA (PASAR SARULLA)","713"
"10603","SATAHI NAULI","675"
"10604","SATRIA","587"
"10605","SATRIA","448"
"10606","SAUT BANUA SIMANOSOR","359"
"10607","SAWAH LAMO","603"
"10608","SAWIT HULU","395"
"10609","SAWIT REJO","697"
"10610","SAWIT SEBERANG","395"
"10611","SAWO","672"
"10612","SAYUM SABAH","488"
"10613","SAYUR MAHINCAT","308"
"10614","SAYUR MAHINCAT / MAINCAT","536"
"10615","SAYUR MAINCAT","523"
"10616","SAYUR MAINCAT","547"
"10617","SAYUR MATINGGI II JULU","551"
"10618","SAYUR MATINGGI","551"
"10619","SAYUR MATINGGI","326"
"10620","SAYUR MATINGGI","298"
"10621","SAYUR MATINGGI","314"
"10622","SAYUR MATUA","308"
"10623","SAYUR MATUA","430"
"10624","SAYUR MATUA","533"
"10625","SEBERAYA","386"
"10626","SEBERTUNG","396"
"10627","SEBUASI","482"
"10628","SECANGGANG","625"
"10629","SECURAI SELATAN","608"
"10630","SECURAI UTARA","608"
"10631","SEI AGUL","651"
"10632","SEI ALIM HASAK","467"
"10633","SEI BALAI","585"
"10634","SEI BAMBAN ESTATE","476"
"10635","SEI BAMBAN","552"
"10636","SEI BAMBAN","476"
"10637","SEI BARU","724"
"10638","SEI BELURU","381"
"10639","SEI BELUTU","476"
"10640","SEI BERAS SEKATA","669"
"10641","SEI BEROMBANG","724"
"10642","SEI BILAH BARAT","394"
"10643","SEI BILAH TIMUR","394"
"10644","SEI BUAH KERAS","347"
"10645","SEI BULUH ESTATE","476"
"10646","SEI DUA HULU","420"
"10647","SEI GLUGUR (GELUGUR)","542"
"10648","SEI JAWI-JAWI","725"
"10649","SEI KAMAH BARU","467"
"10650","SEI KAMAH I","467"
"10651","SEI KAMAH II","467"
"10652","SEI KARANG","495"
"10653","SEI KARIH","490"
"10654","SEI KASIH","685"
"10655","SEI KEPAYANG KANAN","516"
"10656","SEI KEPAYANG KIRI","725"
"10657","SEI KEPAYANG TENGAH","516"
"10658","SEI KERA HULU","716"
"10659","SEI KERAH HILIR I","716"
"10660","SEI KERAH HILIR II","716"
"10661","SEI KOPAS","505"
"10662","SEI LENDIR","725"
"10663","SEI LIMBAT","582"
"10664","SEI LITUR TASIK","395"
"10665","SEI LUMUT","724"
"10666","SEI LUNANG","723"
"10667","SEI MANGKEI","295"
"10668","SEI MATI","589"
"10669","SEI MATI","436"
"10670","SEI MENCIRIM","697"
"10671","SEI MENCIRIM","669"
"10672","SEI MENTARAM","443"
"10673","SEI MERBAU","591"
"10674","SEI MERBOU","314"
"10675","SEI MERDEKA","444"
"10676","SEI MUKA","521"
"10677","SEI MUSAM KENDIT","558"
"10678","SEI MUSAM","552"
"10679","SEI NADORAS","505"
"10680","SEI NAHODARIS","444"
"10681","SEI NANGKA","725"
"10682","SEI PAHAM","516"
"10683","SEI PARIT","621"
"10684","SEI PASIR","723"
"10685","SEI PENGGANTUNGAN","724"
"10686","SEI PENJARA","477"
"10687","SEI PIRING","525"
"10688","SEI PLANCANG","444"
"10689","SEI PRIOK (SUNGAI PERIOK)","461"
"10690","SEI PUTIH BARAT","722"
"10691","SEI PUTIH TENGAH","722"
"10692","SEI PUTIH TIMUR I","722"
"10693","SEI PUTIH TIMUR II","722"
"10694","SEI PUTIH","495"
"10695","SEI RAJA","347"
"10696","SEI RAJA","692"
"10697","SEI RAKYAT","347"
"10698","SEI RAKYAT","444"
"10699","SEI RAMPAH","621"
"10700","SEI REJO","621"
"10701","SEI RENGAS I","696"
"10702","SEI RENGAS II","695"
"10703","SEI RENGAS PERMATA","695"
"10704","SEI RENGGAS","619"
"10705","SEI ROTAN","411"
"10706","SEI SAKAT","724"
"10707","SEI SANGGUL","724"
"10708","SEI SEMAYANG","669"
"10709","SEI SEMBILANG","723"
"10710","SEI SENTOSA","384"
"10711","SEI SERDANG","552"
"10712","SEI SERIMAH","461"
"10713","SEI SERINDAN","725"
"10714","SEI SIATI / SIARTI","444"
"10715","SEI SIKAMBING B","440"
"10716","SEI SIKAMBING C II","624"
"10717","SEI SIKAMBING D","722"
"10718","SEI SILAU BARAT","519"
"10719","SEI SILAU TIMUR","399"
"10720","SEI SILAU TUA","519"
"10721","SEI SIMUJUR","609"
"10722","SEI SUKA DERAS","609"
"10723","SEI TAMPANG","685"
"10724","SEI TAROLAT","685"
"10725","SEI TAWAR","724"
"10726","SEI TEMPURUNG","723"
"10727","SEI TOROP","295"
"10728","SEI TUALANG PANDAU","725"
"10729","SEI TUAN","447"
"10730","SEI UJAN-UJAN","490"
"10731","SEI / SUNGAI ALIM ULU","375"
"10732","SEI / SUNGAI APUNG JAYA","432"
"10733","SEI / SUNGAI APUNG","686"
"10734","SEI / SUNGAI APUNG","432"
"10735","SEI / SUNGAI BAHARU","613"
"10736","SEI / SUNGAI BULUH","297"
"10737","SEI / SUNGAI BULUH","599"
"10738","SEI / SUNGAI LAMA","420"
"10739","SEI / SUNGAI MERAH","352"
"10740","SEI / SUNGAI MERAN","393"
"10741","SEI / SUNGAI NAGA LAWAN","297"
"10742","SEI / SUNGAI SENTANG","686"
"10743","SEI / SUNGAI SIJENGGI","297"
"10744","SEI / SUNGAI SIUR","393"
"10745","SEI / SUNGAI TUALANG","690"
"10746","SEJAHTERA","633"
"10747","SEJAHTERA","698"
"10748","SEKIP","474"
"10749","SEKIP","722"
"10750","SEKOCI","610"
"10751","SELAKKAR","503"
"10752","SELAMAT (KAMPUNG SELAMAT)","385"
"10753","SELAMAT","602"
"10754","SELANDI","567"
"10755","SELAT BESAR","685"
"10756","SELAT BETING","444"
"10757","SELAT LANCANG","617"
"10758","SELAT TANJUNG MEDAN","617"
"10759","SELAWAN","648"
"10760","SELAYANG BARU","582"
"10761","SELAYANG","582"
"10762","SELEMAK","613"
"10763","SELOTONG","625"
"10764","SEMANGAT GUNUNG","626"
"10765","SEMANGAT","544"
"10766","SEMANGAT","626"
"10767","SEMATAR","558"
"10768","SEMBAHE BARU","542"
"10769","SEMBAHE","488"
"10770","SEMENTARA","423"
"10771","SEMPAJAYA","637"
"10772","SEMPAKATA","433"
"10773","SEMPUNG POLLING","614"
"10774","SEMULA JADI","617"
"10775","SENA","473"
"10776","SENAH / SENNAH","584"
"10777","SENDANG REJO","701"
"10778","SENDANG SARI","619"
"10779","SENGON SARI","333"
"10780","SENIO","510"
"10781","SENNAH (KAMPUNG SENNAH)","687"
"10782","SENTANG","648"
"10783","SENTANG","599"
"10784","SEPAKAT","545"
"10785","SERANG JAYA HILIR","628"
"10786","SERANG JAYA","628"
"10787","SERAPIT","396"
"10788","SERAPUH ABC","528"
"10789","SERAPUH ASLI","469"
"10790","SERAPUH","510"
"10791","SERBA JADI","460"
"10792","SERBANANTI","468"
"10793","SERBELAWAN","462"
"10794","SERDANG","544"
"10795","SERDANG","425"
"10796","SERDANG","381"
"10797","SERIBU JADI","673"
"10798","SERIWAU","672"
"10799","SERUMBIA","580"
"10800","SETIA KARYA","480"
"10801","SETIA NEGARA","457"
"10802","SETIA","587"
"10803","SETIA","713"
"10804","SI RAJA HUTAGALUNG","639"
"10805","SIABAL ABAL I","345"
"10806","SIABAL ABAL II","345"
"10807","SIABAL ABAL III","345"
"10808","SIABAL ABAL IV","345"
"10809","SIABANG ABANG","409"
"10810","SIABU","390"
"10811","SIABU","313"
"10812","SIADAM","362"
"10813","SIAHAP","498"
"10814","SIAJAM","585"
"10815","SIALA GUNDI","593"
"10816","SIALA GUNDI","303"
"10817","SIALAMAN","303"
"10818","SIALAN GUNDI","322"
"10819","SIALANG BUAH","599"
"10820","SIALANG DOLOK","322"
"10821","SIALANG MUDA","613"
"10822","SIALANG TAJI","497"
"10823","SIALANG","449"
"10824","SIALANG","301"
"10825","SIALANG","298"
"10826","SIALANGUAN","348"
"10827","SIALEMA","545"
"10828","SIALI ALI","331"
"10829","SIALOGO (SIHALOGO)","311"
"10830","SIALOGO","336"
"10831","SIALOGO","311"
"10832","SIALTONG","490"
"10833","SIAMBATON PAHAE","403"
"10834","SIAMBATON","403"
"10835","SIAMPORIK DOLOK","342"
"10836","SIAMPORIK LOMBANG","342"
"10837","SIAMPORIK","497"
"10838","SIAN TONA","335"
"10839","SIANA\A","632"
"10840","SIANCIMUN","479"
"10841","SIANDOR ANDOR","358"
"10842","SIANGGUNAN","346"
"10843","SIANGGUNAN","302"
"10844","SIANIPAR SIHAIL HAIL","307"
"10845","SIANJUR MULAMULA","360"
"10846","SIANTAR CA","538"
"10847","SIANTAR DANGSINA","714"
"10848","SIANTAR DOLOK","538"
"10849","SIANTAR ESTATE","633"
"10850","SIANTAR NAI POSPOS","294"
"10851","SIANTAR SIGORDANG","714"
"10852","SIANTAR SITIOTIO","714"
"10853","SIANTAR TONGA TONGA I","714"
"10854","SIANTAR TONGA TONGA II","714"
"10855","SIANTAR TONGA-TONGA III","714"
"10856","SIANTAR UTARA","527"
"10857","SIANTARASA","561"
"10858","SIANTING ANTING","348"
"10859","SIARO","463"
"10860","SIATASAN","491"
"10861","SIBABANGUN","415"
"10862","SIBADIHON","667"
"10863","SIBADOAR","303"
"10864","SIBAGANDING","449"
"10865","SIBAGANDING","364"
"10866","SIBAGANDING","650"
"10867","SIBAGANDING","676"
"10868","SIBAGASI","305"
"10869","SIBAGINDAR","703"
"10870","SIBALANGA","294"
"10871","SIBALANGA","364"
"10872","SIBANDANG","428"
"10873","SIBANGA PANAHASAHAN (BINANGA PANOSAHAN)","322"
"10874","SIBANGGOR JAE","664"
"10875","SIBANGGOR JULU","664"
"10876","SIBANGGOR TONGA","664"
"10877","SIBANGKUA","336"
"10878","SIBARAGAS","532"
"10879","SIBARANI NASAMPULU","431"
"10880","SIBARANUN","578"
"10881","SIBARAU (SIBANGU)","468"
"10882","SIBARGOT","496"
"10883","SIBARUANG","343"
"10884","SIBARUANG","313"
"10885","SIBATANG KAYU","305"
"10886","SIBATU LOTING","357"
"10887","SIBAYO JAE","322"
"10888","SIBAYO","322"
"10889","SIBIDE BARAT","627"
"10890","SIBIDE","627"
"10891","SIBINAIL","504"
"10892","SIBINGKE","564"
"10893","SIBINTANG","538"
"10894","SIBIO BIO","415"
"10895","SIBIO-BIO","322"
"10896","SIBIO-BIO","547"
"10897","SIBITO","293"
"10898","SIBODAK PAPASO","362"
"10899","SIBODAK SOSA JAE","390"
"10900","SIBOLA HOTANGSAS","307"
"10901","SIBOLANGIT","387"
"10902","SIBOLANGIT","488"
"10903","SIBOLGA ILIR","418"
"10904","SIBONGBONG","342"
"10905","SIBONGKARAS","598"
"10906","SIBONGKARE SIANJU","711"
"10907","SIBONGKARE","711"
"10908","SIBONOR OMPURATUS","681"
"10909","SIBONTAR","357"
"10910","SIBORAS","709"
"10911","SIBORAS","471"
"10912","SIBORBORON","565"
"10913","SIBORIS BAHAL","357"
"10914","SIBORIS DOLOK","357"
"10915","SIBORIS LOMBANG","357"
"10916","SIBORNA BUNUT","365"
"10917","SIBORNA","452"
"10918","SIBORO","360"
"10919","SIBORONG-BORONG I","463"
"10920","SIBORONG-BORONG II","463"
"10921","SIBORU ANGIN","479"
"10922","SIBORU TOROP","707"
"10923","SIBORUON","307"
"10924","SIBUAL BUALI","368"
"10925","SIBUAL-BUALI","302"
"10926","SIBUEA","431"
"10927","SIBUHUAN JAE","430"
"10928","SIBUHUAN JULU","430"
"10929","SIBULAN BULAN","602"
"10930","SIBULAN","465"
"10931","SIBULELE","319"
"10932","SIBULUAN INDAH","361"
"10933","SIBULUAN NALAMBOK","721"
"10934","SIBULUAN NAULI","361"
"10935","SIBULUAN RAYA","361"
"10936","SIBULUAN","316"
"10937","SIBULUS SALAM","368"
"10938","SIBUNGA BUNGA","451"
"10939","SIBUNGA-BUNGA HILIR","450"
"10940","SIBUNTOAN PARPEA  /  PARPEAN","600"
"10941","SIBUNTUON","307"
"10942","SIBUNTUON","518"
"10943","SIBUNTUON","366"
"10944","SIBUNTUON","600"
"10945","SIBUNTUON","565"
"10946","SIBUNTUON","634"
"10947","SIBUR BUR","322"
"10948","SIDADI DUA","319"
"10949","SIDADI JULU SATU","319"
"10950","SIDAGAL","639"
"10951","SIDALING","340"
"10952","SIDAMANIK","401"
"10953","SIDANGKAL","363"
"10954","SIDAPDAP SIMANOSOR","359"
"10955","SIDIANGKAT","549"
"10956","SIDIKALANG KOTA","549"
"10957","SIDIKALANG","356"
"10958","SIDIKKAT (SIDINGKAT)","305"
"10959","SIDO MAKMUR","477"
"10960","SIDO MULYO (PIRTRANS SOSA III A)","390"
"10961","SIDO MULYO","701"
"10962","SIDO MULYO","422"
"10963","SIDO TANI","458"
"10964","SIDOARJO DUA RAMUNIA","425"
"10965","SIDODADI BATU DELAPAN","492"
"10966","SIDODADI RAMONIA (RAMUNIA)","425"
"10967","SIDODADI","473"
"10968","SIDODADI","385"
"10969","SIDODADI","619"
"10970","SIDODADI","638"
"10971","SIDOJADI","515"
"10972","SIDOKAN","308"
"10973","SIDOMUKTI","619"
"10974","SIDOMULIO","536"
"10975","SIDOMULIO","585"
"10976","SIDOMULYO","329"
"10977","SIDOMULYO","685"
"10978","SIDOMULYO","385"
"10979","SIDOMULYO","295"
"10980","SIDOMULYO","691"
"10981","SIDOMULYO","347"
"10982","SIDOMULYO","620"
"10983","SIDOMULYO","715"
"10984","SIDONG-DONG","357"
"10985","SIDONGDONG","315"
"10986","SIDORAME BARAT I","716"
"10987","SIDORAME BARAT II","716"
"10988","SIDORAME TIMUR","716"
"10989","SIDOREJO HILIR","508"
"10990","SIDOREJO","508"
"10991","SIDOREJO","475"
"10992","SIDOREJO","396"
"10993","SIDORUKUN","687"
"10994","SIDOURIP","425"
"10995","SIDUA BAHAL","602"
"10996","SIDUA DUA","497"
"10997","SIDUA HILI","658"
"10998","SIDUAEWALI","482"
"10999","SIDULANG","431"
"11000","SIEMPAT RUBE I","699"
"11001","SIEMPAT RUBE II","699"
"11002","SIEMPAT RUBE IV","699"
"11003","SIFAHANDRO","672"
"11004","SIFALAETE TABALOHO","573"
"11005","SIFALAETE ULU","573"
"11006","SIFALAETE","437"
"11007","SIFALAGO GOMO","484"
"11008","SIFALAGO SUSUA","596"
"11009","SIFALAGO","569"
"11010","SIFAOROASI GOMO","439"
"11011","SIFAOROASI HURUNA","569"
"11012","SIFAOROASI MOLA","408"
"11013","SIFAOROASI ULUGAWO","644"
"11014","SIFAOROASI ULUHOU","478"
"11015","SIFAOROASI","373"
"11016","SIFAOROASI","371"
"11017","SIFAOROASI","670"
"11018","SIFAOROASI","397"
"11019","SIFAORO\ASI","398"
"11020","SIFAORO\ASI","569"
"11021","SIFAURUASI","487"
"11022","SIFITU EWALI","482"
"11023","SIFITUBANUA","645"
"11024","SIGADING","593"
"11025","SIGAGAN","355"
"11026","SIGALA GALA (SILAGA LAGA)","334"
"11027","SIGALA GALA","322"
"11028","SIGALA GALA","390"
"11029","SIGALA GALA","302"
"11030","SIGALA-GALA (PERKEBUNAN SIGALA-GALA)","346"
"11031","SIGALA-GALA","479"
"11032","SIGALANGAN","319"
"11033","SIGALAPANG JULU","291"
"11034","SIGALAPUNG","390"
"11035","SIGALOGO","316"
"11036","SIGAMA NAPA HALAS / ALAS","323"
"11037","SIGAMA UJUNG GADING","305"
"11038","SIGAMA","305"
"11039","SIGAMBAL (SIMAMBAL)","322"
"11040","SIGAMBAL","475"
"11041","SIGAMBIR GAMBIR","472"
"11042","SIGAMBO GAMBO","310"
"11043","SIGANYAL (SINGANYAL)","322"
"11044","SIGAOL BARAT","634"
"11045","SIGAOL MARBUN","653"
"11046","SIGAOL SIMBOLON","653"
"11047","SIGAOL TIMUR","634"
"11048","SIGAPITON","674"
"11049","SIGARA GARA","704"
"11050","SIGARANG GARANG","581"
"11051","SIGENDERANG","560"
"11052","SIGESE","578"
"11053","SIGIMBAL","305"
"11054","SIGINDUANG","365"
"11055","SIGIRING GIRING","309"
"11056","SIGODANG BARAT","452"
"11057","SIGODANG TUA","627"
"11058","SIGODANG","452"
"11059","SIGODUNG","470"
"11060","SIGOLANG","332"
"11061","SIGOLANG","603"
"11062","SIGOMPUL","600"
"11063","SIGORBUS JAE","430"
"11064","SIGORBUS JULU","430"
"11065","SIGORDANG","326"
"11066","SIGOTOM JULU","564"
"11067","SIGUCI","661"
"11068","SIGUGAH","322"
"11069","SIGULANG GULANG I","514"
"11070","SIGULANG LOSUNG","319"
"11071","SIGULANG","654"
"11072","SIGULOK","565"
"11073","SIGUMBANG","463"
"11074","SIGUMPAR BARAT","531"
"11075","SIGUMPAR DANGSINA","531"
"11076","SIGUMPAR JULU","531"
"11077","SIGUMPAR","600"
"11078","SIGUMPAR","531"
"11079","SIGUMURU","336"
"11080","SIGURUNG GURUNG","713"
"11081","SIHABORGOAN BARUM","357"
"11082","SIHABORGOAN DALAN","357"
"11083","SIHADATUON","684"
"11084","SIHAERO III","435"
"11085","SIHALO-HALO / SIHATUBANG","326"
"11086","SIHAMBENG","323"
"11087","SIHAPAS HAPAS","305"
"11088","SIHAPAS","684"
"11089","SIHAPORAS","500"
"11090","SIHAPORAS","659"
"11091","SIHAPORAS","302"
"11092","SIHARBANGAN","678"
"11093","SIHAREO I TABALOHO","643"
"11094","SIHAREO II TABALOHO","573"
"11095","SIHAREO SIWAHILI","646"
"11096","SIHAREO SOGAEADU","546"
"11097","SIHAREO","481"
"11098","SIHAREO","645"
"11099","SIHARE\O III BAWOSALO\O BERUA","435"
"11100","SIHARE\O III HILIBADALU","435"
"11101","SIHARJULU","600"
"11102","SIHENEASI","371"
"11103","SIHEPENG","313"
"11104","SIHIKKIT","316"
"11105","SIHIONG","667"
"11106","SIHITANG","654"
"11107","SIHITE I","334"
"11108","SIHITE II","334"
"11109","SIHIUK","331"
"11110","SIHODA-HODA (TARUTUNG)","593"
"11111","SIHODAHODA","305"
"11112","SIHOLI","484"
"11113","SIHOMBU","711"
"11114","SIHONONGAN","707"
"11115","SIHOPUR","342"
"11116","SIHORBO","678"
"11117","SIHORBO","292"
"11118","SIHOTANG HASUGIAN DOLOK I","540"
"11119","SIHOTANG HASUGIAN DOLOK II","540"
"11120","SIHOTANG HASUGIAN HABINSARAN","540"
"11121","SIHOTANG HASUGIAN TONGA","540"
"11122","SIHOTANG HASUGIAN TORUAN","711"
"11123","SIHUIK HUIK","342"
"11124","SIHUJUR","358"
"11125","SIHULAMBU","332"
"11126","SIHUSAPI","402"
"11127","SIJABUT TERATAI","375"
"11128","SIJAMBI","647"
"11129","SIJAMBUR","706"
"11130","SIJANTUNG JAE","322"
"11131","SIJANTUNG JULU","322"
"11132","SIJARA-JARA","322"
"11133","SIJARANGO I","403"
"11134","SIJARANGO","403"
"11135","SIJAWIJAWI (SEI JAWI JAWI)","384"
"11136","SIJORANG","322"
"11137","SIJUNGKANG","603"
"11138","SIJUNGKANG","553"
"11139","SIJUNGKIT","319"
"11140","SIKAB","544"
"11141","SIKAPAS","563"
"11142","SIKARA KARA I","480"
"11143","SIKARA KARA II","480"
"11144","SIKARA KARA III","480"
"11145","SIKARA KARA IV","480"
"11146","SIKARA KARA","480"
"11147","SIKEBEN","488"
"11148","SIKHORILAFAU","424"
"11149","SIKUMBU","312"
"11150","SILABAH JAYA","518"
"11151","SILAEN","627"
"11152","SILAIT-LAIT","463"
"11153","SILAIYA TANJUNG LEUK","298"
"11154","SILAIYA","298"
"11155","SILAK KIDIR","464"
"11156","SILALAHI I","720"
"11157","SILALAHI II","720"
"11158","SILALAHI III","720"
"11159","SILALAHI PAGAR BATU","307"
"11160","SILALAS","651"
"11161","SILALI TORUAN","428"
"11162","SILAMOSIK I","404"
"11163","SILAMOSIK II","667"
"11164","SILAMPUYANG","633"
"11165","SILANDIT","363"
"11166","SILANDO","428"
"11167","SILANGGE","322"
"11168","SILANGKITANG TAMBISKI","359"
"11169","SILANGKITANG","332"
"11170","SILANGKITANG","713"
"11171","SILANTOM JAE","564"
"11172","SILANTOM JULU","564"
"11173","SILANTOM TONGA","564"
"11174","SILANTOYUNG","479"
"11175","SILAU BAYU","499"
"11176","SILAU JAWA","505"
"11177","SILAU MALAHA","633"
"11178","SILAU MALELA","510"
"11179","SILAU MANIK","633"
"11180","SILAU MARAJA","519"
"11181","SILAU MERAWAN","426"
"11182","SILAU PADANG","468"
"11183","SILAU RAKYAT","621"
"11184","SILAU / SILOU DUNIA","459"
"11185","SILAU / SILOU PARIBUAN","459"
"11186","SILEANG","334"
"11187","SILEBO LEBO","697"
"11188","SILENDUK","462"
"11189","SILENJENG","317"
"11190","SILIMA BANUA UMBUNASI","408"
"11191","SILIMA BANUA","392"
"11192","SILIMA KUTA","623"
"11193","SILIMA KUTA","616"
"11194","SILIMA LOMBU","666"
"11195","SILIMABANUA SOMAMBAWA","645"
"11196","SILIMABANUA","631"
"11197","SILIMAEWALI","482"
"11198","SILIMAKUTA BARAT","709"
"11199","SILIMAKUTA","517"
"11200","SILINA BARU","652"
"11201","SILINA","652"
"11202","SILINDA","562"
"11203","SILIWULAWA","574"
"11204","SILO BARU","520"
"11205","SILO BONTO","520"
"11206","SILO LAMA","520"
"11207","SILOGO-LOGO","322"
"11208","SILOGUN","677"
"11209","SILOMBU","667"
"11210","SILOMLOM","420"
"11211","SILOSUNG","339"
"11212","SILOTING","306"
"11213","SILOUNG","322"
"11214","SILUE LUE","556"
"11215","SILULU","510"
"11216","SILUMAJANG","330"
"11217","SILUMBOYAH","472"
"11218","SIMACEM","581"
"11219","SIMADIHON","326"
"11220","SIMAE\ASI","632"
"11221","SIMALAS","468"
"11222","SIMALINGKAR A","542"
"11223","SIMALINGKAR B","691"
"11224","SIMALUAYA","482"
"11225","SIMALUNGUN","349"
"11226","SIMAMORA HASIBUAN","532"
"11227","SIMAMORA","708"
"11228","SIMAMORA","358"
"11229","SIMANABUN","459"
"11230","SIMANAERE BOTOMUZOI","483"
"11231","SIMANAERE","437"
"11232","SIMANAMPANG","676"
"11233","SIMANAMPANG","639"
"11234","SIMANAPANG","551"
"11235","SIMANDALU","553"
"11236","SIMANDI ANGIN","323"
"11237","SIMANDOLAN","547"
"11238","SIMANDRAOLO  /  SIMANDAOLO","485"
"11239","SIMANDRAOLO O\OU","485"
"11240","SIMANDRAOLO","573"
"11241","SIMANDULANG","377"
"11242","SIMANDUMA","494"
"11243","SIMANGALAM","497"
"11244","SIMANGAMBAT DOLOK","551"
"11245","SIMANGAMBAT GODANG","359"
"11246","SIMANGAMBAT JAE","355"
"11247","SIMANGAMBAT JULU","355"
"11248","SIMANGAMBAT TB","417"
"11249","SIMANGAMBAT TUA","322"
"11250","SIMANGAMBAT","326"
"11251","SIMANGAMBAT","390"
"11252","SIMANGAMBAT","313"
"11253","SIMANGARONSANG","334"
"11254","SIMANGULAMPE","708"
"11255","SIMANGUMBAN JAE","339"
"11256","SIMANGUMBAN JULU","339"
"11257","SIMANGUNTONG","320"
"11258","SIMANINDO SANGKAL","402"
"11259","SIMANINGGIR PSM","551"
"11260","SIMANINGGIR SIMUNDOL","326"
"11261","SIMANINGGIR SIP","322"
"11262","SIMANINGGIR SOSOPAN","302"
"11263","SIMANINGGIR TT","327"
"11264","SIMANINGGIR","430"
"11265","SIMANINGGIR","315"
"11266","SIMANINGGIR","337"
"11267","SIMANINGGIR","305"
"11268","SIMANINGGIR","522"
"11269","SIMANINGGIR","313"
"11270","SIMANINGGIR","317"
"11271","SIMANINGGIR","303"
"11272","SIMANINGGIR","601"
"11273","SIMANOBAK","627"
"11274","SIMANONDONG","586"
"11275","SIMANOSOR","322"
"11276","SIMANOSOR","305"
"11277","SIMANOSOR","415"
"11278","SIMANTIN PANE DAME","452"
"11279","SIMANTIN","500"
"11280","SIMANULDANG JAE","368"
"11281","SIMANULDANG JULU","368"
"11282","SIMANUNGKALIT","680"
"11283","SIMARANCAR","365"
"11284","SIMARDANGIANG","676"
"11285","SIMARDONA","551"
"11286","SIMARE","367"
"11287","SIMAREMARE","418"
"11288","SIMARGARAP","340"
"11289","SIMARIGUNG","334"
"11290","SIMARIMBUN","710"
"11291","SIMARITO","530"
"11292","SIMARMATA","402"
"11293","SIMARPINGGAN","342"
"11294","SIMARPINGGAN","607"
"11295","SIMARTOLU","302"
"11296","SIMASI","305"
"11297","SIMASOM TORUAN","676"
"11298","SIMASOM","559"
"11299","SIMASOM","676"
"11300","SIMATAHARI","663"
"11301","SIMATANIARI JAE","322"
"11302","SIMATANIARI","353"
"11303","SIMATANIARI","322"
"11304","SIMATANIARI","676"
"11305","SIMATANIARI","540"
"11306","SIMATIBUNG","431"
"11307","SIMATOHIR  /  SIMATOIR","336"
"11308","SIMATOHIR","353"
"11309","SIMATOHIR","559"
"11310","SIMATORKIS SISOMA","336"
"11311","SIMATORKIS","322"
"11312","SIMATUPANG","428"
"11313","SIMBARA","711"
"11314","SIMBERUNA","489"
"11315","SIMBOLON PURBA","653"
"11316","SIMBOLON TENGKOH","537"
"11317","SIMBOLON","305"
"11318","SIMERPARA","421"
"11319","SIMIRIK","306"
"11320","SIMODONG","609"
"11321","SIMOLAP","568"
"11322","SIMOMPAR (SIMEMPAR)","597"
"11323","SIMONIS","293"
"11324","SIMORANGKIR HABINSARAN","639"
"11325","SIMORANGKIR JULU","639"
"11326","SIMPANG BAJOLE","312"
"11327","SIMPANG BANYAK JAE","389"
"11328","SIMPANG BANYAK JULU","389"
"11329","SIMPANG BOLON","364"
"11330","SIMPANG DOLOK","378"
"11331","SIMPANG DUHU LOMBANG","389"
"11332","SIMPANG DUKU DOLOK","389"
"11333","SIMPANG DUKU","312"
"11334","SIMPANG DURIAN","312"
"11335","SIMPANG EMPAT","324"
"11336","SIMPANG EMPAT","621"
"11337","SIMPANG EMPAT","420"
"11338","SIMPANG GAMBIR","312"
"11339","SIMPANG GAMBUS","378"
"11340","SIMPANG KOJE","312"
"11341","SIMPANG KOPI","609"
"11342","SIMPANG KUTA BULUH","583"
"11343","SIMPANG MANDEPO","504"
"11344","SIMPANG MARBAU","330"
"11345","SIMPANG PANE RAYA","452"
"11346","SIMPANG PANEI","537"
"11347","SIMPANG PERGENDANGEN PERLAMBE","568"
"11348","SIMPANG PINING","389"
"11349","SIMPANG PULAU RAMBUNG","558"
"11350","SIMPANG RAYA DASMA","452"
"11351","SIMPANG SELAYANG","691"
"11352","SIMPANG SIGURA-GURA","404"
"11353","SIMPANG TALAP","522"
"11354","SIMPANG TANJUNG","440"
"11355","SIMPANG TIGA LAE BINGKE","470"
"11356","SIMPANG TIGA PEKAN","297"
"11357","SIMPANG TIGA","395"
"11358","SIMPANG TOLANG JAE","547"
"11359","SIMPANG TOLANG JULU","547"
"11360","SIMPANG TOLANG","298"
"11361","SIMUNDOL","326"
"11362","SIMUNGUN","683"
"11363","SINABONGAN","322"
"11364","SINABULAN","348"
"11365","SINAGA URUK PANDIANGAN","681"
"11366","SINAH KASIH","621"
"11367","SINAKSAK","566"
"11368","SINAMAN LABAH","518"
"11369","SINAMAN","544"
"11370","SINAMBELA","708"
"11371","SINAMPANG","292"
"11372","SINAR BAHO","419"
"11373","SINAR BARU","419"
"11374","SINAR BARU","517"
"11375","SINAR HELAOWO","484"
"11376","SINAR INO\O","398"
"11377","SINAR SABUNGAN","667"
"11378","SINAR SUSUA","645"
"11379","SINARIKHI","631"
"11380","SINASIH","459"
"11381","SINAURU","482"
"11382","SINDAR RAYA","405"
"11383","SINDROLO","408"
"11384","SINDRONDRO","478"
"11385","SINENE ETO","486"
"11386","SINGA","386"
"11387","SINGALI","679"
"11388","SINGENGU JAE","547"
"11389","SINGENGU JULU","547"
"11390","SINGGAMANIK","503"
"11391","SINGKAM","360"
"11392","SINGKUANG I (PASAR I SINGKUANG)","563"
"11393","SINONOAN","313"
"11394","SINTA DAME (CINTA DAMAI)","627"
"11395","SINTONG MARNIPI","431"
"11396","SINUNUKAN I","383"
"11397","SINUNUKAN II","383"
"11398","SINUNUKAN III","383"
"11399","SINUNUKAN IV","383"
"11400","SINUNUKAN V","480"
"11401","SINUNUKAN VI","526"
"11402","SINYIOR","342"
"11403","SIOBON","291"
"11404","SIOFA BANUA LORANG","372"
"11405","SIOFA BANUA MARIT","372"
"11406","SIOFA BANUA","392"
"11407","SIOFA EWALI","482"
"11408","SIOFABANUA","478"
"11409","SIOFABANUA","655"
"11410","SIOFAEWALI","478"
"11411","SIOGUNG OGUNG","348"
"11412","SIOJO","362"
"11413","SIOLDENGAN","475"
"11414","SIOLIP","357"
"11415","SIOLIP","430"
"11416","SIOMBOB","305"
"11417","SIONGGANG SELATAN","343"
"11418","SIONGGANG TENGAH","343"
"11419","SIONGGANG UTARA","343"
"11420","SIONGGANG","399"
"11421","SIONGGOTON","355"
"11422","SIONOM HUDON JULU","540"
"11423","SIONOM HUDON RUNGGU","540"
"11424","SIONOM HUDON SELATAN","540"
"11425","SIONOM HUDON SIBULBULON","540"
"11426","SIONOM HUDON TIMUR II","540"
"11427","SIONOM HUDON TIMUR","540"
"11428","SIONOM HUDON TONGA","540"
"11429","SIONOM HUDON TORUAN","540"
"11430","SIONOM HUDON UTARA","540"
"11431","SIONOM HUDON VII","540"
"11432","SIOPAT BAHAL","713"
"11433","SIOPAT SOSOR","348"
"11434","SIOPAT SUHU","434"
"11435","SIOPUK / SIHOPUK BARU","479"
"11436","SIOPUK / SIHOPUK LAMA","479"
"11437","SIORDANG","470"
"11438","SIPAGABU","308"
"11439","SIPAGABU","561"
"11440","SIPAGABU","403"
"11441","SIPAHO","479"
"11442","SIPAHUTAR I","345"
"11443","SIPAHUTAR II","345"
"11444","SIPAHUTAR III","345"
"11445","SIPAHUTAR","680"
"11446","SIPAKPAHI AEK LOBU","675"
"11447","SIPAKPAHI","340"
"11448","SIPAKU AREA","420"
"11449","SIPAN","721"
"11450","SIPANGAN BOLON","650"
"11451","SIPANGE GODANG","298"
"11452","SIPANGE JULU","298"
"11453","SIPANGE SIUNJAM","298"
"11454","SIPANGE","309"
"11455","SIPANGKO","319"
"11456","SIPAPAGA","291"
"11457","SIPARAU","357"
"11458","SIPARE PARE HILIR","324"
"11459","SIPARE PARE TENGAH","324"
"11460","SIPARE-PARE","427"
"11461","SIPARMAHAN","635"
"11462","SIPEA PEA","356"
"11463","SIPENGGENG","346"
"11464","SIPENGGENG","479"
"11465","SIPINGGAN LUMBAN SIANTAR","681"
"11466","SIPINGGAN","450"
"11467","SIPINGGOL PINGGOL","530"
"11468","SIPIONGOT","322"
"11469","SIPIRA","666"
"11470","SIPIROK BARU","593"
"11471","SIPIROK GODANG","303"
"11472","SIPIROK","323"
"11473","SIPISPIS","468"
"11474","SIPITU HUTA","344"
"11475","SIPOGAS A","326"
"11476","SIPOGAS B","326"
"11477","SIPOGU","429"
"11478","SIPOGU","320"
"11479","SIPOHOLON","680"
"11480","SIPOLDAS","452"
"11481","SIPOLHA HORISAN","500"
"11482","SIPOLTONG","472"
"11483","SIPONJOT","600"
"11484","SIPORKAS","453"
"11485","SIPULTAK DOLOK","532"
"11486","SIPULTAK","532"
"11487","SIPUPUS LOMBANG","301"
"11488","SIRAGA HUTA PADANG","322"
"11489","SIRAHA (SIRAHIA)","484"
"11490","SIRAHIA","439"
"11491","SIRAISAN","368"
"11492","SIRAJA GORAT","431"
"11493","SIRAJA OLOAN","358"
"11494","SIRAMBAS","539"
"11495","SIRAMI RAMIAN","603"
"11496","SIRANAP","322"
"11497","SIRANDORUNG","351"
"11498","SIRANGKAP","338"
"11499","SIRANTAU","647"
"11500","SIRATAH","471"
"11501","SIREGAR AEK NALAS","634"
"11502","SIREGAR MATOGU","553"
"11503","SIRETE","388"
"11504","SIRINGAN RINGAN","314"
"11505","SIRINGKIRON","627"
"11506","SIRINGKIT JAE","479"
"11507","SIRINGKIT JULU","479"
"11508","SIRINGO-RINGO","351"
"11509","SIRISIRISI","334"
"11510","SIROFI","398"
"11511","SIROMBU","486"
"11512","SIRUBE-RUBE GUNUNG PURBA","518"
"11513","SIRUMA HOMBAR","681"
"11514","SIRUMAMBE","553"
"11515","SIRUNGKUNGON","674"
"11516","SISALEAN","357"
"11517","SISARAHILI BAWOLATO","478"
"11518","SISARAHILI EKHOLO","412"
"11519","SISARAHILI EWO","439"
"11520","SISARAHILI GAMO","573"
"11521","SISARAHILI HURUNA","569"
"11522","SISARAHILI I","632"
"11523","SISARAHILI II","641"
"11524","SISARAHILI MA U","435"
"11525","SISARAHILI OYO","642"
"11526","SISARAHILI SISAMBALAHE","573"
"11527","SISARAHILI SOGEADU","546"
"11528","SISARAHILI SOROMA\ASI","644"
"11529","SISARAHILI SUSUA","397"
"11530","SISARAHILI TELUK SIABANG","672"
"11531","SISARAHILI","398"
"11532","SISARAHILI","535"
"11533","SISARAHILI","482"
"11534","SISARATANDRAWA","670"
"11535","SISIPA","346"
"11536","SISIWA EWALI","439"
"11537","SISOBAHILI DOLA","483"
"11538","SISOBAHILI HURUNA","642"
"11539","SISOBAHILI I TANOSEO","631"
"11540","SISOBAHILI II TANOSEO","643"
"11541","SISOBAHILI IRAONOHURA","374"
"11542","SISOBAHILI SIWALAWA","414"
"11543","SISOBAHILI TABALOHO","573"
"11544","SISOBAHILI ULUGAWO","644"
"11545","SISOBAHILI","373"
"11546","SISOBAHILI","398"
"11547","SISOBAHILI","388"
"11548","SISOBAHILI","535"
"11549","SISOBAHILI","596"
"11550","SISOBALAURU","631"
"11551","SISOBAMBOWO","424"
"11552","SISOBAMBOWO","579"
"11553","SISOBANDRAO","641"
"11554","SISOBANDRAO","486"
"11555","SISOBAOHO","579"
"11556","SISOBAOHO","641"
"11557","SISOBAWINO I","670"
"11558","SISOBAWINO II","407"
"11559","SISOMA JAE","346"
"11560","SISOMA","365"
"11561","SISOMA","327"
"11562","SISORDAK","354"
"11563","SISUMUT","663"
"11564","SISUNDUNG","336"
"11565","SITABAR","315"
"11566","SITABOLA","479"
"11567","SITABOTABO TORUAN","463"
"11568","SITABOTABO","463"
"11569","SITADA TADA","317"
"11570","SITALASARI","633"
"11571","SITAMIANG BARU","363"
"11572","SITAMIANG","666"
"11573","SITAMIANG","363"
"11574","SITAMPA","319"
"11575","SITAMPURUNG","463"
"11576","SITAMPURUNG","358"
"11577","SITANDUK","711"
"11578","SITANGGOR","428"
"11579","SITANGGORU","301"
"11580","SITANGKOLA","431"
"11581","SITAPONGAN","565"
"11582","SITARDAS","325"
"11583","SITAROLO JULU","430"
"11584","SITI REJO I","696"
"11585","SITINJAK","336"
"11586","SITINJAK","666"
"11587","SITINJO I","719"
"11588","SITINJO II","719"
"11589","SITINJO","719"
"11590","SITIO II","600"
"11591","SITIREJO II","410"
"11592","SITIREJO III","410"
"11593","SITIRIS-TIRIS","603"
"11594","SITOLU BAHAL","600"
"11595","SITOLU BANUA FADORO","658"
"11596","SITOLU BANUA","371"
"11597","SITOLU BANUA","579"
"11598","SITOLU BANUA","645"
"11599","SITOLU EWALI","658"
"11600","SITOLU OMPU (BAHAL)","602"
"11601","SITOLU OMPU","713"
"11602","SITOLUAMA","431"
"11603","SITOLUAMA","676"
"11604","SITOLUBANUA","478"
"11605","SITOLUHUTA","348"
"11606","SITOMPUL","639"
"11607","SITONONG BANGUN","659"
"11608","SITONUN (SITENUN)","479"
"11609","SITONUN","326"
"11610","SITOPAYAN","323"
"11611","SITORANG I","627"
"11612","SITUA-TUA","531"
"11613","SITUMBA JULU","303"
"11614","SITUMBA","303"
"11615","SITUMBA","327"
"11616","SITUMBAGA","342"
"11617","SITUMBAGA","322"
"11618","SITUMBAGA","479"
"11619","SITUMEANG HABINSARAN","680"
"11620","SITUMEANG HASUNDUTAN","680"
"11621","SITUNGGALING","387"
"11622","SITUNGKIR","348"
"11623","SITUNJAK","299"
"11624","SIUHOM","336"
"11625","SIUMBUT BARU","648"
"11626","SIUMBUT-UMBUT","648"
"11627","SIUNDOL DOLOK","302"
"11628","SIUNDOL JAE","302"
"11629","SIUNDOL JULU","302"
"11630","SIUNGGAM DOLOK","301"
"11631","SIUNGGAM JAE","305"
"11632","SIUNGGAM JULU","305"
"11633","SIUNGGAM TONGA","305"
"11634","SIUNONG-UNONG JULU","708"
"11635","SIWABANUA","413"
"11636","SIWALAWA","574"
"11637","SIWALUBANUA I","437"
"11638","SIWALUBANUA II","437"
"11639","SIWALUBANUA","645"
"11640","SIWAWO","606"
"11641","SI\OFAEWALI SELATAN","478"
"11642","SM DISKI","669"
"11643","SOBAN","292"
"11644","SOBAR","301"
"11645","SOBAWAGOLI","419"
"11646","SOEWE (SAEWE)","388"
"11647","SOGAEADU","546"
"11648","SOGAR","603"
"11649","SOHOYA","478"
"11650","SOLEDUA DUA","571"
"11651","SOLEDUA SATU","571"
"11652","SOLEDUA","571"
"11653","SOMAMBAWA","645"
"11654","SOMBA DEBATA PURBA","359"
"11655","SOMBA TOLANG","303"
"11656","SOMI BOTOGO\O","388"
"11657","SOMI","388"
"11658","SOMOLO-MOLO","670"
"11659","SONDI RAYA","453"
"11660","SONDREGEASI","574"
"11661","SONO MARTANI","328"
"11662","SOPO BATU","291"
"11663","SOPO SORIK","586"
"11664","SOPO TINJAK","320"
"11665","SOPOBUTAR","683"
"11666","SORBA DOLOG","405"
"11667","SORDANG BOLON","314"
"11668","SORI MADINGIN PP","319"
"11669","SORIK","319"
"11670","SORIMADINGIN","319"
"11671","SORKAM KANAN 2","356"
"11672","SORKAM KANAN","356"
"11673","SORKAM","607"
"11674","SOROMA\ASI","642"
"11675","SOSA MULIA","390"
"11676","SOSOPAN JULU","302"
"11677","SOSOPAN PARGARUTAN","553"
"11678","SOSOPAN","663"
"11679","SOSOPAN","305"
"11680","SOSOPAN","302"
"11681","SOSOR DOLOK","635"
"11682","SOSOR GADONG","538"
"11683","SOSOR GONTING","603"
"11684","SOSOR GONTING","334"
"11685","SOSOR LONTUNG","292"
"11686","SOSOR TAMBOK","334"
"11687","SOSORTOLONG SIHITE III","334"
"11688","SOSUNGGULON","358"
"11689","SOTO\O HILISIMAETANO","576"
"11690","SO\EWALI","670"
"11691","SRI PADANG","689"
"11692","STABAT BARU","422"
"11693","STABAT LAMA BARAT","590"
"11694","STABAT LAMA","590"
"11695","STUNGKIT","590"
"11696","SUBUR","379"
"11697","SUDI REJO I","696"
"11698","SUDI REJO II","696"
"11699","SUDI REJO","556"
"11700","SUGA-SUGA (HUTAGODANG)","340"
"11701","SUGARANG BAYU","458"
"11702","SUGI TONGA","337"
"11703","SUGIHARJO","473"
"11704","SUGIHEN","612"
"11705","SUGIHEN","560"
"11706","SUGOU (SUGAU)","542"
"11707","SUHUT NIHUTA PARDOMUAN","653"
"11708","SUKA BERAS","297"
"11709","SUKA DAMAI BARAT","620"
"11710","SUKA DAMAI TIMUR","543"
"11711","SUKA DAMAI","543"
"11712","SUKA DAMAI","477"
"11713","SUKA DAMAI","416"
"11714","SUKA DAMAI","620"
"11715","SUKA DAMAI","476"
"11716","SUKA DAME (PIRTRANS SOSA III B)","390"
"11717","SUKA DAME","315"
"11718","SUKA DAME","697"
"11719","SUKA DAME","318"
"11720","SUKA DAME","662"
"11721","SUKA JADI","543"
"11722","SUKA JADI","297"
"11723","SUKA JAYA","610"
"11724","SUKA JAYA","443"
"11725","SUKA LUAE (LEWEI)","449"
"11726","SUKA MAJU MOHILI","439"
"11727","SUKA MAJU","509"
"11728","SUKA MAJU","649"
"11729","SUKA MAJU","485"
"11730","SUKA MAJU","340"
"11731","SUKA MAJU","488"
"11732","SUKA MAJU","669"
"11733","SUKA MAJU","443"
"11734","SUKA MAJU","469"
"11735","SUKA MAJU","406"
"11736","SUKA MAKMUR","505"
"11737","SUKA MAKMUR","701"
"11738","SUKA MAKMUR","630"
"11739","SUKA MAKMUR","697"
"11740","SUKA MAKMUR","620"
"11741","SUKA MAKMUR","488"
"11742","SUKA MBAYAK","386"
"11743","SUKA MERIAH","567"
"11744","SUKA MULIA HILIR","556"
"11745","SUKA MULIA HULU","556"
"11746","SUKA MULIA","492"
"11747","SUKA MULIA","625"
"11748","SUKA NALU","581"
"11749","SUKA NDEBI","581"
"11750","SUKA PULUNG","396"
"11751","SUKA RAJA","436"
"11752","SUKA RAKYAT (SUKARAYAT)","558"
"11753","SUKA RAMAI","528"
"11754","SUKA RAMAI","585"
"11755","SUKA RAME BARU","328"
"11756","SUKA RAME","328"
"11757","SUKA RAYA","542"
"11758","SUKA RENDE","697"
"11759","SUKA TENDEL","660"
"11760","SUKA","386"
"11761","SUKABABO","560"
"11762","SUKADAME","514"
"11763","SUKADAME","386"
"11764","SUKAJADI (SERBA JADI)","669"
"11765","SUKAJADI","381"
"11766","SUKAJADI","446"
"11767","SUKAJULU","544"
"11768","SUKAMAJU","713"
"11769","SUKAMAJU","541"
"11770","SUKAMAJU","386"
"11771","SUKAMAKMUR","541"
"11772","SUKAMANDI HILIR","492"
"11773","SUKAMANDI HULU","492"
"11774","SUKAMANDI","387"
"11775","SUKANALU","544"
"11776","SUKANDEBI","588"
"11777","SUKAPILIHEN","386"
"11778","SUKARAJA","427"
"11779","SUKARAJA","541"
"11780","SUKARAMAI I","695"
"11781","SUKARAMAI II","695"
"11782","SUKARAMAI","509"
"11783","SUKARAMAI","700"
"11784","SUKARAMAI","586"
"11785","SUKARAME","503"
"11786","SUKASARI","584"
"11787","SUKATEPU","581"
"11788","SUKO REJO","585"
"11789","SULKAM","688"
"11790","SUMBARI","471"
"11791","SUMBER HARAPAN","715"
"11792","SUMBER JAYA","712"
"11793","SUMBER JAYA","396"
"11794","SUMBER KARYA","629"
"11795","SUMBER MAKMUR","378"
"11796","SUMBER MUFAKAT","657"
"11797","SUMBER MULYO REJO","629"
"11798","SUMBER MULYO","324"
"11799","SUMBER MULYO","590"
"11800","SUMBER PADI","378"
"11801","SUMBER REJO TIMUR","411"
"11802","SUMBER REJO","378"
"11803","SUMBER SARI","692"
"11804","SUMBER TANI","521"
"11805","SUMBEREJO","492"
"11806","SUMBUL TENGAH","588"
"11807","SUMBUL","614"
"11808","SUMBUL","661"
"11809","SUMURAN","346"
"11810","SUNDUTAN TIGO","480"
"11811","SUNGAI BUAYA","562"
"11812","SUNGAI DATAR","322"
"11813","SUNGAI JIOR","365"
"11814","SUNGAI KORANG","390"
"11815","SUNGAI MERANTI","304"
"11816","SUNGAI PINING","322"
"11817","SUNGAI RAJA","330"
"11818","SUNGAI RAYA","472"
"11819","SUNGAI RUMBIA (PERKEBUNAN SEI RUMBIA)","663"
"11820","SUNGAI ULAR","625"
"11821","SUNGE DURIAN","305"
"11822","SUNGE OROSAN","305"
"11823","SUNGE SIGIRING GIRING","359"
"11824","SUNGE TOLANG","305"
"11825","SUNGGAL","440"
"11826","SUNUT","326"
"11827","SURBAKTI","580"
"11828","SURODINGIN","331"
"11829","SURUNG MERSADA","700"
"11830","SUSUA","397"
"11831","SUSUK","660"
"11832","SYAHKUDA BAYU (SAH KUDA BAYU)","510"
"11833","SYAHMAD","474"
"11834","TABUSIRA","553"
"11835","TABUYUNG","563"
"11836","TADUKAN RAGA","661"
"11837","TAFULU","655"
"11838","TAGAULE","478"
"11839","TAGILANG JULU","563"
"11840","TAGUR","570"
"11841","TAHALAK UJUNG","319"
"11842","TALA PETA","661"
"11843","TALAFU","483"
"11844","TALI AIR PERMAI","443"
"11845","TALIMBARU","544"
"11846","TALIO","414"
"11847","TALUK","480"
"11848","TALUN KONDOT","537"
"11849","TALUN MADEAR","501"
"11850","TALUN REJO","501"
"11851","TALUZUSUA","671"
"11852","TAMAN SARI","620"
"11853","TAMARAN","543"
"11854","TAMBA DOLOK","618"
"11855","TAMBAHAN","472"
"11856","TAMBAK CEKUR","460"
"11857","TAMBAK LAU MULGAP I","637"
"11858","TAMBAK LAU MULGAP II","637"
"11859","TAMBANG BUSTAK","547"
"11860","TAMBANGAN HULU","448"
"11861","TAMBANGAN JAE","417"
"11862","TAMBANGAN PASOMAN","417"
"11863","TAMBANGAN TONGA","417"
"11864","TAMBANGAN","448"
"11865","TAMBISKI","533"
"11866","TAMBUN NABOLON","712"
"11867","TAMBUN SUNGKEAN","666"
"11868","TAMBUNAN SUNGE","307"
"11869","TAMBUNEN","488"
"11870","TAMIANG MUDO","504"
"11871","TAMIANG","362"
"11872","TAMIANG","547"
"11873","TAMOSU","551"
"11874","TANAH ABANG","495"
"11875","TANAH BESIH","465"
"11876","TANAH ENAM RATUS","702"
"11877","TANAH GARA HULU","450"
"11878","TANAH MERAH","427"
"11879","TANAH MERAH","592"
"11880","TANAH MERAH","495"
"11881","TANAH MERAH","297"
"11882","TANAH PINEM","662"
"11883","TANAH RAJA","621"
"11884","TANAH RAKYAT","620"
"11885","TANAH RENDAH","427"
"11886","TANAH SERIBU","592"
"11887","TANAH TIMBUL","585"
"11888","TANAH TINGGI","427"
"11889","TANAH TINGGI","629"
"11890","TANDALON","362"
"11891","TANDAM / TANDEM HILIR DUA","613"
"11892","TANDAM / TANDEM HILIR SATU","613"
"11893","TANDAM / TANDEM HULU DUA","613"
"11894","TANDAM / TANDEM HULU SATU","613"
"11895","TANDIHAT","342"
"11896","TANDIHAT","357"
"11897","TANDIKEK","522"
"11898","TANGGA BATU BARAT","656"
"11899","TANGGA BATU I","527"
"11900","TANGGA BATU II","527"
"11901","TANGGA BATU TIMUR","656"
"11902","TANGGA BATU","362"
"11903","TANGGA BATU","604"
"11904","TANGGA BOSI II","313"
"11905","TANGGA BOSI III","313"
"11906","TANGGA BOSI","331"
"11907","TANGGA BOSI","313"
"11908","TANGGA TANGGA HAMBENG","305"
"11909","TANGGA","299"
"11910","TANGKAHAN DURIAN","690"
"11911","TANGKAHAN","589"
"11912","TANGKAHAN","556"
"11913","TANGKIDIK","544"
"11914","TANGSI ATAS","312"
"11915","TANGSI","587"
"11916","TANJUNG ALAI","504"
"11917","TANJUNG ALAM","467"
"11918","TANJUNG ALE","390"
"11919","TANJUNG ANOM","542"
"11920","TANJUNG ASRI","467"
"11921","TANJUNG BALE","365"
"11922","TANJUNG BANGKU (BAMPU)","450"
"11923","TANJUNG BARANI","362"
"11924","TANJUNG BARINGIN SIM","536"
"11925","TANJUNG BARINGIN","593"
"11926","TANJUNG BARINGIN","390"
"11927","TANJUNG BARU B","322"
"11928","TANJUNG BARU SILAIYA","326"
"11929","TANJUNG BARU","362"
"11930","TANJUNG BARU","352"
"11931","TANJUNG BARUS","544"
"11932","TANJUNG BERINGIN","503"
"11933","TANJUNG BERINGIN","488"
"11934","TANJUNG BERINGIN","636"
"11935","TANJUNG BOTUNG PINARIK","362"
"11936","TANJUNG BOTUNG SOSA JAE","365"
"11937","TANJUNG BOTUNG","430"
"11938","TANJUNG BOTUNG","355"
"11939","TANJUNG BULUH","297"
"11940","TANJUNG BUNGA","348"
"11941","TANJUNG DOLOK","337"
"11942","TANJUNG DURIAN","430"
"11943","TANJUNG GARBUS II","492"
"11944","TANJUNG GARBUS KAMPUNG","492"
"11945","TANJUNG GARBUS","474"
"11946","TANJUNG GUNUNG","615"
"11947","TANJUNG GUNUNG","583"
"11948","TANJUNG GUSTA","624"
"11949","TANJUNG GUSTA","669"
"11950","TANJUNG GUSTI","495"
"11951","TANJUNG HALOBAN","685"
"11952","TANJUNG HARAP","460"
"11953","TANJUNG HARAPAN","427"
"11954","TANJUNG HARAPAN","687"
"11955","TANJUNG HATARAN","454"
"11956","TANJUNG IBUS","625"
"11957","TANJUNG JATI","701"
"11958","TANJUNG JULU","338"
"11959","TANJUNG KASAU","609"
"11960","TANJUNG KERIAHAN / KERIAHEN","396"
"11961","TANJUNG KUBAH","427"
"11962","TANJUNG LANGKAT","296"
"11963","TANJUNG LEIDONG","377"
"11964","TANJUNG LENGGANG","558"
"11965","TANJUNG LONGAT","322"
"11966","TANJUNG MANGEDAR","686"
"11967","TANJUNG MARAJA","455"
"11968","TANJUNG MARIA","426"
"11969","TANJUNG MARIA","355"
"11970","TANJUNG MARULAK HILIR","689"
"11971","TANJUNG MARULAK","305"
"11972","TANJUNG MARULAK","689"
"11973","TANJUNG MBELANG","660"
"11974","TANJUNG MEDAN","496"
"11975","TANJUNG MEDAN","380"
"11976","TANJUNG MEDAN","327"
"11977","TANJUNG MERAHE","409"
"11978","TANJUNG MERAHE","582"
"11979","TANJUNG MERAWA","660"
"11980","TANJUNG MERIAH","489"
"11981","TANJUNG MOMPANG","586"
"11982","TANJUNG MORANG HR","593"
"11983","TANJUNG MORANG","317"
"11984","TANJUNG MORAWA A","352"
"11985","TANJUNG MORAWA B","352"
"11986","TANJUNG MUDA","427"
"11987","TANJUNG MUDA","450"
"11988","TANJUNG MULIA HILIR","693"
"11989","TANJUNG MULIA","543"
"11990","TANJUNG MULIA","380"
"11991","TANJUNG MULIA","693"
"11992","TANJUNG MULIA","492"
"11993","TANJUNG MULIA","489"
"11994","TANJUNG MULIA","352"
"11995","TANJUNG PAMAH","506"
"11996","TANJUNG PASIR","497"
"11997","TANJUNG PASIR","393"
"11998","TANJUNG PASIR","456"
"11999","TANJUNG PINGGIR","712"
"12000","TANJUNG PRAPAT / PARAPAT","609"
