"id","nama_desa","kecamatan_id"
"56001","MENTAJOI","4577"
"56002","MENTAWIT","4615"
"56003","MENTIBAR","4667"
"56004","MENTONYEK","4539"
"56005","MENTUNAI","4633"
"56006","MENUA PRAMA","4598"
"56007","MENUA SADAP","4575"
"56008","MENUKUNG KOTA","4582"
"56009","MENYABO","4610"
"56010","MENYUMBUNG","4586"
"56011","MERABUAN","4545"
"56012","MERAGUN","4679"
"56013","MERAH ARAI","4635"
"56014","MERAH ATAS","4650"
"56015","MERAHAU PERMAI","4635"
"56016","MERAKAI PANJANG","4668"
"56017","MERAKO JAYA","4577"
"56018","MERANGGAU","4557"
"56019","MERANTI","4530"
"56020","MERAPI","4623"
"56021","MERARAI DUA","4566"
"56022","MERARAI SATU","4566"
"56023","MERAWA","4563"
"56024","MERAYUH","4606"
"56025","MERBANG","4647"
"56026","MEREMPIT BARU","4578"
"56027","MERIMBANG JAYA","4524"
"56028","MERPAK","4571"
"56029","MERPAK","4650"
"56030","MERPATI","4545"
"56031","MERTI GUNA","4535"
"56032","MERTI JAYA","4560"
"56033","MERUBONG","4639"
"56034","META BERSATU","4618"
"56035","MIAU MERAH","4580"
"56036","MOBUI","4670"
"56037","MONDI","4625"
"56038","MONTERADO","4612"
"56039","MORO BETUNG","4530"
"56040","MUAKAN PETINGGI","4593"
"56041","MUARA BARU","4541"
"56042","MUARA GERUNGGANG","4677"
"56043","MUARA JEKAK","4524"
"56044","MUARA TANJUNG","4655"
"56045","MUARA TIGA","4528"
"56046","MUBUNG","4615"
"56047","MUHI BERSATU","4638"
"56048","MUJAN","4626"
"56049","MUKTI JAYA","4557"
"56050","MUKTI RAHARJA","4559"
"56051","MULIA BARU","4665"
"56052","MULIA KERTA","4573"
"56053","MULIA","4617"
"56054","MUNGGU","4526"
"56055","MUNGGUK BANTOK","4535"
"56056","MUNGGUK GELOMBANG","4542"
"56057","MUNGGUK LAWANG","4542"
"56058","MUNGGUK","4623"
"56059","MUNTAI","4631"
"56060","MUUN","4526"
"56061","NANGA ABAI","4635"
"56062","NANGA AMBALAU","4636"
"56063","NANGA ANSAR","4598"
"56064","NANGA AWIN","4544"
"56065","NANGA BAYAN","4593"
"56066","NANGA BELIMBING","4650"
"56067","NANGA BETANGAI","4655"
"56068","NANGA BETUNG","4626"
"56069","NANGA BIABAN","4625"
"56070","NANGA BIANG","4594"
"56071","NANGA BIHE","4577"
"56072","NANGA BOYAN","4626"
"56073","NANGA BUGAU","4593"
"56074","NANGA DANAU","4626"
"56075","NANGA DANAU","4552"
"56076","NANGA DANGKAN I","4597"
"56077","NANGA DEDAI","4578"
"56078","NANGA DUA","4556"
"56079","NANGA ELLA HILIR","4600"
"56080","NANGA EMBALOH","4595"
"56081","NANGA ENGKULUN","4679"
"56082","NANGA JELUNDUNG","4577"
"56083","NANGA JEMAH","4626"
"56084","NANGA JETAK","4578"
"56085","NANGA KALAN","4600"
"56086","NANGA KALIS","4552"
"56087","NANGA KANTUK","4554"
"56088","NANGA KASAI","4618"
"56089","NANGA KAYAN","4579"
"56090","NANGA KEBEBU","4579"
"56091","NANGA KELAMPAI","4547"
"56092","NANGA KELAPAN","4542"
"56093","NANGA KELAWAI","4591"
"56094","NANGA KELIBANG","4556"
"56095","NANGA KEMANGAI","4636"
"56096","NANGA KEMPANGAI","4600"
"56097","NANGA KENEPAI","4652"
"56098","NANGA KEREMOI","4636"
"56099","NANGA KERUAP","4582"
"56100","NANGA KESANGE","4636"
"56101","NANGA KETUNGAU","4521"
"56102","NANGA KIUNGKANG","4679"
"56103","NANGA KOMAN","4679"
"56104","NANGA KOMPI","4618"
"56105","NANGA LAAR","4635"
"56106","NANGA LAUK","4595"
"56107","NANGA LEBANG","4571"
"56108","NANGA LEBANGAN","4552"
"56109","NANGA LEBOYAN","4609"
"56110","NANGA LEMEDAK","4652"
"56111","NANGA LIBAS","4655"
"56112","NANGA LIBAU","4569"
"56113","NANGA LOT","4583"
"56114","NANGA LUAN","4597"
"56115","NANGA LUNGU","4597"
"56116","NANGA MAHAP","4589"
"56117","NANGA MAN","4650"
"56118","NANGA MANCUR","4618"
"56119","NANGA MANDAY","4621"
"56120","NANGA MANTERAP","4625"
"56121","NANGA MASAU","4635"
"56122","NANGA MAU","4633"
"56123","NANGA MENAKON","4636"
"56124","NANGA MENANTAK","4636"
"56125","NANGA MENTATAI","4577"
"56126","NANGA MENTEBAH","4671"
"56127","NANGA MENTUKAK","4679"
"56128","NANGA MENUNUK","4558"
"56129","NANGA MERKAK","4521"
"56130","NANGA MONGKO","4679"
"56131","NANGA NGERI","4597"
"56132","NANGA NUAK","4600"
"56133","NANGA NUAR","4580"
"56134","NANGA NYABAU","4544"
"56135","NANGA NYURUH","4600"
"56136","NANGA ORA","4655"
"56137","NANGA ORAN","4635"
"56138","NANGA PAK","4618"
"56139","NANGA PALA","4583"
"56140","NANGA PALIN","4595"
"56141","NANGA PARI","4569"
"56142","NANGA PAU","4558"
"56143","NANGA PAYAK","4635"
"56144","NANGA PAYANG","4556"
"56145","NANGA PEMUBUH","4625"
"56146","NANGA PINTAS","4591"
"56147","NANGA POTAI","4655"
"56148","NANGA RAKU","4618"
"56149","NANGA RAUN","4552"
"56150","NANGA RAYA","4599"
"56151","NANGA RET","4626"
"56152","NANGA RIYOI","4577"
"56153","NANGA SAKAI","4636"
"56154","NANGA SAKE","4636"
"56155","NANGA SAMBUS","4544"
"56156","NANGA SANGAN","4626"
"56157","NANGA SAYAN","4618"
"56158","NANGA SEBAWANG","4593"
"56159","NANGA SEBERUANG","4652"
"56160","NANGA SEBINTANG","4552"
"56161","NANGA SEGULANG","4577"
"56162","NANGA SEJIRAK","4521"
"56163","NANGA SEMANGUT","4556"
"56164","NANGA SEPAUK","4569"
"56165","NANGA SERAWAI","4577"
"56166","NANGA SERIAN","4624"
"56167","NANGA SIYAI","4582"
"56168","NANGA SOKAN","4655"
"56169","NANGA SUHAID","4663"
"56170","NANGA SURI","4589"
"56171","NANGA SURUK","4556"
"56172","NANGA TAMAN","4679"
"56173","NANGA TANGKIT","4655"
"56174","NANGA TAYAP","4590"
"56175","NANGA TEBIDAH","4635"
"56176","NANGA TEKUNGAI","4577"
"56177","NANGA TEMPUNAK","4560"
"56178","NANGA TEPUAI","4615"
"56179","NANGA TIKAN","4599"
"56180","NANGA TIKAN","4633"
"56181","NANGA TONGGOI","4635"
"56182","NANGA TORAN","4635"
"56183","NANGA TUAN","4637"
"56184","NANGA TUBUK","4552"
"56185","NANGA UNGAI","4635"
"56186","NANGA YEN","4615"
"56187","NANGKA","4604"
"56188","NANGKA","4638"
"56189","NANGKAK LESTARI","4635"
"56190","NANTAI COMPA","4600"
"56191","NARAM","4681"
"56192","NATAI KUINI","4520"
"56193","NATAI LESUNG","4633"
"56194","NATAI PANJANG","4650"
"56195","NATAI PANJANG","4547"
"56196","NATAI TEBEDAK","4633"
"56197","NEGERI BARU","4573"
"56198","NEK GINAP","4612"
"56199","NEKAN","4651"
"56200","NGARAK","4592"
"56201","NIBUNG","4667"
"56202","NIBUNG","4609"
"56203","NIPAH KUNING","4584"
"56204","NIPAH PANJANG","4528"
"56205","NOBAL","4566"
"56206","NOYAN","4648"
"56207","NUSA KENYIKAP","4558"
"56208","NUSA PANDAU","4579"
"56209","NUSA PORING","4582"
"56210","NUSAPATI","4660"
"56211","NYANGAU","4600"
"56212","NYANGGAI","4591"
"56213","NYANGKOM","4633"
"56214","NYARI","4606"
"56215","NYARUNGKOP","4550"
"56216","NYAYUM","4536"
"56217","NYIIN","4534"
"56218","OLAK OLAK KUBU","4522"
"56219","ONGKOL PADANG","4537"
"56220","OYAH","4582"
"56221","PAAL","4579"
"56222","PADAK","4598"
"56223","PADANG PIO","4654"
"56224","PADANG TIKAR I","4528"
"56225","PADANG TIKAR II","4528"
"56226","PADANG","4573"
"56227","PADANG","4619"
"56228","PADI KAYE","4634"
"56229","PADU BANJAR","4584"
"56230","PADUA MENDALAM","4544"
"56231","PADUNG KUMANG","4652"
"56232","PAGAL BARU","4560"
"56233","PAGAR LEBATA","4577"
"56234","PAGAR MENTIMUN","4658"
"56235","PAHAUMAN","4533"
"56236","PAHONG (PAHOK)","4539"
"56237","PAJINTAN","4550"
"56238","PAK BULU","4538"
"56239","PAK LAHENG","4608"
"56240","PAK MAYAM","4526"
"56241","PAKAK","4633"
"56242","PAKET / PAKIT MULAU","4565"
"56243","PAKIT SELABA","4517"
"56244","PAKU RAYA","4536"
"56245","PAKUMBANG (PAK KUMBANG)","4529"
"56246","PAKUTAN","4608"
"56247","PAL LIMA","4682"
"56248","PAL SEMBILAN","4662"
"56249","PALA ASANG (PALAPASANG)","4651"
"56250","PALA KOTA","4583"
"56251","PALA PINTAS","4595"
"56252","PALA PULAU","4544"
"56253","PALEM JAYA","4644"
"56254","PALOAN","4533"
"56255","PAMPANG DUA","4557"
"56256","PAMPANG HARAPAN","4601"
"56257","PANA","4594"
"56258","PANCA ROBA","4602"
"56259","PANCUR","4545"
"56260","PANDAN SEMBUAT","4610"
"56261","PANDING JAYA","4542"
"56262","PANDU RAYA","4644"
"56263","PANGERAN","4580"
"56264","PANGGI AGUNG","4542"
"56265","PANGKAL BARU","4560"
"56266","PANGKALAN BATU","4520"
"56267","PANGKALAN BEMBAN","4607"
"56268","PANGKALAN BUTON","4601"
"56269","PANGKALAN KONGSI","4588"
"56270","PANGKALAN SUKA","4590"
"56271","PANGKALAN TELUK / TELOK","4590"
"56272","PANGKALN SUKA","4518"
"56273","PANGMILANG","4683"
"56274","PANTAI KETIKAL","4631"
"56275","PANTAS BERSATU","4556"
"56276","PANTOK","4679"
"56277","PAOH BENUA","4569"
"56278","PAOH CONCONG","4563"
"56279","PAOH DESA","4633"
"56280","PAPAN TEMBAWANG","4657"
"56281","PAPAN UDUK","4657"
"56282","PAPUNG","4534"
"56283","PARANG","4615"
"56284","PAREK (PARE / SUTIPADANG)","4606"
"56285","PARIBANG BARU","4560"
"56286","PARIGI","4539"
"56287","PARIT BANJAR","4540"
"56288","PARIT BARU","4684"
"56289","PARIT BARU","4607"
"56290","PARIT BUGIS","4685"
"56291","PARIT DALAM","4541"
"56292","PARIT MAYOR","4572"
"56293","PARIT RAJA","4686"
"56294","PARIT SETIA","4555"
"56295","PARIT TOKAYA","4523"
"56296","PASAK PIANG","4602"
"56297","PASAK","4602"
"56298","PASAR MELAYU","4641"
"56299","PASIR MAYANG","4518"
"56300","PASIR PALEMBANG","4540"
"56301","PASIR PANJANG","4540"
"56302","PASIR PUTIH","4546"
"56303","PASIR WAN SALIM","4540"
"56304","PASIR","4674"
"56305","PASIRAN","4675"
"56306","PASTI JAYA","4548"
"56307","PATEH BENTENG","4590"
"56308","PAUH","4529"
"56309","PAWANGI","4543"
"56310","PAWIS HILIR","4534"
"56311","PAYAK KUMANG (PAYA KUMANG)","4665"
"56312","PEBIHINGAN","4677"
"56313","PEDADA","4617"
"56314","PEDALAMAN","4561"
"56315","PEKAWAI","4618"
"56316","PELAIK KERUAP","4582"
"56317","PELAIK","4633"
"56318","PELAPIS","4619"
"56319","PELEMPAI JAYA","4600"
"56320","PELEMPANGAN","4517"
"56321","PELIMPAAN","4555"
"56322","PELIMPING","4571"
"56323","PELINGGANG","4591"
"56324","PELITA JAYA","4522"
"56325","PELITA JAYA","4632"
"56326","PELITA KANAYA","4581"
"56327","PEMANGKAT KOTA","4659"
"56328","PEMANGKAT","4584"
"56329","PEMATANG GADUNG","4658"
"56330","PEMATANG TUJUH","4622"
"56331","PEMAWAN","4626"
"56332","PEMBEDILAN","4520"
"56333","PEMUAR","4558"
"56334","PEMUATAN JAYA","4547"
"56335","PENAI","4580"
"56336","PENAKALAN","4686"
"56337","PENDAMARAN INDAH","4524"
"56338","PENDAWAN","4641"
"56339","PENEPIAN RAYA","4624"
"56340","PENGADANG","4562"
"56341","PENGATAPAN RAYA","4547"
"56342","PENGKADAN BARU","4578"
"56343","PENGKADAN HILIR","4627"
"56344","PENGKADAN SUNGAI RUPA","4578"
"56345","PENIBUNGAN","4674"
"56346","PENINSUNG","4569"
"56347","PENIRAMAN","4660"
"56348","PENITI BESAR","4685"
"56349","PENITI DALAM I (SATU)","4685"
"56350","PENITI DALAM II (DUA)","4685"
"56351","PENITI LUAR","4664"
"56352","PENITI","4623"
"56353","PENIUNG","4552"
"56354","PENJAJAP","4659"
"56355","PENJALAAN HILIR","4584"
"56356","PENJAWAAN","4524"
"56357","PENJERNANG HULU","4566"
"56358","PENJERNANG","4566"
"56359","PENTEK","4527"
"56360","PENYAHU DANGKU (PENYAHO DANGKU)","4526"
"56361","PENYAK LALANG","4578"
"56362","PENYARANG","4518"
"56363","PENYELADI","4594"
"56364","PENYELIMAU HILIR","4594"
"56365","PENYELIMAU JAYA","4594"
"56366","PENYELUANG","4621"
"56367","PENYENGKUANG","4655"
"56368","PENYUGUK","4600"
"56369","PERAPAKAN","4659"
"56370","PEREMBANG NYURUH","4600"
"56371","PEREMBANG","4566"
"56372","PERIANGAN","4518"
"56373","PERIGI LANDU","4686"
"56374","PERIGI LIMUS","4686"
"56375","PERIGI","4580"
"56376","PERJUK","4597"
"56377","PERMATA PERDA","4627"
"56378","PERMATA","4620"
"56379","PERMIIT","4536"
"56380","PERONGKAN","4625"
"56381","PERUAN DALAM","4610"
"56382","PESAGUAN KANAN","4658"
"56383","PESAGUAN KIRI","4658"
"56384","PETAI PATAH","4524"
"56385","PETEBANG JAYA","4547"
"56386","PIANSAK","4614"
"56387","PIANTUS","4686"
"56388","PIASAK HILIR","4609"
"56389","PIASAK HULU","4609"
"56390","PIAWAS","4599"
"56391","PINANG DALAM","4522"
"56392","PINANG LAKA","4627"
"56393","PINANG LUAR","4522"
"56394","PIPIT TEJA","4617"
"56395","PISAK","4605"
"56396","PISANG","4564"
"56397","PLANJAU JAYA","4574"
"56398","PODO RUKUN","4645"
"56399","PONGOK","4592"
"56400","POPAI","4600"
"56401","PORING","4579"
"56402","PUDAU BERSATU","4560"
"56403","PUGUK","4602"
"56404","PULAU JAMBU","4541"
"56405","PULAU JAYA","4560"
"56406","PULAU KUMBANG","4584"
"56407","PULAU LEMUKUTAN","4669"
"56408","PULAU LIMBUNG","4541"
"56409","PULAU MAJANG","4549"
"56410","PULAU MANAK","4575"
"56411","PULAU PEDALAMAN","4540"
"56412","PULAU TAYAN UTARA","4561"
"56413","PUNGGUR BESAR","4662"
"56414","PUNGGUR KAPUAS","4662"
"56415","PUNGGUR KECIL","4662"
"56416","PURINGAN","4617"
"56417","PURUN BESAR (SUNGAI PURUN BESAR)","4685"
"56418","PUSAKA","4588"
"56419","PUSAT DAMAI","4644"
"56420","PUTENG","4532"
"56421","PUTUSSIBAU KOTA","4544"
"56422","RABA","4604"
"56423","RABAK","4533"
"56424","RAHAYU","4644"
"56425","RAJA","4526"
"56426","RAMBAYAN","4639"
"56427","RAMBIN","4594"
"56428","RANDAI","4574"
"56429","RANDAU JUNGKAL","4524"
"56430","RANDAU LIMAT","4576"
"56431","RANDAU","4524"
"56432","RANGGA INTAN","4518"
"56433","RANGKONG","4574"
"56434","RANSI DAKAN","4566"
"56435","RANTAU BUMBUN","4552"
"56436","RANTAU KALIS","4552"
"56437","RANTAU MALAM","4577"
"56438","RANTAU PANJANG","4516"
"56439","RANTAU PANJANG","4687"
"56440","RANTAU PANJANG","4584"
"56441","RANTAU PRAPAT","4575"
"56442","RANTAU","4612"
"56443","RANYAI","4583"
"56444","RARAI","4566"
"56445","RASAN","4526"
"56446","RASAU JAYA I (SATU)","4622"
"56447","RASAU JAYA II (DUA)","4622"
"56448","RASAU JAYA III (TIGA)","4622"
"56449","RASAU JAYA UMUM","4622"
"56450","RASAU","4593"
"56451","RATU ELOK","4517"
"56452","RATU SEPUDAK","4653"
"56453","RAUT MUARA","4562"
"56454","RAWAK HILIR","4625"
"56455","RAWAK HULU","4625"
"56456","REES","4604"
"56457","REPAK SARI","4560"
"56458","RETOK","4672"
"56459","RIAM BATU GADIG","4574"
"56460","RIAM BATU","4560"
"56461","RIAM BERASAP JAYA","4601"
"56462","RIAM BUNUT","4576"
"56463","RIAM DADAP","4586"
"56464","RIAM DANAU KANAN","4518"
"56465","RIAM KIJANG","4566"
"56466","RIAM MENGELAI","4626"
"56467","RIAM MUNTIK","4635"
"56468","RIAM PANJANG","4635"
"56469","RIAM PANJANG","4627"
"56470","RIAM PIYANG","4556"
"56471","RIAM TAPANG","4597"
"56472","RIBANG KADENG","4552"
"56473","RIGUK","4578"
"56474","RINGO LOJOK","4654"
"56475","RIRANG JATI","4679"
"56476","RIYAI","4610"
"56477","ROBAN","4630"
"56478","RODAYA","4643"
"56479","RUKMA JAYA","4669"
"56480","RUMBIH","4580"
"56481","RUNJAI JAYA","4574"
"56482","SABAKA","4539"
"56483","SABANDUT","4543"
"56484","SABARAN","4661"
"56485","SABA\U","4548"
"56486","SABUNG","4559"
"56487","SAGATANI","4683"
"56488","SAGU","4653"
"56489","SAHAM","4533"
"56490","SAHAN","4603"
"56491","SAIGON","4572"
"56492","SAILO","4539"
"56493","SAING RAMBI","4641"
"56494","SAKA TARU","4657"
"56495","SALA TIGA","4592"
"56496","SALATIGA","4684"
"56497","SALA\AS","4539"
"56498","SALUMANG","4539"
"56499","SAMALANTAN","4548"
"56500","SAMI","4553"
"56501","SAMPIT","4665"
"56502","SAMPURO","4539"
"56503","SAMUSTIDA","4617"
"56504","SANATAB","4666"
"56505","SANDAI KANAN","4524"
"56506","SANDAI KIRI","4524"
"56507","SANGGAU KOLOR","4550"
"56508","SANGO","4567"
"56509","SANSAT","4551"
"56510","SANTABAN","4666"
"56511","SAPE","4564"
"56512","SARAI","4566"
"56513","SARANG BURUNG DANAU","4555"
"56514","SARANG BURUNG KOLAM","4555"
"56515","SARANG BURUNG KUALA","4555"
"56516","SARANG BURUNG USRAT","4555"
"56517","SARI BEKAYAS","4519"
"56518","SARI MAKMUR","4639"
"56519","SARILABA A","4661"
"56520","SARILABA B","4661"
"56521","SASAN","4627"
"56522","SATAI LESTARI","4646"
"56523","SAUJUNG GILING MANIK","4575"
"56524","SAWANG SENGHIANG","4577"
"56525","SAYAN JAYA","4618"
"56526","SAYANG SEDAYU","4617"
"56527","SAYUT","4613"
"56528","SEBABAS (SE BABAS)","4589"
"56529","SEBADAK RAYA","4590"
"56530","SEBADAK","4593"
"56531","SEBADU","4592"
"56532","SEBAGU","4617"
"56533","SEBALO","4570"
"56534","SEBANGKI","4516"
"56535","SEBANGUN","4687"
"56536","SEBARA","4644"
"56537","SEBATIH","4533"
"56538","SEBAWI","4687"
"56539","SEBAYAN","4641"
"56540","SEBEMBAN","4561"
"56541","SEBENTE","4532"
"56542","SEBERANG KAPUAS","4623"
"56543","SEBERKAT","4588"
"56544","SEBERU","4580"
"56545","SEBETUNG MENYALA","4532"
"56546","SEBETUNG PALUK","4593"
"56547","SEBETUNG","4565"
"56548","SEBINDANG","4549"
"56549","SEBIRANG","4526"
"56550","SEBONGKUH","4670"
"56551","SEBUBUS","4667"
"56552","SEBUDUH","4670"
"56553","SEBUNGA","4666"
"56554","SEBURING","4688"
"56555","SEBURUK","4565"
"56556","SEDAHAN JAYA","4601"
"56557","SEDAU","4683"
"56558","SEGAR WANGI","4547"
"56559","SEGARAU PARIT","4588"
"56560","SEGEDONG","4588"
"56561","SEGIAM","4552"
"56562","SEGITAK","4556"
"56563","SEGULING","4517"
"56564","SEHE LUSUR","4536"
"56565","SEI / SUNGAI ABAU","4676"
"56566","SEI / SUNGAI AJUNG","4676"
"56567","SEI / SUNGAI ALAI","4594"
"56568","SEI / SUNGAI AMBANGAH","4541"
"56569","SEI / SUNGAI AMBAWANG KUALA","4602"
"56570","SEI / SUNGAI ANTU HULU","4565"
"56571","SEI / SUNGAI ANTU","4668"
"56572","SEI / SUNGAI ASAM","4541"
"56573","SEI / SUNGAI ASIN","4668"
"56574","SEI / SUNGAI AWAN KANAN","4680"
"56575","SEI / SUNGAI AWAN KIRI","4680"
"56576","SEI / SUNGAI AYAK I","4647"
"56577","SEI / SUNGAI AYAK III","4647"
"56578","SEI / SUNGAI BAKAH","4591"
"56579","SEI / SUNGAI BAKAU BESAR DARAT","4660"
"56580","SEI / SUNGAI BAKAU BESAR LAUT","4660"
"56581","SEI / SUNGAI BAKAU KECIL","4540"
"56582","SEI / SUNGAI BAKAU","4658"
"56583","SEI / SUNGAI BANGKONG","4642"
"56584","SEI / SUNGAI BARU","4617"
"56585","SEI / SUNGAI BATANG","4660"
"56586","SEI / SUNGAI BATU","4594"
"56587","SEI / SUNGAI BELIDAK","4662"
"56588","SEI / SUNGAI BELIUNG","4682"
"56589","SEI / SUNGAI BENING","4666"
"56590","SEI / SUNGAI BESAR","4528"
"56591","SEI / SUNGAI BESAR","4658"
"56592","SEI / SUNGAI BUAYA","4633"
"56593","SEI / SUNGAI BULAN","4541"
"56594","SEI / SUNGAI BULAN","4681"
"56595","SEI / SUNGAI BUNDUNG LAUT","4629"
"56596","SEI / SUNGAI BURUNG","4685"
"56597","SEI / SUNGAI DANGIN","4648"
"56598","SEI / SUNGAI DAUN","4607"
"56599","SEI / SUNGAI DEDEN","4559"
"56600","SEI / SUNGAI DERAS","4521"
"56601","SEI / SUNGAI DERAS","4546"
"56602","SEI / SUNGAI DUNGUN","4629"
"56603","SEI / SUNGAI DUNGUN","4620"
"56604","SEI / SUNGAI DURI I (SATU)","4629"
"56605","SEI / SUNGAI DURI II (DUA)","4629"
"56606","SEI / SUNGAI DURI","4689"
"56607","SEI / SUNGAI ENAU","4672"
"56608","SEI / SUNGAI GARAM HILIR","4681"
"56609","SEI / SUNGAI ILAI","4611"
"56610","SEI / SUNGAI ITIK","4662"
"56611","SEI / SUNGAI JAGA A","4689"
"56612","SEI / SUNGAI JAGA B","4689"
"56613","SEI / SUNGAI JAMAN","4561"
"56614","SEI / SUNGAI JAWI DALAM","4682"
"56615","SEI / SUNGAI JAWI LUAR","4682"
"56616","SEI / SUNGAI JAWI","4528"
"56617","SEI / SUNGAI JAWI","4658"
"56618","SEI / SUNGAI JAWI","4642"
"56619","SEI / SUNGAI KAKAP","4662"
"56620","SEI / SUNGAI KELAMBU","4588"
"56621","SEI / SUNGAI KELIK","4590"
"56622","SEI / SUNGAI KEMBAYAU","4557"
"56623","SEI / SUNGAI KERAN","4669"
"56624","SEI / SUNGAI KERAWANG","4528"
"56625","SEI / SUNGAI KINJIL","4573"
"56626","SEI / SUNGAI KUMPAI","4617"
"56627","SEI / SUNGAI KUNYIT DALAM","4629"
"56628","SEI / SUNGAI KUNYIT HULU","4629"
"56629","SEI / SUNGAI KUNYIT LAUT","4629"
"56630","SEI / SUNGAI KUNYIT","4623"
"56631","SEI / SUNGAI KUPAH","4662"
"56632","SEI / SUNGAI LAKI","4539"
"56633","SEI / SUNGAI LAWAK","4679"
"56634","SEI / SUNGAI LIMAU","4629"
"56635","SEI / SUNGAI LUBANG","4537"
"56636","SEI / SUNGAI MALI","4578"
"56637","SEI / SUNGAI MALI","4521"
"56638","SEI / SUNGAI MARAM","4571"
"56639","SEI / SUNGAI MATA MATA","4584"
"56640","SEI / SUNGAI MAWANG","4594"
"56641","SEI / SUNGAI MAWANG","4649"
"56642","SEI / SUNGAI MAYAN","4557"
"56643","SEI / SUNGAI MELAYU BARU","4614"
"56644","SEI / SUNGAI MELAYU JAYA","4614"
"56645","SEI / SUNGAI MELAYU","4614"
"56646","SEI / SUNGAI MUNTIK","4594"
"56647","SEI / SUNGAI NANJUNG","4658"
"56648","SEI / SUNGAI NIBUNG","4546"
"56649","SEI / SUNGAI NILAM","4555"
"56650","SEI / SUNGAI NIPAH","4664"
"56651","SEI / SUNGAI NIPAH","4546"
"56652","SEI / SUNGAI NYIRIH","4555"
"56653","SEI / SUNGAI NYIRIH","4607"
"56654","SEI / SUNGAI PADUAN","4525"
"56655","SEI / SUNGAI PALAH","4653"
"56656","SEI / SUNGAI PANGKALAN I","4689"
"56657","SEI / SUNGAI PANGKALAN II","4689"
"56658","SEI / SUNGAI PELANG","4658"
"56659","SEI / SUNGAI PINANG","4650"
"56660","SEI / SUNGAI PINYUH","4660"
"56661","SEI / SUNGAI PUKAT","4571"
"56662","SEI / SUNGAI PURUN KECIL","4660"
"56663","SEI / SUNGAI PUTRI","4673"
"56664","SEI / SUNGAI RADAK I","4620"
"56665","SEI / SUNGAI RADAK II","4620"
"56666","SEI / SUNGAI RAMBAH","4641"
"56667","SEI / SUNGAI RASAU","4660"
"56668","SEI / SUNGAI RASAU","4681"
"56669","SEI / SUNGAI RAYA","4650"
"56670","SEI / SUNGAI RAYA","4541"
"56671","SEI / SUNGAI RAYA","4669"
"56672","SEI / SUNGAI RENGAS","4662"
"56673","SEI / SUNGAI RINGIN","4623"
"56674","SEI / SUNGAI RISAP","4531"
"56675","SEI / SUNGAI RUSA","4607"
"56676","SEI / SUNGAI SAMBANG","4625"
"56677","SEI / SUNGAI SAMPAK","4582"
"56678","SEI / SUNGAI SAMPUK","4582"
"56679","SEI / SUNGAI SAPAK","4559"
"56680","SEI / SUNGAI SEGAK","4516"
"56681","SEI / SUNGAI SELAMAT","4522"
"56682","SEI / SUNGAI SENA","4580"
"56683","SEI / SUNGAI SENGKUANG","4594"
"56684","SEI / SUNGAI SEPETI","4645"
"56685","SEI / SUNGAI SERABEK","4617"
"56686","SEI / SUNGAI SERIA","4593"
"56687","SEI / SUNGAI TAPAH","4565"
"56688","SEI / SUNGAI TEKAM","4562"
"56689","SEI / SUNGAI TERUS","4522"
"56690","SEI / SUNGAI TOMAN","4684"
"56691","SEI / SUNGAI UKOI","4566"
"56692","SEI / SUNGAI ULUK","4613"
"56693","SEI / SUNGAI WIE","4630"
"56694","SEJAHTERA MANDIRI","4615"
"56695","SEJAHTERA","4601"
"56696","SEJEGI","4540"
"56697","SEJIRAM","4583"
"56698","SEJIRAM","4588"
"56699","SEJOTANG","4561"
"56700","SEJOWET","4536"
"56701","SEJUAH","4670"
"56702","SEKABUK","4527"
"56703","SEKAIH","4593"
"56704","SEKAIS","4534"
"56705","SEKARUH","4532"
"56706","SEKEDAU","4652"
"56707","SEKENDAL","4606"
"56708","SEKIDA (JAGOI SEKIDA)","4656"
"56709","SEKILAP","4592"
"56710","SEKIP LAMA","4630"
"56711","SEKONAU","4625"
"56712","SEKUBAH","4609"
"56713","SEKUBANG","4569"
"56714","SEKUCING KUALAN","4563"
"56715","SEKUCING LABAI","4563"
"56716","SEKUDUK","4686"
"56717","SEKUJAM TIMBAI","4569"
"56718","SEKULAT","4609"
"56719","SEKUNKUN","4586"
"56720","SEKURA","4617"
"56721","SELAKAU TUA","4628"
"56722","SELALONG","4623"
"56723","SELAMPUNG","4564"
"56724","SELANGE","4530"
"56725","SELANGKAI","4597"
"56726","SELANGKUT RAYA","4576"
"56727","SELAT REMIS","4546"
"56728","SELAUP","4556"
"56729","SELES","4643"
"56730","SELIMATAN JAYA","4520"
"56731","SELIMU","4597"
"56732","SELUAN","4544"
"56733","SELUAS","4603"
"56734","SELUTUNG","4592"
"56735","SEMABI","4623"
"56736","SEMADE","4654"
"56737","SEMADIN LENGKONG","4579"
"56738","SEMADU","4647"
"56739","SEMAJAU MEKAR","4521"
"56740","SEMALAH","4609"
"56741","SEMANDANG HULU","4563"
"56742","SEMANDANG KANAN","4585"
"56743","SEMANDANG KIRI","4563"
"56744","SEMANGA","4686"
"56745","SEMANGAT","4643"
"56746","SEMANGAU","4641"
"56747","SEMANGGIS RAYA","4649"
"56748","SEMANGIT (SEMANGET)","4651"
"56749","SEMANGUT UTARA","4556"
"56750","SEMANTUN","4518"
"56751","SEMATA","4545"
"56752","SEMAYANG","4670"
"56753","SEMAYOK BARU","4677"
"56754","SEMBORA / SAMBORO","4608"
"56755","SEMEDANG (SUMEDANG)","4536"
"56756","SEMELAGI BESAR","4607"
"56757","SEMELAGI KECIL","4681"
"56758","SEMENOK","4592"
"56759","SEMERANGKAI","4594"
"56760","SEMERANTAU","4552"
"56761","SEMIRAU","4564"
"56762","SEMITAU HILIR","4652"
"56763","SEMITAU HULU","4652"
"56764","SEMOMBAT","4564"
"56765","SEMONCOL","4634"
"56766","SEMONGAN","4648"
"56767","SEMPADIAN","4639"
"56768","SEMPALAI","4588"
"56769","SEMPARONG PARIT RADEN","4629"
"56770","SEMPARUK","4688"
"56771","SEMPATUNG LAWEK","4606"
"56772","SEMPELAI SEBEDANG","4687"
"56773","SEMPERIUK A","4661"
"56774","SEMPERIUK B","4661"
"56775","SEMPURNA","4559"
"56776","SEMPURNA","4576"
"56777","SEMUDUN","4629"
"56778","SEMUNTAI","4521"
"56779","SEMUNTAI","4649"
"56780","SEMUNTAI","4569"
"56781","SEMUNTIK","4606"
"56782","SEMUNTIK","4549"
"56783","SEMUNYIN JAYA","4656"
"56784","SENAKIN","4533"
"56785","SENANGAK","4679"
"56786","SENANGAN KECIL","4542"
"56787","SENANING","4593"
"56788","SENDORENG","4612"
"56789","SENDOYAN","4686"
"56790","SENDURUHAN","4586"
"56791","SENEBAN","4583"
"56792","SENEMPAK","4591"
"56793","SENGAWANG","4617"
"56794","SENGKAHARAK","4547"
"56795","SENGKUANG MERABUNG","4517"
"56796","SENGKUBANG","4674"
"56797","SENIBUNG","4521"
"56798","SENIBUNG","4650"
"56799","SENTABAI","4580"
"56800","SENTANGAU JAYA","4603"
"56801","SENTEBANG","4555"
"56802","SENUJUH","4686"
"56803","SENYABANG","4634"
"56804","SEPADU","4688"
"56805","SEPADU","4617"
"56806","SEPAHAT","4604"
"56807","SEPAKAT BARU","4522"
"56808","SEPAKAT JAYA","4590"
"56809","SEPAKAT","4655"
"56810","SEPAN LEBANG","4571"
"56811","SEPAN TONAK","4558"
"56812","SEPANDAN","4676"
"56813","SEPANG","4608"
"56814","SEPANGAH","4606"
"56815","SEPANTAI","4686"
"56816","SEPAUHAN JAYA","4547"
"56817","SEPILUK","4593"
"56818","SEPINGGAN","4688"
"56819","SEPONTI JAYA","4645"
"56820","SEPOTONG","4576"
"56821","SEPUK LAUT","4662"
"56822","SEPUK TANJUNG","4687"
"56823","SEPULUT","4569"
"56824","SERAMBAI JAYA","4649"
"56825","SERANGGAM","4628"
"56826","SERANGKAT","4643"
"56827","SERARAS","4623"
"56828","SEREN SELIMBAU","4596"
"56829","SERENGKAH KANAN","4547"
"56830","SERENGKAH","4547"
"56831","SERET AYON","4588"
"56832","SERIAM","4520"
"56833","SERIANG","4549"
"56834","SERIMBU","4606"
"56835","SERINDANG","4588"
"56836","SERINDU","4612"
"56837","SERUAT DUA","4522"
"56838","SERUAT I","4546"
"56839","SERUAT TIGA","4522"
"56840","SERUMPUN BULUH","4588"
"56841","SERUMPUN","4684"
"56842","SERUNAI","4684"
"56843","SETALIK","4686"
"56844","SETANDUK","4543"
"56845","SETAPUK BESAR","4681"
"56846","SETAPUK KECIL","4681"
"56847","SETAWAR","4625"
"56848","SETIA BUDI","4570"
"56849","SETIA JAYA","4532"
"56850","SETULANG","4676"
"56851","SETUNGGUL","4580"
"56852","SETUNGKUP","4521"
"56853","SETUNTUNG","4598"
"56854","SIAGA (NYEMPEN)","4612"
"56855","SIANTAN HILIR","4587"
"56856","SIANTAN HULU","4587"
"56857","SIANTAN TENGAH","4587"
"56858","SIANTAU RAYA","4590"
"56859","SIBAU HILIR","4544"
"56860","SIBAU HULU","4544"
"56861","SIDAHARI","4518"
"56862","SIDAI","4643"
"56863","SIDAN","4537"
"56864","SIDAS","4533"
"56865","SIDING","4678"
"56866","SIDO MULYO","4579"
"56867","SIJANG","4653"
"56868","SIJANGKUNG","4683"
"56869","SIJAU","4655"
"56870","SILAT","4517"
"56871","SILING PERMAI","4618"
"56872","SIMBA RAYA","4531"
"56873","SIMPANG EMPAT","4545"
"56874","SIMPANG KANAN","4602"
"56875","SIMPANG KASTURI","4592"
"56876","SIMPANG SENARA","4615"
"56877","SIMPANG TIGA SEMBELANGAAN","4590"
"56878","SIMPANG TIGA","4601"
"56879","SINAR BARU","4656"
"56880","SINAR KURI","4576"
"56881","SINAR PEKAYAU","4569"
"56882","SINAR TEBUDAK","4605"
"56883","SINGARAYA","4688"
"56884","SIRA JAYA","4627"
"56885","SIRANG SETAMBANG","4569"
"56886","SOMPAK","4529"
"56887","SONGGA","4537"
"56888","SOSOK","4610"
"56889","SOTOK","4562"
"56890","SRI WANGI","4626"
"56891","SUAH API","4661"
"56892","SUAK BERANGAN / BARANGAN","4527"
"56893","SUAK BURUNG","4517"
"56894","SUAK MEDANG","4593"
"56895","SUBAH","4561"
"56896","SUKA BANGUN DALAM","4665"
"56897","SUKA BANGUN","4665"
"56898","SUKA BANGUN","4640"
"56899","SUKA BARU","4573"
"56900","SUKA DAMAI","4520"
"56901","SUKA DAMAI","4643"
"56902","SUKA DAMAI","4650"
"56903","SUKA DAMAI","4547"
"56904","SUKA GRUNDI","4644"
"56905","SUKA HARAPAN","4520"
"56906","SUKA JAYA","4643"
"56907","SUKA JAYA","4560"
"56908","SUKA KARYA","4574"
"56909","SUKA MAJU","4671"
"56910","SUKA MAJU","4680"
"56911","SUKA MAJU","4613"
"56912","SUKA MAJU","4640"
"56913","SUKA MAJU","4638"
"56914","SUKA MAJU","4581"
"56915","SUKA MULIA / MULYA","4614"
"56916","SUKA MULYA","4644"
"56917","SUKA RAMAI","4517"
"56918","SUKAHARJA","4665"
"56919","SUKAHARJA","4631"
"56920","SUKAMULYA","4631"
"56921","SUKARAJA","4631"
"56922","SUKARAMAI","4576"
"56923","SUKARIA","4519"
"56924","SUKASARI","4631"
"56925","SUKAU BERSATU","4569"
"56926","SULUNG","4686"
"56927","SUM SUM","4592"
"56928","SUMBER AGUNG","4528"
"56929","SUMBER HARAPAN","4641"
"56930","SUMBER KARYA","4532"
"56931","SUMBER SARI","4542"
"56932","SUNGAI ANA","4535"
"56933","SUNGAI AREH","4542"
"56934","SUNGAI BENGARAS","4586"
"56935","SUNGAI BESAR","4556"
"56936","SUNGAI BUGAU","4593"
"56937","SUNGAI BULUH","4517"
"56938","SUNGAI BULUH","4560"
"56939","SUNGAI DAKA","4576"
"56940","SUNGAI GARONG","4633"
"56941","SUNGAI JELAYAN","4520"
"56942","SUNGAI KELI","4526"
"56943","SUNGAI LABI","4571"
"56944","SUNGAI LABU","4600"
"56945","SUNGAI LAIS","4571"
"56946","SUNGAI MENTOBA","4600"
"56947","SUNGAI MENUANG","4633"
"56948","SUNGAI PISAU","4593"
"56949","SUNGAI RAYA DALAM","4541"
"56950","SUNGAI RAYA","4569"
"56951","SUNGAI RISAP MENSIKU BERSATU","4531"
"56952","SUNGAI SEGAK","4569"
"56953","SUNGAI SENUNUK","4676"
"56954","SUNGAI SINTANG","4633"
"56955","SUNGAI TAPANG","4578"
"56956","SUNGAI ULUK PALIN","4544"
"56957","SUNGKUNG I","4678"
"56958","SUNGKUNG II","4678"
"56959","SUNGKUNG III","4678"
"56960","SUNSONG","4625"
"56961","SURUH TEMBAWANG","4651"
"56962","SUTERA (SUTRA)","4601"
"56963","SUTI SEMARANG","4638"
"56964","SWADAYA","4542"
"56965","TA AS","4537"
"56966","TABUK HULU","4565"
"56967","TAE","4634"
"56968","TAHAI PERMAI","4577"
"56969","TAHU","4530"
"56970","TAJAU MADA","4583"
"56971","TAJOK KAYONG","4590"
"56972","TAJUM","4549"
"56973","TAMANG","4589"
"56974","TAMAO","4575"
"56975","TAMBATAN","4617"
"56976","TAMBELAN SAMPIT","4572"
"56977","TAMONG","4678"
"56978","TANAH HITAM","4667"
"56979","TANAH HITAM","4631"
"56980","TANAH MERAH","4635"
"56981","TANAP","4670"
"56982","TANGAI JAYA","4671"
"56983","TANGARAN","4545"
"56984","TANGGERANG","4518"
"56985","TANGGUH","4678"
"56986","TANGGUNG","4564"
"56987","TANI MAKMUR","4615"
"56988","TANJUNG ANDAN","4636"
"56989","TANJUNG ARAK","4650"
"56990","TANJUNG BAIK BUDI","4673"
"56991","TANJUNG BALAI","4536"
"56992","TANJUNG BALAI","4569"
"56993","TANJUNG BAUNG","4521"
"56994","TANJUNG BERINGIN RAYA","4581"
"56995","TANJUNG BERINGIN","4528"
"56996","TANJUNG BERINGIN","4582"
"56997","TANJUNG BERINGIN","4576"
"56998","TANJUNG BERUANG","4544"
"56999","TANJUNG BEULANG","4547"
"57000","TANJUNG BUGIS","4641"
"57001","TANJUNG BUNGA","4635"
"57002","TANJUNG BUNGA","4670"
"57003","TANJUNG BUNGA","4546"
"57004","TANJUNG BUNUT","4561"
"57005","TANJUNG GUNUNG","4581"
"57006","TANJUNG HARAPAN","4528"
"57007","TANJUNG HARAPAN","4577"
"57008","TANJUNG HARAPAN","4663"
"57009","TANJUNG HILIR","4572"
"57010","TANJUNG HULU","4572"
"57011","TANJUNG HULU","4569"
"57012","TANJUNG INTAN","4671"
"57013","TANJUNG JATI","4613"
"57014","TANJUNG KAPUAS","4594"
"57015","TANJUNG KAPUAS","4663"
"57016","TANJUNG KARANG","4544"
"57017","TANJUNG KELANSAM","4535"
"57018","TANJUNG KELILING","4583"
"57019","TANJUNG KERACUT","4617"
"57020","TANJUNG LALAU","4635"
"57021","TANJUNG LASA","4544"
"57022","TANJUNG LAY","4579"
"57023","TANJUNG MAHUNG","4655"
"57024","TANJUNG MAJU","4576"
"57025","TANJUNG MALOI","4547"
"57026","TANJUNG MEKAR","4641"
"57027","TANJUNG MERPATI","4670"
"57028","TANJUNG MIRU","4635"
"57029","TANJUNG NIAGA","4579"
"57030","TANJUNG PAOH","4650"
"57031","TANJUNG PASAR","4680"
"57032","TANJUNG PERADA","4560"
"57033","TANJUNG PURA","4680"
"57034","TANJUNG PURI","4535"
"57035","TANJUNG RAYA","4577"
"57036","TANJUNG RIA","4569"
"57037","TANJUNG SALEH","4662"
"57038","TANJUNG SARI","4542"
"57039","TANJUNG SARI","4579"
"57040","TANJUNG SATAI","4646"
"57041","TANJUNG SEKAYAM","4594"
"57042","TANJUNG SOKAN","4655"
"57043","TANJUNG TENGANG","4579"
"57044","TANJUNG","4674"
"57045","TANJUNG","4671"
"57046","TANJUNG","4623"
"57047","TANJUNG","4532"
"57048","TANJUNGLOKANG","4613"
"57049","TAPANG DAAN","4552"
"57050","TAPANG DULANG","4594"
"57051","TAPANG MANUA","4635"
"57052","TAPANG PERODAH","4625"
"57053","TAPANG PULAU","4647"
"57054","TAPANG SEMADAK","4623"
"57055","TAPANG TINGANG","4679"
"57056","TAPANKING (TAPANG)","4529"
"57057","TAPEN","4638"
"57058","TASIK MALAYA","4528"
"57059","TAUK","4578"
"57060","TAWANG SARI","4569"
"57061","TAWANG","4678"
"57062","TEBANG BENUA","4561"
"57063","TEBANG KACANG","4541"
"57064","TEBAS KUALA","4588"
"57065","TEBAS SUNGAI","4588"
"57066","TEBEDAK","4526"
"57067","TEBING BATU","4687"
"57068","TEBING BESERI","4518"
"57069","TEBING KARANGAN","4579"
"57070","TEBUAH ELOK","4559"
"57071","TEBUAH MARONG (TRANS)","4643"
"57072","TEKABAN","4558"
"57073","TEKALONG","4671"
"57074","TEKARANG","4639"
"57075","TEKELAK","4650"
"57076","TEKUDAK","4552"
"57077","TELAGA ARUM","4645"
"57078","TELAGA DUA","4531"
"57079","TELAGA RAYA","4655"
"57080","TELAGA SATU","4531"
"57081","TELIDIK","4532"
"57082","TELUK AUR","4637"
"57083","TELUK BAKUNG","4602"
"57084","TELUK BATANG SELATAN","4525"
"57085","TELUK BATANG UTARA","4525"
"57086","TELUK BATANG","4525"
"57087","TELUK BAYUR","4576"
"57088","TELUK BAYUR","4620"
"57089","TELUK EMPENING","4620"
"57090","TELUK GELAM","4546"
"57091","TELUK GERUGUK","4626"
"57092","TELUK HARAPAN","4577"
"57093","TELUK KAPUAS","4541"
"57094","TELUK KASEH","4617"
"57095","TELUK KEBAU","4589"
"57096","TELUK KELANSAM","4535"
"57097","TELUK KEMBANG","4617"
"57098","TELUK MELANO","4584"
"57099","TELUK MUTIARA","4576"
"57100","TELUK NANGKA","4522"
"57101","TELUK NIBUNG","4528"
"57102","TELUK PAKEDAI DUA","4528"
"57103","TELUK PAKEDAI HULU","4546"
"57104","TELUK PAKEDAI I (SATU)","4546"
"57105","TELUK PAKEDAI II (DUA)","4546"
"57106","TELUK PANDAN","4653"
"57107","TELUK PANGKAL","4655"
"57108","TELUK RUNJAI","4518"
"57109","TELUK SINDUR","4621"
"57110","TEMAHAR","4534"
"57111","TEMAJUK","4667"
"57112","TEMAWANG BULAI","4569"
"57113","TEMAWANG MUNTAI","4569"
"57114","TEMBAGA","4589"
"57115","TEMBANG","4637"
"57116","TEMBAWANG BALE","4654"
"57117","TEMBAWANG PANJANG","4579"
"57118","TEMBESUK","4589"
"57119","TEMENANG","4624"
"57120","TEMIA SIO","4532"
"57121","TEMIANG KAPUAS","4569"
"57122","TEMIANG MALI","4634"
"57123","TEMIANG SAWI","4526"
"57124","TEMIANG TABA","4634"
"57125","TEMOYOK","4606"
"57126","TEMPAPAN HULU","4653"
"57127","TEMPAPAN KUALA","4653"
"57128","TEMPAPAN","4657"
"57129","TEMPATAN","4687"
"57130","TEMPOAK","4604"
"57131","TEMPUNAK KAPUAS","4560"
"57132","TEMPURAU","4609"
"57133","TEMPURUKAN","4680"
"57134","TEMUYUK","4556"
"57135","TENGAH","4665"
"57136","TENGAH","4674"
"57137","TENGAH","4642"
"57138","TENGAH","4675"
"57139","TENGGULI","4616"
"57140","TENGKAJAU","4650"
"57141","TENGON PELAIK","4606"
"57142","TENGUWE","4606"
"57143","TERAJU (TERAJU BARAT)","4551"
"57144","TERAP","4608"
"57145","TERATI","4564"
"57146","TERDUK DAMPAK","4565"
"57147","TERENTANG HILIR","4620"
"57148","TERENTANG HULU","4620"
"57149","TERIAK","4532"
"57150","TERTA KARYA","4542"
"57151","TERTONG","4535"
"57152","TERTUNG MAU","4633"
"57153","TERUSAN","4517"
"57154","TERUSAN","4674"
"57155","THANG RAYA","4611"
"57156","TIANG TANJUNG","4539"
"57157","TIGA BERKAT","4596"
"57158","TIMPUK","4623"
"57159","TINTIN PENINJAU","4554"
"57160","TINTING BOYOK","4625"
"57161","TINTING SELIGI","4549"
"57162","TINUM BARU","4560"
"57163","TIONG KERANJIK","4599"
"57164","TIRTA KENCANA","4570"
"57165","TITI BARU","4547"
"57166","TITIAN KUALA","4609"
"57167","TOGAN BARU","4632"
"57168","TOHO ILIR","4608"
"57169","TOLOK","4537"
"57170","TONAK GONEH","4635"
"57171","TONANG","4533"
"57172","TONTANG","4577"
"57173","TOPAN NANGA","4635"
"57174","TRI GADUH","4653"
"57175","TRI KEMBANG","4653"
"57176","TRI MANDAYAN","4617"
"57177","TRIMULYA","4649"
"57178","TUA ABANG","4652"
"57179","TUAN TUAN","4573"
"57180","TUBAJUR","4532"
"57181","TUBANG JAYA","4626"
"57182","TUBANG RAENG","4534"
"57183","TUGUK","4633"
"57184","TUMBAK RAYA","4618"
"57185","TUMBANG TITI","4547"
"57186","TUMIANG","4548"
"57187","TUMUK / TUMOK MANGGIS","4641"
"57188","TUNANG","4539"
"57189","TUNAS HARAPAN","4577"
"57190","TUNAS MUDA","4615"
"57191","TUNGGAL BHAKTI","4670"
"57192","TUNGGUL BOYOK","4553"
"57193","TWI MENTIBAR","4607"
"57194","UJUNG BAYUR","4595"
"57195","UJUNG JAMBU","4624"
"57196","UJUNG PANDANG","4637"
"57197","UJUNG SAID","4624"
"57198","ULAK MEDANG","4680"
"57199","ULAK MUID","4632"
"57200","ULAK PAUK","4575"
"57201","UMIN JAYA","4578"
"57202","UNTANG","4654"
"57203","UPE","4553"
"57204","UPIT (UPET)","4558"
"57205","URANG UNSA","4613"
"57206","USAHA BARU","4677"
"57207","VEGA","4609"
"57208","WAJO HILIR","4664"
"57209","WAJO HULU","4664"
"57210","WANA BHAKTI","4542"
"57211","WIRAYUDA","4542"
"57212","WONOREJO","4645"
"57213","AGUNG MUYA","4690"
"57214","AIR DUA","4691"
"57215","AJANG","4692"
"57216","AMIN JAYA","4693"
"57217","AMPAH DUA","4694"
"57218","AMPAH KOTA","4694"
"57219","AMPARI BORA","4695"
"57220","AMPARI","4696"
"57221","ANGKARAP","4697"
"57222","ANJIR KALAMPAN","4698"
"57223","ANJIR MAMBULAU BARAT","4699"
"57224","ANJIR MAMBULAU TENGAH","4699"
"57225","ANJIR MAMBULAU TIMUR","4699"
"57226","ANJIR PALAMBANG","4700"
"57227","ANJIR PULANG PISAU","4701"
"57228","ANJIR SERAPAT BARAT","4699"
"57229","ANJIR SERAPAT BARU","4699"
"57230","ANJIR SERAPAT TENGAH","4699"
"57231","ANJIR SERAPAT TIMUR","4699"
"57232","APAR BATU","4696"
"57233","ARGA MULYA","4702"
"57234","ARGA MULYA","4693"
"57235","ARUK","4703"
"57236","ASAM BARU","4704"
"57237","ASEM KUMBANG","4705"
"57238","AYAWAN","4706"
"57239","BAAMANG BARAT","4707"
"57240","BAAMANG HILIR","4707"
"57241","BAAMANG HULU","4707"
"57242","BAAMANG TENGAH","4707"
"57243","BAAMPAH","4708"
"57244","BABAI","4709"
"57245","BABAUNG","4710"
"57246","BABRIAH","4710"
"57247","BABUAL BABOTI","4711"
"57248","BADIRIH","4712"
"57249","BAGENDANG HILIR","4713"
"57250","BAGENDANG HULU","4713"
"57251","BAGENDANG PERMAI","4713"
"57252","BAGENDANG TENGAH","4713"
"57253","BAGOK","4714"
"57254","BAHAUR BASANTAN","4715"
"57255","BAHAUR BATU RAYA","4715"
"57256","BAHAUR HILIR","4715"
"57257","BAHAUR HULU PERMAI","4715"
"57258","BAHAUR HULU","4715"
"57259","BAHAUR TENGAH","4715"
"57260","BAHAUR","4716"
"57261","BAHITOM / BAHINTOM","4717"
"57262","BAHU PALAWA","4718"
"57263","BAJARAU","4719"
"57264","BAJARUM","4720"
"57265","BAJUH","4721"
"57266","BAKONSU","4722"
"57267","BAKUNG RAYA","4723"
"57268","BAKUNGIN","4724"
"57269","BALAI BANJANG","4725"
"57270","BALAI RIAM","4691"
"57271","BALAWA","4726"
"57272","BALITI","4727"
"57273","BALUKUN","4718"
"57274","BAMBAN RAYA","4728"
"57275","BAMBAN","4714"
"57276","BAMBULUNG","4729"
"57277","BANAMA","4700"
"57278","BANDAR AGUNG","4719"
"57279","BANDAR MEKAR","4730"
"57280","BANDAR RAYA","4730"
"57281","BANGKAL","4731"
"57282","BANGKIRAYEN","4696"
"57283","BANGKUANG","4709"
"57284","BANGKUANG","4732"
"57285","BANGUN HARJA / HARJO","4733"
"57286","BANGUN HARJO","4728"
"57287","BANGUN JAYA","4691"
"57288","BANGUN SARI","4734"
"57289","BANTAI BAMBURE","4735"
"57290","BANTAI NAPU","4736"
"57291","BANTURUNG","4737"
"57292","BANUA USANG","4738"
"57293","BANUT KALANAMAN","4739"
"57294","BANYU LANDAS","4714"
"57295","BAOK","4740"
"57296","BAPANGGANG RAYA","4741"
"57297","BAPEANG","4741"
"57298","BAPINANG HILIR LAUT","4710"
"57299","BAPINANG HILIR","4710"
"57300","BAPINANG HULU","4710"
"57301","BARANGGAU","4742"
"57302","BARARAWA","4729"
"57303","BARATU (BERATU)","4743"
"57304","BARENG RAMBANG","4718"
"57305","BARIMBA","4724"
"57306","BARINGIN TUNGGAL JAYA","4719"
"57307","BARONANG II","4744"
"57308","BARU","4745"
"57309","BARU","4746"
"57310","BARUANG / EKENG","4747"
"57311","BARUNANG MIRI","4719"
"57312","BARUNANG","4721"
"57313","BARUYAN","4748"
"57314","BASARANG JAYA","4749"
"57315","BASARANG","4749"
"57316","BASAWANG","4750"
"57317","BASIRIH HILIR","4751"
"57318","BASIRIH HULU","4751"
"57319","BASUNGKAI","4749"
"57320","BASUTA RAYA","4698"
"57321","BATAMPANG","4752"
"57322","BATANJUNG","4742"
"57323","BATAPAH","4703"
"57324","BATILAP","4752"
"57325","BATU AGUNG","4706"
"57326","BATU AGUNG","4690"
"57327","BATU AMPAR","4753"
"57328","BATU BADAK","4754"
"57329","BATU BADINDING","4755"
"57330","BATU BANGO","4756"
"57331","BATU BELAMAN","4757"
"57332","BATU BUA I","4758"
"57333","BATU BUA II","4758"
"57334","BATU HAMBAWANG","4759"
"57335","BATU KARANG","4758"
"57336","BATU KOTAM","4702"
"57337","BATU MAKAP","4760"
"57338","BATU MANANGIS","4761"
"57339","BATU MIRAU","4762"
"57340","BATU NINDAN","4749"
"57341","BATU NYAPAU","4763"
"57342","BATU NYIWUH","4763"
"57343","BATU PANAHAN","4764"
"57344","BATU PUTER","4765"
"57345","BATU PUTIH","4717"
"57346","BATU SAMBUNG","4725"
"57347","BATU TAMBUN","4766"
"57348","BATU TANGKUI","4767"
"57349","BATU TOJAH","4768"
"57350","BATU TUHUP","4758"
"57351","BATU TUKAN","4754"
"57352","BATU TUNGGAL","4769"
"57353","BATUAH","4749"
"57354","BATUAH","4748"
"57355","BATUAH","4770"
"57356","BATURAYA I","4727"
"57357","BATURAYA II","4727"
"57358","BAUN BANGO","4705"
"57359","BAUNG","4771"
"57360","BAWAN","4772"
"57361","BAWAN","4708"
"57362","BAYAT","4773"
"57363","BELANTI SIAM","4774"
"57364","BELAWAN MULYA","4734"
"57365","BELAWAN","4775"
"57366","BELAWANG","4776"
"57367","BELIBI (BALIBI)","4773"
"57368","BENAKITAN","4766"
"57369","BENANGIN I  /  I","4777"
"57370","BENANGIN II  /  2","4777"
"57371","BENANGIN III  /  3","4777"
"57372","BENANGIN V  /  5","4777"
"57373","BENAO HILIR","4778"
"57374","BENAO HULU","4778"
"57375","BENGAHON","4779"
"57376","BENGKUANG MAKMUR","4741"
"57377","BENTOT","4695"
"57378","BENTUK JAYA","4780"
"57379","BENUATAN","4773"
"57380","BERALANG","4758"
"57381","BERAMBAI MAKMUR","4693"
"57382","BERAS BELANGE","4758"
"57383","BERENG BARU","4781"
"57384","BERENG BELAWAN","4734"
"57385","BERENG BENGKEL","4782"
"57386","BERENG JUN","4734"
"57387","BERENG MALAKA","4781"
"57388","BERENG","4701"
"57389","BERINGIN AGUNG","4690"
"57390","BERINGIN RAYA","4783"
"57391","BERIWIT","4717"
"57392","BERONG","4740"
"57393","BERUTA","4702"
"57394","BETANG NALONG","4695"
"57395","BHAKTI KARYA","4784"
"57396","BIHA","4758"
"57397","BINA BHAKTI","4759"
"57398","BINA JAYA","4780"
"57399","BINA KARYA","4776"
"57400","BINA MEKAR","4776"
"57401","BINA SEJAHTERA","4776"
"57402","BINTANG ARA","4747"
"57403","BINTANG KURUNG","4709"
"57404","BINTANG MENGALIH","4773"
"57405","BINTANG NINGGI I (SATU)","4785"
"57406","BINTANG NINGGI II (DUA)","4785"
"57407","BIPAK KALI","4747"
"57408","BIRU MAJU","4786"
"57409","BIWAN","4696"
"57410","BUANA MUSTIKA","4690"
"57411","BUDI MUFAKAT","4728"
"57412","BUHUT JAYA","4721"
"57413","BUKIT BAMBA","4718"
"57414","BUKIT BARU","4787"
"57415","BUKIT BATU","4788"
"57416","BUKIT BULUH / BULUK","4706"
"57417","BUKIT HARAPAN","4719"
"57418","BUKIT HARUM","4753"
"57419","BUKIT INDAH","4702"
"57420","BUKIT INDAH","4690"
"57421","BUKIT JAYA","4769"
"57422","BUKIT LITI","4718"
"57423","BUKIT MAKMUR","4753"
"57424","BUKIT MAKMUR","4789"
"57425","BUKIT RAWI","4718"
"57426","BUKIT RAYA","4788"
"57427","BUKIT RAYA","4753"
"57428","BUKIT SAWIT","4785"
"57429","BUKIT SUA","4790"
"57430","BUKIT SUNGKAI","4691"
"57431","BUKIT TUNGGAL","4791"
"57432","BULAU NGANDUNG","4744"
"57433","BUMBAN TUHUP","4768"
"57434","BUMI AGUNG","4702"
"57435","BUMI HARJO","4757"
"57436","BUMI JAYA (BUMI AYU)","4706"
"57437","BUMI RAHAYU","4776"
"57438","BUMI SUBUR","4723"
"57439","BUNDAR","4735"
"57440","BUNGA MAWAR","4700"
"57441","BUNGAI JAYA","4749"
"57442","BUNTOI","4701"
"57443","BUNTOK BARU","4785"
"57444","BUNTOK KOTA","4746"
"57445","BUNTUI (BUNTOI)","4792"
"57446","BUNTUT BALI","4793"
"57447","BUNTUT LELENG","4764"
"57448","BUNTUT NUSA","4784"
"57449","BUNTUT SAPAU","4794"
"57450","BUNUT","4702"
"57451","BUTONG","4785"
"57452","CAMATAN (CEMATAN)","4715"
"57453","CAMBA","4720"
"57454","CANDI","4757"
"57455","CANGKANG","4775"
"57456","CEMARA LABAT","4742"
"57457","CEMPAKA BARU","4738"
"57458","CEMPAKA MULIA BARAT","4795"
"57459","CEMPAKA MULIA TIMUR","4795"
"57460","CEMPAKA PUTIH","4789"
"57461","CINTA BUDIMAN","4768"
"57462","CUHAI","4722"
"57463","DADAHUP RAYA","4780"
"57464","DADAHUP","4780"
"57465","DAHIAN TAMBUK","4796"
"57466","DAHIAN TUNGGAL","4793"
"57467","DAHIRANG","4724"
"57468","DAMAR MAKMUR","4789"
"57469","DAMPARAN","4752"
"57470","DANAU BAMBURE","4735"
"57471","DANAU GANTING","4746"
"57472","DANAU MASURA","4746"
"57473","DANAU PANTAU","4703"
"57474","DANAU SADAR","4746"
"57475","DANAU TAWAH / RAWAH","4787"
"57476","DANAU TUNDAI","4782"
"57477","DANAU USUNG","4717"
"57478","DANAU","4696"
"57479","DANDANG","4767"
"57480","DANDANG","4774"
"57481","DANDANG","4725"
"57482","DANGKA","4746"
"57483","DATAH KOTOU","4797"
"57484","DATAI NIRUI","4783"
"57485","DAWAK","4711"
"57486","DAYA MANUNGGAL","4798"
"57487","DAYU","4799"
"57488","DEHES ASEM","4756"
"57489","DEHES","4798"
"57490","DERANGGA","4716"
"57491","DERAWA","4761"
"57492","DIDI","4697"
"57493","DIRUNG BAKUNG","4775"
"57494","DIRUNG KORAM","4744"
"57495","DIRUNG LINGKIN","4797"
"57496","DIRUNG PINANG","4758"
"57497","DIRUNG PUNDU","4758"
"57498","DIRUNG SARARUNG / SARARONG","4768"
"57499","DIRUNG","4717"
"57500","DOAN ARUNG","4775"
"57501","DORONG","4697"
"57502","DURIAN KAIT","4761"
"57503","DURIAN TUNGGAL","4706"
"57504","EKA BAHURUI","4741"
"57505","FAJAR HARAPAN","4734"
"57506","GADABUNG","4774"
"57507","GAGUTUR","4747"
"57508","GALINGGANG","4705"
"57509","GANDANG BARAT","4712"
"57510","GANDANG","4712"
"57511","GANDIS","4800"
"57512","GANDRING","4801"
"57513","GANDRUNG","4736"
"57514","GANEPO","4770"
"57515","GANTUNG PENGAYUH","4706"
"57516","GARANTUNG","4712"
"57517","GARUNG (GARONG)","4802"
"57518","GAUNG BARU","4790"
"57519","GERAGU","4793"
"57520","GINIH","4766"
"57521","GOHONG","4701"
"57522","GOHONG","4734"
"57523","GUCI","4702"
"57524","GUDANG SENG","4714"
"57525","GUHA","4772"
"57526","GUMPA","4697"
"57527","GUNUNG MAKMUR","4784"
"57528","GUNUNG RANTAU","4735"
"57529","HABARING HURUNG","4737"
"57530","HAJAK","4801"
"57531","HALIMAUNG JAYA","4733"
"57532","HAMPALIT","4739"
"57533","HAMPATUNG","4724"
"57534","HANAUT","4710"
"57535","HANDIL SOHOR","4751"
"57536","HANDIWUNG","4700"
"57537","HANDIWUNG","4803"
"57538","HANJAK MAJU","4701"
"57539","HANJALIPAN","4720"
"57540","HANTAPANG","4765"
"57541","HANUA","4772"
"57542","HAPALAM","4732"
"57543","HARAGANDANG","4779"
"57544","HARAPAN BARU","4780"
"57545","HARAPAN JAYA","4787"
"57546","HARARA","4697"
"57547","HARINGEN","4697"
"57548","HAROWU","4792"
"57549","HAYAPING","4696"
"57550","HENDA","4802"
"57551","HIANG / HIYANG BANA","4803"
"57552","HILIR SPER","4746"
"57553","HINGAN TOKUNG","4768"
"57554","HINGAN","4735"
"57555","HUJUNG PATA","4804"
"57556","HULU TAMPANG","4735"
"57557","HUMBANG RAYA","4787"
"57558","HURUNG BUNUT","4805"
"57559","HURUNG ENEP","4779"
"57560","HURUNG KAMPIN","4725"
"57561","HURUNG PUKUNG","4721"
"57562","HURUNG TABENGAN","4744"
"57563","HURUNG TAMPANG","4744"
"57564","HURUNG","4772"
"57565","IPU MEA","4799"
"57566","IPU","4779"
"57567","IPUH BANGUN JAYA","4711"
"57568","JAAR","4697"
"57569","JABIREN","4802"
"57570","JAHANJANG","4705"
"57571","JAHITAN","4771"
"57572","JAKATAN MASAHA","4806"
"57573","JAKATAN PARI","4744"
"57574","JAKATAN RAYA","4781"
"57575","JALEMU MASULAN","4804"
"57576","JALEMU RAYA","4804"
"57577","JAMAN","4727"
"57578","JAMBU","4801"
"57579","JAMUT","4777"
"57580","JANAH JARI","4696"
"57581","JANAH MANSIWUI","4696"
"57582","JANGGI","4709"
"57583","JANGIN / JUKING PAJANG","4717"
"57584","JANGKANG BARU","4778"
"57585","JANGKANG LAMA","4778"
"57586","JANGKANG","4725"
"57587","JANGKAR PRIMA","4759"
"57588","JANGKIT","4765"
"57589","JANGO","4695"
"57590","JATI WARINGIN","4789"
"57591","JAWETEN","4697"
"57592","JAYA KARET","4751"
"57593","JAYA KELAPA","4751"
"57594","JAYA MAKMUR","4723"
"57595","JELAPAT","4746"
"57596","JEMARAS","4795"
"57597","JEMUAT","4766"
"57598","JIHING","4691"
"57599","JINGAH","4801"
"57600","JUJU BARU","4779"
"57601","JUKING SUPAN","4743"
"57602","JURU BANU","4726"
"57603","KABUAU","4719"
"57604","KABURAN","4725"
"57605","KADIPI ATAS","4807"
"57606","KAHAYAN HILIR","4701"
"57607","KAHINGAI","4773"
"57608","KAHURIPAN PERMAI","4780"
"57609","KALADAN JAYA","4787"
"57610","KALAHIEN","4746"
"57611","KALAMPANGAN","4782"
"57612","KALAMUS","4736"
"57613","KALANG DUHUNG","4758"
"57614","KALANG KALUH","4775"
"57615","KALANG","4761"
"57616","KALANIS","4752"
"57617","KALAPEH BARU","4760"
"57618","KALASIN","4808"
"57619","KALAWA","4701"
"57620","KALI NAPU","4726"
"57621","KALUMPANG","4787"
"57622","KAMANTO","4798"
"57623","KAMAWEN","4809"
"57624","KAMBITIN","4695"
"57625","KAMELOH BARU","4782"
"57626","KAMPUNG BARU","4723"
"57627","KAMPUNG MELAYU","4723"
"57628","KAMPUNG MELAYU","4810"
"57629","KAMPUNG TENGAH","4723"
"57630","KAMPURI","4796"
"57631","KANAMIT BARAT","4712"
"57632","KANAMIT JAYA","4712"
"57633","KANAMIT","4712"
"57634","KANARAKAN","4737"
"57635","KANDAN","4720"
"57636","KANDRIS","4714"
"57637","KANDRIS","4799"
"57638","KANDUI","4727"
"57639","KANTAN ATAS","4774"
"57640","KANTAN DALAM","4774"
"57641","KANTAN MUARA","4774"
"57642","KAPUK","4708"
"57643","KARALI","4775"
"57644","KARAMUAN","4778"
"57645","KARANG BESI","4773"
"57646","KARANG LANGIT","4697"
"57647","KARANG MAS","4766"
"57648","KARANG SARI","4693"
"57649","KARANG SARI","4719"
"57650","KARANG TABA","4722"
"57651","KARANG TUNGGAL","4719"
"57652","KARANGMULYA","4693"
"57653","KARASON RAYA","4763"
"57654","KARENDAN","4779"
"57655","KARETAU MANTAA","4806"
"57656","KARETAU RAMBANGUN","4811"
"57657","KARETAU SARIAN","4811"
"57658","KARTA MULYA / MULIA","4812"
"57659","KARTIKA BHAKTI / BAKTI","4733"
"57660","KARUING","4705"
"57661","KARUKUS","4721"
"57662","KARYA BAKTI","4781"
"57663","KARYA BERSAMA","4776"
"57664","KARYA BERSAMA","4774"
"57665","KASALI BARU","4772"
"57666","KASINTU","4763"
"57667","KASONGAN BARU","4739"
"57668","KASONGAN LAMA","4739"
"57669","KATANJUNG","4744"
"57670","KATIMPUN","4787"
"57671","KATUNJUNG","4787"
"57672","KAWA","4722"
"57673","KAWAN BATU","4708"
"57674","KAYU BULAN","4721"
"57675","KAYUMBAN","4747"
"57676","KEBON AGUNG","4693"
"57677","KENAMBUI","4745"
"57678","KENAWAN","4692"
"57679","KENYALA","4786"
"57680","KERABU","4800"
"57681","KERAYA","4757"
"57682","KERENG BANGKIRAI","4782"
"57683","KERUING","4788"
"57684","KETAP","4729"
"57685","KETAPANG","4727"
"57686","KETAPANG","4741"
"57687","KIAPAK","4715"
"57688","KIHAM BATANG","4756"
"57689","KINA","4766"
"57690","KINIPAN","4766"
"57691","KINJIL","4711"
"57692","KOHONG","4768"
"57693","KOLAM","4775"
"57694","KONDANG","4711"
"57695","KONUT","4775"
"57696","KOTA BARU","4721"
"57697","KOTA BESI HILIR","4720"
"57698","KOTA BESI HULU","4720"
"57699","KOTA WARINGIN HILIR","4711"
"57700","KOTAM","4695"
"57701","KOTAWARINGIN HULU","4711"
"57702","KUALA JELAI","4813"
"57703","KUALA KUAYAN","4708"
"57704","KUALA PEMBUANG DUA (II)","4771"
"57705","KUALA PEMBUANG SATU (I)","4771"
"57706","KUBU","4757"
"57707","KUBUNG","4814"
"57708","KUDANGAN","4814"
"57709","KUIN PERMAI","4750"
"57710","KUJAN","4702"
"57711","KULUK BALI","4793"
"57712","KULUK HABUHUS","4798"
"57713","KULUK LELENG","4764"
"57714","KULUK SEPANGI / SAPANGI","4756"
"57715","KULUK TELAWANG","4784"
"57716","KUMAI HILIR","4757"
"57717","KUMAI HULU","4757"
"57718","KUMPAI BATU ATAS","4745"
"57719","KUMPAI BATU BAWAH","4745"
"57720","KUPANG BARU","4736"
"57721","KUPANG BERSIH","4729"
"57722","KURUN (KUALA KURUN)","4805"
"57723","LAAS BARU","4760"
"57724","LADA MANDALA JAYA","4807"
"57725","LAGAN","4799"
"57726","LAHEI I","4779"
"57727","LAHEI II","4779"
"57728","LAHEI MANGKUTUP","4787"
"57729","LAKUTAN","4758"
"57730","LALANG","4711"
"57731","LALAP","4695"
"57732","LAMAN BARU","4692"
"57733","LAMPEONG I","4740"
"57734","LAMPEONG II","4740"
"57735","LAMPEONG","4729"
"57736","LAMPETAN","4787"
"57737","LAMPUYANG","4750"
"57738","LAMUNTI BARU","4787"
"57739","LAMUNTI PERMAI","4787"
"57740","LAMUNTI","4787"
"57741","LANDAU KANTU","4814"
"57742","LANGKAI","4815"
"57743","LANJAS","4783"
"57744","LANPASA","4731"
"57745","LAWANG KAJANG","4703"
"57746","LAWANG KAMAH","4703"
"57747","LAWANG KANJI","4811"
"57748","LAWANG TAMANG","4806"
"57749","LAWANG URU","4772"
"57750","LAWARANG","4740"
"57751","LEBO","4729"
"57752","LEHAI","4752"
"57753","LEMBENG","4746"
"57754","LEMO I","4783"
"57755","LEMO II","4783"
"57756","LENGGANG","4748"
"57757","LIANG NAGA","4801"
"57758","LIANG NYALING","4768"
"57759","LIANGBUAH","4801"
"57760","LIJU","4777"
"57761","LIKU","4766"
"57762","LINAU","4781"
"57763","LINON BESI I","4740"
"57764","LINON BESI II","4740"
"57765","LOPUS","4814"
"57766","LUAU JAWUK","4736"
"57767","LUBUK HIJU","4753"
"57768","LUBUK RANGGAN","4795"
"57769","LUNGKU LAYANG","4703"
"57770","LUNUK BAGANTUNG","4816"
"57771","LUNUK RAMBA","4749"
"57772","LUPAK DALAM","4742"
"57773","LUPAK TIMUR","4742"
"57774","LUPU PERUCA","4691"
"57775","LUWE HILIR","4778"
"57776","LUWE HULU","4778"
"57777","LUWUK ANDAN","4817"
"57778","LUWUK BUNTER (LUBUK BUNTER)","4795"
"57779","LUWUK KANAN","4803"
"57780","LUWUK KANTOR","4781"
"57781","LUWUK KIRI","4803"
"57782","LUWUK KUWAN","4690"
"57783","LUWUK LANGKUAS","4781"
"57784","LUWUK SAMPUN","4789"
"57785","LUWUK TUKAU","4818"
"57786","MABUAN","4746"
"57787","MADARA","4746"
"57788","MADUREJO","4745"
"57789","MAGANTIS","4697"
"57790","MAHAJANDAU / MAHANJAU","4752"
"57791","MAHANYAN","4775"
"57792","MAIPE","4726"
"57793","MAJANG / MOJANG BARU","4794"
"57794","MAJANGKAN","4727"
"57795","MAJU BERSAMA","4698"
"57796","MAJUNDRE","4735"
"57797","MAKARTI JAYA","4807"
"57798","MAKARTI JAYA","4710"
"57799","MAKMUR UTAMA","4723"
"57800","MAKUNJUNG","4768"
"57801","MALASAN / MASALAN","4717"
"57802","MALAWAKEN","4801"
"57803","MALIKU BARU","4712"
"57804","MALIKU MULYA","4712"
"57805","MALINTOT","4748"
"57806","MALITIN","4709"
"57807","MALUEN","4749"
"57808","MALUNGAI RAYA","4747"
"57809","MALUNGAI","4727"
"57810","MAMBULAU","4724"
"57811","MAMPAI JAYA","4744"
"57812","MAMPAI","4776"
"57813","MAMPUAK I","4777"
"57814","MAMPUAK II (PANTUNG)","4777"
"57815","MANDOMAI","4698"
"57816","MANDUING LAMA","4793"
"57817","MANDUING TAHETA","4793"
"57818","MANEN KALEKA","4772"
"57819","MANEN PADURAN","4772"
"57820","MANGALA PERMAI","4776"
"57821","MANGARIS","4746"
"57822","MANGKAHUI","4717"
"57823","MANGKATIR","4752"
"57824","MANGKAWUK","4804"
"57825","MANGKOLISOI","4775"
"57826","MANGKUHUNG","4792"
"57827","MANGUN JAYA","4723"
"57828","MANIS","4721"
"57829","MANTANGAI HILIR","4787"
"57830","MANTANGAI HULU","4787"
"57831","MANTANGAI TENGAH","4787"
"57832","MANTAREN I","4701"
"57833","MANTAREN II","4701"
"57834","MANTIAT PARI","4775"
"57835","MANUNTUNG","4780"
"57836","MANUSUP HILIR","4787"
"57837","MANUSUP","4787"
"57838","MANYAHI","4787"
"57839","MARAGUT","4697"
"57840","MARANDANG","4794"
"57841","MARANG","4737"
"57842","MARAPIT (MERAPIT)","4721"
"57843","MARAWAN BARU","4735"
"57844","MARAWAN LAMA","4735"
"57845","MARGA JAYA","4747"
"57846","MARGA MULYA","4693"
"57847","MARUGA","4735"
"57848","MASAHA","4806"
"57849","MASARAN","4721"
"57850","MASUPA RIA","4806"
"57851","MATABU","4697"
"57852","MATARAH","4697"
"57853","MAWAR MEKAR","4700"
"57854","MEDANGSARI","4745"
"57855","MEKAR INDAH","4733"
"57856","MEKAR JAYA","4719"
"57857","MEKAR JAYA","4819"
"57858","MEKAR MULYA","4759"
"57859","MEKAR SARI","4789"
"57860","MEKAR TANI","4810"
"57861","MELATA","4753"
"57862","MELAYU","4783"
"57863","MENDAWAI SEBERANG","4745"
"57864","MENDAWAI","4745"
"57865","MENDAWAI","4810"
"57866","MENDAWAI","4812"
"57867","MENGKALANG","4766"
"57868","MENGKATIP","4752"
"57869","MENTAWA BARU HILIR","4741"
"57870","MENTAWA BARU HULU","4741"
"57871","MENTAYA SEBERANG","4770"
"57872","MENTENG KARYA","4780"
"57873","MENTENG","4791"
"57874","MERAH","4789"
"57875","MERAMBANG","4769"
"57876","MINTIN","4701"
"57877","MIRAH KALANAMAN","4755"
"57878","MODANG MAS","4753"
"57879","MONGOH JUOI","4794"
"57880","MONTALLAT I","4809"
"57881","MONTALLAT II","4809"
"57882","MUANI","4695"
"57883","MUARA ARAI","4709"
"57884","MUARA AWANG","4694"
"57885","MUARA BABUAT","4743"
"57886","MUARA BAKAH","4779"
"57887","MUARA BAKANON","4743"
"57888","MUARA BUMBAN / BAMBAN","4717"
"57889","MUARA DADAHUP","4776"
"57890","MUARA DUA","4771"
"57891","MUARA INU","4779"
"57892","MUARA JAAN","4717"
"57893","MUARA JOLOI I","4820"
"57894","MUARA JOLOI II","4820"
"57895","MUARA LAUNG I","4758"
"57896","MUARA LAUNG II","4758"
"57897","MUARA MARUWEI I","4758"
"57898","MUARA MARUWEI II","4758"
"57899","MUARA MEA","4740"
"57900","MUARA PALANTAU","4729"
"57901","MUARA PARI","4779"
"57902","MUARA RIPUNG","4746"
"57903","MUARA SINGAN","4747"
"57904","MUARA SUMPOI","4717"
"57905","MUARA TALANG","4746"
"57906","MUARA TUHUP","4758"
"57907","MUARA TUPUH","4758"
"57908","MUARA UNTU","4717"
"57909","MUARA WAKAT","4777"
"57910","MUGI PANYAHU (MUGIE PANYUHU)","4706"
"57911","MUKA HAJI","4747"
"57912","MUKTI MANUNGGAL","4753"
"57913","MUKUT","4779"
"57914","MULIA / MULYA JADI","4693"
"57915","MULYA AGUNG","4784"
"57916","MULYASARI (MULIA SARI)","4774"
"57917","MUNGKU BARU","4790"
"57918","MUROI RAYA","4787"
"57919","MURU DUYUNG","4729"
"57920","MURUNG KERAMAT","4821"
"57921","MURUNG PAKEN","4746"
"57922","MURUTUWU","4726"
"57923","MUWUN","4775"
"57924","NAGALEAH","4729"
"57925","NANGA BELANTIKAN","4773"
"57926","NANGA BULIK","4702"
"57927","NANGA KEMUJAN","4769"
"57928","NANGA KORING","4769"
"57929","NANGA MATU","4773"
"57930","NANGA MUA","4800"
"57931","NANGA PALIKODAN","4769"
"57932","NANING","4749"
"57933","NANUAH","4753"
"57934","NAPU SAHUR","4755"
"57935","NARAHAN BARU","4700"
"57936","NARAHAN","4700"
"57937","NARUI","4758"
"57938","NATAI BARU","4745"
"57939","NATAI BARU","4713"
"57940","NATAI KERBAU","4693"
"57941","NATAI KONDANG","4692"
"57942","NATAI RAYA","4745"
"57943","NATAI SEDAWAK","4812"
"57944","NETAPIN  /  NETAMPIN","4694"
"57945","NGURIT","4747"
"57946","NIBUNG TERJUN","4692"
"57947","NIHAN HILIR","4778"
"57948","NIHAN HULU","4778"
"57949","NONOKALIWON","4775"
"57950","NUANGAN","4769"
"57951","NUSA KUTAU","4754"
"57952","NYALANG","4814"
"57953","OLONG LIKO","4760"
"57954","OLUNG BALO","4775"
"57955","OLUNG DOJOU","4775"
"57956","OLUNG HANANGAN","4797"
"57957","OLUNG MURO","4797"
"57958","OLUNG NANGO","4775"
"57959","OLUNG SIRON","4775"
"57960","OLUNG SOLOI","4775"
"57961","OLUNG ULU","4775"
"57962","ORENG","4797"
"57963","OSOM TOMPOK","4775"
"57964","PADANG","4812"
"57965","PADURAN SABANGAU","4819"
"57966","PAGER","4790"
"57967","PAHANDUT SEBERANG","4815"
"57968","PAHANDUT","4815"
"57969","PAHAWAN","4772"
"57970","PAHIRANGAN","4708"
"57971","PAKU BETO","4736"
"57972","PALAMPAI","4742"
"57973","PALANGAN","4720"
"57974","PALANGKA","4791"
"57975","PALANGKAI","4700"
"57976","PALANGKAU BARU","4776"
"57977","PALANGKAU LAMA","4776"
"57978","PALIH BARU","4711"
"57979","PALINGKAU ASRI","4776"
"57980","PALINGKAU BARU","4776"
"57981","PALINGKAU JAYA","4776"
"57982","PALINGKAU LAMA","4776"
"57983","PALINGKAU SEJAHTERA","4776"
"57984","PALINGKAU","4738"
"57985","PALO REJO","4747"
"57986","PAMAIT","4746"
"57987","PAMALIAN","4720"
"57988","PAMANGKA","4746"
"57989","PAMARUNAN","4718"
"57990","PANAEN","4801"
"57991","PANAMAS","4821"
"57992","PANARUKAN","4735"
"57993","PANARUNG","4749"
"57994","PANARUNG","4815"
"57995","PANCA JAYA","4706"
"57996","PANDAU","4800"
"57997","PANDAWEI","4772"
"57998","PANDRAN PERMAI","4785"
"57999","PANDRAN RAYA","4785"
"58000","PANDU SANJAYA","4807"
