"id","nama_desa","kecamatan_id"
"64001","WATUDAMBO","5243"
"64002","WATULAMBOT","5287"
"64003","WATULANEY AMIAN","5156"
"64004","WATULANEY","5156"
"64005","WATULINEY INDAH","5191"
"64006","WATULINEY TENGAH","5191"
"64007","WATULINEY","5191"
"64008","WATUMEA","5235"
"64009","WATUTUMOU I","5248"
"64010","WATUTUMOU II","5248"
"64011","WATUTUMOU III","5248"
"64012","WAWALI PASAN","5285"
"64013","WAWALI","5285"
"64014","WAWALINTOUAN","5287"
"64015","WAWONA","5155"
"64016","WAWONASA","5260"
"64017","WAWONTULAP","5155"
"64018","WAWUNIAN","5135"
"64019","WENANG SELATAN","5221"
"64020","WENANG UTARA","5221"
"64021","WENGKOL","5264"
"64022","WERDHI AGUNG SELATAN","5240"
"64023","WERDHI AGUNG TIMUR","5240"
"64024","WERDHI AGUNG UTARA","5240"
"64025","WERDHI AGUNG","5240"
"64026","WEROT","5178"
"64027","WEWELEN","5287"
"64028","WIAU LAPI","5256"
"64029","WIAU","5193"
"64030","WINANGUN ATAS","5250"
"64031","WINANGUN DUA","5162"
"64032","WINANGUN SATU","5162"
"64033","WINANGUN","5179"
"64034","WINEBETAN","5157"
"64035","WINENET DUA (II)","5132"
"64036","WINENET SATU (I)","5132"
"64037","WINERU","5267"
"64038","WINERU","5233"
"64039","WINERU","5239"
"64040","WINETIN","5273"
"64041","WINORANGIAN SATU","5278"
"64042","WINORANGIAN","5278"
"64043","WINURI","5233"
"64044","WIOI DUA","5291"
"64045","WIOI SATU","5291"
"64046","WIOI TIGA","5291"
"64047","WIOI TIMUR","5291"
"64048","WIOY (WIOI)","5291"
"64049","WOLAANG","5148"
"64050","WOLOAN DUA","5295"
"64051","WOLOAN SATU UTARA","5295"
"64052","WOLOAN SATU","5295"
"64053","WOLOAN TIGA","5295"
"64054","WONGKAI SATU","5291"
"64055","WONGKAY (WONGKAI)","5291"
"64056","WORI","5213"
"64057","WULAUAN (WULAOAN)","5255"
"64058","WULURMAATUS","5247"
"64059","WUSA","5273"
"64060","WUWUK","5256"
"64061","ABASON","5296"
"64062","ABBAJARENG","5297"
"64063","ADEAN","5298"
"64064","AEDAN RAYA","5299"
"64065","AIR PANAS","5300"
"64066","AIRTERANG","5301"
"64067","ALAKASING","5302"
"64068","ALASAN NGGOLOBUTON","5303"
"64069","ALASAN","5304"
"64070","ALINDAU","5305"
"64071","ALITUPU","5306"
"64072","ALOO","5307"
"64073","ALUL","5308"
"64074","AMAL","5309"
"64075","AMBASON MEKAR","5310"
"64076","AMBELANG","5311"
"64077","AMBESIA BARAT","5312"
"64078","AMBESIA SELATAN","5312"
"64079","AMBESIA","5312"
"64080","AMBUNU","5313"
"64081","AMPANA","5314"
"64082","AMPERA","5315"
"64083","AMPERA","5316"
"64084","AMPIBABO TIMUR","5307"
"64085","AMPIBABO UTARA","5307"
"64086","AMPIBABO","5307"
"64087","AMPORIWO","5317"
"64088","ANCA","5318"
"64089","ANGGASAN","5319"
"64090","ANUTAPURA","5320"
"64091","APAL","5321"
"64092","APAL","5322"
"64093","ARGA KENCANA","5323"
"64094","ARGAKENCANA","5324"
"64095","ARGO MULYO","5323"
"64096","ASAAN","5315"
"64097","ASTINA","5325"
"64098","ATANANGA","5326"
"64099","AVOLUA","5327"
"64100","AWO","5328"
"64101","AWU","5329"
"64102","BABANG BUYANGGE","5330"
"64103","BABANG","5303"
"64104","BADANGKAIYA (BADANGKAIA)","5331"
"64105","BADUMPAYAN","5298"
"64106","BAHAGIA","5316"
"64107","BAHARI MAKMUR","5332"
"64108","BAHARI","5333"
"64109","BAHINGIN","5334"
"64110","BAHODOPI","5335"
"64111","BAHOEA REKO REKO","5313"
"64112","BAHOMAKMUR","5335"
"64113","BAHOMANTE","5336"
"64114","BAHOMOAHI","5337"
"64115","BAHOMOHONI","5336"
"64116","BAHOMOKO","5336"
"64117","BAHOMOTEFE","5337"
"64118","BAHONSUAI","5326"
"64119","BAHONTOBUNGKU","5336"
"64120","BAHONTULA","5338"
"64121","BAHORURU","5336"
"64122","BAHOUE","5338"
"64123","BAILO BARU","5314"
"64124","BAILO","5314"
"64125","BAINAA BARAT","5310"
"64126","BAINAA SELATAN","5310"
"64127","BAINAA","5310"
"64128","BAIYA","5339"
"64129","BAJO POAT","5315"
"64130","BAJO","5340"
"64131","BAJO","5322"
"64132","BAJUGAN","5341"
"64133","BAKA","5311"
"64134","BAKALA","5342"
"64135","BAKALAN","5311"
"64136","BAKALINGA","5343"
"64137","BAKEKAU","5331"
"64138","BAKTI AGUNG","5344"
"64139","BAKU-BAKULU","5316"
"64140","BAKUNG","5345"
"64141","BALAANG","5346"
"64142","BALAI GONDI","5315"
"64143","BALALON","5303"
"64144","BALAMOA","5347"
"64145","BALANE","5348"
"64146","BALANGA","5349"
"64147","BALANGGALA","5350"
"64148","BALANTAK","5351"
"64149","BALANTANG","5345"
"64150","BALAROA","5352"
"64151","BALAU","5301"
"64152","BALAYON","5322"
"64153","BALE","5353"
"64154","BALEAN","5334"
"64155","BALEURA (BALIURA)","5354"
"64156","BALIARA","5300"
"64157","BALIASE","5355"
"64158","BALINGARA","5350"
"64159","BALINGGI JATI","5356"
"64160","BALINGGI","5356"
"64161","BALINTUMA","5357"
"64162","BALOADODA","5315"
"64163","BALOMBONG","5302"
"64164","BALONGGA","5358"
"64165","BALUASE","5358"
"64166","BALUKANG II","5359"
"64167","BALUKANG","5359"
"64168","BALUMPEWA","5347"
"64169","BAMBAKAENU","5360"
"64170","BAMBAKANINI","5360"
"64171","BAMBALAGA","5361"
"64172","BAMBALEMO","5362"
"64173","BAMBALO","5363"
"64174","BAMBAPULA","5364"
"64175","BAMBAPUN","5319"
"64176","BAMBARIMI","5365"
"64177","BAMBASIANG","5366"
"64178","BAMBU","5367"
"64179","BAMPANGA","5368"
"64180","BANAGAN","5364"
"64181","BANANO","5333"
"64182","BANASU","5369"
"64183","BANCEA","5370"
"64184","BANGGA","5358"
"64185","BANGGAIBA","5371"
"64186","BANGKAGI","5328"
"64187","BANGKETA","5346"
"64188","BANGKIR","5297"
"64189","BANGUN JAYA","5370"
"64190","BANGUNEMO","5343"
"64191","BANTAYA","5362"
"64192","BANTAYAN","5372"
"64193","BANTEAN","5373"
"64194","BANTUGA","5350"
"64195","BARATI","5317"
"64196","BARIRI","5354"
"64197","BARU","5374"
"64198","BARU","5375"
"64199","BARU","5352"
"64200","BARUGA","5376"
"64201","BARUGA","5332"
"64202","BASABUNGAN","5315"
"64203","BASOSOL","5322"
"64204","BATANG BABASAL","5296"
"64205","BATANGONO","5377"
"64206","BATEGENCU","5378"
"64207","BATU HITAM","5346"
"64208","BATU MANDI","5379"
"64209","BATU RATA","5380"
"64210","BATU SIMPANG","5379"
"64211","BATUI","5345"
"64212","BATUILO","5361"
"64213","BATURUBE","5381"
"64214","BATUSUYA GO\O","5382"
"64215","BATUSUYA","5382"
"64216","BAU","5383"
"64217","BAULU","5328"
"64218","BAYA","5372"
"64219","BEGA","5384"
"64220","BEKA","5355"
"64221","BELLA","5346"
"64222","BENGKOLI","5385"
"64223","BENTANG","5324"
"64224","BENTE","5336"
"64225","BENTENG","5328"
"64226","BERABAN","5356"
"64227","BERDIKARI","5316"
"64228","BERINGIN JAYA","5340"
"64229","BERINGIN JAYA","5326"
"64230","BERINGIN JAYA","5386"
"64231","BESUSU BARAT","5387"
"64232","BESUSU TENGAH","5387"
"64233","BESUSU TIMUR","5387"
"64234","BETALEMBA","5388"
"64235","BETANIA","5384"
"64236","BETAUA","5333"
"64237","BETE BETE","5335"
"64238","BETELEME","5389"
"64239","BETUE","5390"
"64240","BEWA","5331"
"64241","BIAK","5329"
"64242","BIAU","5391"
"64243","BIGA","5312"
"64244","BIGA","5392"
"64245","BILALEA","5393"
"64246","BILO","5361"
"64247","BIMA KARYA","5394"
"64248","BINANGGA","5355"
"64249","BINANGGA","5395"
"64250","BINANGUNA","5367"
"64251","BINOHU","5346"
"64252","BINONTOAN","5396"
"64253","BINOR JAYA","5397"
"64254","BINOTIK","5398"
"64255","BINSIL CH","5394"
"64256","BINSIL PADANG","5394"
"64257","BINTANGOR MUKTI","5399"
"64258","BINUANG","5391"
"64259","BINUNTULI","5322"
"64260","BIROBULI SELATAN","5400"
"64261","BIROBULI UTARA","5400"
"64262","BOBA","5381"
"64263","BOBALO","5366"
"64264","BOBO","5347"
"64265","BOBO","5316"
"64266","BOBU","5401"
"64267","BODI","5402"
"64268","BOE","5370"
"64269","BOELIMAU","5342"
"64270","BOHOTOKONG","5349"
"64271","BOILAN","5301"
"64272","BOITAN","5372"
"64273","BOKAT IV","5403"
"64274","BOKAT","5403"
"64275","BOLADANGKO","5371"
"64276","BOLANO BARAT","5340"
"64277","BOLANO TENGAH","5340"
"64278","BOLANO UTARA","5340"
"64279","BOLANO","5340"
"64280","BOLAPAPU","5371"
"64281","BOLAUNG OLONGGATA","5299"
"64282","BOLLA","5398"
"64283","BOLOAK","5351"
"64284","BOLOBIA","5348"
"64285","BOLOBUNGKANG","5334"
"64286","BOLOBUNGKANG","5346"
"64287","BOLOI (BOLOY)","5308"
"64288","BOLOKUT","5404"
"64289","BOLONAN","5296"
"64290","BOLUBUNG","5343"
"64291","BOLUNI","5303"
"64292","BOMBA","5331"
"64293","BOMBA","5355"
"64294","BOMBA","5367"
"64295","BOMBONGAN","5398"
"64296","BONDAT","5315"
"64297","BONDOYONG","5310"
"64298","BONE BARU","5405"
"64299","BONE BONE","5406"
"64300","BONE RATO","5314"
"64301","BONEBAE I","5407"
"64302","BONEBAE II","5407"
"64303","BONEBALANTAK","5408"
"64304","BONEBOBAKAL","5332"
"64305","BONEMARAWA","5409"
"64306","BONEOGE","5410"
"64307","BONEPUSO","5303"
"64308","BONESOMPE","5411"
"64309","BONEVETO (BONEVOTO)","5407"
"64310","BONGGANAN","5311"
"64311","BONGKA KOY (KOI)","5407"
"64312","BONGKA MAKMUR","5407"
"64313","BONGO","5403"
"64314","BONTOSI","5304"
"64315","BOOY","5412"
"64316","BORA","5413"
"64317","BORAS","5398"
"64318","BORNEANG","5407"
"64319","BORONE","5350"
"64320","BOSAGON JAYA","5414"
"64321","BOTUGOLU","5415"
"64322","BOU","5359"
"64323","BOYA","5410"
"64324","BOYABALIASE","5355"
"64325","BOYANTONGO","5416"
"64326","BOYAOGE","5417"
"64327","BOYOMOUTE","5322"
"64328","BOYOU","5329"
"64329","BUAJANGKA","5342"
"64330","BUALEMO A","5394"
"64331","BUALEMO B","5394"
"64332","BUBUNG","5418"
"64333","BUDIMUKTI","5419"
"64334","BUGA","5361"
"64335","BUGIS","5345"
"64336","BUGIS","5420"
"64337","BUGIS","5421"
"64338","BUKAL","5391"
"64339","BUKAMOG","5403"
"64340","BUKIT BAMBU","5422"
"64341","BUKIT HARAPAN","5419"
"64342","BUKIT HARAPAN","5359"
"64343","BUKIT INDAH","5409"
"64344","BUKIT JAYA","5324"
"64345","BUKIT MAKARTI","5423"
"64346","BUKIT MAKMUR","5320"
"64347","BUKIT MEMBUAL","5418"
"64348","BUKIT MULYA","5372"
"64349","BUKO","5321"
"64350","BULAGI DUA","5308"
"64351","BULAGI SATU","5308"
"64352","BULAGIDUN TANJUNG","5424"
"64353","BULAGIDUN","5424"
"64354","BULAN JAYA","5350"
"64355","BULELENG","5425"
"64356","BULILI","5331"
"64357","BULILI","5426"
"64358","BULU","5315"
"64359","BULUBETE","5358"
"64360","BULUNGKOBIT","5311"
"64361","BULURI","5427"
"64362","BUMI BANYUBARU","5306"
"64363","BUMI BANYUSARI","5306"
"64364","BUMI BERINGIN","5329"
"64365","BUMI HARAPAN","5423"
"64366","BUMI HARAPAN","5428"
"64367","BUMI HARJO","5323"
"64368","BUMIHARJO","5324"
"64369","BUNGA","5329"
"64370","BUNGA","5316"
"64371","BUNGAWON","5315"
"64372","BUNGAYO","5328"
"64373","BUNGIN TIMUR","5375"
"64374","BUNGIN","5404"
"64375","BUNGIN","5375"
"64376","BUNGIN","5311"
"64377","BUNGINGKELA","5342"
"64378","BUNGINTENDE","5342"
"64379","BUNGINTIMBE","5397"
"64380","BUNGKUDU","5391"
"64381","BUNOBOGU (BONOBOGU)","5415"
"64382","BUNOBOGU SELATAN","5415"
"64383","BUNTA I","5349"
"64384","BUNTA II","5349"
"64385","BUNTA","5397"
"64386","BUNTONGI","5314"
"64387","BUNTUNA","5374"
"64388","BUOL","5420"
"64389","BUOL","5429"
"64390","BUON MANDIRI","5329"
"64391","BURANGA","5307"
"64392","BURANGA","5430"
"64393","BUSAK I","5376"
"64394","BUSAK II","5376"
"64395","BUTON","5342"
"64396","BUTUKAN","5403"
"64397","BUYUMPONDOLI","5431"
"64398","CEMERLANG","5432"
"64399","CEMPA","5407"
"64400","CENDANA","5367"
"64401","CENDANAPURA","5324"
"64402","DADAKITAN","5374"
"64403","DAENGGUNE","5348"
"64404","DALAKA","5309"
"64405","DALE-DALE","5351"
"64406","DAMAI MAKMUR","5346"
"64407","DAMPAL","5357"
"64408","DAMPALA","5335"
"64409","DANGARAA","5360"
"64410","DANGKALAN","5433"
"64411","DATARAN BUGI","5333"
"64412","DEMANGAN JAYA","5349"
"64413","DEWUA","5388"
"64414","DIAPATIH","5424"
"64415","DIAT","5391"
"64416","DIDIRI (OMPO DIDIRI)","5434"
"64417","DIMPALON","5330"
"64418","DIULE","5396"
"64419","DODA BUNTA","5386"
"64420","DODA","5348"
"64421","DODA","5354"
"64422","DODOLO","5306"
"64423","DODUNG","5433"
"64424","DOLAGO","5416"
"64425","DOLOM","5351"
"64426","DOLOM","5334"
"64427","DOLONG A (DOLONGA)","5435"
"64428","DOLONG B","5435"
"64429","DOLUPO KARYA","5399"
"64430","DOMAG MEKAR","5415"
"64431","DOMBU","5436"
"64432","DONDO BARAT","5314"
"64433","DONDO SIMOLI","5349"
"64434","DONDO","5314"
"64435","DONDO","5412"
"64436","DONGGALA KODI","5427"
"64437","DONGGULU SELATAN","5437"
"64438","DONGGULU","5437"
"64439","DONGIN","5423"
"64440","DONGKALAN","5430"
"64441","DONGKALAN","5315"
"64442","DONGKALAN","5366"
"64443","DONGKAS","5310"
"64444","DONGKO","5297"
"64445","DOPALAK","5380"
"64446","DOULAN","5403"
"64447","DOWIWI","5386"
"64448","DUAMAYO (DUWAMAYO)","5403"
"64449","DUATA KARYA","5432"
"64450","DULUMAI","5431"
"64451","DUNGINGIS","5438"
"64452","DUNGKEAN","5406"
"64453","DUSUNAN BARAT","5310"
"64454","DUSUNAN","5310"
"64455","DUTUNO","5380"
"64456","DUYU","5417"
"64457","DWI KARYA","5394"
"64458","DWIPA KARYA","5386"
"64459","EEYA","5366"
"64460","EMEA","5428"
"64461","ENSA","5439"
"64462","ENU","5309"
"64463","ERA","5440"
"64464","ETENG","5432"
"64465","FATUFIA","5335"
"64466","GALANDAU","5441"
"64467","GALUGA","5363"
"64468","GALUMPANG","5438"
"64469","GANDA-GANDA","5338"
"64470","GANGGA","5416"
"64471","GANONGOL SARI","5320"
"64472","GANSAL","5401"
"64473","GANTI","5410"
"64474","GARUGA","5398"
"64475","GEBANG REJO","5442"
"64476","GERESA","5337"
"64477","GILILANA","5338"
"64478","GIMPU","5443"
"64479","GIMPUBIA","5360"
"64480","GINTU","5331"
"64481","GINUNGGUNG","5341"
"64482","GIO","5299"
"64483","GIRI MULYO","5350"
"64484","GIRIMULYA","5444"
"64485","GIWANG","5412"
"64486","GOMUO","5315"
"64487","GONG-GONG","5298"
"64488","GONOHOP","5386"
"64489","GONTARA","5439"
"64490","GORI-GORI","5408"
"64491","GORONTALO","5412"
"64492","GUAMONIAL","5445"
"64493","GUNTARANO","5353"
"64494","GUNUNG BALE","5410"
"64495","GUNUNG KRAMAT","5423"
"64496","GUNUNGSARI","5320"
"64497","HANGA HANGA","5418"
"64498","HANGA-HANGA PERMAI","5418"
"64499","HANGGIRA","5354"
"64500","HARAPAN JAYA","5326"
"64501","HARMONI","5402"
"64502","HION","5349"
"64503","HOHUDONGAN","5315"
"64504","HONBOLA","5345"
"64505","HUHAK","5349"
"64506","HUHAK","5315"
"64507","HULUBALANG","5402"
"64508","HUNDUHON","5372"
"64509","ILAMBE","5429"
"64510","INALATAN","5415"
"64511","INDANG SARI","5372"
"64512","IPI","5336"
"64513","JAMOR JAYA","5399"
"64514","JANJA","5446"
"64515","JATIMULYO","5301"
"64516","JAWI-JAWI","5342"
"64517","JAYA BAKTI","5315"
"64518","JAYA MAKMUR","5346"
"64519","JOLE","5418"
"64520","JONO KALORA","5300"
"64521","JONO OGE","5413"
"64522","JONO OGE","5357"
"64523","JONO","5358"
"64524","JONONUNU","5395"
"64525","KABALO","5363"
"64526","KABALUTAN","5435"
"64527","KABETAN","5361"
"64528","KABINUANG","5364"
"64529","KABOBONA","5447"
"64530","KABONENA","5427"
"64531","KABONGA BESAR","5410"
"64532","KABONGA KECIL","5410"
"64533","KABUA DUA","5346"
"64534","KADIDIA","5426"
"64535","KADODA","5435"
"64536","KADODI","5334"
"64537","KAGEROA","5448"
"64538","KAGITAKAN","5332"
"64539","KAJULANGKO","5350"
"64540","KALAKA","5349"
"64541","KALAMANTA","5369"
"64542","KALANGKANGAN","5341"
"64543","KALAWARA","5449"
"64544","KALEKE","5347"
"64545","KALEMBA I","5333"
"64546","KALEMBA II","5333"
"64547","KALEROANG","5342"
"64548","KALI","5420"
"64549","KALI","5429"
"64550","KALIA","5435"
"64551","KALIBURU KATA","5382"
"64552","KALIBURU","5382"
"64553","KALOLOS","5330"
"64554","KALOMBANG","5381"
"64555","KALORA","5348"
"64556","KALORA","5344"
"64557","KALUKUBULA","5413"
"64558","KALUKUTINGGU","5347"
"64559","KALUMBANGAN","5349"
"64560","KALUMBATAN","5450"
"64561","KALUPAPI","5406"
"64562","KAMALU","5361"
"64563","KAMARORA A","5426"
"64564","KAMARORA B","5426"
"64565","KAMBA","5434"
"64566","KAMBAL","5308"
"64567","KAMBANI","5321"
"64568","KAMBUTU","5367"
"64569","KAMI WANGI","5423"
"64570","KAMONJI","5451"
"64571","KAMONJI","5352"
"64572","KAMPAL","5362"
"64573","KAMPANGAR","5379"
"64574","KAMPUNG BARU SIBAYU","5452"
"64575","KAMPUNG BARU","5401"
"64576","KAMUMU","5329"
"64577","KANAGALONGGA","5360"
"64578","KANALI","5450"
"64579","KANARI","5406"
"64580","KANCUU","5434"
"64581","KANTANAN","5403"
"64582","KANTEWU II","5369"
"64583","KANTEWU","5369"
"64584","KANUNA","5348"
"64585","KAPAS","5438"
"64586","KAPIROE","5316"
"64587","KARANG ANYAR","5323"
"64588","KARAUPA","5326"
"64589","KARAVIA","5360"
"64590","KARAWANA","5447"
"64591","KARYA ABADI","5393"
"64592","KARYA AGUNG","5393"
"64593","KARYA JAYA","5323"
"64594","KARYA MAKMUR","5423"
"64595","KARYA MANDIRI","5414"
"64596","KARYAMUKTI","5419"
"64597","KASIALA","5407"
"64598","KASIGUNCU","5384"
"64599","KASIMBAR BARAT","5437"
"64600","KASIMBAR PALAPI","5437"
"64601","KASIMBAR SELATAN","5437"
"64602","KASIMBAR","5437"
"64603","KASINGOLI","5439"
"64604","KASINTUWU","5411"
"64605","KASUARI","5404"
"64606","KATOGOP (KOTOGOP)","5392"
"64607","KATU","5354"
"64608","KATUPAT","5328"
"64609","KAUKES","5404"
"64610","KAUTU","5311"
"64611","KAVAYA","5309"
"64612","KAVETAN","5367"
"64613","KAWATUNA","5453"
"64614","KAWENDE","5344"
"64615","KAWUA","5422"
"64616","KAYAMANYA","5442"
"64617","KAYOWA","5345"
"64618","KAYU AGUNG","5421"
"64619","KAYU JATI","5414"
"64620","KAYU LOMPA","5441"
"64621","KAYUBET","5308"
"64622","KAYUBOKO","5300"
"64623","KAYUMALUE NGAPA","5454"
"64624","KAYUMALUE PAJEKO","5454"
"64625","KAYUTANYO","5372"
"64626","KEAK","5404"
"64627","KELAPA LIMA","5373"
"64628","KELEI","5434"
"64629","KELEKE","5375"
"64630","KEMBANG MENTHA (MERTA / MENTA)","5432"
"64631","KEMBAYANG (KAMBAYANG)","5419"
"64632","KENAMUKAN (KONAMUKAN)","5415"
"64633","KENDEK","5405"
"64634","KERATON","5375"
"64635","KETONG","5451"
"64636","KEUNO","5397"
"64637","KEUREA","5335"
"64638","KHATULISTIWA","5455"
"64639","KILO","5344"
"64640","KILOMA","5351"
"64641","KILONGAN PERMAI","5329"
"64642","KILONGAN","5329"
"64643","KINAPASAN","5441"
"64644","KINDANDAL","5322"
"64645","KINTOM","5330"
"64646","KOBURU","5342"
"64647","KODOLAGON","5403"
"64648","KOFALAGADI","5430"
"64649","KOILI","5349"
"64650","KOJA","5369"
"64651","KOKINI","5433"
"64652","KOKOBUKA","5301"
"64653","KOKUDANG","5404"
"64654","KOLA-KOLA","5456"
"64655","KOLAK","5302"
"64656","KOLAKA","5439"
"64657","KOLAMI (KOLAMPI)","5435"
"64658","KOLO ATAS","5444"
"64659","KOLO BAWAH","5444"
"64660","KOLOLIO","5328"
"64661","KOLONO","5337"
"64662","KOLONODALE","5338"
"64663","KOLORI","5448"
"64664","KOMBA-KOMBA","5308"
"64665","KOMBO","5297"
"64666","KOMBUTOKAN","5296"
"64667","KOMPO","5418"
"64668","KONDONGAN","5392"
"64669","KONGKOMOS","5441"
"64670","KONINIS","5386"
"64671","KOROBONDE","5389"
"64672","KOROBONO","5317"
"64673","KOROLAKI","5338"
"64674","KOROLAMA","5338"
"64675","KOROMATANTU","5338"
"64676","KOROMPELI","5389"
"64677","KORONDODA","5333"
"64678","KOROW ALELO","5389"
"64679","KOROWOU","5389"
"64680","KOSPA BUATA KARYA (DWATA KARYA)","5432"
"64681","KOTA PULU","5447"
"64682","KOTA RAYA SELATAN","5421"
"64683","KOTA RAYA","5332"
"64684","KOTABARU","5332"
"64685","KOTANAGAYA","5320"
"64686","KOTARAYA BARAT","5421"
"64687","KOTARAYA TIMUR","5421"
"64688","KOTARAYA","5421"
"64689","KOTARINDAU","5447"
"64690","KOYA","5338"
"64691","KOYOAN PERMAI","5457"
"64692","KOYOAN","5457"
"64693","KOYOBUNGA","5343"
"64694","KOYOBUNGA","5302"
"64695","KUALA BESAR","5380"
"64696","KUKU","5458"
"64697","KULANGO","5420"
"64698","KULINGKINARI","5367"
"64699","KUMALIGON","5420"
"64700","KUMALIGON","5429"
"64701","KUMBASA","5309"
"64702","KUMPI","5389"
"64703","KUNTANG","5379"
"64704","LABANGUN","5321"
"64705","LABASIANO","5377"
"64706","LABEAN","5452"
"64707","LABIABAE","5314"
"64708","LABIBI","5302"
"64709","LABONU","5441"
"64710","LABOTA","5335"
"64711","LABOTAKANDI","5303"
"64712","LABOTAN","5332"
"64713","LABUAN BAJO","5410"
"64714","LABUAN DONGGULU","5437"
"64715","LABUAN INDUK","5459"
"64716","LABUAN KAPELAK","5373"
"64717","LABUAN KUNGGUMA","5459"
"64718","LABUAN LELEA","5459"
"64719","LABUAN LOBO","5361"
"64720","LABUAN LUMBUBAKA","5459"
"64721","LABUAN PANIMBA","5459"
"64722","LABUAN SALUMBONE","5459"
"64723","LABUAN TOPOSO","5459"
"64724","LABUAN","5314"
"64725","LABUAN","5378"
"64726","LABUAN","5299"
"64727","LABUTON","5424"
"64728","LADO","5310"
"64729","LAEMANTA","5437"
"64730","LAFEU","5425"
"64731","LAHUAFU","5337"
"64732","LAIS","5319"
"64733","LAKATAN","5341"
"64734","LAKUAN TOLI TOLI","5396"
"64735","LALAMPU","5335"
"64736","LALANDAY","5308"
"64737","LALEMO","5342"
"64738","LALENGAN","5377"
"64739","LALOMBI","5365"
"64740","LALONG","5406"
"64741","LALONG","5304"
"64742","LALONG","5368"
"64743","LALOS","5341"
"64744","LALUNDU","5409"
"64745","LAMADONG I","5445"
"64746","LAMADONG II","5445"
"64747","LAMAKAN","5376"
"64748","LAMBAKO","5433"
"64749","LAMBANAU","5414"
"64750","LAMBANGAN","5315"
"64751","LAMBARA","5460"
"64752","LAMBARA","5339"
"64753","LAMBELU","5326"
"64754","LAMBEREA","5336"
"64755","LAMBULI","5334"
"64756","LAMBUNU TIMUR","5320"
"64757","LAMBUNU UTARA","5320"
"64758","LAMBUNU","5320"
"64759","LAMO","5345"
"64760","LAMO","5315"
"64761","LAMONTOLI","5342"
"64762","LAMPA","5433"
"64763","LAMPASIO","5446"
"64764","LAMPO","5456"
"64765","LANDONAN BEBEAU","5321"
"64766","LANGKO","5318"
"64767","LANGLESO (LANGALESO)","5447"
"64768","LANGUDON","5403"
"64769","LANONA","5336"
"64770","LANTAPAN","5341"
"64771","LANTIBUNG","5406"
"64772","LANTO JAYA","5384"
"64773","LANTULA JAYA","5428"
"64774","LANUMOR","5439"
"64775","LAONGGO","5349"
"64776","LAPE","5384"
"64777","LAROBENU","5313"
"64778","LAROENAI","5425"
"64779","LAROUE","5337"
"64780","LASAMPI","5326"
"64781","LASOANI","5453"
"64782","LAULALANG","5396"
"64783","LAUWON","5372"
"64784","LAWANGA","5411"
"64785","LAWE","5369"
"64786","LAWUA","5443"
"64787","LAYANA INDAH","5453"
"64788","LE-LE","5335"
"64789","LEBAGU","5356"
"64790","LEBANU","5355"
"64791","LEBITI","5328"
"64792","LEBO","5362"
"64793","LEBONI","5431"
"64794","LEE","5439"
"64795","LELANG MATAMALING","5321"
"64796","LELEAN NONO","5374"
"64797","LELIO","5448"
"64798","LEMBA MUKTI","5419"
"64799","LEMBAH BOMBAN","5340"
"64800","LEMBAH KRAMAT","5423"
"64801","LEMBAH MAKMUR","5394"
"64802","LEMBAH SUMARA","5383"
"64803","LEMBAH TOMPOTIKA","5394"
"64804","LEMBAMAWO (LEMBOMAWO)","5422"
"64805","LEMBAN TONGOA","5316"
"64806","LEMBANATO","5328"
"64807","LEMBANYA","5367"
"64808","LEMBASADA","5365"
"64809","LEMBOBARU","5389"
"64810","LEMBOBELALA","5399"
"64811","LEMBONTONARA","5440"
"64812","LEMBOROMA","5389"
"64813","LEME-LEME BUNGIN","5377"
"64814","LEME-LEME DARAT","5377"
"64815","LEMELU","5303"
"64816","LEMO TENGAH","5307"
"64817","LEMO UTARA","5307"
"64818","LEMO","5307"
"64819","LEMO","5381"
"64820","LEMORO","5333"
"64821","LEMOWALIA","5381"
"64822","LEMPE","5297"
"64823","LEMPE","5354"
"64824","LEMPELERO","5443"
"64825","LEMUSA","5416"
"64826","LENA","5458"
"64827","LENDE TOVEA","5357"
"64828","LENDE","5357"
"64829","LENGKEKA","5448"
"64830","LENJU","5385"
"64831","LENYEK","5329"
"64832","LEOK 1","5429"
"64833","LEOK I","5420"
"64834","LEOK II","5420"
"64835","LEOK II","5429"
"64836","LERE","5352"
"64837","LERO TATARI","5309"
"64838","LERO","5309"
"64839","LEWARA","5436"
"64840","LIANG","5322"
"64841","LIJO","5444"
"64842","LILITO","5380"
"64843","LIMBO MAKMUR","5326"
"64844","LIMBORO","5456"
"64845","LINDO","5367"
"64846","LINGADAN","5438"
"64847","LINTIDU","5380"
"64848","LIPU TALAS","5304"
"64849","LIPUBOGU","5424"
"64850","LIPULALONGO","5304"
"64851","LOBU MANDIRI","5300"
"64852","LOBU","5334"
"64853","LOBU","5299"
"64854","LOBUTON","5450"
"64855","LOE","5435"
"64856","LOJI","5362"
"64857","LOKAIT","5386"
"64858","LOKODIDI","5424"
"64859","LOKODOKA","5424"
"64860","LOKOMBULO","5342"
"64861","LOKOTOY","5405"
"64862","LOLANTANG","5303"
"64863","LOLI DONDO","5410"
"64864","LOLI PESUA","5410"
"64865","LOLI SALURAN","5410"
"64866","LOLI TASIBORI (TASIBURI)","5410"
"64867","LOLIOGE","5410"
"64868","LOLU SELATAN","5387"
"64869","LOLU UTARA","5387"
"64870","LOLU","5413"
"64871","LOMBA","5332"
"64872","LOMBOGIA (LOMBUGIA)","5411"
"64873","LOMBOK BARAT","5310"
"64874","LOMBOK","5310"
"64875","LOMBONGA","5452"
"64876","LOMPIO","5433"
"64877","LOMPIO","5357"
"64878","LOMULI","5301"
"64879","LONAS","5398"
"64880","LONCA","5371"
"64881","LONDI","5439"
"64882","LONE BASA","5369"
"64883","LONGGE","5350"
"64884","LONGGOLIAN","5349"
"64885","LONGKOGA BARAT","5394"
"64886","LONGKOGA TIMUR","5394"
"64887","LONTIO BARU","5457"
"64888","LONTIO","5349"
"64889","LONTIO","5330"
"64890","LONTIO","5457"
"64891","LONTOS","5372"
"64892","LONU","5415"
"64893","LOOLONG","5322"
"64894","LOPITO","5296"
"64895","LORU","5413"
"64896","LOUK","5372"
"64897","LUANGON","5367"
"64898","LUK PANENTENG","5343"
"64899","LUK SAGU","5368"
"64900","LUK","5302"
"64901","LUMBE","5457"
"64902","LUMBI-LUMBIA","5321"
"64903","LUMBU TAROMBO","5365"
"64904","LUMBUDOLO","5456"
"64905","LUMBULAMA","5365"
"64906","LUMBUMAMARA","5365"
"64907","LUMPOKNYO","5375"
"64908","LUNGUTO","5402"
"64909","LUOK MANIPI","5319"
"64910","LUOK","5351"
"64911","LUOK","5435"
"64912","LUWUK","5375"
"64913","MAAHAS","5418"
"64914","MAASING","5408"
"64915","MADALE","5411"
"64916","MAESA","5362"
"64917","MAHOLO","5461"
"64918","MAIBUA","5446"
"64919","MAKAPA","5423"
"64920","MAKARTI JAYA","5335"
"64921","MAKMUR","5316"
"64922","MAKU","5447"
"64923","MALAKOSA","5356"
"64924","MALALA","5319"
"64925","MALALAN","5421"
"64926","MALAMBIGU","5364"
"64927","MALANGGO (MALGGO)","5455"
"64928","MALANGGO PESISIR","5455"
"64929","MALANGGONG","5377"
"64930","MALAPO","5392"
"64931","MALEALI (MALEYALI)","5462"
"64932","MALEI TOJO","5363"
"64933","MALEI","5451"
"64934","MALEI","5378"
"64935","MALENGE","5435"
"64936","MALENI","5410"
"64937","MALEO JAYA","5408"
"64938","MALEWA","5363"
"64939","MALIK MAKMUR","5394"
"64940","MALIK","5394"
"64941","MALINO JAYA","5383"
"64942","MALINO PADAS","5373"
"64943","MALINO","5452"
"64944","MALINO","5365"
"64945","MALINO","5414"
"64946","MALINO","5383"
"64947","MALINO","5367"
"64948","MALITU","5388"
"64949","MALIWUKO","5378"
"64950","MALOMBA","5319"
"64951","MALONAS","5419"
"64952","MALOTONG","5314"
"64953","MALULU","5319"
"64954","MAMBORO BARAT","5454"
"64955","MAMBORO","5454"
"64956","MAMBUKE  /  MAMBAKE","5344"
"64957","MAMPING","5351"
"64958","MAMU","5369"
"64959","MAMULUSAN","5322"
"64960","MANDEL","5404"
"64961","MANDOK","5343"
"64962","MANDULA","5399"
"64963","MANGAIS","5303"
"64964","MANGGALAI","5311"
"64965","MANGKIO BARU","5375"
"64966","MANGUBI","5445"
"64967","MANIALA","5301"
"64968","MANIMBAYA","5452"
"64969","MANINILI BARAT","5455"
"64970","MANINILI UTARA","5455"
"64971","MANINILI","5455"
"64972","MANSAHANG","5324"
"64973","MANSALEAN","5304"
"64974","MANSAMAT A","5401"
"64975","MANSAMAT B","5401"
"64976","MANTAN A","5386"
"64977","MANTAN B","5346"
"64978","MANTANGISI","5350"
"64979","MANTAWA BONEBAE (BONEBAI)","5423"
"64980","MANTAWA","5423"
"64981","MANTIKOLE","5347"
"64982","MANYULA","5330"
"64983","MAPAHI","5369"
"64984","MAPANE TAMBU","5452"
"64985","MAPANE","5384"
"64986","MARALEE","5463"
"64987","MARANA","5309"
"64988","MARANATHA","5413"
"64989","MARANTALE","5464"
"64990","MARANTI","5421"
"64991","MARGA MULYA","5313"
"64992","MARGAPURA","5320"
"64993","MAROWO","5407"
"64994","MARSAOLEH","5336"
"64995","MASADIAN","5430"
"64996","MASAINGI","5309"
"64997","MASAMBA","5384"
"64998","MASANI","5384"
"64999","MASARI","5416"
"65000","MASIGI","5362"
"65001","MASUNGKANG","5408"
"65002","MATA","5450"
"65003","MATABAS","5349"
"65004","MATAKO","5363"
"65005","MATANGA","5373"
"65006","MATANO","5336"
"65007","MATANO","5430"
"65008","MATANSALA","5336"
"65009","MATANTIMALI","5436"
"65010","MATARAPE","5430"
"65011","MATAUE","5371"
"65012","MATIALEMBA","5434"
"65013","MATINAN","5424"
"65014","MATOBIAI (MOTOBISI)","5328"
"65015","MATOLELE","5395"
"65016","MATUBE","5381"
"65017","MAWOMBA","5363"
"65018","MAYA JAYA","5370"
"65019","MAYA SARI","5370"
"65020","MAYAKELI","5431"
"65021","MAYAYAP","5394"
"65022","MAYOA","5370"
"65023","MAYUMBA","5440"
"65024","MBELANG MBELANG","5299"
"65025","MBELEANG","5406"
"65026","MBOKITTA","5430"
"65027","MBUANG MBUANG","5404"
"65028","MBULAVA","5409"
"65029","MBUWU","5365"
"65030","MEKAR BARU","5456"
"65031","MEKAR JAYA","5423"
"65032","MEKAR SARI","5461"
"65033","MEKAR SARI","5423"
"65034","MEKO","5465"
"65035","MELI","5452"
"65036","MENDAAN","5376"
"65037","MENDONO","5330"
"65038","MENLUI","5336"
"65039","MENSUNG","5421"
"65040","MENYOE","5444"
"65041","MEPANGA","5421"
"65042","MERTASARI","5362"
"65043","MESELESEK","5308"
"65044","MESEWE (MASEWE)","5434"
"65045","MIMBALA","5297"
"65046","MINAHAKI","5323"
"65047","MINAHAKI","5324"
"65048","MINAKARYA","5323"
"65049","MINAKARYA","5324"
"65050","MINANGA","5404"
"65051","MINANGA","5343"
"65052","MINANGANDALA","5432"
"65053","MINANGOBINO","5444"
"65054","MINTI MAKMUR","5409"
"65055","MIRE","5407"
"65056","MOA","5443"
"65057","MOAHINO","5428"
"65058","MODO","5391"
"65059","MOENGKO BARU","5442"
"65060","MOENGKO LAMA","5442"
"65061","MOHONI","5397"
"65062","MOILONG","5323"
"65063","MOILONG","5324"
"65064","MOKUPO","5376"
"65065","MOLEONO","5463"
"65066","MOLINO","5372"
"65067","MOLINO","5397"
"65068","MOLORES","5397"
"65069","MOLOWAGU","5367"
"65070","MOMINIT","5298"
"65071","MOMO","5444"
"65072","MOMOTAN","5303"
"65073","MOMUNU","5445"
"65074","MONANO","5376"
"65075","MONDOWE","5463"
"65076","MONGGONIT","5301"
"65077","MONSONGAN","5298"
"65078","MONTOMISAN","5308"
"65079","MONTOP","5343"
"65080","MOOYONG","5391"
"65081","MOPU","5391"
"65082","MORA","5389"
"65083","MOROMPAITONGA","5430"
"65084","MORUI (MURUI)","5369"
"65085","MOUBANG","5421"
"65086","MOUTONG BARAT","5299"
"65087","MOUTONG TENGAH","5299"
"65088","MOUTONG TIMUR","5299"
"65089","MOUTONG UTARA","5299"
"65090","MPANAU","5413"
"65091","MPOA","5350"
"65092","MUARA BESAR","5361"
"65093","MUARA JAYA","5310"
"65094","MUARA TOBA","5314"
"65095","MULANGATO","5380"
"65096","MULAT","5391"
"65097","MULIO HARJO","5323"
"65098","MULYASARI (MULIA SARI)","5446"
"65099","MULYOHARJO","5324"
"65100","NAIN","5315"
"65101","NALU","5374"
"65102","NAMBARU","5416"
"65103","NAMBO BOSAA","5457"
"65104","NAMBO LEMPEK BARU","5457"
"65105","NAMBO LEMPEK","5457"
"65106","NAMBO PADANG","5457"
"65107","NAMBO","5337"
"65108","NAMO","5371"
"65109","NANDU","5424"
"65110","NANGA-NANGAON","5349"
"65111","NDINDIBUNG","5404"
"65112","NEGERI LAMA","5403"
"65113","NGAPAEA","5430"
"65114","NGATABARU","5413"
"65115","NGGASUANG","5404"
"65116","NGGAWIA","5363"
"65117","NGOVI VACAVA","5409"
"65118","NGUNE","5429"
"65119","NIPA KALEMAN  /  KALEMOAN","5394"
"65120","NIPA","5332"
"65121","NIUBULAN","5334"
"65122","NONONG","5345"
"65123","NULION","5450"
"65124","NUNU","5417"
"65125","NUNURANTAI","5393"
"65126","NUPA BOMBA","5353"
"65127","OBOK BALINGARA","5346"
"65128","OBUNGI","5336"
"65129","OGOALAS","5310"
"65130","OGOAMAS I","5385"
"65131","OGOAMAS II","5385"
"65132","OGOBAGIS","5310"
"65133","OGOBAYAS","5421"
"65134","OGOGASANG","5319"
"65135","OGOGILI","5319"
"65136","OGOLUGUS","5307"
"65137","OGOMATANANG","5446"
"65138","OGOMOLOS","5421"
"65139","OGOMULI (OGOMOLI)","5341"
"65140","OGORANDU","5320"
"65141","OGOSIPAT","5441"
"65142","OGOTION","5421"
"65143","OGOTOMUBU (OGOTUMUBU)","5312"
"65144","OGOTUA","5364"
"65145","OGOWELE","5319"
"65146","OKULO POTIL","5377"
"65147","OKUMEL","5322"
"65148","OLAYA","5362"
"65149","OLILAN","5435"
"65150","OLOBARU","5416"
"65151","OLOBUJU","5413"
"65152","OLONGGATA","5299"
"65153","OLUMOKUNDE","5434"
"65154","OLUNO","5308"
"65155","OLUSI","5377"
"65156","OMBO","5357"
"65157","OMBOLU","5408"
"65158","OMBULI","5343"
"65159","OMU","5449"
"65160","ONDO-ONDOLU I","5345"
"65161","ONDO-ONDOLU","5345"
"65162","ONDOLIANG","5379"
"65163","ONE ETE","5425"
"65164","ONEPUTE","5463"
"65165","ONEPUTEH JAYA","5337"
"65166","ONGKA TRIMUSPASARI","5414"
"65167","ONGKA","5414"
"65168","ONGULARA","5365"
"65169","ONGULERO","5436"
"65170","ONU","5369"
"65171","OPO","5381"
"65172","OSAN","5303"
"65173","OTI","5305"
"65174","OYAK","5402"
"65175","OYOM","5446"
"65176","O\O","5443"
"65177","PADA","5331"
"65178","PADABAHO","5335"
"65179","PADABALE","5342"
"65180","PADALAA","5430"
"65181","PADALEMBARA","5388"
"65182","PADALEMBARA","5344"
"65183","PADANG TUMBUO","5314"
"65184","PADANG","5351"
"65185","PADANG","5330"
"65186","PADANGAN","5432"
"65187","PADDUMPU","5297"
"65188","PADEI DARAT","5430"
"65189","PADEI LAUT","5430"
"65190","PADENDE","5355"
"65191","PADINGKIAN","5304"
"65192","PADO-PADO","5342"
"65193","PADUNGNYO","5330"
"65194","PADUNGNYO","5457"
"65195","PAGAITAN","5361"
"65196","PAGIMANA","5315"
"65197","PAISU BULOLI","5408"
"65198","PAISUBATU","5377"
"65199","PAISUBEBE","5404"
"65200","PAISULAMO","5304"
"65201","PAISULUNO","5343"
"65202","PAISUMOSONI","5405"
"65203","PAISUMOSONI","5401"
"65204","PAJEKO","5445"
"65205","PAKOWA BUNTA (POKOWA BUNTA)","5346"
"65206","PAKOWA","5315"
"65207","PAKU","5342"
"65208","PAKULI","5449"
"65209","PALABATU DUA","5303"
"65210","PALABATU SATU","5303"
"65211","PALAM","5368"
"65212","PALAMAKI","5443"
"65213","PALAPAT","5321"
"65214","PALAPI","5393"
"65215","PALASA LAMBORI","5366"
"65216","PALASA TANGKI","5366"
"65217","PALASA","5366"
"65218","PALAU","5451"
"65219","PALELEH","5380"
"65220","PALIMAKIJAWA (PILIMAKUJAWA / MAKUJAWA)","5443"
"65221","PALINTUMA","5360"
"65222","PALUPI","5417"
"65223","PAMBAREA","5439"
"65224","PAMONA","5431"
"65225","PANAPAT","5404"
"65226","PANASAKAN","5374"
"65227","PANASIBAJA","5436"
"65228","PANAWU (PANAU)","5339"
"65229","PANCA MAKMUR","5383"
"65230","PANCA MUKTI","5409"
"65231","PANCASILA","5434"
"65232","PANCUMA","5333"
"65233","PANDA JAYA","5370"
"65234","PANDALUK","5303"
"65235","PANDAN WANGI","5423"
"65236","PANDANGAN","5424"
"65237","PANDAUKE","5444"
"65238","PANDAYORA","5370"
"65239","PANDE","5299"
"65240","PANDELALAP (LALAP)","5299"
"65241","PANDERE","5449"
"65242","PANDIRI","5378"
"65243","PANGGALASIANG (PANGALASEANG)","5359"
"65244","PANGI","5327"
"65245","PANGKALASEANG BARU","5379"
"65246","PANGKALASEANG","5379"
"65247","PANGKU","5307"
"65248","PANII","5419"
"65249","PANILAN JAYA","5301"
"65250","PANIMBAWANG","5342"
"65251","PANIMBUL","5445"
"65252","PANJO","5370"
"65253","PANJOKA","5458"
"65254","PANTALOBETE","5409"
"65255","PANTANGOLEMBA","5388"
"65256","PANTOLOAN BOYA","5339"
"65257","PANTOLOAN","5339"
"65258","PARANGGI","5307"
"65259","PARANGISI","5444"
"65260","PARANONGE","5407"
"65261","PARELEA","5369"
"65262","PARIA","5393"
"65263","PARIGIMPU","5362"
"65264","PARIGIMPU\U","5300"
"65265","PARILANGKE","5326"
"65266","PARISAN AGUNG","5419"
"65267","PASIR LAMBA","5423"
"65268","PASIR PUTIH","5433"
"65269","PASIR PUTIH","5370"
"65270","PASOKAN","5392"
"65271","PATINGKE","5310"
"65272","PATINGKO","5314"
"65273","PATIWUNGA","5388"
"65274","PATUKUKI","5302"
"65275","PAUTU","5435"
"65276","PA\AWARU","5399"
"65277","PEANA","5369"
"65278","PEBATAE","5326"
"65279","PEBOA","5397"
"65280","PEBOTOA","5326"
"65281","PEBOUNANG","5366"
"65282","PELAWA BARU","5395"
"65283","PELAWA","5395"
"65284","PELERU","5440"
"65285","PELEY","5450"
"65286","PELING LALOMO","5377"
"65287","PELING SEASA","5308"
"65288","PENDOLO","5370"
"65289","PENGAWU","5417"
"65290","PEONEA","5439"
"65291","PERMATA PUTIH","5445"
"65292","PERSATUAN SEJATI","5414"
"65293","PERSATUAN UTARA","5414"
"65294","PESAKU","5347"
"65295","PESIK","5385"
"65296","PETAK","5346"
"65297","PETAPA","5395"
"65298","PETIMBE","5316"
"65299","PETIRO","5434"
"65300","PETIRODONGI","5458"
"65301","PETOBO","5400"
"65302","PETUMBEA","5399"
"65303","PETUNASUGI","5320"
"65304","PEURA","5431"
"65305","PEWUNU","5347"
"65306","PIMBOMBO (PIBOMBO)","5346"
"65307","PINAMULA","5445"
"65308","PINAPUAN","5315"
"65309","PINEDAPA I","5384"
"65310","PINJAN","5396"
"65311","PINOTU","5466"
"65312","PIONDO","5324"
"65313","PIONOTO","5380"
"65314","PIPILOGOT PAIPAISU","5303"
"65315","PISOU","5315"
"65316","POARO","5342"
"65317","POBOYA","5453"
"65318","PODI","5333"
"65319","POH","5315"
"65320","POHI","5372"
"65321","POI","5358"
"65322","POKEANG","5381"
"65323","POKOBO","5415"
"65324","POLANDO JAYA","5409"
"65325","POLANTO JAYA","5409"
"65326","POLEGANYARA","5434"
"65327","POLEWALI","5342"
"65328","POLLY","5455"
"65329","POLO","5349"
"65330","POMAYAGON","5445"
"65331","POMBALOWO (PEMBALOWO)","5362"
"65332","POMBEWE","5413"
"65333","POMOLULU","5451"
"65334","PONDANG","5398"
"65335","PONDING-PONDING","5368"
"65336","PONGGERANG","5419"
"65337","PONGIAN","5349"
"65338","PONIPINGAN","5415"
"65339","PONTANGOA","5399"
"65340","POONGAN","5403"
"65341","POPIDOLON","5322"
"65342","POPISI","5405"
"65343","POPISI","5302"
"65344","POPOLII (POPOLII)","5435"
"65345","PORAME","5348"
"65346","POROAN","5332"
"65347","POSANGKE","5381"
"65348","POSONA","5437"
"65349","POSOSLALONGO","5298"
"65350","POTANGOAN","5391"
"65351","POTIL POLOLOBA","5433"
"65352","POTOYA","5447"
"65353","POTUGU","5445"
"65354","POWELUA","5456"
"65355","POYANG","5412"
"65356","PO\O","5342"
"65357","PO\ONA","5399"
"65358","PUJIMULYO","5445"
"65359","PULAU DUA DARAT","5342"
"65360","PULAU DUA","5379"
"65361","PULAU DUA","5342"
"65362","PULAU ENAM","5328"
"65363","PULAU TENGAH","5430"
"65364","PULAU TIGA","5430"
"65365","PULAUBAPA","5342"
"65366","PULIAS","5361"
"65367","PULO DALAGAN","5346"
"65368","PULU","5358"
"65369","PUNTARI MAKMUR","5428"
"65370","PURO / PUROO","5318"
"65371","PURWO AGUNG","5432"
"65372","PURWOSARI","5325"
"65373","PUSUNGI","5350"
"65374","PUUNGKEU","5425"
"65375","PUUNGKOILU","5336"
"65376","RAHMAT","5316"
"65377","RANGGA-RANGGA","5432"
"65378","RANO","5451"
"65379","RANONONCU","5422"
"65380","RANTAU JAYA","5386"
"65381","RANTELEDE (RANTELEDA)","5316"
"65382","RANTEMARANU","5391"
"65383","RANTEWULU","5371"
"65384","RARAMPADENDE","5347"
"65385","RATA","5423"
"65386","RA\U","5351"
"65387","REJEKI","5316"
"65388","RERANG","5419"
"65389","RESARNA","5412"
"65390","RIO MUKTI","5409"
"65391","ROGO","5358"
"65392","ROMPI","5407"
"65393","ROMPO","5354"
"65394","RONDINGO","5348"
"65395","RONTA","5399"
"65396","RUNDE","5331"
"65397","RUSA KENCANA","5324"
"65398","SAATU","5384"
"65399","SABANG","5343"
"65400","SABANG","5419"
"65401","SABANG","5341"
"65402","SABELAK","5303"
"65403","SABO","5350"
"65404","SABULIRA TOBA","5314"
"65405","SAEMBA WALATI","5439"
"65406","SAEMBA","5439"
"65407","SAINOA","5342"
"65408","SAITI","5346"
"65409","SAIYONG","5311"
"65410","SAKAY","5296"
"65411","SAKINA JAYA","5327"
"65412","SAKITA","5336"
"65413","SALABENDA","5349"
"65414","SALAKAN","5311"
"65415","SALANGANO","5296"
"65416","SALEATI","5322"
"65417","SALEPAE","5299"
"65418","SALINDU","5317"
"65419","SALINGGOHA","5392"
"65420","SALIPI","5394"
"65421","SALODIK","5329"
"65422","SALOYA","5382"
"65423","SALUA","5371"
"65424","SALUABA","5314"
"65425","SALUAN","5323"
"65426","SALUAN","5324"
"65427","SALUBIRO","5381"
"65428","SALUBOMBA","5456"
"65429","SALUGAN","5446"
"65430","SALUKAIYA (SALUKAIA)","5465"
"65431","SALUM PENGUT","5299"
"65432","SALUMBIA","5319"
"65433","SALUMPAGA","5396"
"65434","SALUMPAKU","5365"
"65435","SALUNGKAENU","5365"
"65436","SALUSUMPU","5365"
"65437","SALUTOME","5443"
"65438","SAMA JATEM","5315"
"65439","SAMADOYA","5330"
"65440","SAMALILI","5359"
"65441","SAMALORE","5324"
"65442","SAMARENDA","5326"
"65443","SAMARENGGA","5430"
"65444","SAMBALAGI","5425"
"65445","SAMBIUT","5296"
"65446","SAMBO","5358"
"65447","SAMBUJAN","5361"
"65448","SAMBULANGAN","5343"
"65449","SAMPAKA","5394"
"65450","SAMPAKA","5296"
"65451","SAMPALOWO","5463"
"65452","SAMPEANTABA","5428"
"65453","SAMPOBAE","5328"
"65454","SANDADA","5333"
"65455","SANDANA","5341"
"65456","SANGELE","5431"
"65457","SANGGINORA","5388"
"65458","SANGIRA","5458"
"65459","SANSARINO","5314"
"65460","SANTIGI","5414"
"65461","SANTIGI","5396"
"65462","SAOJO","5458"
"65463","SAPELANG","5321"
"65464","SAROMBAYA","5365"
"65465","SASABOBOK","5406"
"65466","SAUSU AUMA","5462"
"65467","SAUSU GANDASARI","5462"
"65468","SAUSU PAKAREME","5462"
"65469","SAUSU PIORE","5462"
"65470","SAUSU SALUBANGA","5462"
"65471","SAUSU TALIABO","5462"
"65472","SAUSU TAMBU","5462"
"65473","SAUSU TORONO","5462"
"65474","SAUSU TRANS","5462"
"65475","SAWIDAGO","5458"
"65476","SAYAMBONGIN","5330"
"65477","SAYANGBONGIN","5457"
"65478","SAYO","5422"
"65479","SEA","5444"
"65480","SEANO","5321"
"65481","SEDOA","5306"
"65482","SEJAHTERA","5316"
"65483","SEJOLI","5299"
"65484","SELAMET RAHARJO","5323"
"65485","SELAMET RAHARJO","5324"
"65486","SELEKAN","5322"
"65487","SENTRAL SARI","5324"
"65488","SEPAK","5315"
"65489","SEPE","5412"
"65490","SEPE","5378"
"65491","SERESA","5432"
"65492","SESE","5364"
"65493","SIAGA","5455"
"65494","SIATU","5367"
"65495","SIAVU","5310"
"65496","SIBADO","5357"
"65497","SIBALAYA SELATAN","5460"
"65498","SIBALAYA UTARA","5460"
"65499","SIBALUTON","5441"
"65500","SIBAYU","5452"
"65501","SIBEA","5446"
"65502","SIBEDI","5355"
"65503","SIBOALONG (SIBOANG)","5359"
"65504","SIBOLAGO","5466"
"65505","SIBONU","5347"
"65506","SIBOWI","5460"
"65507","SIBUALONG","5452"
"65508","SIDERA","5413"
"65509","SIDO MAKMUR","5323"
"65510","SIDOAN BARAT","5310"
"65511","SIDOAN SELATAN","5310"
"65512","SIDOAN TIMUR","5310"
"65513","SIDOAN","5310"
"65514","SIDOARJO","5374"
"65515","SIDOHARJO","5323"
"65516","SIDOHARJO","5324"
"65517","SIDOLE BARAT","5307"
"65518","SIDOLE TIMUR","5307"
"65519","SIDOLE","5307"
"65520","SIDOMUKTI","5340"
"65521","SIDONDO I","5413"
"65522","SIDONDO II","5413"
"65523","SIDONDO III","5413"
"65524","SIDONDO IV","5413"
"65525","SIENDENG","5320"
"65526","SIENJO","5466"
"65527","SIGENTI BARAT","5455"
"65528","SIGENTI BERSEHATI","5455"
"65529","SIGENTI SELATAN","5455"
"65530","SIGENTI","5455"
"65531","SIGIMPU","5316"
"65532","SIKARA TOBATA","5305"
"65533","SILABIA","5310"
"65534","SILAE","5427"
"65535","SILAMPAYANG","5437"
"65536","SILANCA","5378"
"65537","SILANGA","5464"
"65538","SILITI","5381"
"65539","SILIWANGA","5390"
"65540","SILONDOU","5441"
"65541","SILUTUNG","5455"
"65542","SIMAGAYA","5452"
"65543","SIMATANG TANJUNG","5364"
"65544","SIMATANG UTARA","5364"
"65545","SIMORO","5449"
"65546","SIMPANG DUA","5386"
"65547","SIMPANG SATU","5386"
"65548","SIMPANGAN","5432"
"65549","SIMPONG","5418"
"65550","SINAMPANGNYO","5315"
"65551","SINDANG BARU","5324"
"65552","SINDANG SARI","5423"
"65553","SINDOSA","5305"
"65554","SINEI","5455"
"65555","SINEY TENGAH","5455"
"65556","SINGKONA","5317"
"65557","SINGKOYO","5324"
"65558","SINGURA","5466"
"65559","SINIU SAYOGINDANO","5464"
"65560","SINIU","5464"
"65561","SINORANG","5408"
"65562","SINTUWU RAYA","5310"
"65563","SINTUWU","5316"
"65564","SINTUWULEMBA","5378"
"65565","SIOYONG","5419"
"65566","SIPAYO","5310"
"65567","SIPESO","5305"
"65568","SIPI","5357"
"65569","SIPURE","5452"
"65570","SIRANINDI","5352"
"65571","SIRONG","5332"
"65572","SISIPAN","5345"
"65573","SIUMBATU","5335"
"65574","SIUNA","5315"
"65575","SIWALEMPU","5359"
"65576","SIWELI","5452"
"65577","SIWONGI","5371"
"65578","SOBOL BARU","5398"
"65579","SOBOL","5398"
"65580","SOBONON","5296"
"65581","SOE","5431"
"65582","SOHO","5375"
"65583","SOI","5436"
"65584","SOLAN","5330"
"65585","SOLONSA JAYA","5428"
"65586","SOLONSA","5428"
"65587","SONI","5297"
"65588","SONIT","5404"
"65589","SOPU","5426"
"65590","SORAYA","5445"
"65591","SOSOM","5308"
"65592","SOULOWE","5447"
"65593","SOULOWE","5413"
"65594","SRITABAANG","5340"
"65595","SUIT","5303"
"65596","SUKAMAJU SATU","5408"
"65597","SUKAMAJU","5350"
"65598","SUKAMAJU","5408"
"65599","SULEWANA","5458"
"65600","SULI INDAH","5356"
"65601","SULI","5356"
"65602","SULUBOMBONG","5398"
"65603","SUMARA JAYA","5383"
"65604","SUMARI","5309"
"65605","SUMBER AGUNG","5421"
"65606","SUMBER AGUNG","5346"
"65607","SUMBER HARJO","5323"
"65608","SUMBER MULIA","5386"
"65609","SUMBER SARI","5416"
"65610","SUMOLI","5314"
"65611","SUMONDUNG","5308"
"65612","SUNGKU","5371"
"65613","SUNJU","5355"
"65614","SUPILOPONG","5312"
"65615","SURUMANA","5365"
"65616","TAAT","5424"
"65617","TABARANO","5440"
"65618","TABOLOBOLO","5414"
"65619","TABULANG","5406"
"65620","TADA SELATAN","5455"
"65621","TADA TIMUR","5455"
"65622","TADA UTARA","5455"
"65623","TADA","5455"
"65624","TADAKU JAYA","5463"
"65625","TADIANA BUNGIN","5406"
"65626","TADUNO","5406"
"65627","TAENDE","5439"
"65628","TAFAGAPI","5430"
"65629","TAGOLU","5378"
"65630","TAIMA","5394"
"65631","TAIPA","5454"
"65632","TAIPA","5465"
"65633","TAIPANGGABE","5436"
"65634","TAKIBANGKE","5407"
"65635","TALABOSA","5390"
"65636","TALAGA","5419"
"65637","TALAKI","5380"
"65638","TALANG BATU","5351"
"65639","TALAS-TALAS","5377"
"65640","TALIMA A","5351"
"65641","TALIMA B","5351"
"65642","TALISE","5453"
"65643","TALOYON","5315"
"65644","TALUAN","5445"
"65645","TAMADUE","5461"
"65646","TAMAINUSI","5383"
"65647","TAMANPEDAGI","5307"
"65648","TAMARENJA","5305"
"65649","TAMBALE","5444"
"65650","TAMBARANA","5344"
"65651","TAMBARO","5378"
"65652","TAMBAROBONE","5381"
"65653","TAMBAYOLI","5383"
"65654","TAMBU","5452"
"65655","TAMBUN","5374"
"65656","TAMIT","5415"
"65657","TAMODO","5360"
"65658","TAMONJENGI","5440"
"65659","TAMPABATU","5350"
"65660","TAMPANOMBO","5407"
"65661","TAMPE","5315"
"65662","TAMPEMADORO","5378"
"65663","TAMPIALA","5297"
"65664","TANA SUMPU","5444"
"65665","TANAH HARAPAN","5316"
"65666","TANAH LANTO","5325"
"65667","TANAHMEA","5365"
"65668","TANAKU RAYA","5381"
"65669","TANAMAWAU","5363"
"65670","TANAMODINDI","5453"
"65671","TANAMPULU","5365"
"65672","TANANAGAYA","5444"
"65673","TANAUGE","5338"
"65674","TANDAIGI","5464"
"65675","TANDAOLEO","5425"
"65676","TANDOYONDO","5383"
"65677","TANG","5403"
"65678","TANGABEAN (TANGEBAN)","5432"
"65679","TANGGAWAS","5412"
"65680","TANGKIANG","5330"
"65681","TANGKOP","5322"
"65682","TANGKULOWI","5371"
"65683","TANGKURA","5388"
"65684","TANGOFA","5425"
"65685","TANIMPO","5367"
"65686","TANINGKOLA","5367"
"65687","TANJUNG BATU","5410"
"65688","TANJUNG HARAPAN","5430"
"65689","TANJUNG PADANG","5357"
"65690","TANJUNG PUDE","5367"
"65691","TANJUNG TIRAM","5430"
"65692","TANJUNG TUWIS","5418"
"65693","TANO BONUNUNGAN","5433"
"65694","TANONA","5430"
"65695","TANOTU","5351"
"65696","TAOPA BARAT","5393"
"65697","TAOPA UTARA","5393"
"65698","TAOPA","5393"
"65699","TARIPA","5434"
"65700","TARIPA","5309"
"65701","TARONGGO","5381"
"65702","TATABA","5377"
"65703","TATABAU","5321"
"65704","TATAKALAI","5368"
"65705","TATARANDANG","5303"
"65706","TATARI","5363"
"65707","TATENDENG","5377"
"65708","TATURA SELATAN","5400"
"65709","TATURA UTARA","5400"
"65710","TAUGI","5432"
"65711","TAVALO","5437"
"65712","TAVANGGELI","5360"
"65713","TAWANJUKA","5417"
"65714","TAYADUN","5403"
"65715","TAYAWA","5333"
"65716","TAYOKAN","5402"
"65717","TEGAL REJO","5411"
"65718","TEKU","5379"
"65719","TELUK JAYA","5396"
"65720","TEMEANG (TOMEANG)","5346"
"65721","TENDE","5341"
"65722","TENDEADONGI","5458"
"65723","TENTENA","5431"
"65724","TEREBINO","5430"
"65725","TETE ATAS","5350"
"65726","TETE BAWAH","5350"
"65727","TETESULU","5346"
"65728","TIBO","5382"
"65729","TIBU","5310"
"65730","TIGA PULAU","5435"
"65731","TIKOPO","5403"
"65732","TIKUPON","5394"
"65733","TILUNG","5312"
"65734","TIMBOLO","5396"
"65735","TIMBONG MOMINIT","5298"
"65736","TIMBULON","5402"
"65737","TIMPAUS","5404"
"65738","TINABOGAN","5319"
"65739","TINADING","5446"
"65740","TINAKIN LAUT","5433"
"65741","TINANGKUNG","5401"
"65742","TINAUKA","5409"
"65743","TINDAKI","5416"
"65744","TINDOLI","5317"
"65745","TINGGEDE SELATAN","5355"
"65746","TINGGEDE","5355"
"65747","TINGKEAO","5389"
"65748","TINGKI","5392"
"65749","TINGKULANG","5312"
"65750","TINIGI","5341"
"65751","TINOMBALA BARAT","5414"
"65752","TINOMBALA JAYA","5414"
"65753","TINOMBALA SEJATI","5414"
"65754","TINOMBALA","5414"
"65755","TINOMBO","5310"
"65756","TINOMPO","5389"
"65757","TINONDA","5332"
"65758","TINTINGAN","5412"
"65759","TINTINGAN","5315"
"65760","TINTINGO","5298"
"65761","TIPO","5427"
"65762","TIRONGAN ATAS","5381"
"65763","TIRONGAN BAWAH","5381"
"65764","TIRTA KENCANA","5324"
"65765","TIRTA SARI","5324"
"65766","TIRTANAGAYA","5320"
"65767","TIU","5434"
"65768","TIU","5463"
"65769","TIWAA","5440"
"65770","TIWAA","5384"
"65771","TIYADO (TOYADO)","5378"
"65772","TOAYA VUNTA / FUNTA","5309"
"65773","TOAYA","5309"
"65774","TOBAMAWU","5407"
"65775","TOBE","5344"
"65776","TOBELOMBANG","5346"
"65777","TOBIL","5328"
"65778","TOBING","5401"
"65779","TOBOLI BARAT","5327"
"65780","TOBOLI","5327"
"65781","TOBUNGIN","5401"
"65782","TOBUNGKU","5450"
"65783","TODDOPOLI UEBANGKE","5383"
"65784","TOFOISO","5336"
"65785","TOFUTI","5336"
"65786","TOGA","5307"
"65787","TOGO MULYO","5463"
"65788","TOGONG SAGU","5406"
"65789","TOHITI SARI","5324"
"65790","TOIBA","5394"
"65791","TOILI","5323"
"65792","TOILI","5324"
"65793","TOIMA","5349"
"65794","TOINASA","5465"
"65795","TOINI","5384"
"65796","TOIPAN","5315"
"65797","TOJO","5333"
"65798","TOKALA ATAS","5381"
"65799","TOKILO","5317"
"65800","TOKONANAKA","5381"
"65801","TOKORONDO","5384"
"65802","TOLAI BARAT","5325"
"65803","TOLAI TIMUR","5325"
"65804","TOLAI","5325"
"65805","TOLAMBO","5317"
"65806","TOLANDO","5345"
"65807","TOLAU","5380"
"65808","TOLIBA","5363"
"65809","TOLISE TUBONO","5405"
"65810","TOLISU","5324"
"65811","TOLO","5308"
"65812","TOLOKIBIT","5373"
"65813","TOLOLE RAYA","5307"
"65814","TOLOLE","5307"
"65815","TOLONGANO","5365"
"65816","TOLULOS","5302"
"65817","TOMADO","5318"
"65818","TOMATA","5439"
"65819","TOMBANG PERMAI","5418"
"65820","TOMBANG","5315"
"65821","TOMBI","5307"
"65822","TOMBIANO","5363"
"65823","TOMBONGAN ULOS","5349"
"65824","TOMBONIKI","5322"
"65825","TOMBOS","5412"
"65826","TOMBOS","5302"
"65827","TOMEHIPI","5448"
"65828","TOMILI SELATAN","5466"
"65829","TOMINI BARAT","5312"
"65830","TOMINI UTARA","5312"
"65831","TOMINI","5312"
"65832","TOMOLI UTARA","5466"
"65833","TOMOLI","5466"
"65834","TOMPE","5357"
"65835","TOMPI BUGIS","5443"
"65836","TOMPIRA","5397"
"65837","TOMPO","5393"
"65838","TOMPOH","5364"
"65839","TOMPOTIKA MAKMUR","5432"
"65840","TOMPUDAU","5311"
"65841","TOMUA","5443"
"65842","TOMUI KARYA","5439"
"65843","TONDO S","5357"
"65844","TONDO","5313"
"65845","TONDO","5453"
"65846","TONE","5296"
"65847","TONGGOLOBIBI","5359"
"65848","TONGIDON","5392"
"65849","TONGKABO","5328"
"65850","TONGKE","5412"
"65851","TONGKO","5378"
"65852","TONGKONUNUK","5315"
"65853","TONGKU","5333"
"65854","TONGOA","5316"
"65855","TONGON","5445"
"65856","TONTOUAN","5375"
"65857","TONTOWEA","5463"
"65858","TONUSON","5450"
"65859","TONUSU","5431"
"65860","TOOLON","5308"
"65861","TOPOGARO (TOFOGARO)","5313"
"65862","TORARANGA","5464"
"65863","TORETE","5425"
"65864","TORIBULU SELATAN","5466"
"65865","TORIBULU","5466"
"65866","TORIRE","5354"
"65867","TORO","5371"
"65868","TOROPOT","5404"
"65869","TORUE","5325"
"65870","TORUKUNE","5430"
"65871","TOSALE","5365"
"65872","TOU","5323"
"65873","TOVIA TAMBU","5452"
"65874","TOVIORA (TOWIORA)","5409"
"65875","TOWALE","5456"
"65876","TOWARA PANTAI","5397"
"65877","TOWARA","5397"
"65878","TOWEER","5379"
"65879","TOWERA","5464"
"65880","TOWU (TOWO)","5384"
"65881","TOWULU","5371"
"65882","TOY-TOY","5303"
"65883","TRANS MAYAYAP","5394"
"65884","TRI MULYA","5344"
"65885","TUARE","5448"
"65886","TUDUA","5336"
"65887","TULADENGGI PANTAI","5299"
"65888","TULADENGGI SIBATANG","5393"
"65889","TULO","5447"
"65890","TUMBULAWA","5367"
"65891","TUMORA","5344"
"65892","TUMOTOK","5435"
"65893","TUMPAPA INDAH","5356"
"65894","TUNGGALING","5302"
"65895","TUNTUNG","5349"
"65896","TUTUNG","5435"
"65897","TUVA (TUWA)","5449"
"65898","TUWELEY","5374"
"65899","UAMALINGKU","5314"
"65900","UEBONE","5350"
"65901","UEDAGO","5313"
"65902","UEDELE","5333"
"65903","UEKAMBUNO","5407"
"65904","UEKULI","5333"
"65905","UELENE","5370"
"65906","UELINCU","5458"
"65907","UEMAKUNI","5350"
"65908","UEMASI","5381"
"65909","UEMATOPA","5407"
"65910","UEMPANAPA","5381"
"65911","UENTANAGA ATAS","5314"
"65912","UENTANAGA BAWAH","5314"
"65913","UENUNI","5316"
"65914","UEPAKATU","5444"
"65915","UERURU","5381"
"65916","UEVOLO","5464"
"65917","UEWAJO","5381"
"65918","UHA UHANGON","5334"
"65919","UJUNA","5352"
"65920","UJUNG TIBU","5363"
"65921","ULATAN","5366"
"65922","ULING","5330"
"65923","ULU LAA","5463"
"65924","ULUANSO","5389"
"65925","ULULERE","5337"
"65926","ULUNAMBO","5430"
"65927","ULUNIPA","5430"
"65928","UMBELE LAMA","5342"
"65929","UMBELE","5326"
"65930","UMBELE","5342"
"65931","UMPANGA","5313"
"65932","UMU","5380"
"65933","UNA UNA","5367"
"65934","UNGKAYA","5428"
"65935","UNGKEA","5397"
"65936","UNONE","5391"
"65937","UNSONGI","5337"
"65938","UNU","5303"
"65939","URANOSARI","5465"
"65940","URULEPE","5328"
"65941","URUNDAKA","5350"
"65942","USO","5345"
"65943","UWE DAKA-DAKA","5334"
"65944","UWE MEA","5324"
"65945","UWEDAKA","5315"
"65946","UWEDIKAN","5372"
"65947","UWELOLU","5423"
"65948","UWEMANJE","5348"
"65949","VACAVA","5409"
"65950","WAKAI","5367"
"65951","WAKAT","5445"
"65952","WALANDANO","5451"
"65953","WALATANA","5358"
"65954","WANAGADING","5320"
"65955","WANAMUKTI BARAT","5340"
"65956","WANAMUKTI UTARA","5340"
"65957","WANAMUKTI","5340"
"65958","WANASARI","5350"
"65959","WANGA","5390"
"65960","WANGKA","5443"
"65961","WANI DUA  /  II","5353"
"65962","WANI LUMBUMPETIGO","5353"
"65963","WANI SATU  /  I","5353"
"65964","WANI TIGA","5353"
"65965","WARAA","5389"
"65966","WARU-WARU","5342"
"65967","WATA","5313"
"65968","WATATU","5365"
"65969","WATUAWU","5378"
"65970","WATUBULA","5447"
"65971","WATUKILO","5443"
"65972","WATUMAETA","5306"
"65973","WATUNONJU","5413"
"65974","WATURALELE","5447"
"65975","WATUSAMPU","5427"
"65976","WATUSONGU","5407"
"65977","WATUTAU","5390"
"65978","WAWANGKOLONO","5430"
"65979","WAWOPADA","5389"
"65980","WAYU","5436"
"65981","WAYURA","5317"
"65982","WERE\A","5425"
"65983","WIAPORE","5436"
"65984","WINANGUN","5391"
"65985","WINATU","5371"
"65986","WINOWANGA","5461"
"65987","WISOLO","5358"
"65988","WOMBO KALONGGO","5353"
"65989","WOMBO MPANAU (PANAU)","5353"
"65990","WOMBO","5353"
"65991","WOOMPARIGI","5381"
"65992","WOSU","5313"
"65993","WOWONDULA","5440"
"65994","WUASA","5306"
"65995","WUGAGA","5436"
"65996","YUGUT","5391"
"65997","A BULOSIBATANG","5467"
"65998","ABBANDERANGNGE","5468"
"65999","ABBANUANG","5469"
"66000","ABBANUANGE","5470"
