"id","nama_desa","kecamatan_id"
"26001","CIBULUH","2097"
"26002","CIBULUH","2347"
"26003","CIBULUH","2038"
"26004","CIBULUH","2247"
"26005","CIBULUH","2348"
"26006","CIBUNAR","2317"
"26007","CIBUNAR","2124"
"26008","CIBUNAR","2349"
"26009","CIBUNAR","2350"
"26010","CIBUNAR","2351"
"26011","CIBUNARJAYA","1947"
"26012","CIBUNGUR","2246"
"26013","CIBUNGUR","2125"
"26014","CIBUNGUR","2350"
"26015","CIBUNIAN","2299"
"26016","CIBUNIASIH","2346"
"26017","CIBUNIGEULIS","2104"
"26018","CIBUNTU","2278"
"26019","CIBUNTU","2161"
"26020","CIBUNTU","2352"
"26021","CIBUNTU","2020"
"26022","CIBUNTU","2353"
"26023","CIBUNTU","2354"
"26024","CIBUNTU","2017"
"26025","CIBUNUT","1970"
"26026","CIBURAYUT","2292"
"26027","CIBURIAL","2132"
"26028","CIBURIAL","2327"
"26029","CIBURIAL","2275"
"26030","CIBURUY","2084"
"26031","CIBURUY","2292"
"26032","CIBURUY","2287"
"26033","CICADAS","2019"
"26034","CICADAS","2165"
"26035","CICADAS","2161"
"26036","CICADAS","2355"
"26037","CICADAS","2281"
"26038","CICADAS","2183"
"26039","CICADAS","1960"
"26040","CICADAS","2193"
"26041","CICADAS","2356"
"26042","CICAHEUM","2005"
"26043","CICALENGKA KULON","2002"
"26044","CICALENGKA WETAN","2002"
"26045","CICALUNG","1963"
"26046","CICANGKANG GIRANG","2256"
"26047","CICANGKANG HILIR","2117"
"26048","CICANIR","1973"
"26049","CICANTAYAN","2357"
"26050","CICAPAR","2083"
"26051","CICAREUH","2239"
"26052","CICARIMANAH","2236"
"26053","CICAU","2358"
"26054","CICENANG","2121"
"26055","CICINDE SELATAN","2108"
"26056","CICINDE UTARA","2108"
"26057","CICUKANG","2359"
"26058","CICURUG","2062"
"26059","CICURUG","1994"
"26060","CIDADALI","2319"
"26061","CIDADAP","2268"
"26062","CIDADAP","2085"
"26063","CIDADAP","2360"
"26064","CIDADAP","2301"
"26065","CIDADAP","2053"
"26066","CIDADAP","2354"
"26067","CIDAHU","2111"
"26068","CIDAHU","2240"
"26069","CIDAHU","1999"
"26070","CIDAHU","2053"
"26071","CIDAHU","2353"
"26072","CIDAHU","2361"
"26073","CIDAMAR","2347"
"26074","CIDATAR","2051"
"26075","CIDEMPET","1968"
"26076","CIDENOK","2081"
"26077","CIDERUM","2279"
"26078","CIDOKOM","2310"
"26079","CIDOKOM","2344"
"26080","CIDOLOG","2362"
"26081","CIDOLOG","2363"
"26082","CIDUGALEUN","2364"
"26083","CIDULANG","2036"
"26084","CIELA","2084"
"26085","CIEMAS","2323"
"26086","CIENGANG","2258"
"26087","CIEUNDEUR","2254"
"26088","CIEUNTEUNG","2345"
"26089","CIEURIH","2240"
"26090","CIEURIH","2063"
"26091","CIEURIH","1963"
"26092","CIGADOG","1984"
"26093","CIGADOG","2365"
"26094","CIGADOG","1975"
"26095","CIGADOG","2366"
"26096","CIGADUNG","2367"
"26097","CIGADUNG","2026"
"26098","CIGADUNG","2368"
"26099","CIGAGADE","2369"
"26100","CIGALEUH","2065"
"26101","CIGALONTANG","2364"
"26102","CIGANJENG","2222"
"26103","CIGANTANG","2370"
"26104","CIGARONGGONG","2371"
"26105","CIGARUKGAK","2303"
"26106","CIGASONG","2121"
"26107","CIGAWIR","2372"
"26108","CIGAYAM","2083"
"26109","CIGEDANG","2373"
"26110","CIGEDUG","2127"
"26111","CIGELAM","2019"
"26112","CIGEMBOR","2160"
"26113","CIGENDEL","2374"
"26114","CIGENDING","2375"
"26115","CIGENTUR","2376"
"26116","CIGENTUR","2109"
"26117","CIGERELENG","1955"
"26118","CIGINTUNG","2377"
"26119","CIGINTUNG","1953"
"26120","CIGINTUNG","2378"
"26121","CIGOBANG WANGI","2379"
"26122","CIGOBANG","2379"
"26123","CIGOMBONG","2292"
"26124","CIGONDEWAH HILIR","2380"
"26125","CIGONDEWAH KALER","2278"
"26126","CIGONDEWAH KIDUL","2278"
"26127","CIGONDEWAH RAHAYU","2278"
"26128","CIGUDEG","1971"
"26129","CIGUGUR GIRANG","2381"
"26130","CIGUGUR KALER","2180"
"26131","CIGUGUR TENGAH","2123"
"26132","CIGUGUR","2026"
"26133","CIGUGUR","2257"
"26134","CIGUGUR","2180"
"26135","CIGUHA","2382"
"26136","CIGUNUNG","2125"
"26137","CIGUNUNGHERANG","2383"
"26138","CIGUNUNGSARI","2384"
"26139","CIHAMBULU","2044"
"26140","CIHAMERANG","2293"
"26141","CIHAMPELAS","2385"
"26142","CIHANJARO","2386"
"26143","CIHANJAWAR","2176"
"26144","CIHANJUANG RAHAYU","2381"
"26145","CIHANJUANG","2387"
"26146","CIHANJUANG","2381"
"26147","CIHANYAWAR","1998"
"26148","CIHANYIR","2388"
"26149","CIHAPIT","2389"
"26150","CIHARALANG","2213"
"26151","CIHARASHAS","2334"
"26152","CIHARASHAS","2212"
"26153","CIHAUR GEULIS","2367"
"26154","CIHAUR","2303"
"26155","CIHAUR","2306"
"26156","CIHAUR","1963"
"26157","CIHAUR","2140"
"26158","CIHAUR","2354"
"26159","CIHAURBEUTI","2390"
"26160","CIHAURKUNING","2391"
"26161","CIHAURKUNING","2124"
"26162","CIHAWUK","2330"
"26163","CIHEA","2392"
"26164","CIHERANG PONDOK","2279"
"26165","CIHERANG","2083"
"26166","CIHERANG","1986"
"26167","CIHERANG","2012"
"26168","CIHERANG","2031"
"26169","CIHERANG","2018"
"26170","CIHERANG","2191"
"26171","CIHERANG","2342"
"26172","CIHERANG","2361"
"26173","CIHERANG","2035"
"26174","CIHERAS","2100"
"26175","CIHEULANG TONGGOH","2138"
"26176","CIHEULANG","2008"
"26177","CIHIDEUNG ILIR","2161"
"26178","CIHIDEUNG UDIK","2161"
"26179","CIHIDEUNG","2381"
"26180","CIHIDEUNGGIRANG","2240"
"26181","CIHIDEUNGHILIR","2240"
"26182","CIHIKEU","2188"
"26183","CIHIRUP","2303"
"26184","CIHOE (CIHOWE)","2010"
"26185","CIHUNI","2025"
"26186","CIHUNI","2361"
"26187","CIHURIP","2393"
"26188","CIJAGAMULYA","2303"
"26189","CIJAGANG","2383"
"26190","CIJAGRA","2264"
"26191","CIJAGRA","2376"
"26192","CIJALINGAN","2357"
"26193","CIJAMBE","2105"
"26194","CIJAMBE","1984"
"26195","CIJAMBE","2239"
"26196","CIJAMBE","2230"
"26197","CIJAMBU","2117"
"26198","CIJAMBU","2394"
"26199","CIJANGKAR","2201"
"26200","CIJANTUNG","2294"
"26201","CIJATI","2207"
"26202","CIJATI","1994"
"26203","CIJATI","2395"
"26204","CIJATI","1948"
"26205","CIJAURA (MARGASENANG)","2396"
"26206","CIJAYA","2159"
"26207","CIJAYANA","2397"
"26208","CIJAYANTI","1996"
"26209","CIJEDIL","2158"
"26210","CIJELER","1948"
"26211","CIJEMIT","2398"
"26212","CIJENGKOL","2276"
"26213","CIJENGKOL","2399"
"26214","CIJENGKOL","2263"
"26215","CIJENUK","2117"
"26216","CIJERAH","2278"
"26217","CIJERUK","2314"
"26218","CIJERUK","2374"
"26219","CIJEUNGJING","2213"
"26220","CIJEUNGJING","2400"
"26221","CIJOHO","1953"
"26222","CIJOLANG","2369"
"26223","CIJUJUNG","2289"
"26224","CIJUJUNG","2265"
"26225","CIJULANG","2390"
"26226","CIJULANG","2131"
"26227","CIJULANG","1954"
"26228","CIJULANG","2091"
"26229","CIJUNTI","2159"
"26230","CIJUREY","2258"
"26231","CIJUREY","2107"
"26232","CIKADONGDONG","2194"
"26233","CIKADONGDONG","2401"
"26234","CIKADU","2318"
"26235","CIKADU","2105"
"26236","CIKADU","2402"
"26237","CIKADU","2319"
"26238","CIKADU","2403"
"26239","CIKADU","2298"
"26240","CIKADU","2260"
"26241","CIKADU","2256"
"26242","CIKADU","1948"
"26243","CIKADUT","2327"
"26244","CIKADUWETAN","2153"
"26245","CIKAHURIPAN","2387"
"26246","CIKAHURIPAN","2281"
"26247","CIKAHURIPAN","2064"
"26248","CIKAHURIPAN","2404"
"26249","CIKAHURIPAN","2094"
"26250","CIKAHURIPAN","2341"
"26251","CIKAHURIPAN","2249"
"26252","CIKAJANG","2340"
"26253","CIKAKAK","2405"
"26254","CIKALAHANG","2042"
"26255","CIKALANG","2406"
"26256","CIKALONG","2407"
"26257","CIKALONG","2319"
"26258","CIKALONG","2408"
"26259","CIKALONG","2270"
"26260","CIKALONG","2409"
"26261","CIKALONG","2410"
"26262","CIKALONG","1997"
"26263","CIKALONGSARI","2056"
"26264","CIKAMPEK BARAT","2411"
"26265","CIKAMPEK KOTA","2411"
"26266","CIKAMPEK PUSAKA","2411"
"26267","CIKAMPEK SELATAN","2411"
"26268","CIKAMPEK TIMUR","2411"
"26269","CIKAMPEK UTARA","2412"
"26270","CIKANANGA","2413"
"26271","CIKANCANA","2064"
"26272","CIKANCANA","2308"
"26273","CIKANCAS","2147"
"26274","CIKANCRA","2319"
"26275","CIKANCUNG","2388"
"26276","CIKANDANG","2340"
"26277","CIKANDANG","2373"
"26278","CIKANDE","2414"
"26279","CIKANDE","2200"
"26280","CIKANGKARENG","2132"
"26281","CIKANGKUNG","2415"
"26282","CIKANYERE","2308"
"26283","CIKAOBANDUNG","2241"
"26284","CIKAPINIS","2301"
"26285","CIKARACAK","1970"
"26286","CIKARAG","2124"
"26287","CIKARAGEMAN","2263"
"26288","CIKARAMAS","2416"
"26289","CIKARANG KOTA","2417"
"26290","CIKARANG","2363"
"26291","CIKARANG","2408"
"26292","CIKARANG","2418"
"26293","CIKARANG","2178"
"26294","CIKARANGGEUSAN","2178"
"26295","CIKARAWANG","2012"
"26296","CIKAREO SELATAN","2419"
"26297","CIKAREO UTARA","2419"
"26298","CIKARET","2141"
"26299","CIKARET","2224"
"26300","CIKAROYA","2254"
"26301","CIKASARUNG","1994"
"26302","CIKASO","2083"
"26303","CIKASO","2190"
"26304","CIKASUNGKA","2388"
"26305","CIKAUM BARAT","2420"
"26306","CIKAUM TIMUR","2420"
"26307","CIKAWAO","2264"
"26308","CIKAWAO","2421"
"26309","CIKAWUNG","2346"
"26310","CIKAWUNG","2247"
"26311","CIKAWUNG","2325"
"26312","CIKAWUNGADING","2100"
"26313","CIKEAS UDIK","2183"
"26314","CIKEAS","2265"
"26315","CIKEDOKAN","2084"
"26316","CIKEDOKAN","2422"
"26317","CIKEDUK","2423"
"26318","CIKEDUNG LOR","1951"
"26319","CIKEDUNG","1951"
"26320","CIKELAT","2281"
"26321","CIKELENG","2290"
"26322","CIKELET","1984"
"26323","CIKEMBANG","2276"
"26324","CIKEMBANG","2330"
"26325","CIKEMBAR","2189"
"26326","CIKEMBULAN","2424"
"26327","CIKEMBULAN","2409"
"26328","CIKERIS","2176"
"26329","CIKERUH","2332"
"26330","CIKETAK","2031"
"26331","CIKETING UDIK","2093"
"26332","CIKEUSAL","2153"
"26333","CIKEUSAL","2425"
"26334","CIKEUSAL","1973"
"26335","CIKEUSAL","2312"
"26336","CIKEUSI","2345"
"26337","CIKEUSIK","2240"
"26338","CIKEUSIK","1997"
"26339","CIKIDANG","2029"
"26340","CIKIDANG","2239"
"26341","CIKIDANG","2341"
"26342","CIKIDANGBAYABANG","2170"
"26343","CIKIJING","2036"
"26344","CIKIRAY","2239"
"26345","CIKITU","2421"
"26346","CIKIWUL","2093"
"26347","CIKOLE","2426"
"26348","CIKOLE","2328"
"26349","CIKOLE","2341"
"26350","CIKONDANG","2216"
"26351","CIKONDANG","2306"
"26352","CIKONDANG","1954"
"26353","CIKONDANG","2360"
"26354","CIKONDANG","2391"
"26355","CIKONDANG","2427"
"26356","CIKONDANG","2428"
"26357","CIKONDANG","2250"
"26358","CIKONENG","2429"
"26359","CIKONENG","2008"
"26360","CIKONENG","2428"
"26361","CIKONENG","2343"
"26362","CIKONENG","1997"
"26363","CIKOPO","2246"
"26364","CIKOPOMAYAK","2037"
"26365","CIKUBANG","2110"
"26366","CIKUBANGMULYA","2303"
"26367","CIKUBANGSARI","2190"
"26368","CIKUDA","2349"
"26369","CIKUJANG","2324"
"26370","CIKUJANG","2399"
"26371","CIKUKULU","2301"
"26372","CIKULAK KIDUL","1949"
"26373","CIKULAK","1949"
"26374","CIKUMPAY","2159"
"26375","CIKUNDUL","2430"
"26376","CIKUNIR","2401"
"26377","CIKUNTEN","2401"
"26378","CIKUNTUL","2431"
"26379","CIKUPA","2083"
"26380","CIKUPA","2040"
"26381","CIKUPA","2301"
"26382","CIKUPA","1985"
"26383","CIKURUBUK","2208"
"26384","CIKURUTUG","2152"
"26385","CIKUTAMAHI","2003"
"26386","CIKUTRA","2355"
"26387","CIKUYA","2002"
"26388","CIKUYA","2218"
"26389","CILAJA","2190"
"26390","CILAKU","2016"
"26391","CILALAWI","2294"
"26392","CILAMAJANG","2333"
"26393","CILAMAYA GIRANG","2168"
"26394","CILAMAYA HILIR","2168"
"26395","CILAMAYA","2408"
"26396","CILAME","2255"
"26397","CILAME","2205"
"26398","CILAMPENI","2114"
"26399","CILAMPUNGHILIR","2432"
"26400","CILAMPUYANG","2124"
"26401","CILANDAK LOR","1964"
"26402","CILANDAK","1964"
"26403","CILANDAK","2318"
"26404","CILANGARI","2252"
"26405","CILANGCANG","2036"
"26406","CILANGKAP","2019"
"26407","CILANGKAP","2208"
"26408","CILANGKAP","2433"
"26409","CILANGKAP","2140"
"26410","CILANGKAP","2434"
"26411","CILANGKARA","2435"
"26412","CILAWU","2436"
"26413","CILAYUNG","1957"
"26414","CILAYUNG","2332"
"26415","CILEBAK","2244"
"26416","CILEBUT BARAT","2265"
"26417","CILEBUT TIMUR","2265"
"26418","CILEDUG KULON","2214"
"26419","CILEDUG LOR","2214"
"26420","CILEDUG TENGAH","2214"
"26421","CILEDUG WETAN","2214"
"26422","CILEDUK","2263"
"26423","CILEGONG","2241"
"26424","CILELES","2332"
"26425","CILEMBANG","1972"
"26426","CILEMBER","2128"
"26427","CILEMBU","2374"
"26428","CILENDEK BARAT","2058"
"26429","CILENDEK TIMUR","2058"
"26430","CILENGKRANG GIRANG","2379"
"26431","CILENGKRANG","2437"
"26432","CILENGKRANG","2379"
"26433","CILENGKRANG","2419"
"26434","CILEUKSA","2438"
"26435","CILEULEUS","2403"
"26436","CILEULEUY","2026"
"26437","CILEUNCA","2176"
"26438","CILEUNGSI KIDUL","2439"
"26439","CILEUNGSI","2077"
"26440","CILEUNGSI","2439"
"26441","CILEUNGSING","2405"
"26442","CILEUNGSIR","2199"
"26443","CILEUNYI KULON","2336"
"26444","CILEUNYI WETAN","2336"
"26445","CILEUYA","2153"
"26446","CILEWO","2266"
"26447","CILIANG","2192"
"26448","CILILIN","2135"
"26449","CILIMUS","2061"
"26450","CILIMUSARI","2244"
"26451","CILINGGA","2440"
"26452","CILODONG","2441"
"26453","CILOLOHAN","2312"
"26454","CILONGSONG","2215"
"26455","CILOPANG","2377"
"26456","CILOTO","2133"
"26457","CILOWA","2190"
"26458","CILUAR","2097"
"26459","CILUKRAK","2050"
"26460","CILULUK","2388"
"26461","CILUMBA","2283"
"26462","CILUNCAT","2059"
"26463","CIMACAN","2133"
"26464","CIMAHI","2159"
"26465","CIMAHI","2280"
"26466","CIMAHI","2357"
"26467","CIMAHI","2123"
"26468","CIMAHI","2153"
"26469","CIMAHI","1961"
"26470","CIMAHPAR","2097"
"26471","CIMAHPAR","2047"
"26472","CIMAJA","2405"
"26473","CIMALAKA","2328"
"26474","CIMANDALA","2265"
"26475","CIMANDE HILIR","2279"
"26476","CIMANDE","2279"
"26477","CIMANGANTEN","2442"
"26478","CIMANGGIS","2177"
"26479","CIMANGGIS","2357"
"26480","CIMANGGU 1","2289"
"26481","CIMANGGU 2","2289"
"26482","CIMANGGU","2306"
"26483","CIMANGGU","2189"
"26484","CIMANGGU","2231"
"26485","CIMANGGU","2365"
"26486","CIMANGGU","2073"
"26487","CIMANGGU","2205"
"26488","CIMANGGU","2260"
"26489","CIMANGGU","2443"
"26490","CIMANGGUGIRANG","2360"
"26491","CIMANGGUHILIR","2029"
"26492","CIMANGGUNG","2387"
"26493","CIMANGKOK","2444"
"26494","CIMANGLID","2209"
"26495","CIMANINTIN","2086"
"26496","CIMANUK","2319"
"26497","CIMARA","2329"
"26498","CIMARA","2102"
"26499","CIMARA","2353"
"26500","CIMARAGANG","2347"
"26501","CIMARAGAS","2148"
"26502","CIMARAGAS","2025"
"26503","CIMARANTEN","2445"
"26504","CIMAREME","2034"
"26505","CIMAREME","2205"
"26506","CIMARGA","2377"
"26507","CIMARI","2429"
"26508","CIMARIAS","2374"
"26509","CIMASKARA","2132"
"26510","CIMAUNG","2270"
"26511","CIMAYANG","2299"
"26512","CIMAYASARI","2067"
"26513","CIMEKAR","2336"
"26514","CIMENERANG (CIMINCRANG)","2446"
"26515","CIMENGA","2040"
"26516","CIMENTENG","2268"
"26517","CIMENTENG","2105"
"26518","CIMENTENG","2187"
"26519","CIMENYAN","2327"
"26520","CIMEONG","2080"
"26521","CIMERAK","2136"
"26522","CIMERANG","2287"
"26523","CIMERANG","2359"
"26524","CIMEUHMAL","2247"
"26525","CIMINDI","2257"
"26526","CIMPAEUN","2434"
"26527","CIMUJA","2328"
"26528","CIMULYA","2153"
"26529","CIMUNCANG","2447"
"26530","CIMUNCANG","2115"
"26531","CIMUNGKAL","2419"
"26532","CIMUNING","2448"
"26533","CIMURAH","2449"
"26534","CINAGARA","2279"
"26535","CINAGARA","2156"
"26536","CINAGARA","2124"
"26537","CINAMBO","2029"
"26538","CINANGGELA","2421"
"26539","CINANGGERANG","2374"
"26540","CINANGKA","2246"
"26541","CINANGKA","2161"
"26542","CINANGKA","2149"
"26543","CINANGNENG","2337"
"26544","CINANGSI","2048"
"26545","CINANGSI","2383"
"26546","CINANGSI","2377"
"26547","CINANJUNG","2394"
"26548","CINEAM","1954"
"26549","CINENGAH","2193"
"26550","CINERANG","2045"
"26551","CINERE","2450"
"26552","CINEUBEUY / CINEUMBEUY","2156"
"26553","CINGAMBUL","2360"
"26554","CINGCIN","2451"
"26555","CINIRU","2398"
"26556","CINIRU","2027"
"26557","CINISTI","2084"
"26558","CINTA MULYA","2332"
"26559","CINTA","2282"
"26560","CINTAASIH","2360"
"26561","CINTAASIH","2117"
"26562","CINTAASIH","2051"
"26563","CINTAASIH","2064"
"26564","CINTAASIH","2452"
"26565","CINTAASIH","2453"
"26566","CINTABODAS","2218"
"26567","CINTADAMAI","2454"
"26568","CINTAJAYA","2400"
"26569","CINTAJAYA","2119"
"26570","CINTAJAYA","2312"
"26571","CINTAKARYA","2192"
"26572","CINTAKARYA","2453"
"26573","CINTAKARYA","2256"
"26574","CINTALAKSANA","2384"
"26575","CINTALANGGENG","2384"
"26576","CINTAMANIK","1971"
"26577","CINTAMANIK","2282"
"26578","CINTAMEKAR","2399"
"26579","CINTANAGARA","2127"
"26580","CINTANAGARA","2144"
"26581","CINTARAJA","2401"
"26582","CINTARASA","2453"
"26583","CINTARATU","2119"
"26584","CINTARATU","2192"
"26585","CINTARAYAT","2453"
"26586","CINTAWANGI","2301"
"26587","CINTAWARGI","2384"
"26588","CINUNJANG","2219"
"26589","CINUNUK","2336"
"26590","CINUNUK","2455"
"26591","CINYASAG","2074"
"26592","CIOMAS RAHAYU","2296"
"26593","CIOMAS","2303"
"26594","CIOMAS","2296"
"26595","CIOMAS","2039"
"26596","CIOMAS","1997"
"26597","CIOMAS","2016"
"26598","CIPAAT","2228"
"26599","CIPACING","2332"
"26600","CIPACING","2456"
"26601","CIPADA","2407"
"26602","CIPADA","2457"
"26603","CIPADUNG KIDUL","2458"
"26604","CIPADUNG KULON","2458"
"26605","CIPADUNG WETAN","2458"
"26606","CIPADUNG","2459"
"26607","CIPAGALO","2217"
"26608","CIPAGANTI","2051"
"26609","CIPAGANTI","2460"
"26610","CIPAGERAN","2304"
"26611","CIPAINGEUN","2410"
"26612","CIPAISAN","2461"
"26613","CIPAKAT","2401"
"26614","CIPAKEM","2249"
"26615","CIPAKU","2141"
"26616","CIPAKU","2063"
"26617","CIPAKU","2345"
"26618","CIPAKU","1989"
"26619","CIPAKU","2376"
"26620","CIPAMBUAN","1996"
"26621","CIPAMEKAR","1990"
"26622","CIPAMEUNGPEUK","2035"
"26623","CIPAMINGKIS","2363"
"26624","CIPAMOKOLAN","2462"
"26625","CIPANAS","2133"
"26626","CIPANAS","2100"
"26627","CIPANAS","2042"
"26628","CIPANAS","2109"
"26629","CIPANCAR","2275"
"26630","CIPANCAR","2399"
"26631","CIPANCAR","2035"
"26632","CIPANCUH","2463"
"26633","CIPANCUR","2318"
"26634","CIPANCUR","2464"
"26635","CIPANDANWANGI","2102"
"26636","CIPANENGAH","2163"
"26637","CIPANENGAH","2430"
"26638","CIPANGERAN","2200"
"26639","CIPANGRAMATAN","2340"
"26640","CIPANJALU","2437"
"26641","CIPARAGEJAYA","2431"
"26642","CIPARAKAN","2038"
"26643","CIPARANTI","2136"
"26644","CIPARAY","2362"
"26645","CIPARAY","2008"
"26646","CIPARAY","2178"
"26647","CIPARAY","2465"
"26648","CIPAREUAN","2338"
"26649","CIPARI","2026"
"26650","CIPARI","2370"
"26651","CIPARIGI","2097"
"26652","CIPARIGI","2262"
"26653","CIPARUNGSARI","2318"
"26654","CIPASANG","2233"
"26655","CIPASUNG","2040"
"26656","CIPASUNG","2065"
"26657","CIPATAT","2466"
"26658","CIPATIK","2385"
"26659","CIPATUJAH","2100"
"26660","CIPAWITRA","2370"
"26661","CIPAYUNG (CIPAYUNG DATAR)","2467"
"26662","CIPAYUNG GIRANG","2467"
"26663","CIPAYUNG JAYA","2185"
"26664","CIPAYUNG","2468"
"26665","CIPAYUNG","2185"
"26666","CIPEDANG","2228"
"26667","CIPEDES","2398"
"26668","CIPEDES","2469"
"26669","CIPEDES","2376"
"26670","CIPEDES","2470"
"26671","CIPELAH","1945"
"26672","CIPELANG","2314"
"26673","CIPELANG","2348"
"26674","CIPELES","2236"
"26675","CIPENDAWA","2342"
"26676","CIPENJO","2439"
"26677","CIPERNA","2286"
"26678","CIPETIR","2306"
"26679","CIPETIR","2404"
"26680","CIPEUCANG","2439"
"26681","CIPEUJEUH KULON","1979"
"26682","CIPEUJEUH WETAN","1979"
"26683","CIPEUJEUH","2421"
"26684","CIPEUNDEUY","2029"
"26685","CIPEUNDEUY","2176"
"26686","CIPEUNDEUY","2212"
"26687","CIPEUNDEUY","2067"
"26688","CIPEUNDEUY","2086"
"26689","CIPEUNDEUY","2287"
"26690","CIPEUNDEUY","2261"
"26691","CIPEUTEUY","2345"
"26692","CIPEUTEUY","2293"
"26693","CIPEUTIR / CIPETIR","2156"
"26694","CIPEUYEUM","2392"
"26695","CIPICUNG","2034"
"26696","CIPICUNG","2314"
"26697","CIPICUNG","2445"
"26698","CIPICUNG","2218"
"26699","CIPICUNG","2400"
"26700","CIPICUNG","1963"
"26701","CIPICUNG","2294"
"26702","CIPINANG","2147"
"26703","CIPINANG","2318"
"26704","CIPINANG","2270"
"26705","CIPINANG","2023"
"26706","CIPINANG","2344"
"26707","CIPONDOH","2223"
"26708","CIPONDOK","2103"
"26709","CIPONDOK","2031"
"26710","CIPONDOK","2088"
"26711","CIPORANG","1953"
"26712","CIPORANG","2249"
"26713","CIPOREAT","2437"
"26714","CIPTAGUMATI","2407"
"26715","CIPTAHARJA","2466"
"26716","CIPTAMARGA","2471"
"26717","CIPTAMARGI","2414"
"26718","CIPTASARI","2374"
"26719","CIPTASARI","2452"
"26720","CIPULUS","2036"
"26721","CIPURUT","2152"
"26722","CIPURWASARI","2384"
"26723","CIPUTAT","2303"
"26724","CIPUTRI","2342"
"26725","CIRACAP","2415"
"26726","CIRACAS","2321"
"26727","CIRAHAYU","2373"
"26728","CIRAMA GIRANG","2383"
"26729","CIRAMAHILIR","2395"
"26730","CIRANCA","2115"
"26731","CIRANGGEM","2400"
"26732","CIRANGGON","2157"
"26733","CIRANGKONG","2318"
"26734","CIRANGKONG","2105"
"26735","CIRANGRANG","1993"
"26736","CIRANJANG","2339"
"26737","CIRANJENG","2360"
"26738","CIRAPUHAN","2372"
"26739","CIRAWAMEKAR","2466"
"26740","CIREA","2472"
"26741","CIREBONGIRANG","2286"
"26742","CIREJAG","2056"
"26743","CIRENDANG","2405"
"26744","CIRENDANG","1953"
"26745","CIRENDE","2159"
"26746","CIREUNGHAS","2152"
"26747","CIRIMEKAR","2335"
"26748","CIRIRIP","2473"
"26749","CIRIUNG","2335"
"26750","CIROYOM","2267"
"26751","CIROYOM","2197"
"26752","CIROYOM","1984"
"26753","CIROYOM","2212"
"26754","CIRUKEM","2413"
"26755","CIRULUK","2068"
"26756","CIRUMPUT","2158"
"26757","CISAAT","2159"
"26758","CISAAT","2300"
"26759","CISAAT","2103"
"26760","CISAAT","2062"
"26761","CISAAT","2009"
"26762","CISAAT","2042"
"26763","CISAAT","2424"
"26764","CISAAT","1949"
"26765","CISADAP","2160"
"26766","CISAGA","2048"
"26767","CISAGA","2072"
"26768","CISALADA","2292"
"26769","CISALADA","2241"
"26770","CISALAK PASAR","2474"
"26771","CISALAK","2306"
"26772","CISALAK","2347"
"26773","CISALAK","2365"
"26774","CISALAK","2102"
"26775","CISALAK","2065"
"26776","CISALAK","1941"
"26777","CISAMBENG","2259"
"26778","CISAMPIH","2139"
"26779","CISAMPIH","2400"
"26780","CISANDE","2357"
"26781","CISANGKAL","2393"
"26782","CISANTANA","2026"
"26783","CISARANDI","2254"
"26784","CISARANTEN KIDUL","2446"
"26785","CISARANTEN KULON","2475"
"26786","CISARANTEN WETAN","2001"
"26787","CISARANTEN","2402"
"26788","CISARENTEN BINA HARAPAN","2475"
"26789","CISARUA","2426"
"26790","CISARUA","1954"
"26791","CISARUA","2128"
"26792","CISARUA","2102"
"26793","CISARUA","2073"
"26794","CISARUA","1998"
"26795","CISARUA","2095"
"26796","CISARUA","2453"
"26797","CISARUA","2438"
"26798","CISARUA","2476"
"26799","CISARUA","2142"
"26800","CISARUNI","2432"
"26801","CISAYONG","2403"
"26802","CISEENG","2010"
"26803","CISEMPUR","2313"
"26804","CISEMPUR","2332"
"26805","CISERO","2051"
"26806","CISETU","2023"
"26807","CISEUREUH","2461"
"26808","CISEUREUH","1955"
"26809","CISEWU","2418"
"26810","CISITU","2377"
"26811","CISITU","2124"
"26812","CISITU","2201"
"26813","CISOKA","2036"
"26814","CISOLOK","2281"
"26815","CISOMANG BARAT","2407"
"26816","CISOMPET","2391"
"26817","CISONDARI","2343"
"26818","CISONTROL","2199"
"26819","CISUJEN","2242"
"26820","CISUKADANA","2031"
"26821","CISURAT","2419"
"26822","CISURUPAN","2459"
"26823","CISURUPAN","2051"
"26824","CITALAHAB","2477"
"26825","CITALANG","2461"
"26826","CITALANG","2142"
"26827","CITALEM","2117"
"26828","CITALEUS","2208"
"26829","CITALI","2374"
"26830","CITAMAN","2191"
"26831","CITAMBA","2235"
"26832","CITAMIANG","2427"
"26833","CITAMIANG","2404"
"26834","CITAMIANG","2395"
"26835","CITAMIANG","2359"
"26836","CITANGLAR","2261"
"26837","CITANGTU","1953"
"26838","CITANGTU","2025"
"26839","CITAPEN","2077"
"26840","CITAPEN","2385"
"26841","CITAPEN","2250"
"26842","CITAPEN","2290"
"26843","CITARIK","2260"
"26844","CITARIK","2223"
"26845","CITARINGGUL","1996"
"26846","CITARUM","2389"
"26847","CITATAH","2466"
"26848","CITAYAM","2478"
"26849","CITEKO KALER","1965"
"26850","CITEKO","2128"
"26851","CITEKO","1965"
"26852","CITEMU","2060"
"26853","CITENGAH","2035"
"26854","CITENJO","2103"
"26855","CITEPOK","2230"
"26856","CITEPUS","2260"
"26857","CITERAS","2124"
"26858","CITEUREUP","2304"
"26859","CITEUREUP","2479"
"26860","CITEUREUP","2274"
"26861","CITEUREUP","2480"
"26862","CITIMUN","2328"
"26863","CITIUSARI","2413"
"26864","CITRAJAYA","2165"
"26865","CITUNDUN","1957"
"26866","CIUDIAN","2378"
"26867","CIULU","2083"
"26868","CIUMBULEUIT","2481"
"26869","CIUYAH","2102"
"26870","CIUYAH","1949"
"26871","CIWALAT","2106"
"26872","CIWALEN","2447"
"26873","CIWALEN","2308"
"26874","CIWALEN","2254"
"26875","CIWANGI","2369"
"26876","CIWANGI","2246"
"26877","CIWARAK","2482"
"26878","CIWARENG","2019"
"26879","CIWARINGIN","2000"
"26880","CIWARINGIN","2011"
"26881","CIWARINGIN","2483"
"26882","CIWARU","2323"
"26883","CIWARU","1957"
"26884","CIWARUGA","2381"
"26885","CIWIDEY","2484"
"26886","CIWIRU","2353"
"26887","CIWULAN","2266"
"26888","COGREG","2283"
"26889","COGREG","2179"
"26890","COMPRENG","2485"
"26891","CONDONG","2198"
"26892","CONGGEANG KULON","1990"
"26893","CONGGEANG WETAN","1990"
"26894","CUKANGGENTENG","2343"
"26895","CUKANGJAYAGUNA","2410"
"26896","CUKANGKAWUNG","2410"
"26897","CUPANG","2425"
"26898","CUPUNAGARA","2365"
"26899","CURUG BITUNG","2095"
"26900","CURUG MEKAR","2058"
"26901","CURUG WETAN","2302"
"26902","CURUG","2058"
"26903","CURUG","2186"
"26904","CURUG","2474"
"26905","CURUG","2310"
"26906","CURUG","2037"
"26907","CURUG","2238"
"26908","CURUG","1961"
"26909","CURUG","2302"
"26910","CURUGAGUNG","2356"
"26911","CURUGKEMBAR","2187"
"26912","CURUGLUHUR","2315"
"26913","CURUGREJA","1962"
"26914","CURUGRENDENG","2251"
"26915","DADAP","2486"
"26916","DADIHARJA","2199"
"26917","DAGO","2460"
"26918","DAGO","2349"
"26919","DAMARGUNA","2214"
"26920","DAMPIT","2002"
"26921","DANALAMPAH","2487"
"26922","DANAMULYA","2173"
"26923","DANASARI","2072"
"26924","DANAU INDAH","2422"
"26925","DANAWINANGUN","2071"
"26926","DANGDEUR","2034"
"26927","DANGDEUR","2246"
"26928","DANGDEUR","2368"
"26929","DANGIANG","2089"
"26930","DANGIANG","2436"
"26931","DANO","2275"
"26932","DARANGDAN","2440"
"26933","DARAWATI","2100"
"26934","DARAWOLONG","2291"
"26935","DARMA","2040"
"26936","DARMACAANG","2429"
"26937","DARMAGA","2365"
"26938","DARMAJAYA","2345"
"26939","DARMALARANG","2080"
"26940","DARMARAJA","2345"
"26941","DARMARAJA","1985"
"26942","DARMAREJA","1998"
"26943","DARMAWANGI","2236"
"26944","DARWATI","2462"
"26945","DATAR","2240"
"26946","DATARNANGKA","2315"
"26947","DAWAGUNG","2488"
"26948","DAWUAN BARAT","2411"
"26949","DAWUAN KALER","2139"
"26950","DAWUAN KIDUL","2139"
"26951","DAWUAN TENGAH","2411"
"26952","DAWUAN TIMUR","2411"
"26953","DAWUAN","2052"
"26954","DAWUAN","1982"
"26955","DAWUNGSARI","2436"
"26956","DAYEUH LUHUR","2428"
"26957","DAYEUH","2439"
"26958","DAYEUHKOLOT","2274"
"26959","DAYEUHKOLOT","2356"
"26960","DAYEUHLUHUR","2144"
"26961","DAYEUHLUHUR","2431"
"26962","DAYEUHLUHUR","2162"
"26963","DAYEUHMANGGUNG","2436"
"26964","DAYEUHWANGI","2065"
"26965","DEPOK JAYA","2489"
"26966","DEPOK","2391"
"26967","DEPOK","2440"
"26968","DEPOK","2423"
"26969","DEPOK","2490"
"26970","DEPOK","2489"
"26971","DERMAYU","1987"
"26972","DESAKOLOT","2436"
"26973","DEUDEUL","2110"
"26974","DEWASARI","2213"
"26975","DEWISARI","1946"
"26976","DIRGAHAYU","2248"
"26977","DOMPYONG KULON","2491"
"26978","DOMPYONG WETAN","2491"
"26979","DONGKAL","2492"
"26980","DRAJAT","2493"
"26981","DRAMAGA","2012"
"26982","DRAWATI","2376"
"26983","DRUNTEN KULON","2021"
"26984","DRUNTEN WETAN","2021"
"26985","DUKUH","2297"
"26986","DUKUH","2289"
"26987","DUKUH","2322"
"26988","DUKUH","2220"
"26989","DUKUH","2243"
"26990","DUKUHBADAG","2103"
"26991","DUKUHDALEM","2303"
"26992","DUKUHDALEM","2290"
"26993","DUKUHJATI","2494"
"26994","DUKUHJERUK","2154"
"26995","DUKUHKARYA","1946"
"26996","DUKUHLOR","2028"
"26997","DUKUHMAJA","2373"
"26998","DUKUHPICUNG","2373"
"26999","DUKUHTENGAH","2154"
"27000","DUKUHTENGAH","2249"
"27001","DUKUHWIDARA","1995"
"27002","DUKUPUNTANG","2042"
"27003","DUNGUS CARIANG","2267"
"27004","DUNGUSIKU","2495"
"27005","DUNGUSWIRU","2369"
"27006","DURAJAYA","2496"
"27007","DUREN JAYA","1969"
"27008","DUREN MEKAR","2186"
"27009","DUREN SERIBU","2186"
"27010","DUREN","1961"
"27011","EMPANG","2141"
"27012","EMPANGSARI","2406"
"27013","EMPLAK","2038"
"27014","ENDER","1981"
"27015","ENGGALWANGI","2259"
"27016","ERETAN KULON","2238"
"27017","ERETAN WETAN","2238"
"27018","EUREUNPALAY","2313"
"27019","GABUSKULON","2021"
"27020","GABUSWETAN","2021"
"27021","GADEL","2172"
"27022","GADINGAN","2497"
"27023","GADOBANGKONG","2205"
"27024","GADOG","2467"
"27025","GADOG","2342"
"27026","GAGASARI","2491"
"27027","GAJAHMEKAR","2255"
"27028","GALAGAMBA","2011"
"27029","GALAHERANG","2249"
"27030","GALANGGANG","2129"
"27031","GALIHPAKUWON","2369"
"27032","GALUDRA","2328"
"27033","GALUDRA","2158"
"27034","GALUDRA","2245"
"27035","GALUGA","2289"
"27036","GALUMPIT","2142"
"27037","GAMBARSARI","2498"
"27038","GAMEL","2273"
"27039","GANDAMEKAR","2422"
"27040","GANDAMEKAR","2424"
"27041","GANDAMEKAR","1965"
"27042","GANDASARI","2422"
"27043","GANDASARI","2420"
"27044","GANDASARI","2203"
"27045","GANDASARI","2499"
"27046","GANDASARI","2114"
"27047","GANDASOLI","2405"
"27048","GANDASOLI","2190"
"27049","GANDASOLI","1965"
"27050","GANDASOLI","2247"
"27051","GANDAWESI","1952"
"27052","GANDOANG","2439"
"27053","GANDU","2052"
"27054","GANDUL","2450"
"27055","GANEAS","2428"
"27056","GANEAS","1973"
"27057","GANJAR SABAR","2191"
"27058","GANJARESIK","2419"
"27059","GANJARSARI","2407"
"27060","GANTAR","2049"
"27061","GARAHAJI","2249"
"27062","GARAJATI","1957"
"27063","GARATENGAH","2290"
"27064","GARAWANGI","2413"
"27065","GARAWANGI","2081"
"27066","GARAWASTU","2146"
"27067","GARDU","2321"
"27068","GARDUJAYA","2074"
"27069","GARDUMUKTI","2175"
"27070","GARDUSAYANG","2365"
"27071","GARUDA","2267"
"27072","GARUMUKTI","2500"
"27073","GASOL","2158"
"27074","GEBANG KULON","2491"
"27075","GEBANG","2491"
"27076","GEBANGILIR","2491"
"27077","GEBANGJAYA","2285"
"27078","GEBANGMEKAR","2491"
"27079","GEBANGUDIK","2491"
"27080","GEDANGAN","2227"
"27081","GEDE PANGRANGO","2404"
"27082","GEDONGPANJANG","2427"
"27083","GEGEMPALAN","2429"
"27084","GEGER KALONG","2501"
"27085","GEGERBITUNG","2258"
"27086","GEGESIK KIDUL","2143"
"27087","GEGESIK KULON","2143"
"27088","GEGESIK LOR","2143"
"27089","GEGESIK WETAN","2143"
"27090","GEGUNUNG","2015"
"27091","GEKBRONG","2064"
"27092","GELARANYAR","2253"
"27093","GELARMENDALA","2055"
"27094","GELARPAWITAN","2347"
"27095","GELARWANGI","2347"
"27096","GELOK MULYA","2081"
"27097","GEMBONGAN","2006"
"27098","GEMBONGAN","2108"
"27099","GEMBONGANMEKAR","2006"
"27100","GEMBOR","2498"
"27101","GEMPOL","2108"
"27102","GEMPOL","2425"
"27103","GEMPOL","2502"
"27104","GEMPOLKARYA","2226"
"27105","GEMPOLKOLOT","2108"
"27106","GEMPOLSARI","2278"
"27107","GEMPOLSARI","2326"
"27108","GENDEREH","2208"
"27109","GENTENG","2080"
"27110","GENTENG","2141"
"27111","GENTENG","2052"
"27112","GENTENG","2113"
"27113","GEREBA","2063"
"27114","GEREBA","2190"
"27115","GERESIK","2303"
"27116","GERESIK","2198"
"27117","GESIK","1982"
"27118","GETASAN","2423"
"27119","GETRAKMOYAN","1981"
"27120","GEWOK","2413"
"27121","GEYONGAN","1977"
"27122","GINANJAR","1947"
"27123","GINTUNG CILEJET","2349"
"27124","GINTUNG KIDUL","2011"
"27125","GINTUNG LOR","2182"
"27126","GINTUNG TENGAH","2011"
"27127","GINTUNGKERTA","1961"
"27128","GINTUNGRANJENG","2011"
"27129","GIRIASIH","2129"
"27130","GIRIAWAS","2340"
"27131","GIRIHARJA","2199"
"27132","GIRIJAYA","2194"
"27133","GIRIJAYA","2132"
"27134","GIRIJAYA","1999"
"27135","GIRIJAYA","2340"
"27136","GIRIJAYA","2503"
"27137","GIRIJAYA","1998"
"27138","GIRIJAYA","2504"
"27139","GIRIJAYA","2101"
"27140","GIRIKENCANA","2125"
"27141","GIRILAYA","2074"
"27142","GIRIMAKMUR","2124"
"27143","GIRIMEKAR","2437"
"27144","GIRIMUKTI","2197"
"27145","GIRIMUKTI","2268"
"27146","GIRIMUKTI","2317"
"27147","GIRIMUKTI","2323"
"27148","GIRIMUKTI","1984"
"27149","GIRIMUKTI","2117"
"27150","GIRIMUKTI","2072"
"27151","GIRIMUKTI","2418"
"27152","GIRIMUKTI","2499"
"27153","GIRIMUKTI","2115"
"27154","GIRIMUKTI","2504"
"27155","GIRIMUKTI","2200"
"27156","GIRIMUKTI","2505"
"27157","GIRIMUKTI","2378"
"27158","GIRIMUKTI","2506"
"27159","GIRIMULYA","2080"
"27160","GIRIMULYA","2306"
"27161","GIRIMULYA","2289"
"27162","GIRIMULYA","2421"
"27163","GIRINATA","2042"
"27164","GIRIWANGI","2219"
"27165","GIRIWARINGIN","2249"
"27166","GOBANG","2344"
"27167","GODOG","2449"
"27168","GOLAT","2082"
"27169","GOMBANG","2173"
"27170","GOMBONG","2235"
"27171","GOMBONGSARI","2057"
"27172","GOROWONG","2349"
"27173","GREGED (GREGET)","2496"
"27174","GROGOL","1944"
"27175","GROGOL","2243"
"27176","GROGOL","2507"
"27177","GUDANG","2000"
"27178","GUDANG","2383"
"27179","GUDANG","2394"
"27180","GUDANGKAHURIPAN","2341"
"27181","GUJEG","2508"
"27182","GUMULUNGLEBAK","2496"
"27183","GUMULUNGTONGGOH","2496"
"27184","GUMURUH","2164"
"27185","GUNAJAYA","2140"
"27186","GUNAMEKAR","2188"
"27187","GUNASARI","2035"
"27188","GUNTURMEKAR","2109"
"27189","GUNUNG BENTANG","2315"
"27190","GUNUNG BUNDER 1","2299"
"27191","GUNUNG BUNDER 2","2299"
"27192","GUNUNG ENDUT","2509"
"27193","GUNUNG GEULIS","2265"
"27194","GUNUNG GURUH","2324"
"27195","GUNUNG JAMPANG","2188"
"27196","GUNUNG KRAMAT","2281"
"27197","GUNUNG KUNING","2146"
"27198","GUNUNG MALANG","2239"
"27199","GUNUNG MALANG","2337"
"27200","GUNUNG MENYAN","2299"
"27201","GUNUNG PARANG","2426"
"27202","GUNUNG PICUNG","2299"
"27203","GUNUNG PUTRI","2183"
"27204","GUNUNG PUYUH","2510"
"27205","GUNUNG SARI","2479"
"27206","GUNUNG SARI","2299"
"27207","GUNUNG SINDUR","2310"
"27208","GUNUNG SUNGGING","2261"
"27209","GUNUNG TANJUNG","2281"
"27210","GUNUNG TANJUNG","2219"
"27211","GUNUNGACI","2075"
"27212","GUNUNGBATU","2058"
"27213","GUNUNGBATU","2415"
"27214","GUNUNGCUPU","2234"
"27215","GUNUNGGEDE","2333"
"27216","GUNUNGHALU","2252"
"27217","GUNUNGHEJO","2440"
"27218","GUNUNGJAYA","2009"
"27219","GUNUNGKARUNG","2373"
"27220","GUNUNGKARUNG","2395"
"27221","GUNUNGKELING","2026"
"27222","GUNUNGLARANG","2029"
"27223","GUNUNGLEUTIK","2008"
"27224","GUNUNGMANIK","2398"
"27225","GUNUNGMANIK","1973"
"27226","GUNUNGMANIK","2394"
"27227","GUNUNGMASIGIT","2466"
"27228","GUNUNGSARI","2283"
"27229","GUNUNGSARI","2153"
"27230","GUNUNGSARI","2339"
"27231","GUNUNGSARI","2499"
"27232","GUNUNGSARI","2498"
"27233","GUNUNGSARI","2155"
"27234","GUNUNGSARI","2227"
"27235","GUNUNGSARI","2382"
"27236","GUNUNGSARI","2511"
"27237","GUNUNGSARI","1949"
"27238","GUNUNGSEMBUNG","2498"
"27239","GUNUNGSIRAH","2040"
"27240","GUNUNGTANDALA","2333"
"27241","GUNUNGTUA","2105"
"27242","GUNUNGWANGI","1970"
"27243","GURANTENG","2456"
"27244","GURUDUG","2245"
"27245","GUWA KIDUL","2512"
"27246","GUWA LOR","2512"
"27247","HALIMPU","2147"
"27248","HAMBALANG","2479"
"27249","HAMBARO","2095"
"27250","HAMERANG","2132"
"27251","HANDAPHERANG","2213"
"27252","HANJUANG","2188"
"27253","HANTARA","2250"
"27254","HARAPAN BARU","2513"
"27255","HARAPAN JAYA","2513"
"27256","HARAPAN JAYA","2335"
"27257","HARAPAN MULYA","2514"
"27258","HARIANG","2208"
"27259","HARJA MEKAR","2417"
"27260","HARJAMUKTI","2474"
"27261","HARJAMUKTI","1974"
"27262","HARJASARI","2141"
"27263","HARKATJAYA","2438"
"27264","HARUM MANDALA","2257"
"27265","HARUMAN","2275"
"27266","HARUMANSARI","2424"
"27267","HAURGEULIS","2029"
"27268","HAURGEULIS","2463"
"27269","HAURKOLOT","2463"
"27270","HAURKUNING","2298"
"27271","HAURKUNING","2230"
"27272","HAURNGOMBONG","2374"
"27273","HAURPANGGUNG","2351"
"27274","HAURPUGUR","2210"
"27275","HAURSEAH","1970"
"27276","HAURWANGI","2392"
"27277","HEGARMANAH","2019"
"27278","HEGARMANAH","2080"
"27279","HEGARMANAH","2084"
"27280","HEGARMANAH","2216"
"27281","HEGARMANAH","2188"
"27282","HEGARMANAH","2357"
"27283","HEGARMANAH","2481"
"27284","HEGARMANAH","2362"
"27285","HEGARMANAH","2388"
"27286","HEGARMANAH","2468"
"27287","HEGARMANAH","2332"
"27288","HEGARMANAH","2018"
"27289","HEGARMANAH","2315"
"27290","HEGARMANAH","2030"
"27291","HEGARMANAH","2242"
"27292","HEGARMANAH","2101"
"27293","HEGARMUKTI","2358"
"27294","HEGARMULYA","2085"
"27295","HEGARSARI","2424"
"27296","HEGARSARI","2134"
"27297","HEGARSARI","2505"
"27298","HEGARWANGI","2515"
"27299","HEUBEULISUK","1970"
"27300","HEULEUT","1989"
"27301","HEULEUT","2465"
"27302","HUJUNGTIWU","2039"
"27303","HULUBANTENG LOR","2516"
"27304","HULUBANTENG","2516"
"27305","HURIP JAYA","2032"
"27306","HUSEN SASTRANEGARA","1978"
"27307","IBUN","2322"
"27308","ILIR","2238"
"27309","IMBANAGARA RAYA","2160"
"27310","IMBANAGARA","2160"
"27311","INDAPATRA","2020"
"27312","INDIHIANG","2517"
"27313","INDRAGIRI","2074"
"27314","INDRAGIRI","1945"
"27315","INDRAJAYA","2511"
"27316","INDRAKILA","2146"
"27317","INDRALAYANG","2280"
"27318","ISOLA","2501"
"27319","IWUL","2179"
"27320","JABON MEKAR","2179"
"27321","JABONG","2498"
"27322","JABRANTI","2386"
"27323","JADIKARYA","2073"
"27324","JADIMULYA","1944"
"27325","JADIMULYA","2073"
"27326","JAGABAYA","2270"
"27327","JAGABAYA","2397"
"27328","JAGABAYA","2074"
"27329","JAGABAYA","2349"
"27330","JAGABITA","2349"
"27331","JAGAMUKTI","2261"
"27332","JAGAMULYA","2115"
"27333","JAGAPURA KIDUL","2143"
"27334","JAGAPURA KULON","2143"
"27335","JAGAPURA LOR","2143"
"27336","JAGAPURA WETAN","2143"
"27337","JAGARA","2040"
"27338","JAGASARI","2036"
"27339","JAGASATRU","2518"
"27340","JAHIANG","2519"
"27341","JAJAWAR","2054"
"27342","JAKA MULYA","2520"
"27343","JAKA SAMPURNA","2166"
"27344","JAKA SETIA","2520"
"27345","JALAKSANA","2027"
"27346","JALANCAGAK","2251"
"27347","JALATRANG","2244"
"27348","JALATRANG","2063"
"27349","JALENJAYA (JEJALENJAYA)","2521"
"27350","JALUPANG","2067"
"27351","JALUPANG","2068"
"27352","JAMALI","2170"
"27353","JAMBAK","1951"
"27354","JAMBAR","2298"
"27355","JAMBE","2522"
"27356","JAMBELAER","2139"
"27357","JAMBENENGGANG","2224"
"27358","JAMBERAMA","2033"
"27359","JAMBLANG","2041"
"27360","JAMBU LUWUK","2077"
"27361","JAMBU","1990"
"27362","JAMBUDIPA","2457"
"27363","JAMBUDIPA","2254"
"27364","JAMBUGEULIS","2020"
"27365","JAMIKA","1991"
"27366","JAMPANG KULON","2178"
"27367","JAMPANG TENGAH","2091"
"27368","JAMPANG","2310"
"27369","JAMPANG","1983"
"27370","JANGALAHARJA","2199"
"27371","JANGGA","2284"
"27372","JANGGALA","2362"
"27373","JANGGALA","2523"
"27374","JANGKURANG","2275"
"27375","JANGRAGA","2524"
"27376","JAPARA","2290"
"27377","JAPURA KIDUL","1980"
"27378","JAPURA LOR","1981"
"27379","JAPURABAKTI","1980"
"27380","JASINGA","2037"
"27381","JATI MEKAR","2525"
"27382","JATI RAHAYU","2526"
"27383","JATI","2216"
"27384","JATI","2527"
"27385","JATI","2200"
"27386","JATI","2442"
"27387","JATIANOM","2182"
"27388","JATIASIH","2525"
"27389","JATIBARANG BARU","2237"
"27390","JATIBARANG","2237"
"27391","JATIBARU","2297"
"27392","JATIBARU","2468"
"27393","JATIBARU","2056"
"27394","JATIBENING BARU","2528"
"27395","JATIBENING","2528"
"27396","JATIBUNGUR","2345"
"27397","JATICEMPAKA","2528"
"27398","JATIENDAH","2437"
"27399","JATIHANDAP","2529"
"27400","JATIHURIP","2403"
"27401","JATIHURIP","2506"
"27402","JATIJAJAR","2434"
"27403","JATIJAYA","2219"
"27404","JATIKARYA","2530"
"27405","JATIKRAMAT","2525"
"27406","JATILAKSANA","2452"
"27407","JATILUHUR","2525"
"27408","JATILUHUR","2241"
"27409","JATIMAKMUR","2528"
"27410","JATIMEKAR","2212"
"27411","JATIMEKAR","2241"
"27412","JATIMEKAR","1948"
"27413","JATIMELATI","2526"
"27414","JATIMERTA","1944"
"27415","JATIMUKTI","2332"
"27416","JATIMULYA","2240"
"27417","JATIMULYA","2441"
"27418","JATIMULYA","2485"
"27419","JATIMULYA","2499"
"27420","JATIMULYA","2181"
"27421","JATIMULYA","2492"
"27422","JATIMULYA","2506"
"27423","JATIMULYA","2531"
"27424","JATIMULYA","2325"
"27425","JATIMUNGGUL","2325"
"27426","JATIMURNI","2526"
"27427","JATINAGARA","2144"
"27428","JATIPAMOR","2107"
"27429","JATIPAMOR","1973"
"27430","JATIPANCUR","2496"
"27431","JATIPIRING","2169"
"27432","JATIPURA","2182"
"27433","JATIRADEN","2530"
"27434","JATIRAGA","1988"
"27435","JATIRAGAS HILIR","2326"
"27436","JATIRAGAS","2056"
"27437","JATIRANGGA","2530"
"27438","JATIRANGGON","2530"
"27439","JATIRASA","2525"
"27440","JATIREJA","2468"
"27441","JATIREJA","2485"
"27442","JATIRENGGANG","2516"
"27443","JATIROKE","2332"
"27444","JATISAMPURNA","2530"
"27445","JATISARI","2216"
"27446","JATISARI","2396"
"27447","JATISARI","2059"
"27448","JATISARI","2439"
"27449","JATISARI","2391"
"27450","JATISARI","2525"
"27451","JATISARI","2056"
"27452","JATISARI","2449"
"27453","JATISARI","2255"
"27454","JATISARI","2505"
"27455","JATISARI","2075"
"27456","JATISARI","2394"
"27457","JATISAWIT LOR","2237"
"27458","JATISAWIT","2237"
"27459","JATISAWIT","2499"
"27460","JATISEENG KIDUL","2214"
"27461","JATISEENG","2214"
"27462","JATISERANG","2107"
"27463","JATISURA","1951"
"27464","JATISURA","1960"
"27465","JATITENGAH","1988"
"27466","JATITUJUH","1988"
"27467","JATIWANGI","2422"
"27468","JATIWANGI","2056"
"27469","JATIWANGI","1960"
"27470","JATIWANGI","2490"
"27471","JATIWARAS","2482"
"27472","JATIWARINGIN","2528"
"27473","JATIWARNA","2526"
"27474","JAYA BAKTI","2532"
"27475","JAYA LAKSANA","2532"
"27476","JAYA MEKAR","2233"
"27477","JAYA SAMPURNA","2435"
"27478","JAYABAKTI","2089"
"27479","JAYABAKTI","1999"
"27480","JAYAGIRI","2341"
"27481","JAYAGIRI","2082"
"27482","JAYAGIRI","2505"
"27483","JAYAGIRI","2382"
"27484","JAYAKERTA","2471"
"27485","JAYALAKSANA","2271"
"27486","JAYAMAKMUR","2471"
"27487","JAYAMEKAR","2122"
"27488","JAYAMEKAR","2287"
"27489","JAYAMEKAR","2490"
"27490","JAYAMUKTI","2108"
"27491","JAYAMUKTI","2168"
"27492","JAYAMUKTI","2393"
"27493","JAYAMUKTI","2358"
"27494","JAYAMUKTI","1975"
"27495","JAYAMUKTI","2346"
"27496","JAYAMULYA","2285"
"27497","JAYAMULYA","2533"
"27498","JAYAMULYA","2435"
"27499","JAYANAGARA","2431"
"27500","JAYANTI","2260"
"27501","JAYAPURA (JAYAPUTRA)","2364"
"27502","JAYAPURA","2347"
"27503","JAYAPUTRA","2534"
"27504","JAYARAGA","2351"
"27505","JAYARAHARJA","2438"
"27506","JAYARAKSA","2122"
"27507","JAYARAKSA","2148"
"27508","JAYARATU","2534"
"27509","JAYASAKTI","2535"
"27510","JAYASARI","2073"
"27511","JAYAWARAS","2351"
"27512","JAYAWINANGUN","2271"
"27513","JAYI","1997"
"27514","JELAT","2118"
"27515","JELEGONG","2362"
"27516","JELEGONG","2255"
"27517","JELEGONG","2210"
"27518","JELEKONG","1959"
"27519","JEMAH","2400"
"27520","JEMARAS KIDUL","2071"
"27521","JEMARAS LOR","2071"
"27522","JEMBARWANGI","2236"
"27523","JENGKOK","2522"
"27524","JERUKLEUEUT","2043"
"27525","JINGKANG","2416"
"27526","JOGJOGAN","2128"
"27527","JOMIN BARAT","2412"
"27528","JOMIN TIMUR","2412"
"27529","JONGGOL","2046"
"27530","JUGALA JAYA","2037"
"27531","JUMBLENG","2284"
"27532","JUNGJANG WETAN","1977"
"27533","JUNGJANG","1977"
"27534","JUNTI KEBON","2486"
"27535","JUNTIKEDOKAN","2486"
"27536","JUNTINYUAT","2486"
"27537","JUNTIWEDEN","2486"
"27538","KABANDUNGAN","2293"
"27539","KABASIRAN","2349"
"27540","KACAPIRING","2164"
"27541","KADAKAJAYA","2394"
"27542","KADALEMAN","2261"
"27543","KADATUAN","2413"
"27544","KADAWUNG","2044"
"27545","KADEMANGAN","2170"
"27546","KADEMANGAN","2261"
"27547","KADIPATEN","1989"
"27548","KADIPATEN","2248"
"27549","KADONGDONG","2089"
"27550","KADU","2400"
"27551","KADUAGUNG","2386"
"27552","KADUAGUNG","2028"
"27553","KADUDAMPIT","2404"
"27554","KADUELA","2353"
"27555","KADUGEDE","2031"
"27556","KADUJAYA","2400"
"27557","KADUMANGU","1996"
"27558","KADUMEKAR","2019"
"27559","KADUNGORA","2424"
"27560","KADUNUNGGAL","2509"
"27561","KADUPANDAK","2203"
"27562","KADUPANDAK","2536"
"27563","KADURAMA","2303"
"27564","KADUWULUNG","1948"
"27565","KAGOK","2080"
"27566","KAHIYANGAN","2487"
"27567","KAHURIPAN","2406"
"27568","KALANGSARI","1946"
"27569","KALANGSURIA","1946"
"27570","KALAPA NUNGGAL","2509"
"27571","KALAPADUA","2065"
"27572","KALAPAGENEP","2319"
"27573","KALAPAGUNUNG","2190"
"27574","KALAPANUNGGAL","2402"
"27575","KALAPAREA","1998"
"27576","KALAPASAWIT","2119"
"27577","KALENSARI","2485"
"27578","KALENSARI","2069"
"27579","KALENTAMBO","2502"
"27580","KALI ABANG TENGAH","2513"
"27581","KALI BARU","2514"
"27582","KALI JAYA","2422"
"27583","KALIANGSANA","2068"
"27584","KALIANYAR","2494"
"27585","KALIANYAR","2508"
"27586","KALIAREN","2061"
"27587","KALIBARU","2441"
"27588","KALIBARU","2504"
"27589","KALIBARU","1982"
"27590","KALIBUAYA","2266"
"27591","KALIBUNDER","2047"
"27592","KALIBUNTU","1995"
"27593","KALIDERES","2512"
"27594","KALIDUNGJAYA","2285"
"27595","KALIGAWE WETAN","2302"
"27596","KALIGAWE","2302"
"27597","KALIHURIP","2411"
"27598","KALIJAGA","1974"
"27599","KALIJATI BARAT","2068"
"27600","KALIJATI TIMUR","2068"
"27601","KALIJATI","2056"
"27602","KALIJATI","2409"
"27603","KALIJAYA","2083"
"27604","KALIJAYA","2266"
"27605","KALIKOA","2537"
"27606","KALIMANGGIS KULON","2464"
"27607","KALIMANGGIS WETAN","2464"
"27608","KALIMANGGIS","2140"
"27609","KALIMARO","2491"
"27610","KALIMATI","2290"
"27611","KALIMATI","2237"
"27612","KALIMEANG","2538"
"27613","KALIMEKAR","2491"
"27614","KALIMUKTI","1995"
"27615","KALIMULYA","2441"
"27616","KALIPASUNG","2491"
"27617","KALIPUCANG","2038"
"27618","KALIRAHAYU","1950"
"27619","KALISAPU","1944"
"27620","KALISARI","1950"
"27621","KALISARI","2266"
"27622","KALISUREN","2478"
"27623","KALITENGAH","1982"
"27624","KALIWADAS","2015"
"27625","KALIWEDI KIDUL","2512"
"27626","KALIWEDI LOR","2512"
"27627","KALIWULU","2273"
"27628","KALONG 1","2004"
"27629","KALONG 2","2004"
"27630","KALONG LIUD","2095"
"27631","KALONGSAWAH","2037"
"27632","KAMAL","2416"
"27633","KAMARANG","2496"
"27634","KAMARANGLEBAK","2496"
"27635","KAMARUNG","2498"
"27636","KAMASAN","2079"
"27637","KAMOJING","2411"
"27638","KAMPUNG SAWAH","2344"
"27639","KAMPUNGSAWAH","2471"
"27640","KAMULYAN","2140"
"27641","KAMURANG","2383"
"27642","KAMURANG","2223"
"27643","KANANGA","2153"
"27644","KANANGASARI","2407"
"27645","KANCANA","2036"
"27646","KANCI KULON","1980"
"27647","KANCI","1980"
"27648","KANDANGMUKTI","2275"
"27649","KANOMAN","2306"
"27650","KAPANDAYAN","2303"
"27651","KAPETAKAN","2243"
"27652","KAPLONGAN","2271"
"27653","KAPLONGANLOR","2154"
"27654","KAPRINGAN","2494"
"27655","KAPUTIHAN","2482"
"27656","KARACAK","2120"
"27657","KARADENAN","2335"
"27658","KARAMAT","2510"
"27659","KARAMAT","2259"
"27660","KARAMATMULYA","2190"
"27661","KARAMATMULYA","2451"
"27662","KARAMATWANGI","2051"
"27663","KARAMATWANGI","2413"
"27664","KARANG ASEM BARAT","2479"
"27665","KARANG ASEM TIMUR","2479"
"27666","KARANG BAHAGIA","2539"
"27667","KARANG BARU","2417"
"27668","KARANG HARJA","2098"
"27669","KARANG HARUM","2221"
"27670","KARANG LAYUNG","2174"
"27671","KARANG MEKAR","2221"
"27672","KARANG PAKUAN","2345"
"27673","KARANG PAMULANG","2529"
"27674","KARANG RAHAYU","2539"
"27675","KARANG SAMBUNG","2221"
"27676","KARANG SENTOSA","2539"
"27677","KARANG SETRA","2539"
"27678","KARANG SETU","2539"
"27679","KARANG TENGAH","1996"
"27680","KARANGAGUNG","2378"
"27681","KARANGAMPEL KIDUL","2154"
"27682","KARANGAMPEL","2118"
"27683","KARANGAMPEL","2154"
"27684","KARANGANYAR","2305"
"27685","KARANGANYAR","2213"
"27686","KARANGANYAR","2135"
"27687","KARANGANYAR","2040"
"27688","KARANGANYAR","2052"
"27689","KARANGANYAR","2220"
"27690","KARANGANYAR","2178"
"27691","KARANGANYAR","2238"
"27692","KARANGANYAR","2539"
"27693","KARANGANYAR","2169"
"27694","KARANGANYAR","2333"
"27695","KARANGANYAR","1961"
"27696","KARANGANYAR","2495"
"27697","KARANGANYAR","2508"
"27698","KARANGANYAR","2232"
"27699","KARANGANYAR","2180"
"27700","KARANGANYAR","2368"
"27701","KARANGASEM","2169"
"27702","KARANGASEM","2465"
"27703","KARANGASEM","2173"
"27704","KARANGASEM","2325"
"27705","KARANGASIH","2417"
"27706","KARANGBARU","1957"
"27707","KARANGBENDA","2192"
"27708","KARANGBUNGUR","2208"
"27709","KARANGGAN","2183"
"27710","KARANGGETAS","2070"
"27711","KARANGHARJA","2253"
"27712","KARANGHAUR","2098"
"27713","KARANGHEGAR","2044"
"27714","KARANGHEULEUT","1948"
"27715","KARANGINDAH","2211"
"27716","KARANGJALADRI","2192"
"27717","KARANGJAYA","2258"
"27718","KARANGJAYA","2477"
"27719","KARANGJAYA","2504"
"27720","KARANGJAYA","2098"
"27721","KARANGJAYA","2492"
"27722","KARANGJAYA","2223"
"27723","KARANGKAMIRI","2073"
"27724","KARANGKAMULYAN","2303"
"27725","KARANGKAMULYAN","2213"
"27726","KARANGKANCANA","2386"
"27727","KARANGKENDAL","2243"
"27728","KARANGKERTA","2172"
"27729","KARANGLAYUNG","1990"
"27730","KARANGLAYUNG","2477"
"27731","KARANGLIGAR","2540"
"27732","KARANGMALANG","2220"
"27733","KARANGMALANG","2538"
"27734","KARANGMANGGU","2302"
"27735","KARANGMANGU","2190"
"27736","KARANGMEKAR","2123"
"27737","KARANGMEKAR","2231"
"27738","KARANGMEKAR","2301"
"27739","KARANGMEKAR","2538"
"27740","KARANGMUKTI","2246"
"27741","KARANGMUKTI","2539"
"27742","KARANGMUKTI","2519"
"27743","KARANGMULYA","2211"
"27744","KARANGMULYA","2198"
"27745","KARANGMULYA","2424"
"27746","KARANGMULYA","2238"
"27747","KARANGMULYA","2449"
"27748","KARANGMULYA","2171"
"27749","KARANGMULYA","2124"
"27750","KARANGMULYA","2222"
"27751","KARANGMULYA","2173"
"27752","KARANGMULYA","2540"
"27753","KARANGMUNCANG","2020"
"27754","KARANGNUNGGAL","2306"
"27755","KARANGNUNGGAL","2301"
"27756","KARANGPANIMBAL","2541"
"27757","KARANGPANINGAL","2074"
"27758","KARANGPANINGAL","2096"
"27759","KARANGPANINGAL","2536"
"27760","KARANGPAPAK","2281"
"27761","KARANGPARI","2199"
"27762","KARANGPATRI","2098"
"27763","KARANGPAWITAN","2449"
"27764","KARANGPAWITAN","1942"
"27765","KARANGPAWITAN","2480"
"27766","KARANGPAWITAN","2222"
"27767","KARANGRAHARJA","2417"
"27768","KARANGREJA","2098"
"27769","KARANGREJA","2542"
"27770","KARANGRESIK","2198"
"27771","KARANGSAMBUNG","1977"
"27772","KARANGSAMBUNG","1989"
"27773","KARANGSARI","2204"
"27774","KARANGSARI","2165"
"27775","KARANGSARI","2468"
"27776","KARANGSARI","1984"
"27777","KARANGSARI","2117"
"27778","KARANGSARI","2040"
"27779","KARANGSARI","2449"
"27780","KARANGSARI","2495"
"27781","KARANGSARI","2222"
"27782","KARANGSARI","2490"
"27783","KARANGSARI","2025"
"27784","KARANGSARI","2291"
"27785","KARANGSARI","1949"
"27786","KARANGSARI","2543"
"27787","KARANGSATRIA","2521"
"27788","KARANGSEGAR","2098"
"27789","KARANGSEMBUNG","2198"
"27790","KARANGSEMBUNG","2538"
"27791","KARANGSEWU","2418"
"27792","KARANGSINOM","2223"
"27793","KARANGSONG","2220"
"27794","KARANGSUWUNG","2538"
"27795","KARANGTANJUNG","2135"
"27796","KARANGTANJUNG","2483"
"27797","KARANGTAWANG","1953"
"27798","KARANGTENGAH","2138"
"27799","KARANGTENGAH","2510"
"27800","KARANGTENGAH","2424"
"27801","KARANGTENGAH","2538"
"27802","KARANGTENGAH","2249"
"27803","KARANGTENGAH","2215"
"27804","KARANGTUMARITIS","2463"
"27805","KARANGTUNGGAL","2376"
"27806","KARANGWANGI","2165"
"27807","KARANGWANGI","2347"
"27808","KARANGWANGI","2339"
"27809","KARANGWANGI","2423"
"27810","KARANGWANGI","2169"
"27811","KARANGWANGI","2397"
"27812","KARANGWANGUN","2006"
"27813","KARANGWARENG","2169"
"27814","KARANGWUNI","2544"
"27815","KARASAK","2305"
"27816","KARAWANG KULON","1942"
"27817","KARAWANG WETAN","1943"
"27818","KARAWANG","2545"
"27819","KARAYUNAN","2121"
"27820","KAREDOK","2400"
"27821","KAREHKEL","2120"
"27822","KAREO","2080"
"27823","KARIHKIL","2010"
"27824","KARIKIL","2370"
"27825","KAROYA","2445"
"27826","KAROYA","2142"
"27827","KARSAMENAK","2333"
"27828","KARYA MEKAR","2003"
"27829","KARYA MUKTI","2371"
"27830","KARYABAKTI","2130"
"27831","KARYABAKTI","2347"
"27832","KARYABAKTI","2125"
"27833","KARYAJAYA","2084"
"27834","KARYALAKSANA","2322"
"27835","KARYAMAKMUR","2130"
"27836","KARYAMANDALA","2090"
"27837","KARYAMEKAR","2318"
"27838","KARYAMEKAR","2436"
"27839","KARYAMEKAR","2126"
"27840","KARYAMUKTI","2083"
"27841","KARYAMUKTI","2034"
"27842","KARYAMUKTI","2268"
"27843","KARYAMUKTI","2317"
"27844","KARYAMUKTI","2135"
"27845","KARYAMUKTI","2546"
"27846","KARYAMUKTI","2483"
"27847","KARYAMUKTI","2107"
"27848","KARYAMUKTI","2134"
"27849","KARYAMUKTI","2236"
"27850","KARYAMULYA","2130"
"27851","KARYAMULYA","2072"
"27852","KARYAMULYA","2493"
"27853","KARYASARI","2034"
"27854","KARYASARI","2371"
"27855","KARYASARI","2120"
"27856","KARYASARI","1946"
"27857","KARYAWANGI","2381"
"27858","KARYAWANGI","2090"
"27859","KASMARAN","2069"
"27860","KASO","2536"
"27861","KASOKANDEL","2499"
"27862","KASOMALANG KULON","2209"
"27863","KASOMALANG WETAN","2209"
"27864","KASTURI","2036"
"27865","KASTURI","2190"
"27866","KASUGENGAN KIDUL","2423"
"27867","KASUGENGAN LOR","2423"
"27868","KATAPANG","2114"
"27869","KATULAMPA","2116"
"27870","KAUNGANTEN","2420"
"27871","KAWAHMANUK","2040"
"27872","KAWALI","2480"
"27873","KAWALIMUKTI","2480"
"27874","KAWASEN","2083"
"27875","KAWITAN","2090"
"27876","KAWUNGGIRANG","1994"
"27877","KAWUNGHILIR","2121"
"27878","KAWUNGLARANG","2199"
"27879","KAWUNGLUWUK","2308"
"27880","KAWUNGLUWUK","2247"
"27881","KAWUNGSARI","2329"
"27882","KAWUNGSARI","2519"
"27883","KAYUAMBON","2341"
"27884","KAYUMANIS","2309"
"27885","KAYURINGIN JAYA","2520"
"27886","KEBALEN","2032"
"27887","KEBAREPAN","2173"
"27888","KEBON CAU","2348"
"27889","KEBON GEDANG","2164"
"27890","KEBON JERUK","2267"
"27891","KEBON KANGKUNG","2005"
"27892","KEBON KELAPA","2000"
"27893","KEBON LEGA","2311"
"27894","KEBON PEDES","2309"
"27895","KEBON PISANG","1992"
"27896","KEBONBARU","2547"
"27897","KEBONDANAS","2180"
"27898","KEBONJATI","2426"
"27899","KEBONJATI","2506"
"27900","KEBONKALAPA","2102"
"27901","KEBONMANGGU","2324"
"27902","KEBONPEDES","2224"
"27903","KEBONPEUTEUY","2064"
"27904","KEBONTURI","1977"
"27905","KEBONWARU","2164"
"27906","KEBULEN","2237"
"27907","KEBUN JAYANTI","2005"
"27908","KECAPI","1974"
"27909","KECOMBERAN","2286"
"27910","KEDALJAYA","2492"
"27911","KEDAUNG","2149"
"27912","KEDAWUNG","2537"
"27913","KEDAWUNG","2483"
"27914","KEDIRI","2165"
"27915","KEDOKAN AGUNG","2271"
"27916","KEDOKANBUNDER WETAN","2271"
"27917","KEDOKANBUNDER","2271"
"27918","KEDOKANGABUS","2021"
"27919","KEDONGDONG KIDUL","2042"
"27920","KEDONGDONG","2182"
"27921","KEDUANAN","2423"
"27922","KEDUNG BADAK","2309"
"27923","KEDUNG JAYA","2309"
"27924","KEDUNG PENGAWAS","2032"
"27925","KEDUNG WARINGIN","2177"
"27926","KEDUNG WARINGIN","2309"
"27927","KEDUNGARUM","1953"
"27928","KEDUNGBUNDER","2425"
"27929","KEDUNGDALEM","2143"
"27930","KEDUNGDAWA","2021"
"27931","KEDUNGDAWA","2537"
"27932","KEDUNGHALANG","2097"
"27933","KEDUNGJAYA","2032"
"27934","KEDUNGJAYA","2285"
"27935","KEDUNGJAYA","2537"
"27936","KEDUNGJERUK","2285"
"27937","KEDUNGKANCANA","1952"
"27938","KEDUNGSANA","2173"
"27939","KEDUNGSARI","1952"
"27940","KEDUNGWARINGIN","2221"
"27941","KEDUNGWULUH","2222"
"27942","KEDUNGWUNGU","1964"
"27943","KEDUNGWUNGU","2494"
"27944","KEJAKSAN","2547"
"27945","KEJIWAN","2182"
"27946","KEJUDEN","2423"
"27947","KEMANG","2216"
"27948","KEMANG","1983"
"27949","KEMANTREN","2015"
"27950","KEMBANG KUNING","2094"
"27951","KEMBANGKUNING","2241"
"27952","KEMIRI MUKA","2150"
"27953","KEMIRI","2471"
"27954","KEMLAKAGEDE","1982"
"27955","KEMPEK","2425"
"27956","KENANGA","1987"
"27957","KENANGA","2015"
"27958","KENCANA","2309"
"27959","KENDAL","1980"
"27960","KENDAYAKAN","2325"
"27961","KEPANDEAN","2220"
"27962","KEPEL","2072"
"27963","KEPONGPONGAN","2286"
"27964","KEPUH","2065"
"27965","KEPUH","2050"
"27966","KEPUNDUAN","2042"
"27967","KERAMAT JAYA","2115"
"27968","KERAMATMULYA","2303"
"27969","KERANDON","2286"
"27970","KERATON","2542"
"27971","KERESEK","2317"
"27972","KERSAGALIH","2482"
"27973","KERSAMAJU","2364"
"27974","KERSAMANAH","2503"
"27975","KERSAMENAK","2351"
"27976","KERSANAGARA","1986"
"27977","KERSARATU","2409"
"27978","KERTA JAYA","2344"
"27979","KERTA MUKTI","2352"
"27980","KERTAANGSANA","2201"
"27981","KERTABASUKI","1963"
"27982","KERTABUMI","2213"
"27983","KERTAHARJA","2213"
"27984","KERTAHARJA","2136"
"27985","KERTAHARJA","2109"
"27986","KERTAHAYU","2076"
"27987","KERTAJADI","2347"
"27988","KERTAJATI","2013"
"27989","KERTAJAYA","2228"
"27990","KERTAJAYA","2317"
"27991","KERTAJAYA","2257"
"27992","KERTAJAYA","2339"
"27993","KERTAJAYA","2471"
"27994","KERTAJAYA","2119"
"27995","KERTAJAYA","2524"
"27996","KERTAJAYA","2287"
"27997","KERTAJAYA","2074"
"27998","KERTAJAYA","2361"
"27999","KERTAJAYA","2098"
"28000","KERTAJAYA","2354"
