id,nama_kecamatan,kota_id
3001,TEMBALANG,198
3002,GANDRUNGMANGU,182
3003,SLOGOHIMO,206
3004,WONOGIRI,206
3005,SUMOWONO,198
3006,LAWEYAN,208
3007,ROWOKELE,180
3008,GONDANG,204
3009,WELERI,207
3010,KELING,205
3011,JAKENAN,191
3012,TAMBAK,187
3013,MOJOGEDANG,193
3014,KEJAJAR,188
3015,TASIKMADU,193
3016,TLOGOWUNGU,191
3017,MARGADANA,189
3018,MAGELANG TENGAH,181
3019,NGAWEN,201
3020,CANDISARI,198
3021,KARANGANYAR,180
3022,KUTASARI,179
3023,PRINGAPUS,198
3024,TUNTANG,198
3025,SECANG,181
3026,PURWODADI,197
3027,PLUPUH,204
3028,SADANG,180
3029,TEGOWANU,197
3030,RINGINARUM,207
3031,CIPARI,182
3032,ARGOMULYO,209
3033,KARANGRAYUNG,197
3034,WONOBOYO,203
3035,SONGGOM,186
3036,DAWE,202
3037,CEPER,201
3038,GUNUNGPATI,198
3039,SUMBERLAWANG,204
3040,BATANG,183
3041,GEMUH,207
3042,JUWANGI,196
3043,KERSANA,186
3044,WARUNGPRING,195
3045,GUMELAR,187
3046,CILACAP SELATAN,182
3047,PAGUYANGAN,186
3048,MUSUK,196
3049,SRUWENG,180
3050,TIRTO,194
3051,PETUNGKRIONO / PETUNGKRIYONO,194
3052,PATEAN,207
3053,TAWANGSARI,192
3054,MARGASARI,189
3055,PURWONEGORO,184
3056,KARANGJAMBU,179
3057,KLATEN SELATAN,201
3058,SERENGAN,208
3059,WIROSARI,197
3060,MATESIH,193
3061,MASARAN,204
3062,PEGANDON,207
3063,TEGAL BARAT,189
3064,TAHUNAN,205
3065,KALIBAWANG,188
3066,TANGEN,204
3067,KEDUNGJATI,197
3068,KALIWUNGU SELATAN,207
3069,NGEMPLAK,196
3070,CILACAP TENGAH,182
3071,KALIGESING,190
3072,SLAWI,189
3073,SIDOMUKTI,209
3074,KEDUNG BANTENG,189
3075,WANASARI,186
3076,PAGEDONGAN,184
3077,WONOPRINGGO,194
3078,TONJONG,186
3079,JEBRES,208
3080,KALORAN,203
3081,GARUNG,188
3082,SUKOHARJO,188
3083,GAYAMSARI,198
3084,KANGKUNG,207
3085,REMBANG,200
3086,NGADIROJO,206
3087,PEDURUNGAN,198
3088,MONDOKAN,204
3089,SELOGIRI,206
3090,KALIKOTES,201
3091,PECANGAAN,205
3092,PARANGGUPITO,206
3093,TINGKIR,209
3094,WURYANTORO,206
3095,PURWOJATI,187
3096,JATI,202
3097,KRADENAN,185
3098,GROBOGAN,197
3099,PUHPELEM,206
3100,MAOS,182
3101,TAWANGHARJO,197
3102,MEJOBO,202
3103,KARANGREJA,179
3104,LIMBANGAN,207
3105,JATISRONO,206
3106,KARTASURA,192
3107,PRINGSURAT,203
3108,GRINGSING,183
3109,CILACAP UTARA,182
3110,WANADADI (WONODADI),184
3111,SIDAREJA,182
3112,KARANGMALANG,204
3113,PULOKULON,197
3114,MLONGGO,205
3115,BRATI,197
3116,JATIPURO,193
3117,SIDOHARJO,206
3118,PAGERBARANG,189
3119,KARANGTENGAH,206
3120,KLAMBU,197
3121,TUGU,198
3122,SELO,196
3123,KALIWUNGU,198
3124,KARANGDADAP,194
3125,MAGELANG SELATAN,181
3126,KALIBAGOR,187
3127,PURWOREJO KLAMPOK,184
3128,LARANGAN,186
3129,SOMAGEDE,187
3130,SRAGEN,204
3131,PATIKRAJA,187
3132,MIRIT,180
3133,BATURADEN,187
3134,TANJUNG,186
3135,KALIWUNGU,207
3136,KARIMUNJAWA,205
3137,MAGELANG UTARA,181
3138,TEGAL TIMUR,189
3139,KAMPUNG LAUT,182
3140,GAMPING,210
3141,CANGKRINGAN,210
3142,SEDAYU,211
3143,GONDOKUSUMAN,212
3144,WONOSARI,213
3145,GIRISUBO,213
3146,GALUR,214
3147,PLAYEN,213
3148,TURI,210
3149,SENTOLO,214
3150,SEWON,211
3151,KASIHAN,211
3152,BANGUNTAPAN,211
3153,KALIBAWANG,214
3154,TANJUNGSARI,213
3155,SAMIGALUH,214
3156,BANTUL,211
3157,TEMPEL,210
3158,NANGGULAN,214
3159,DANUREJAN,212
3160,PLERET,211
3161,PONJONG,213
3162,NGAWEN,213
3163,PATUK,213
3164,KARANGMOJO,213
3165,SEMIN,213
3166,WATES,214
3167,TEGALREJO,212
3168,NGEMPLAK,210
3169,RONGKOP,213
3170,PANJATAN,214
3171,PRAMBANAN,210
3172,MERGANGSAN,212
3173,JETIS,212
3174,LENDAH,214
3175,JETIS,211
3176,PAKEM,210
3177,SEMANU,213
3178,SLEMAN,210
3179,DEPOK,210
3180,PANDAK,211
3181,TEMON,214
3182,DLINGO,211
3183,NGAGLIK,210
3184,KRETEK,211
3185,SANDEN,211
3186,MANTRIJERON,212
3187,PURWOSARI,213
3188,PANGGANG,213
3189,PALIYAN,213
3190,TEPUS,213
3191,GIRIMULYO,214
3192,IMOGIRI,211
3193,UMBULHARJO,212
3194,PAKUALAMAN,212
3195,PAJANGAN,211
3196,GEDANG SARI,213
3197,KOKAP,214
3198,SAPTO SARI,213
3199,BERBAH,210
3200,KRATON,212
3201,PENGASIH,214
3202,NGLIPAR,213
3203,SEYEGAN,210
3204,BAMBANG LIPURO,211
3205,NGAMPILAN,212
3206,GONDOMANAN,212
3207,WIROBRAJAN,212
3208,PUNDONG,211
3209,SRANDAKAN,211
3210,KOTAGEDE,212
3211,GEDONG TENGEN,212
3212,KALASAN,210
3213,MINGGIR,210
3214,MLATI,210
3215,GODEAN,210
3216,PIYUNGAN,211
3217,MOYUDAN,210
3218,BUNGAH,215
3219,GURAH,216
3220,SAMPANG,217
3221,TANJUNGBUMI,218
3222,GILI GINTING (GILIGENTENG),219
3223,BLUTO,219
3224,BATUPUTIH,219
3225,PRAGAAN,219
3226,SARONGGI,219
3227,JANGKAR,220
3228,GUBENG,221
3229,AJUNG,222
3230,KALISAT,222
3231,PALENGA\AN,223
3232,JOGOROTO,224
3233,TRAGAH,218
3234,MLANDINGAN,220
3235,BESUK,225
3236,BURNEH,218
3237,PANARUKAN,220
3238,SINGOJURUH,226
3239,PAKUNIRAN,225
3240,PAITON,225
3241,SUMBERMALANG,220
3242,LEKOK,227
3243,WONGSOREJO,226
3244,SUGIHWARAS,228
3245,MODUNG,218
3246,RA\AS (RAAS),219
3247,BLEGA,218
3248,BANYU ANYAR,225
3249,KRAKSAAN,225
3250,PUJER,229
3251,PONCOL,230
3252,ROGOJAMPI,226
3253,BUBUTAN,221
3254,RANUYOSO,231
3255,DAMPIT,232
3256,KEJAYAN,227
3257,TLANAKAN,223
3258,PEGANTENAN,223
3259,DUDUK SAMPEYAN,215
3260,AMBULU,222
3261,SUMBERASIH,225
3262,WRINGIN,229
3263,AMBUNTEN,219
3264,KOKOP,218
3265,SEMAMPIR,221
3266,WULUHAN,222
3267,KARANGPLOSO,232
3268,PAKIS,232
3269,SELOREJO,233
3270,TIRTOYUDO,232
3271,PASREPAN,227
3272,TEMPUREJO,222
3273,TUTUR,227
3274,GAPURA,219
3275,TIRIS,225
3276,PAKEM,229
3277,SUKODONO,234
3278,CAMPLONG,217
3279,ARJASA,219
3280,OMBEN,217
3281,SUMBER SARI,222
3282,PANGARENGAN,217
3283,SINGOSARI,232
3284,KEPANJEN,232
3285,PANJI,220
3286,SAMBENG,235
3287,JABUNG,232
3288,SENDURO,231
3289,PONCOKUSUMO,232
3290,SUMBERMANJING WETAN,232
3291,AMPELGADING,232
3292,ARJASA,222
3293,ARJASA,220
3294,SUKOWONO,222
3295,ARJOSARI,236
3296,BLIMBING,232
3297,KALIPARE,232
3298,REJOSO,227
3299,KEDUNGKANDANG,232
3300,PACITAN,236
3301,AROSBAYA,218
3302,GALIS,223
3303,REJOTANGAN,237
3304,NGUSIKAN,224
3305,BANYUATES,217
3306,JRENGIK,217
3307,ASEMBAGUS,220
3308,KRATON,227
3309,SIDAYU,215
3310,ASEMROWO,221
3311,PUNCU,216
3312,MOJOSARI,238
3313,KEDUNGADEM,228
3314,BALEREJO,239
3315,BABADAN,240
3316,KARANG REJO,237
3317,NGAJUNG (NGAJUM),232
3318,NGANCAR,216
3319,NGRAMBE,241
3320,PACE,242
3321,PANGKUR,241
3322,PARON,241
3323,PATIANROWO,242
3324,WLINGI,233
3325,PADANG,231
3326,DUKUN,215
3327,BATUAN,219
3328,PAKAL,221
3329,BABAT,235
3330,DEKET,235
3331,BALONG PANGGANG,215
3332,WIYUNG,221
3333,PUCUK,235
3334,KEBONSARI,239
3335,PONGGOK,233
3336,SUTOJAYAN,233
3337,NGADILUWIH,216
3338,NGORO,224
3339,BADAS,216
3340,SUMOBITO,224
3341,PADEMAWU,223
3342,BANGSALSARI,222
3343,BONDOWOSO,229
3344,KABAT,226
3345,BADEGAN,240
3346,DOLOPO,239
3347,JATIROGO,243
3348,GENENG,241
3349,PASIRIAN,231
3350,PROPPO,223
3351,TURI,235
3352,SRENGAT,233
3353,MADIUN,239
3354,TULUNGAGUNG,237
3355,PUGER,222
3356,BAGOR,242
3357,SUKOMORO,242
3358,GUMUK MAS,222
3359,SRONO,226
3360,TANAH MERAH,218
3361,BALONG,240
3362,MLARAK,240
3363,NGLUYU,242
3364,PAKONG,223
3365,TALUN,233
3366,GONDANG WETAN,227
3367,KEDUNGDUNG,217
3368,LOCERET,242
3369,SARADAN,239
3370,WARU,223
3371,CERMEE,229
3372,SUKUN,232
3373,BALONGBENDO,234
3374,BUGUL KIDUL,227
3375,BULULAWANG,232
3376,GONDANG,238
3377,GROGOL,216
3378,KAPAS,228
3379,PURWOSARI,227
3380,TAMBAKREJO,228
3381,TIKUNG,235
3382,KUDU,224
3383,SUGIO,235
3384,GULUK GULUK,219
3385,TEMAYANG,228
3386,BAKUNG,233
3387,KANOR,228
3388,UDANAWU,233
3389,GLAGAH,226
3390,SAWAHAN,239
3391,SONGGON,226
3392,PANGGUNGREJO,233
3393,PAGELARAN,232
3394,NGARIBOYO,230
3395,TOSARI,227
3396,BALEN,228
3397,KAUMAN,237
3398,KAWEDANAN,230
3399,NGUNUT,237
3400,PRAMBON,242
3401,SANGKAPURA,215
3402,LENGKONG,242
3403,DIWEK,224
3404,KREMBUNG,234
3405,GONDANG,242
3406,NGANJUK,242
3407,TANDES,221
3408,CANDI,234
3409,KEPOH BARU,228
3410,MEGALUH,224
3411,KUNJANG,216
3412,TARIK,234
3413,PUNGGING,238
3414,BENJENG,215
3415,PURI,238
3416,BERBEK,242
3417,GEDEG,238
3418,MAGERSARI,238
3419,JABON,234
3420,TROWULAN,238
3421,KEDIRI KOTA,216
3422,KARANGREJO,230
3423,BALUNG,222
3424,KENDIT,220
3425,SUKODADI,235
3426,WAJAK,232
3427,DRIYOREJO,215
3428,RUBARU,219
3429,GEGER,239
3430,KANDANGAN,216
3431,KERTOSONO,242
3432,MALO,228
3433,PESANTREN,216
3434,PULUNG,240
3435,TUGU,244
3436,LENTENG,219
3437,DUNGKEK,219
3438,SAMBIT,240
3439,BANCAR,243
3440,BUNGKAL,240
3441,BANGKALAN,218
3442,NGRAHO,228
3443,WONOASRI,239
3444,BANDAR KEDUNG MULYO,224
3445,MOJOROTO,216
3446,BANDAR,236
3447,SUKOMORO,230
3448,KEDUNGJAJANG,231
3449,WINONGAN,227
3450,NGORO,238
3451,PRAJEKAN,229
3452,BANDUNG,237
3453,KONANG,218
3454,BANTUR,232
3455,NGASEM,228
3456,PLUMPANG,243
3457,GEDANGAN,234
3458,WONOSARI,232
3459,DAWAR BLANDONG,238
3460,KWADUNGAN,241
3461,KANIGORO,233
3462,SUKORAME,235
3463,BANGILAN,243
3464,PANGGUNGREJO,227
3465,KOTA SUMENEP,219
3466,KADUR,223
3467,LAKAR SANTRI,221
3468,GLAGAH,235
3469,KEDUNGWARU,237
3470,BANGOREJO,226
3471,GALIS,218
3472,SRESEH,217
3473,BANGSAL,238
3474,BATUMARMAR,223
3475,SEPULU,218
3476,KAYEN KIDUL,216
3477,NGLEGOK,233
3478,PLANDAAN,224
3479,MUNJUNGAN,244
3480,BARAT,230
3481,PAKEL,237
3482,KEDUNGGALAR,241
3483,PITU,241
3484,KARANGANYAR,241
3485,SOKO,243
3486,SUKOREJO,240
3487,MEJAYAN,239
3488,PONOROGO,240
3489,TANJUNGANOM,242
3490,TANGGULANGIN,234
3491,TAMBELANGAN,217
3492,JOMBANG,224
3493,KABUH,224
3494,PANDAAN,227
3495,SEDATI,234
3496,NGRONGGOT,242
3497,PATRANG,222
3498,LICIN,226
3499,PANGGUL,244
3500,WIDANG,243
