id,nama_kecamatan,kota_id
6001,BIAU,406
6002,ASPARAGA,408
6003,BILATO,408
6004,BONE,407
6005,KABILA BONE,407
6006,BILUHU,408
6007,BATUDAA PANTAI,408
6008,TOLANGOHULA,408
6009,ATINGGOLA,406
6010,LIMBOTO,408
6011,GENTUMA RAYA,406
6012,WANGGARASI,410
6013,BOTUMOITA (BOTUMOITO),409
6014,SUWAWA,407
6015,SUWAWA SELATAN,407
6016,WONOSARI,409
6017,DUMBO RAYA,408
6018,BOTU PINGGE,407
6019,SUMALATA TIMUR,406
6020,TOMOLITO,406
6021,PAGUAT,410
6022,TELAGA JAYA,408
6023,BULAWA,407
6024,POPAYATO,410
6025,KOTA BARAT,408
6026,TELAGA,408
6027,DUHIADAA,410
6028,SUMALATA,406
6029,SIPATANA,408
6030,BULANGO TIMUR,407
6031,POPAYATO TIMUR,410
6032,BUNTULIA,410
6033,POPAYATO BARAT,410
6034,TOLINGGULA,406
6035,LIMBOTO BARAT,408
6036,ANGGREK,406
6037,SUWAWA TIMUR,407
6038,KOTA UTARA,408
6039,HULONTHALANGI,408
6040,KOTA TENGAH,408
6041,TELAGA BIRU,408
6042,TILANGO,408
6043,DULUPI,409
6044,TAPA,407
6045,MONANO,406
6046,KABILA,407
6047,KOTA TIMUR,408
6048,MOOTILANGO,408
6049,DUNGINGI,408
6050,DENGILO,410
6051,TABONGO,408
6052,BULANGO ULU,407
6053,TALUDITI (TALUDUTI),410
6054,PONELO KEPULAUAN,406
6055,PAMBOANG,411
6056,TAPALANG BARAT,412
6057,PASANGKAYU,413
6058,ALU (ALLU),414
6059,BINUANG,414
6060,TUBBI TARAMANU (TUTAR / TUTALLU),414
6061,ANREAPI,414
6062,BUNTUMALANGKA,415
6063,ARALLE (ARRALE),415
6064,WONOMULYO,414
6065,TAMMEREDO SENDANA,411
6066,BUDONG-BUDONG,412
6067,LARIANG,413
6068,TABANG,415
6069,KEP. BALA BALAKANG,412
6070,BALANIPA,414
6071,BARAS,413
6072,BALLA,415
6073,TANDUK KALUA,415
6074,TOBADAK,412
6075,BAMBAIRA,413
6076,BAMBALAMOTU,413
6077,TOPOYO,412
6078,RANTEBULAHAN TIMUR,415
6079,BAMBANG,415
6080,MALUNDA,411
6081,MAMUJU,412
6082,TAPANGO,414
6083,SUMARORONG,415
6084,BANGGAE,411
6085,SENDANA,411
6086,BONEHAU,412
6087,LUYO,414
6088,BANGGAE TIMUR,411
6089,MATAKALI,414
6090,PAPALANG,412
6091,KALUMPANG,412
6092,PEDONGGA,413
6093,TINAMBUNG,414
6094,NOSU,415
6095,MATANGNGA,414
6096,KALUKKU,412
6097,TAPALANG,412
6098,DAPURANG,413
6099,MAPILLI,414
6100,MAMASA,415
6101,TUBO (TUBO SENDANA),411
6102,CAMPALAGIAN,414
6103,SIMBORO DAN KEPULAUAN,412
6104,MEHALAAN,415
6105,TOMMO,412
6106,MAMBI,415
6107,BULU TABA,413
6108,BULO,414
6109,SARUDU,413
6110,SAMPAGA,412
6111,TABULAHAN,415
6112,POLEWALI,414
6113,PANA,415
6114,TIKKE RAYA,413
6115,ULUMUNDA,411
6116,KAROSSA,412
6117,TAWALIAN,415
6118,PANGALE,412
6119,LIMBORO,414
6120,SARJO,413
6121,SESENA PADANG,415
6122,MESSAWA,415
6123,DURIPOKU,413
6124,WUARLABOBAR,416
6125,KEI KECIL TIMUR,417
6126,ELPAPUTIH,418
6127,PULAU HARUKU,419
6128,NUSALAUT,419
6129,SIWALALAT,420
6130,PULAU PULAU TERSELATAN,421
6131,KEI BESAR UTARA BARAT,417
6132,GOROM TIMUR,420
6133,SELARU,416
6134,YARU,416
6135,MOLU MARU,416
6136,KILMURY,420
6137,PULAU-PULAU BABAR TIMUR,421
6138,SIRIMAU,422
6139,SERAM UTARA,419
6140,AIRBUAYA,423
6141,SIRITAUN WIDA TIMUR,420
6142,KEPALA MADAN,424
6143,TUTUK TOLU,420
6144,SERAM UTARA TIMUR SETI,419
6145,BULA BARAT,420
6146,HUAMUAL BELAKANG (WAISALA),418
6147,ARU TENGAH,425
6148,LEIHITU BARAT,419
6149,KORMOMOLIN,416
6150,AMAHAI,419
6151,NUSANIWE (NUSANIVE),422
6152,WAKATE,420
6153,PULAU GORONG (GOROM),420
6154,WETAR,421
6155,WERTAMRIAN,416
6156,TEON NILA SERUA,419
6157,MASOHI KOTA,419
6158,KIAN DARAT,420
6159,ARU TENGAH SELATAN,425
6160,PULAU PANJANG,420
6161,HUAMUAL,418
6162,NIRUNMAS,416
6163,HOAT SORBAY,417
6164,WETAR TIMUR,421
6165,LEIHITU,419
6166,WERINAMA,420
6167,PULAU MASELA,421
6168,ARU TENGAH TIMUR,425
6169,FENA LEISELA,423
6170,KEI BESAR UTARA TIMUR,417
6171,WAELATA,423
6172,NAMLEA,423
6173,MDONA HYERA / HIERA,421
6174,BATABUAL,423
6175,WAESAMA,424
6176,WERMAKATIAN (WER MAKTIAN),416
6177,NAMROLE,424
6178,ARU SELATAN TIMUR,425
6179,ARU UTARA TIMUR BATULEY,425
6180,DAMER,421
6181,PULAU LETTI (LETI MOA LAKOR),421
6182,TELUK WARU,420
6183,SIR-SIR,425
6184,TANIMBAR SELATAN,416
6185,KEI BESAR,417
6186,SAPARUA,419
6187,KEPULAUAN MANIPA,418
6188,BULA,420
6189,TANIWEL,418
6190,KEI KECIL TIMUR SELATAN,417
6191,MANYEUW,417
6192,ARU SELATAN,425
6193,KEI KECIL,417
6194,PULAU DULLAH UTARA,426
6195,PULAU-PULAU ARU,425
6196,TEOR,420
6197,BANDA,419
6198,AMBALAU,424
6199,WETAR UTARA,421
6200,LEITIMUR SELATAN,422
6201,ARU SELATAN UTARA,425
6202,SERAM BARAT,418
6203,LEKSULA,424
6204,FENA FAFAN,424
6205,KEI BESAR SELATAN BARAT,417
6206,PULAU-PULAU KUR,426
6207,ARU UTARA,425
6208,SERAM UTARA BARAT,419
6209,SERAM TIMUR,420
6210,WAEAPO,423
6211,LOLONG GUBA,423
6212,BAGUALA,422
6213,WAPLAU,423
6214,TELUK AMBON,422
6215,TEHORU,419
6216,TANIWEL TIMUR,418
6217,KAIRATU,418
6218,PULAU WETANG,421
6219,PULAU PULAU BABAR,421
6220,KEPULAUAN ROMANG,421
6221,KUR SELATAN,426
6222,AMALATU,418
6223,INAMOSOL,418
6224,TELUTIH,419
6225,SAPARUA TIMUR,419
6226,WETAR BARAT,421
6227,DAWELOR DAWERA,421
6228,LILIALY,423
6229,TELUK KAIELY,423
6230,MOA LAKOR,421
6231,KAIRATU BARAT,418
6232,TANIMBAR UTARA,416
6233,PULAU DULLAH SELATAN,426
6234,PULAU LAKOR,421
6235,KEI BESAR SELATAN,417
6236,SERAM UTARA TIMUR KOBI,419
6237,KISAR UTARA,421
6238,SALAHUTU,419
6239,TELUK ELPAPUTIH,419
6240,KEI KECIL BARAT,417
6241,PULAU TAYANDO TAM,426
6242,JAILOLO,427
6243,IBU SELATAN,427
6244,TIDORE UTARA,428
6245,PULAU TERNATE,429
6246,MOROTAI SELATAN,430
6247,TALIABU UTARA,431
6248,OBI,432
6249,SAHU TIMUR,427
6250,WEDA SELATAN,433
6251,IBU,427
6252,WASILE TIMUR,434
6253,JAILOLO SELATAN,427
6254,KAYOA UTARA,432
6255,WASILE SELATAN,434
6256,MANDIOLI UTARA,432
6257,OBA TENGAH,428
6258,TERNATE UTARA (KOTA),429
6259,OBA UTARA,428
6260,KAO TELUK,435
6261,GANE TIMUR,432
6262,OBI BARAT,432
6263,BACAN,432
6264,LOLODA UTARA,435
6265,MOROTAI SELATAN BARAT,430
6266,IBU UTARA,427
6267,MOROTAI JAYA,430
6268,LOLODA,427
6269,KASIRUTA BARAT,432
6270,MANGOLI SELATAN,431
6271,GANE BARAT SELATAN,432
6272,BACAN TIMUR,432
6273,MABA TENGAH,434
6274,MABA,434
6275,MANDIOLI SELATAN,432
6276,TALIABU SELATAN,431
6277,KAO BARAT,435
6278,KAYOA,432
6279,KEPULAUAN BOTANGLOMANG,432
6280,SANANA UTARA,431
6281,PATANI,433
6282,GALELA SELATAN,435
6283,OBA,428
6284,SULABESI TIMUR,431
6285,SAHU,427
6286,MALIFUT,435
6287,GANE BARAT,432
6288,PATANI BARAT,433
6289,GALELA,435
6290,TERNATE SELATAN (KOTA),429
6291,WASILE,434
6292,GANE BARAT UTARA,432
6293,SULABESI TENGAH,431
6294,TALIABU TIMUR SELATAN,431
6295,MOROTAI UTARA,430
6296,GALELA UTARA,435
6297,TALIABU BARAT LAUT,431
6298,KAO,435
6299,BACAN TIMUR TENGAH,432
6300,MABA SELATAN,434
6301,PULAU BATANG DUA,429
6302,PATANI UTARA,433
6303,TOBELO BARAT,435
6304,GANE TIMUR TENGAH,432
6305,KAO UTARA,435
6306,MAKIAN BARAT (PULAU MAKIAN),432
6307,OBI SELATAN,432
6308,TALIABU BARAT,431
6309,WASILE TENGAH,434
6310,KAYOA BARAT,432
6311,WASILE UTARA,434
6312,MOROTAI TIMUR,430
6313,MANGOLI TENGAH,431
6314,OBI UTARA,432
6315,LOLODA KEPULAUAN,435
6316,MAKIAN (PULAU MAKIAN),432
6317,BACAN SELATAN,432
6318,MANGOLI BARAT,431
6319,TIDORE SELATAN,428
6320,GALELA BARAT,435
6321,PULAU HIRI,429
6322,MABA UTARA,434
6323,WEDA UTARA,433
6324,TIDORE TIMUR (PULAU TIDORE),428
6325,TOBELO SELATAN,435
6326,PULAU GEBE,433
6327,SANANA,431
6328,MANGOLI UTARA,431
6329,WEDA,433
6330,MOTI (PULAU MOTI),429
6331,TIDORE (PULAU TIDORE),428
6332,SULABESI SELATAN,431
6333,GANE TIMUR SELATAN,432
6334,TERNATE TENGAH (KOTA),429
6335,TOBELO,435
6336,BACAN BARAT UTARA,432
6337,TOBELO TIMUR,435
6338,KEPULAUAN JORONGA,432
6339,TOBELO UTARA,435
6340,OBA SELATAN,428
6341,BACAN BARAT,432
6342,KASIRUTA TIMUR,432
6343,SULABESI BARAT,431
6344,TOBELO TENGAH,435
6345,MANGOLI TIMUR,431
6346,MANGOLI UTARA TIMUR,431
6347,OBI TIMUR,432
6348,WEDA TENGAH,433
6349,KAYOA SELATAN,432
6350,LEDE,431
6351,BACAN TIMUR SELATAN,432
6352,KOTA MABA,434
6353,TALIABU TIMUR,431
6354,ABENAHO,436
6355,MAPIA,437
6356,UNIR SIRAU,438
6357,EBUNGFAU (EBUNGFA),439
6358,ARADIDE,440
6359,CITAKMITAK,441
6360,BEWANI,442
6361,ABEPURA,439
6362,KUARI,442
6363,ILU,443
6364,BOKONERI,442
6365,OKBIBAB,444
6366,ASSUE,441
6367,PIRAMID,445
6368,MAPIA BARAT,437
6369,ABOY,444
6370,POGA,446
6371,INIKGAL,447
6372,BATOM,444
6373,MUSATFAK,445
6374,LI ANOGOMMA,442
6375,KURULU,445
6376,USILIMO,445
6377,FAYIT,438
6378,SAMOFA,448
6379,MAPIA TENGAH,437
6380,KEPULAUAN AMBAI,449
6381,YENDIDORI,448
6382,BIAK TIMUR,448
6383,PASSUE,441
6384,AGADUGUME,450
6385,KAI,442
6386,WESAPUT,445
6387,SAWA ERMA,438
6388,HOMEO (HOMEYO),451
6389,TINGGINAMBUT,443
6390,EKADIDE,440
6391,NAMBIOMAN BAPAI (MAMBIOMAN),441
6392,KEMBU,442
6393,AWEKU,442
6394,AGISIGA,451
6395,GOME,450
6396,POGOMA,450
6397,WADANGKU,445
6398,KEMTUK,439
6399,INGGERUS,452
6400,WONAWA,449
6401,SIRIWO,453
6402,MIMIKA BARAT JAUH,454
6403,BOMAKIA,455
6404,PANIAI TIMUR,440
6405,MIMIKA TIMUR TENGAH,454
6406,PISUGI,445
6407,KOPAY,438
6408,WANGBE,450
6409,YALENGGA,445
6410,ASOTIPO,445
6411,BUGI,445
6412,KURIMA,456
6413,TELUK KIMI,453
6414,APAWER HULU,457
6415,RAIMBAWI,449
6416,ANGKAISERA,449
6417,SUBUR,455
6418,SURU-SURU,438
6419,JETSY,438
6420,MIMIKA BARAT TENGAH,454
6421,AKAT,438
6422,SINAK,450
6423,WINA,442
6424,OKSIBIL,444
6425,OKBAPE,444
6426,DIRWEMNA (DIRUWENA),456
6427,YAUR,453
6428,JIGONIKME,443
6429,OKABA,458
6430,ALAMA,447
6431,PELEBAGA,445
6432,TANGMA,456
6433,ALEMSOM,444
6434,KREPKURI,447
6435,KAYO,456
6436,BOGONUK,442
6437,YAMO,443
6438,APALAPSILI,436
6439,LANGDA,456
6440,GEYA,442
6441,WITA WAYA,445
6442,WOLLO (WOLO),445
6443,ELELIM,436
6444,OKSOP,444
6445,DER KOUMUR,438
6446,HAJU,441
6447,TIGI,459
6448,SUATOR,438
6449,MIMIKA TIMUR JAUH,454
6450,WARSA,448
6451,ATSY  /  ATSJ,438
6452,MIMIKA BARAT (MIBAR),454
6453,KAIBAR,441
6454,KOSIWO,449
6455,DANIME,442
6456,BRUYADORI,448
6457,WELAREK,436
6458,YUKO,442
6459,FAWI,443
6460,TORERE,443
6461,DEMTA,439
6462,SESNUK,455
6463,KOROPUN (KORUPUN),456
6464,YAHULIAMBUT,456
6465,WEB,460
6466,UKHA,456
6467,YAKOMI,441
6468,WARIS,460
6469,BENAWA,436
6470,KARUBAGA,442
6471,MANDOBO,455
6472,PANTAI TIMUR BARAT,457
6473,TELUK AMPIMOI,449
6474,BIAK BARAT,448
6475,SARMI SELATAN,457
6476,KOMBUT,455
6477,MULIA,443
6478,AMUMA,456
6479,AGIMUGA,454
6480,TANAH MIRING,458
6481,SUPIORI BARAT,461
6482,SAWAI,462
6483,YAPEN SELATAN,449
6484,ANAWI,442
6485,MUTING,458
6486,POIRU,448
6487,BIAK UTARA,448
6488,PULAU KURUDU,449
6489,SWANDIWE,448
6490,MINDIPTANA,455
6491,KOBAKMA,463
6492,KUYAWAGE,446
6493,BIANDOGA,451
6494,ORIDEK,448
6495,JAIR,455
6496,JAGEBOB,458
6497,BIAK KOTA,448
6498,MAMBERAMO TENGAH,462
6499,MOBA,447
6500,TRIKORA,445
