id,nama_kecamatan,kota_id
4501,REOK BARAT,287
4502,LEMBUR,272
4503,PAGA,276
4504,ROTE TENGAH,285
4505,WEWEWA UTARA,281
4506,NELLE (MAUMEREI),276
4507,SANTIAN,270
4508,PULAU PURA,272
4509,KUPANG TENGAH,275
4510,ENDE SELATAN,273
4511,MUTIS,278
4512,WOLOJITA,273
4513,FATULEU TENGAH,275
4514,BIBOKI TAN PAH,278
4515,BIBOKI SELATAN,278
4516,SEBANGKI,290
4517,MANIS MATA,291
4518,JELAI HULU,291
4519,AIR UPAS,291
4520,KENDAWANGAN,291
4521,KETUNGAU HILIR,292
4522,KUBU,293
4523,PONTIANAK SELATAN,294
4524,SANDAI,291
4525,TELUK BATANG,295
4526,NGABANG,290
4527,SADANIANG,294
4528,BATU AMPAR,293
4529,SOMPAK,290
4530,MERANTI,290
4531,BINJAI HULU,292
4532,TERIAK,296
4533,SENGAH TEMILA,290
4534,JELIMPO,290
4535,SINTANG,292
4536,KUALA BEHE,290
4537,MENYUKE,290
4538,ANJONGAN,294
4539,MEMPAWAH HULU,290
4540,MEMPAWAH TIMUR,294
4541,SEI / SUNGAI RAYA,293
4542,KETUNGAU TENGAH,292
4543,CAPKALA,296
4544,PUTUSSIBAU UTARA,297
4545,TANGARAN,298
4546,TELUK / TELOK PAKEDAI,293
4547,TUMBANG TITI,291
4548,SAMALANTAN,296
4549,BADAU,297
4550,SINGKAWANG TIMUR,299
4551,TOBA,300
4552,KALIS,297
4553,BONTI,300
4554,EMPANANG,297
4555,JAWAI,298
4556,BUNUT HULU,297
4557,MELIAU,300
4558,BELIMBING,301
4559,SUBAH,298
4560,TEMPUNAK,292
4561,TAYAN HILIR,300
4562,SEKAYAM,300
4563,SIMPANG HULU,291
4564,JANGKANG,300
4565,BELITANG HULU,302
4566,SUNGAI TEBELIAN,292
4567,SANGGAU LEDO,296
4568,PONTIANAK TENGGARA,294
4569,SEPAUK,292
4570,BENGKAYANG,296
4571,KELAM PERMAI,292
4572,PONTIANAK TIMUR,294
4573,BENUA KAYONG,291
4574,MARAU,291
4575,EMBALOH HULU,297
4576,SUNGAI LAUR,291
4577,SERAWAI (NANGA SERAWAI),292
4578,DEDAI,292
4579,NANGA PINOH,301
4580,SILAT HILIR,297
4581,TANAH PINOH,301
4582,MENUKUNG,301
4583,SEBERUANG,297
4584,SIMPANG HILIR,295
4585,SIMPANG DUA,291
4586,HULU SUNGAI,291
4587,PONTIANAK UTARA,294
4588,TEBAS,298
4589,NANGA MAHAP,302
4590,NANGA TAYAP,291
4591,PINOH SELATAN,301
4592,MANDOR,290
4593,KETUNGAU HULU,292
4594,KAPUAS (SANGGAU KAPUAS),300
4595,EMBALOH HILIR,297
4596,LUMAR,296
4597,SILAT HULU,297
4598,BELITANG,302
4599,BELIMBING HULU,301
4600,ELLA HILIR,301
4601,SUKADANA,295
4602,SEI / SUNGAI AMBAWANG,293
4603,SELUAS,296
4604,MENJALIN,290
4605,TUJUH BELAS,296
4606,AIR BESAR,290
4607,SELAKAU,298
4608,TOHO,294
4609,SELIMBAU,297
4610,TAYAN HULU,300
4611,BEDUAI (BEDUWAI),300
4612,MONTERADO,296
4613,PUTUSSIBAU SELATAN,297
4614,SUNGAI MELAYU RAYAK,291
4615,HULU GURUNG,297
4616,SAJAD,298
4617,TELUK KERAMAT,298
4618,SAYAN,301
4619,KEPULAUAN KARIMATA,295
4620,TERENTANG,293
4621,BIKA,297
4622,RASAU JAYA,293
4623,SEKADAU HILIR,302
4624,JONGKONG (JENGKONG),297
4625,SEKADAU HULU,302
4626,BOYAN TANJUNG,297
4627,PENGKADAN (BATU DATU),297
4628,SELAKAU TIMUR,298
4629,SEI / SUNGAI KUNYIT,294
4630,SINGKAWANG TENGAH,299
4631,SINGKUP,291
4632,TANAH PINOH BARAT,301
4633,KAYAN HILIR,292
4634,BALAI,300
4635,KAYAN HULU,292
4636,AMBALAU,292
4637,BUNUT HILIR,297
4638,SUTI SEMARANG,296
4639,TEKARANG,298
4640,SUNGAI BETUNG,296
4641,SAMBAS,298
4642,PONTIANAK KOTA,294
4643,LEDO,296
4644,PARINDU,300
4645,SEPONTI,295
4646,PULAU MAYA (PULAU MAYA KARIMATA),295
4647,BELITANG HILIR,302
4648,NOYAN,300
4649,MUKOK,300
4650,PINOH UTARA,301
4651,ENTIKONG,300
4652,SEMITAU,297
4653,GALING,298
4654,BANYUKE HULU,290
4655,SOKAN,301
4656,JAGOI BABANG,296
4657,LEMBAH BAWANG,296
4658,MATAN HILIR SELATAN,291
4659,PEMANGKAT,298
4660,SEI / SUNGAI PINYUH,294
4661,JAWAI SELATAN,298
4662,SEI / SUNGAI KAKAP,293
4663,SUHAID,297
4664,SIANTAN,294
4665,DELTA PAWAN,291
4666,SAJINGAN BESAR,298
4667,PALOH,298
4668,PURING KENCANA,297
4669,SUNGAI RAYA KEPULAUAN,296
4670,KEMBAYAN,300
4671,MENTEBAH,297
4672,KUALA MANDOR-B,293
4673,MATAN HILIR UTARA,291
4674,MEMPAWAH HILIR,294
4675,SINGKAWANG BARAT,299
4676,BATANG LUPAR,297
4677,PEMAHAN,291
4678,SIDING,296
4679,NANGA TAMAN,302
4680,MUARA PAWAN,291
4681,SINGKAWANG UTARA,299
4682,PONTIANAK BARAT,294
4683,SINGKAWANG SELATAN,299
4684,SALATIGA,298
4685,SEGEDONG,294
4686,SEJANGKUNG,298
4687,SEBAWI,298
4688,SEMPARUK,298
4689,SUNGAI RAYA,296
4690,TELAGA ANTANG,303
4691,BALAI RIAM,304
4692,PERMATA KECUBUNG,304
4693,PANGKALAN BANTENG,305
4694,DUSUN TENGAH,306
4695,PATANGKEP TUTUI,306
4696,AWANG,306
4697,DUSUN TIMUR,306
4698,KAPUAS BARAT,307
4699,KAPUAS TIMUR,307
4700,PULAU PETAK,307
4701,KAHAYAN HILIR,308
4702,BULIK,309
4703,TIMPAH,307
4704,DANAU SELULUK,310
4705,KAMIPANG,311
4706,SERUYAN TENGAH,310
4707,BAAMANG,303
4708,MENTAYA HULU,303
4709,KARAU KUALA,312
4710,PULAU HANAUT,303
4711,KOTAWARINGIN LAMA,305
4712,MALIKU,308
4713,MENTAYA HILIR UTARA,303
4714,BENUA LIMA,306
4715,KAHAYAN KUALA,308
4716,HANAU,310
4717,MURUNG,313
4718,KAHAYAN TENGAH,308
4719,PARENGGEAN,303
4720,KOTA BESI,303
4721,KAPUAS TENGAH,307
4722,LAMANDAU,309
4723,KATINGAN KUALA,311
4724,KAPUAS HILIR,307
4725,PASAK TALAWANG,307
4726,PAJU EPAT,306
4727,GUNUNG TIMANG,314
4728,BATAGUH,307
4729,PEMATANG KARAU,306
4730,TAMBAN CATUR,307
4731,SERUYAN RAYA,310
4732,TEWANG SANGGALANG GARING (SANGALANG),311
4733,SERUYAN HILIR TIMUR,310
4734,MANUHING,315
4735,DUSUN UTARA,312
4736,PAKU,306
4737,BUKIT BATU,316
4738,DANAU SEMBULUH,310
4739,KATINGAN HILIR,311
4740,GUNUNG PUREI,314
4741,MENTAWA BARU (KETAPANG),303
4742,KAPUAS KUALA,307
4743,PERMATA INTAN,313
4744,KAPUAS HULU,307
4745,ARUT SELATAN,305
4746,DUSUN SELATAN,312
4747,GUNUNG BINTANG AWAI,312
4748,RAREN BATUAH,306
4749,BASARANG,307
4750,TELUK SAMPIT,303
4751,MENTAYA HILIR SELATAN,303
4752,DUSUN HILIR,312
4753,MENTHOBI RAYA,309
4754,PETAK MALAI,311
4755,KATINGAN TENGAH,311
4756,KATINGAN HULU,311
4757,KUMAI,305
4758,LAUNG TUHUP,313
4759,SEMATU JAYA,309
4760,SUMBER BARITO,313
4761,BATU AMPAR,310
4762,SUNGAI BABUAT,313
4763,TEWAH,315
4764,MARIKIT,311
4765,RUNGAN HULU,315
4766,BATANGKAWA,309
4767,KAHAYAN HULU UTARA,315
4768,BARITO TUHUP RAYA,313
4769,BULIK TIMUR,309
4770,SERANAU,303
4771,SERUYAN HILIR,310
4772,BANAMA TINGANG,308
4773,BELANTIKAN RAYA,309
4774,PANDIH BATU,308
4775,TANAH SIANG,313
4776,KAPUAS MURUNG,307
4777,TEWEH TIMUR,314
4778,LAHEI BARAT,314
4779,LAHEI,314
4780,DADAHUP,307
4781,RUNGAN,315
4782,SEBANGAU,316
4783,TEWEH TENGAH,314
4784,ANTANG KALANG,303
4785,TEWEH SELATAN,314
4786,TELAWANG,303
4787,MANTANGAI,307
4788,CEMPAGA HULU,303
4789,TUALAN HULU,303
4790,RAKUMPIT,316
4791,JEKAN RAYA,316
4792,MIRI MANASA,315
4793,PULAU MALAN,311
4794,SERUYAN HULU,310
4795,CEMPAGA,303
4796,MIHING RAYA,315
4797,TANAH SIANG SELATAN,313
4798,SANAMAN MANTIKEI (SENAMANG MANTIKEI),311
4799,KARUSEN JANANG,306
4800,ARUT UTARA,305
4801,TEWEH BARU,314
4802,JABIREN RAYA,308
4803,TASIK PAYAWAN,311
4804,RUNGAN BARAT,315
4805,KURUN,315
4806,MANDAU TALAWANG,307
4807,PANGKALAN LADA,305
4808,UUT MURUNG,313
4809,MONTALLAT (MONTALAT),314
4810,MENDAWAI,311
4811,DAMANG BATU,315
4812,SUKAMARA,304
4813,JELAI,304
4814,DELANG,309
4815,PAHANDUT,316
4816,BUKIT SANTUEI,303
4817,SEPANG (SEPANG SIMIN),315
4818,MANUHING RAYA,315
4819,SEBANGAU KUALA,308
4820,SERIBU RIAM,313
4821,SELAT,307
4822,BUKIT RAYA,311
4823,JENAMAS,312
4824,SULING TAMBUN,310
4825,PANTAI LUNCI,304
4826,BINUANG,317
4827,KARANG INTAN,318
4828,SEI / SUNGAI TABUK,318
4829,LIMPASU,319
4830,TANJUNG,320
4831,BATANG ALAI TIMUR,319
4832,AMUNTAI UTARA,321
4833,TEBING TINGGI,322
4834,MARTAPURA TIMUR,318
4835,SATUI,323
4836,SIMPANG EMPAT,318
4837,BANJARMASIN UTARA,324
4838,HANTAKAN,319
4839,PENGARON,318
4840,PULAU LAUT SELATAN,325
4841,BATU BENAWA,319
4842,ALUH-ALUH,318
4843,JORONG,326
4844,KANDANGAN,327
4845,PAMINGGIR,321
4846,AWAYAN,322
4847,BATU AMPAR,326
4848,PELAIHARI,326
4849,TELAGA LANGSAT,327
4850,SIMPUR,327
4851,KELUA (KLUA),320
4852,ANJIR PASAR,328
4853,HARUYAN,319
4854,TAPIN TENGAH,317
4855,BATANG ALAI SELATAN,319
4856,ANGKINANG,327
4857,PERAMASAN,318
4858,ANGSANA,323
4859,HALONG,322
4860,KUSAN HULU,323
4861,ANJIR MUARA,328
4862,MARABAHAN,328
4863,BANJARMASIN TENGAH,324
4864,MANDASTANA,328
4865,MARTAPURA BARAT,318
4866,TAPIN UTARA,317
4867,AMUNTAI TENGAH,321
4868,KUSAN HILIR,323
4869,ARANIO,318
4870,BINTANG ARA,320
4871,HATUNGUN,317
4872,SUNGAI RAYA,327
4873,KURIPAN,328
4874,ASTAMBUL,318
4875,BATANG ALAI UTARA,319
4876,BARABAI,319
4877,LOKPAIKAT,317
4878,WANARAYA,328
4879,PARINGIN,322
4880,BABIRIK,321
4881,BERUNTUNG BARU,318
4882,CERBON,328
4883,DAHA BARAT,327
4884,BARAMBAI,328
4885,KALUMPANG (KELUMPANG),327
4886,BAKUMPAI,328
4887,JEJANGKIT,328
4888,PULAU LAUT UTARA,325
4889,AMUNTAI SELATAN,321
4890,BAJUIN,326
4891,BAKARANGAN,317
4892,PAMUKAN UTARA,325
4893,BATU MANDI,322
4894,PULAU SEBUKU,325
4895,PIANI,317
4896,SAMBUNG MAKMUR,318
4897,BELAWANG,328
4898,TABUKAN,328
4899,PULAU LAUT TANJUNG SELAYAR,325
4900,TATAH MAKMUR,318
4901,CEMPAKA,329
4902,LABUAN AMAS SELATAN,319
4903,KELUMPANG HULU,325
4904,BANUA LAWAS,320
4905,BANJANG,321
4906,DAHA SELATAN,327
4907,SAMPANAHAN,325
4908,PANDAWAN,319
4909,SUNGAI TABUKAN,321
4910,LABUAN AMAS UTARA,319
4911,BUNGUR,317
4912,BATI-BATI,326
4913,GAMBUT,318
4914,SUNGAI PANDAN,321
4915,TANTA,320
4916,CANDI LARAS SELATAN,317
4917,SIMPANG EMPAT,323
4918,DANAU PANGGANG,321
4919,MATARAMAN,318
4920,PARINGIN SELATAN,322
4921,DAHA UTARA,327
4922,BANJARMASIN SELATAN,324
4923,BANJARMASIN BARAT,324
4924,JUAI,322
4925,PANYIPATAN,326
4926,CANDI LARAS UTARA,317
4927,KELUMPANG BARAT,325
4928,TAKISUNG,326
4929,PADANG BATUNG,327
4930,LAMPIHONG,322
4931,SUNGAI LOBAN,323
4932,PULAU LAUT TIMUR,325
4933,PAMUKAN BARAT,325
4934,KARANG BINTANG,323
4935,BATULICIN,323
4936,KURAU,326
4937,HAUR GADING,321
4938,ALALAK,328
4939,KERTAK HANYAR,318
4940,SEI / SUNGAI PINANG,318
4941,MURUNG PUDAK,320
4942,BANJARMASIN TIMUR,324
4943,TABUNGANEN,328
4944,UPAU,320
4945,MARTAPURA KOTA,318
4946,TAMBANG ULANG,326
4947,MUARA UYA,320
4948,HARUAI,320
4949,KINTAP,326
4950,MANTEWE,323
4951,SUNGAI DURIAN,325
4952,KELUMPANG SELATAN,325
4953,BUMI MAKMUR,326
4954,HAMPANG,325
4955,TAPIN SELATAN,317
4956,TAMBAN,328
4957,RANTAU BADAUH,328
4958,JARO,320
4959,PULAU LAUT BARAT,325
4960,KELUMPANG TENGAH,325
4961,KURANJI,323
4962,LANDASAN ULIN,329
4963,BANJAR BARU SELATAN,329
4964,PAMUKAN SELATAN,325
4965,PUGAAN,320
4966,LOKSADO,327
4967,MUARA HARUS,320
4968,MEKAR SARI,328
4969,SALAM BABARIS,317
4970,PULAU LAUT KEPULAUAN,325
4971,BANJAR BARU UTARA,329
4972,PULAU SEMBILAN,325
4973,LIANG ANGGANG,329
4974,KELUMPANG HILIR,325
4975,TELAGA BAUNTUNG,318
4976,KELUMPANG UTARA,325
4977,PULAU LAUT TENGAH,325
4978,MANOR BULATIN (MOOK MANAAR BULATN),330
4979,SAMARINDA ULU,331
4980,KUARO,332
4981,SAMBOJA (SEMBOJA),333
4982,BATU PUTIH,334
4983,LONG IRAM,330
4984,BENTIAN BESAR,330
4985,ANGGANA,333
4986,WARU,335
4987,BONTANG UTARA,336
4988,SEPAKU,335
4989,BARONG TONGKOK,330
4990,LONG IKIS,332
4991,NYUATAN,330
4992,KARANGAN,337
4993,BABULU,335
4994,MUARA BADAK,333
4995,BATU ENGAU,332
4996,PENYINGGAHAN,330
4997,LOA JANAN,333
4998,SUNGAI PINANG,331
4999,KALIORANG,337
5000,TENGGARONG SEBERANG,333
