id,desa_id,kecamatan_id,kota_id,provinsi_id,kode_pos
64001,63987,5201,344,25,95751
64002,63988,5244,347,25,95541
64003,63989,5244,347,25,95541
64004,63990,5244,347,25,95541
64005,63991,5237,347,25,95543
64006,63992,5178,350,25,95375
64007,63993,5250,348,25,95661
64008,63994,5229,350,25,95373
64009,63995,5273,350,25,95373
64010,63996,5273,350,25,95373
64011,63997,5229,350,25,95373
64012,63998,5229,350,25,95373
64013,63999,5216,348,25,95682
64014,64000,5243,350,25,95372
64015,64001,5243,350,25,95372
64016,64002,5287,348,25,95615
64017,64003,5156,348,25,95683
64018,64004,5156,348,25,95683
64019,64005,5191,356,25,95997
64020,64006,5191,356,25,95997
64021,64007,5191,356,25,95997
64022,64008,5235,348,25,95683
64023,64009,5248,350,25,95378
64024,64010,5248,350,25,95378
64025,64011,5248,350,25,95378
64026,64012,5285,356,25,95995
64027,64013,5285,356,25,95995
64028,64014,5287,348,25,95616
64029,64015,5155,346,25,95352
64030,64016,5260,353,25,95231
64031,64017,5155,346,25,95352
64032,64018,5135,350,25,95377
64033,64019,5221,353,25,95111
64034,64020,5221,353,25,95111
64035,64021,5264,348,25,95613
64036,64022,5240,344,25,95773
64037,64023,5240,344,25,95773
64038,64024,5240,344,25,95773
64039,64025,5240,344,25,95773
64040,64026,5178,350,25,95375
64041,64027,5287,348,25,95615
64042,64028,5256,346,25,95953
64043,64029,5193,356,25,95997
64044,64030,5250,348,25,95661
64045,64031,5162,353,25,95161
64046,64032,5162,353,25,95161
64047,64033,5179,352,25,95862
64048,64034,5157,348,25,95694
64049,64035,5132,347,25,95525
64050,64036,5132,347,25,95525
64051,64037,5267,348,25,95682
64052,64038,5233,350,25,95375
64053,64039,5239,344,25,95753
64054,64040,5273,350,25,95373
64055,64041,5278,356,25,95996
64056,64042,5278,356,25,95996
64057,64043,5233,350,25,95375
64058,64044,5291,356,25,95995
64059,64045,5291,356,25,95995
64060,64046,5291,356,25,95995
64061,64047,5291,356,25,95995
64062,64048,5291,356,25,95995
64063,64049,5148,348,25,95694
64064,64050,5295,358,25,95422
64065,64051,5295,358,25,95423
64066,64052,5295,358,25,95421
64067,64053,5295,358,25,95423
64068,64054,5291,356,25,95995
64069,64055,5291,356,25,95995
64070,64056,5213,350,25,95376
64071,64057,5255,348,25,95614
64072,64058,5247,346,25,95958
64073,64059,5273,350,25,95373
64074,64060,5256,346,25,95953
64075,64061,5296,359,26,94884
64076,64062,5297,360,26,94554
64077,64063,5298,359,26,94891
64078,64064,5299,361,26,94479
64079,64065,5300,361,26,94471
64080,64066,5301,362,26,94565
64081,64067,5302,359,26,94883
64082,64068,5303,359,26,94882
64083,64069,5304,359,26,94892
64084,64070,5305,363,26,94353
64085,64071,5306,364,26,94653
64086,64072,5307,361,26,94474
64087,64073,5308,359,26,94882
64088,64074,5309,363,26,94353
64089,64075,5310,361,26,94475
64090,64076,5311,359,26,94885
64091,64077,5312,361,26,94476
64092,64078,5312,361,26,94476
64093,64079,5312,361,26,94476
64094,64080,5313,365,26,94976
64095,64081,5314,366,26,94683
64096,64082,5315,367,26,94752
64097,64083,5316,368,26,94364
64098,64084,5307,361,26,94474
64099,64085,5307,361,26,94474
64100,64086,5307,361,26,94474
64101,64087,5317,364,26,94664
64102,64088,5318,368,26,94363
64103,64089,5319,360,26,94552
64104,64090,5320,361,26,94479
64105,64091,5321,359,26,94881
64106,64092,5322,359,26,94883
64107,64093,5323,367,26,94765
64108,64094,5324,367,26,94765
64109,64095,5323,367,26,94765
64110,64096,5315,367,26,94752
64111,64097,5325,361,26,94473
64112,64098,5326,365,26,94976
64113,64099,5327,361,26,94471
64114,64100,5328,366,26,94683
64115,64101,5329,367,26,94711
64116,64102,5330,367,26,94761
64117,64103,5303,359,26,94882
64118,64104,5331,364,26,94654
64119,64105,5298,359,26,94891
64120,64106,5316,368,26,94364
64121,64107,5332,367,26,94771
64122,64108,5333,366,26,94681
64123,64109,5334,367,26,94752
64124,64110,5335,365,26,94974
64125,64111,5313,365,26,94976
64126,64112,5335,365,26,94974
64127,64113,5336,365,26,94973
64128,64114,5337,365,26,94973
64129,64115,5336,365,26,94973
64130,64116,5336,365,26,94973
64131,64117,5337,365,26,94973
64132,64118,5326,365,26,94976
64133,64119,5336,365,26,94973
64134,64120,5338,365,26,94971
64135,64121,5336,365,26,94973
64136,64122,5338,365,26,94971
64137,64123,5314,366,26,94683
64138,64124,5314,366,26,94683
64139,64125,5310,361,26,94475
64140,64126,5310,361,26,94475
64141,64127,5310,361,26,94475
64142,64128,5339,369,26,94142
64143,64129,5315,367,26,94752
64144,64130,5340,361,26,94479
64145,64131,5322,359,26,94883
64146,64132,5341,360,26,94561
64147,64133,5311,359,26,94885
64148,64134,5342,365,26,94974
64149,64135,5311,359,26,94885
64150,64136,5343,359,26,94882
64151,64137,5331,364,26,94654
64152,64138,5344,364,26,94652
64153,64139,5316,368,26,94364
64154,64140,5345,367,26,94762
64155,64141,5346,367,26,94753
64156,64142,5315,367,26,94752
64157,64143,5303,359,26,94882
64158,64144,5347,368,26,94361
64159,64145,5348,368,26,94362
64160,64146,5349,367,26,94753
64161,64147,5350,366,26,94684
64162,64148,5351,367,26,94773
64163,64149,5345,367,26,94762
64164,64150,5352,369,26,94226
64165,64151,5301,362,26,94565
64166,64152,5322,359,26,94883
64167,64153,5353,363,26,94352
64168,64154,5334,367,26,94752
64169,64155,5354,364,26,94653
64170,64156,5300,361,26,94471
64171,64157,5355,368,26,94362
64172,64158,5350,366,26,94684
64173,64159,5356,361,26,94473
64174,64160,5356,361,26,94473
64175,64161,5357,363,26,94354
64176,64162,5315,367,26,94752
64177,64163,5302,359,26,94883
64178,64164,5358,368,26,94361
64179,64165,5358,368,26,94361
64180,64166,5359,363,26,94356
64181,64167,5359,363,26,94356
64182,64168,5347,368,26,94361
64183,64169,5360,363,26,94362
64184,64170,5360,363,26,94362
64185,64171,5361,360,26,94516
64186,64172,5362,361,26,94471
64187,64173,5363,366,26,94681
64188,64174,5364,360,26,94553
64189,64175,5319,360,26,94552
64190,64176,5365,363,26,94351
64191,64177,5366,361,26,94476
64192,64178,5367,366,26,94691
64193,64179,5368,359,26,94885
64194,64180,5364,360,26,94553
64195,64181,5333,366,26,94681
64196,64182,5369,368,26,94112
64197,64183,5370,364,26,94664
64198,64184,5358,368,26,94361
64199,64185,5371,368,26,94363
64200,64186,5328,366,26,94683
64201,64187,5346,367,26,94753
64202,64188,5297,360,26,94554
64203,64189,5370,364,26,94664
64204,64190,5343,359,26,94882
64205,64191,5362,361,26,94471
64206,64192,5372,367,26,94723
64207,64193,5373,359,26,94891
64208,64194,5350,366,26,94684
64209,64195,5317,364,26,94664
64210,64196,5354,364,26,94653
64211,64197,5374,360,26,94514
64212,64198,5375,367,26,94711
64213,64199,5352,369,26,94221
64214,64200,5376,362,26,94563
64215,64201,5332,367,26,94771
64216,64202,5315,367,26,94752
64217,64203,5322,359,26,94883
64218,64204,5296,359,26,94884
64219,64205,5377,359,26,94881
64220,64206,5378,364,26,94661
64221,64207,5346,367,26,94753
64222,64208,5379,367,26,94773
64223,64209,5380,362,26,94568
64224,64210,5379,367,26,94773
64225,64211,5345,367,26,94762
64226,64212,5361,360,26,94516
64227,64213,5381,365,26,94972
64228,64214,5382,363,26,94353
64229,64215,5382,363,26,94353
64230,64216,5383,365,26,94971
64231,64217,5328,366,26,94683
64232,64218,5372,367,26,94723
64233,64219,5384,364,26,94652
64234,64220,5355,368,26,94362
64235,64221,5346,367,26,94753
64236,64222,5385,363,26,94356
64237,64223,5324,367,26,94765
64238,64224,5336,365,26,94973
64239,64225,5328,366,26,94683
64240,64226,5356,361,26,94473
64241,64227,5316,368,26,94364
64242,64228,5340,361,26,94479
64243,64229,5326,365,26,94976
64244,64230,5386,367,26,94753
64245,64231,5387,369,26,94111
64246,64232,5387,369,26,94111
64247,64233,5387,369,26,94111
64248,64234,5388,364,26,94652
64249,64235,5384,364,26,94652
64250,64236,5333,366,26,94681
64251,64237,5335,365,26,94974
64252,64238,5389,365,26,94966
64253,64239,5390,364,26,94653
64254,64240,5331,364,26,94654
64255,64241,5329,367,26,94711
64256,64242,5391,362,26,94563
64257,64243,5312,361,26,94476
64258,64244,5392,366,26,94692
64259,64245,5393,361,26,94479
64260,64246,5361,360,26,94516
64261,64247,5394,367,26,94752
64262,64248,5355,368,26,94362
64263,64249,5395,361,26,94471
64264,64250,5367,366,26,94691
64265,64251,5346,367,26,94753
64266,64252,5396,360,26,94562
64267,64253,5397,365,26,94971
64268,64254,5398,367,26,94771
64269,64255,5394,367,26,94752
64270,64256,5394,367,26,94752
64271,64257,5399,365,26,94966
64272,64258,5391,362,26,94563
64273,64259,5322,359,26,94883
64274,64260,5400,369,26,94231
64275,64261,5400,369,26,94231
64276,64262,5381,365,26,94972
64277,64263,5366,361,26,94476
64278,64264,5347,368,26,94361
64279,64265,5316,368,26,94364
64280,64266,5401,359,26,94885
64281,64267,5402,362,26,94568
64282,64268,5370,364,26,94664
64283,64269,5342,365,26,94974
64284,64270,5349,367,26,94753
64285,64271,5301,362,26,94565
64286,64272,5372,367,26,94723
64287,64273,5403,362,26,94566
64288,64274,5403,362,26,94566
64289,64275,5371,368,26,94363
64290,64276,5340,361,26,94479
64291,64277,5340,361,26,94479
64292,64278,5340,361,26,94479
64293,64279,5340,361,26,94479
64294,64280,5371,368,26,94363
64295,64281,5299,361,26,94479
64296,64282,5398,367,26,94771
64297,64283,5351,367,26,94773
64298,64284,5348,368,26,94362
64299,64285,5334,367,26,94752
64300,64286,5346,367,26,94753
64301,64287,5308,359,26,94882
64302,64288,5404,359,26,94892
64303,64289,5296,359,26,94884
64304,64290,5343,359,26,94882
64305,64291,5303,359,26,94882
64306,64292,5331,364,26,94654
64307,64293,5355,368,26,94362
64308,64294,5367,366,26,94691
64309,64295,5398,367,26,94771
64310,64296,5315,367,26,94752
64311,64297,5310,361,26,94475
64312,64298,5405,359,26,94891
64313,64299,5406,359,26,94892
64314,64300,5314,366,26,94683
64315,64301,5407,366,26,94682
64316,64302,5407,366,26,94682
64317,64303,5408,367,26,94762
64318,64304,5332,367,26,94771
64319,64305,5409,363,26,94362
64320,64306,5410,363,26,94351
64321,64307,5303,359,26,94882
64322,64308,5411,364,26,94616
64323,64309,5407,366,26,94682
64324,64310,5311,359,26,94885
64325,64311,5407,366,26,94682
64326,64312,5407,366,26,94682
64327,64313,5403,362,26,94566
64328,64314,5304,359,26,94892
64329,64315,5412,367,26,94773
64330,64316,5413,368,26,94364
64331,64317,5398,367,26,94771
64332,64318,5407,366,26,94682
64333,64319,5350,366,26,94684
64334,64320,5414,361,26,94479
64335,64321,5415,362,26,94567
64336,64322,5359,363,26,94356
64337,64323,5410,363,26,94351
64338,64324,5355,368,26,94362
64339,64325,5416,361,26,94471
64340,64326,5417,369,26,94221
64341,64327,5322,359,26,94883
64342,64328,5329,367,26,94711
64343,64329,5342,365,26,94974
64344,64330,5394,367,26,94752
64345,64331,5394,367,26,94752
64346,64332,5418,367,26,94717
64347,64333,5419,363,26,94356
64348,64334,5361,360,26,94516
64349,64335,5345,367,26,94762
64350,64336,5420,362,26,94563
64351,64337,5421,361,26,94476
64352,64338,5391,362,26,94563
64353,64339,5403,362,26,94564
64354,64340,5422,364,26,94614
64355,64341,5419,363,26,94356
64356,64342,5359,363,26,94356
64357,64343,5409,363,26,94362
64358,64344,5324,367,26,94765
64359,64345,5423,367,26,94765
64360,64346,5320,361,26,94479
64361,64347,5418,367,26,94717
64362,64348,5372,367,26,94723
64363,64349,5321,359,26,94881
64364,64350,5308,359,26,94882
64365,64351,5308,359,26,94882
64366,64352,5424,362,26,94568
64367,64353,5424,362,26,94568
64368,64354,5350,366,26,94684
64369,64355,5425,365,26,94974
64370,64356,5331,364,26,94654
64371,64357,5426,368,26,94364
64372,64358,5315,367,26,94752
64373,64359,5358,368,26,94361
64374,64360,5311,359,26,94885
64375,64361,5427,369,26,94228
64376,64362,5306,364,26,94653
64377,64363,5306,364,26,94653
64378,64364,5329,367,26,94711
64379,64365,5423,367,26,94765
64380,64366,5428,365,26,94976
64381,64367,5323,367,26,94765
64382,64368,5324,367,26,94765
64383,64369,5329,367,26,94711
64384,64370,5316,368,26,94364
64385,64371,5315,367,26,94752
64386,64372,5328,366,26,94683
64387,64373,5375,367,26,94712
64388,64374,5404,359,26,94892
64389,64375,5375,367,26,94712
64390,64376,5311,359,26,94885
64391,64377,5342,365,26,94974
64392,64378,5342,365,26,94974
64393,64379,5397,365,26,94971
64394,64380,5391,362,26,94563
64395,64381,5415,362,26,94567
64396,64382,5415,362,26,94567
64397,64383,5349,367,26,94753
64398,64384,5349,367,26,94753
64399,64385,5397,365,26,94971
64400,64386,5314,366,26,94683
64401,64387,5374,360,26,94517
64402,64388,5420,362,26,94563
64403,64389,5429,362,26,94563
64404,64390,5329,367,26,94711
64405,64391,5307,361,26,94474
64406,64392,5430,365,26,94975
64407,64393,5376,362,26,94563
64408,64394,5376,362,26,94563
64409,64395,5342,365,26,94974
64410,64396,5403,362,26,94564
64411,64397,5431,364,26,94663
64412,64398,5432,367,26,94772
64413,64399,5407,366,26,94682
64414,64400,5367,366,26,94691
64415,64401,5324,367,26,94765
64416,64402,5374,360,26,94517
64417,64403,5348,368,26,94362
64418,64404,5309,363,26,94353
64419,64405,5351,367,26,94773
64420,64406,5346,367,26,94753
64421,64407,5357,363,26,94354
64422,64408,5335,365,26,94974
64423,64409,5360,363,26,94362
64424,64410,5433,359,26,94891
64425,64411,5333,366,26,94681
64426,64412,5349,367,26,94753
64427,64413,5388,364,26,94652
64428,64414,5424,362,26,94568
64429,64415,5391,362,26,94564
64430,64416,5434,364,26,94663
64431,64417,5330,367,26,94761
64432,64418,5396,360,26,94562
64433,64419,5386,367,26,94753
64434,64420,5348,368,26,94362
64435,64421,5354,364,26,94654
64436,64422,5306,364,26,94653
64437,64423,5433,359,26,94891
64438,64424,5416,361,26,94471
64439,64425,5351,367,26,94773
64440,64426,5334,367,26,94752
64441,64427,5435,366,26,94692
64442,64428,5435,366,26,94692
64443,64429,5399,365,26,94966
64444,64430,5415,362,26,94567
64445,64431,5436,368,26,94362
64446,64432,5314,366,26,94683
64447,64433,5349,367,26,94753
64448,64434,5314,366,26,94683
64449,64435,5412,367,26,94773
64450,64436,5427,369,26,94226
64451,64437,5437,361,26,94474
64452,64438,5437,361,26,94474
64453,64439,5423,367,26,94765
64454,64440,5430,365,26,94975
64455,64441,5315,367,26,94752
64456,64442,5366,361,26,94476
64457,64443,5310,361,26,94475
64458,64444,5297,360,26,94554
64459,64445,5380,362,26,94568
64460,64446,5403,362,26,94566
64461,64447,5386,367,26,94753
64462,64448,5403,362,26,94564
64463,64449,5432,367,26,94772
64464,64450,5431,364,26,94663
64465,64451,5438,360,26,94562
64466,64452,5406,359,26,94892
64467,64453,5310,361,26,94475
64468,64454,5310,361,26,94475
64469,64455,5380,362,26,94568
64470,64456,5417,369,26,94225
64471,64457,5394,367,26,94752
64472,64458,5386,367,26,94753
64473,64459,5366,361,26,94476
64474,64460,5428,365,26,94976
64475,64461,5439,365,26,94965
64476,64462,5309,363,26,94353
64477,64463,5440,365,26,94965
64478,64464,5432,367,26,94772
64479,64465,5335,365,26,94974
64480,64466,5441,360,26,94552
64481,64467,5363,366,26,94681
64482,64468,5438,360,26,94562
64483,64469,5338,365,26,94971
64484,64470,5416,361,26,94471
64485,64471,5320,361,26,94479
64486,64472,5401,359,26,94885
64487,64473,5410,363,26,94351
64488,64474,5398,367,26,94771
64489,64475,5442,364,26,94619
64490,64476,5337,365,26,94973
64491,64477,5338,365,26,94971
64492,64478,5443,368,26,94363
64493,64479,5360,363,26,94362
64494,64480,5331,364,26,94654
64495,64481,5341,360,26,94561
64496,64482,5299,361,26,94479
64497,64483,5350,366,26,94684
64498,64484,5444,365,26,94972
64499,64485,5412,367,26,94773
64500,64486,5315,367,26,94752
64501,64487,5298,359,26,94891
64502,64488,5386,367,26,94753
64503,64489,5439,365,26,94965
64504,64490,5408,367,26,94762
64505,64491,5412,367,26,94773
64506,64492,5445,362,26,94565
64507,64493,5353,363,26,94352
64508,64494,5410,363,26,94351
64509,64495,5423,367,26,94765
64510,64496,5320,361,26,94479
64511,64497,5418,367,26,94717
64512,64498,5418,367,26,94717
64513,64499,5354,364,26,94654
64514,64500,5326,365,26,94976
64515,64501,5402,362,26,94568
64516,64502,5349,367,26,94753
64517,64503,5315,367,26,94752
64518,64504,5345,367,26,94762
64519,64505,5349,367,26,94753
64520,64506,5315,367,26,94752
64521,64507,5402,362,26,94568
64522,64508,5372,367,26,94723
64523,64509,5429,362,26,94563
64524,64510,5415,362,26,94567
64525,64511,5372,367,26,94723
64526,64512,5336,365,26,94973
64527,64513,5399,365,26,94966
64528,64514,5446,360,26,94518
64529,64515,5301,362,26,94565
64530,64516,5342,365,26,94974
64531,64517,5315,367,26,94752
64532,64518,5346,367,26,94753
64533,64519,5418,367,26,94717
64534,64520,5300,361,26,94471
64535,64521,5413,368,26,94364
64536,64522,5357,363,26,94354
64537,64523,5358,368,26,94361
64538,64524,5395,361,26,94471
64539,64525,5363,366,26,94681
64540,64526,5435,366,26,94692
64541,64527,5361,360,26,94516
64542,64528,5364,360,26,94553
64543,64529,5447,368,26,94361
64544,64530,5427,369,26,94227
64545,64531,5410,363,26,94351
64546,64532,5410,363,26,94351
64547,64533,5346,367,26,94753
64548,64534,5426,368,26,94364
64549,64535,5435,366,26,94692
64550,64536,5334,367,26,94752
64551,64537,5448,364,26,94654
64552,64538,5332,367,26,94771
64553,64539,5350,366,26,94684
64554,64540,5349,367,26,94753
64555,64541,5369,368,26,94112
64556,64542,5341,360,26,94561
64557,64543,5449,368,26,94364
64558,64544,5347,368,26,94361
64559,64545,5333,366,26,94681
64560,64546,5333,366,26,94681
64561,64547,5342,365,26,94974
64562,64548,5420,362,26,94563
64563,64549,5429,362,26,94563
64564,64550,5435,366,26,94692
64565,64551,5382,363,26,94353
64566,64552,5382,363,26,94353
64567,64553,5330,367,26,94761
64568,64554,5381,365,26,94972
64569,64555,5348,368,26,94362
64570,64556,5344,364,26,94652
64571,64557,5413,368,26,94364
64572,64558,5347,368,26,94361
64573,64559,5349,367,26,94753
64574,64560,5450,359,26,94884
64575,64561,5406,359,26,94892
64576,64562,5361,360,26,94516
64577,64563,5426,368,26,94364
64578,64564,5426,368,26,94364
64579,64565,5434,364,26,94664
64580,64566,5308,359,26,94882
64581,64567,5321,359,26,94881
64582,64568,5367,366,26,94691
64583,64569,5423,367,26,94765
64584,64570,5451,363,26,94355
64585,64571,5352,369,26,94223
64586,64572,5362,361,26,94471
64587,64573,5379,367,26,94773
64588,64574,5452,363,26,94355
64589,64575,5401,359,26,94714
64590,64576,5329,367,26,94711
64591,64577,5360,363,26,94362
64592,64578,5450,359,26,94884
64593,64579,5406,359,26,94892
64594,64580,5434,364,26,94663
64595,64581,5403,362,26,94564
64596,64582,5369,368,26,94112
64597,64583,5369,368,26,94112
64598,64584,5348,368,26,94362
64599,64585,5438,360,26,94562
64600,64586,5316,368,26,94364
64601,64587,5323,367,26,94765
64602,64588,5326,365,26,94976
64603,64589,5360,363,26,94362
64604,64590,5447,368,26,94361
64605,64591,5393,361,26,94479
64606,64592,5393,361,26,94479
64607,64593,5323,367,26,94765
64608,64594,5423,367,26,94765
64609,64595,5414,361,26,94479
64610,64596,5419,363,26,94356
64611,64597,5407,366,26,94682
64612,64598,5384,364,26,94652
64613,64599,5437,361,26,94474
64614,64600,5437,361,26,94474
64615,64601,5437,361,26,94474
64616,64602,5437,361,26,94474
64617,64603,5439,365,26,94965
64618,64604,5411,364,26,94611
64619,64605,5404,359,26,94892
64620,64606,5392,366,26,94692
64621,64607,5354,364,26,94653
64622,64608,5328,366,26,94683
64623,64609,5404,359,26,94892
64624,64610,5311,359,26,94885
64625,64611,5309,363,26,94353
64626,64612,5367,366,26,94691
64627,64613,5453,369,26,94233
64628,64614,5344,364,26,94652
64629,64615,5422,364,26,94619
64630,64616,5442,364,26,94617
64631,64617,5345,367,26,94762
64632,64618,5421,361,26,94476
64633,64619,5414,361,26,94479
64634,64620,5441,360,26,94552
64635,64621,5308,359,26,94882
64636,64622,5300,361,26,94471
64637,64623,5454,369,26,94146
64638,64624,5454,369,26,94145
64639,64625,5372,367,26,94723
64640,64626,5404,359,26,94892
64641,64627,5373,359,26,94891
64642,64628,5434,364,26,94663
64643,64629,5375,367,26,94713
64644,64630,5432,367,26,94772
64645,64631,5419,363,26,94356
64646,64632,5415,362,26,94567
64647,64633,5405,359,26,94891
64648,64634,5375,367,26,94711
64649,64635,5451,363,26,94355
64650,64636,5397,365,26,94971
64651,64637,5335,365,26,94974
64652,64638,5455,361,26,94475
64653,64639,5344,364,26,94652
64654,64640,5351,367,26,94773
64655,64641,5329,367,26,94711
64656,64642,5329,367,26,94711
64657,64643,5441,360,26,94552
64658,64644,5322,359,26,94883
64659,64645,5330,367,26,94761
64660,64646,5342,365,26,94974
64661,64647,5403,362,26,94566
64662,64648,5430,365,26,94975
64663,64649,5349,367,26,94753
64664,64650,5369,368,26,94112
64665,64651,5433,359,26,94891
64666,64652,5301,362,26,94565
64667,64653,5404,359,26,94892
64668,64654,5456,363,26,94351
64669,64655,5302,359,26,94883
64670,64656,5439,365,26,94965
64671,64657,5435,366,26,94692
64672,64658,5444,365,26,94972
64673,64659,5444,365,26,94972
64674,64660,5328,366,26,94683
64675,64661,5337,365,26,94973
64676,64662,5338,365,26,94971
64677,64663,5448,364,26,94654
64678,64664,5308,359,26,94882
64679,64665,5297,360,26,94554
64680,64666,5296,359,26,94884
64681,64667,5418,367,26,94717
64682,64668,5392,366,26,94692
64683,64669,5441,360,26,94552
64684,64670,5386,367,26,94753
64685,64671,5389,365,26,94966
64686,64672,5317,364,26,94664
64687,64673,5338,365,26,94971
64688,64674,5338,365,26,94971
64689,64675,5338,365,26,94971
64690,64676,5389,365,26,94966
64691,64677,5333,366,26,94681
64692,64678,5389,365,26,94966
64693,64679,5389,365,26,94966
64694,64680,5432,367,26,94772
64695,64681,5447,368,26,94361
64696,64682,5421,361,26,94479
64697,64683,5332,367,26,94771
64698,64684,5332,367,26,94771
64699,64685,5320,361,26,94479
64700,64686,5421,361,26,94479
64701,64687,5421,361,26,94476
64702,64688,5421,361,26,94476
64703,64689,5447,368,26,94361
64704,64690,5338,365,26,94971
64705,64691,5457,367,26,94761
64706,64692,5457,367,26,94761
64707,64693,5343,359,26,94882
64708,64694,5302,359,26,94883
64709,64695,5380,362,26,94568
64710,64696,5458,364,26,94663
64711,64697,5420,362,26,94563
64712,64698,5367,366,26,94691
64713,64699,5420,362,26,94563
64714,64700,5429,362,26,94563
64715,64701,5309,363,26,94353
64716,64702,5389,365,26,94966
64717,64703,5379,367,26,94773
64718,64704,5321,359,26,94881
64719,64705,5377,359,26,94881
64720,64706,5452,363,26,94355
64721,64707,5314,366,26,94683
64722,64708,5302,359,26,94883
64723,64709,5441,360,26,94552
64724,64710,5335,365,26,94974
64725,64711,5303,359,26,94882
64726,64712,5332,367,26,94771
64727,64713,5410,363,26,94351
64728,64714,5437,361,26,94474
64729,64715,5459,363,26,94352
64730,64716,5373,359,26,94891
64731,64717,5459,363,26,94352
64732,64718,5459,363,26,94352
64733,64719,5361,360,26,94516
64734,64720,5459,363,26,94352
64735,64721,5459,363,26,94352
64736,64722,5459,363,26,94352
64737,64723,5459,363,26,94352
64738,64724,5314,366,26,94683
64739,64725,5378,364,26,94661
64740,64726,5299,361,26,94479
64741,64727,5424,362,26,94568
64742,64728,5310,361,26,94475
64743,64729,5437,361,26,94474
64744,64730,5425,365,26,94974
64745,64731,5337,365,26,94973
64746,64732,5319,360,26,94552
64747,64733,5341,360,26,94561
64748,64734,5396,360,26,94562
64749,64735,5335,365,26,94974
64750,64736,5308,359,26,94882
64751,64737,5342,365,26,94974
64752,64738,5377,359,26,94881
64753,64739,5365,363,26,94351
64754,64740,5406,359,26,94892
64755,64741,5304,359,26,94892
64756,64742,5368,359,26,94885
64757,64743,5341,360,26,94561
64758,64744,5409,363,26,94362
64759,64745,5445,362,26,94565
64760,64746,5445,362,26,94565
64761,64747,5376,362,26,94563
64762,64748,5433,359,26,94891
64763,64749,5414,361,26,94479
64764,64750,5315,367,26,94752
64765,64751,5460,368,26,94364
64766,64752,5339,369,26,94141
64767,64753,5326,365,26,94976
64768,64754,5336,365,26,94973
64769,64755,5334,367,26,94752
64770,64756,5320,361,26,94479
64771,64757,5320,361,26,94479
64772,64758,5320,361,26,94479
64773,64759,5345,367,26,94762
64774,64760,5315,367,26,94752
64775,64761,5342,365,26,94974
64776,64762,5433,359,26,94891
64777,64763,5446,360,26,94517
64778,64764,5456,363,26,94351
64779,64765,5321,359,26,94881
64780,64766,5318,368,26,94363
64781,64767,5447,368,26,94361
64782,64768,5403,362,26,94564
64783,64769,5336,365,26,94973
64784,64770,5341,360,26,94561
64785,64771,5406,359,26,94892
64786,64772,5384,364,26,94652
64787,64773,5428,365,26,94976
64788,64774,5439,365,26,94965
64789,64775,5349,367,26,94753
64790,64776,5384,364,26,94652
64791,64777,5313,365,26,94976
64792,64778,5425,365,26,94974
64793,64779,5337,365,26,94973
64794,64780,5326,365,26,94976
64795,64781,5453,369,26,94116
64796,64782,5396,360,26,94562
64797,64783,5372,367,26,94723
64798,64784,5411,364,26,94615
64799,64785,5369,368,26,94112
64800,64786,5443,368,26,94363
64801,64787,5453,369,26,94111
64802,64788,5335,365,26,94974
64803,64789,5356,361,26,94473
64804,64790,5355,368,26,94362
64805,64791,5328,366,26,94683
64806,64792,5362,361,26,94471
64807,64793,5431,364,26,94663
64808,64794,5439,365,26,94965
64809,64795,5321,359,26,94881
64810,64796,5374,360,26,94515
64811,64797,5448,364,26,94654
64812,64798,5419,363,26,94356
64813,64799,5340,361,26,94479
64814,64800,5423,367,26,94765
64815,64801,5394,367,26,94752
64816,64802,5383,365,26,94971
64817,64803,5394,367,26,94752
64818,64804,5422,364,26,94617
64819,64805,5316,368,26,94364
64820,64806,5328,366,26,94683
64821,64807,5367,366,26,94691
64822,64808,5365,363,26,94351
64823,64809,5389,365,26,94966
64824,64810,5399,365,26,94966
64825,64811,5440,365,26,94965
64826,64812,5389,365,26,94966
64827,64813,5377,359,26,94881
64828,64814,5377,359,26,94881
64829,64815,5303,359,26,94882
64830,64816,5307,361,26,94474
64831,64817,5307,361,26,94474
64832,64818,5307,361,26,94474
64833,64819,5381,365,26,94972
64834,64820,5333,366,26,94681
64835,64821,5381,365,26,94972
64836,64822,5297,360,26,94554
64837,64823,5354,364,26,94654
64838,64824,5443,368,26,94363
64839,64825,5416,361,26,94471
64840,64826,5458,364,26,94663
64841,64827,5357,363,26,94354
64842,64828,5357,363,26,94354
64843,64829,5448,364,26,94654
64844,64830,5385,363,26,94356
64845,64831,5329,367,26,94711
64846,64832,5429,362,26,94563
64847,64833,5420,362,26,94563
64848,64834,5420,362,26,94563
64849,64835,5429,362,26,94563
64850,64836,5352,369,26,94221
64851,64837,5309,363,26,94353
64852,64838,5309,363,26,94353
64853,64839,5436,368,26,94362
64854,64840,5322,359,26,94883
64855,64841,5444,365,26,94972
64856,64842,5380,362,26,94568
64857,64843,5326,365,26,94976
64858,64844,5456,363,26,94351
64859,64845,5367,366,26,94691
64860,64846,5438,360,26,94562
64861,64847,5380,362,26,94568
64862,64848,5304,359,26,94892
64863,64849,5424,362,26,94568
64864,64850,5304,359,26,94892
64865,64851,5300,361,26,94471
64866,64852,5334,367,26,94752
64867,64853,5299,361,26,94479
64868,64854,5450,359,26,94884
64869,64855,5435,366,26,94692
64870,64856,5362,361,26,94471
64871,64857,5386,367,26,94753
64872,64858,5424,362,26,94568
64873,64859,5424,362,26,94568
64874,64860,5342,365,26,94974
64875,64861,5405,359,26,94891
64876,64862,5303,359,26,94882
64877,64863,5410,363,26,94351
64878,64864,5410,363,26,94351
64879,64865,5410,363,26,94351
64880,64866,5410,363,26,94351
64881,64867,5410,363,26,94351
64882,64868,5387,369,26,94235
64883,64869,5387,369,26,94235
64884,64870,5413,368,26,94364
64885,64871,5332,367,26,94771
64886,64872,5411,364,26,94612
64887,64873,5310,361,26,94475
64888,64874,5310,361,26,94475
64889,64875,5452,363,26,94355
64890,64876,5433,359,26,94891
64891,64877,5357,363,26,94354
64892,64878,5301,362,26,94565
64893,64879,5398,367,26,94771
64894,64880,5371,368,26,94363
64895,64881,5439,365,26,94965
64896,64882,5369,368,26,94112
64897,64883,5350,366,26,94684
64898,64884,5349,367,26,94753
64899,64885,5394,367,26,94752
64900,64886,5394,367,26,94752
64901,64887,5457,367,26,94761
64902,64888,5349,367,26,94753
64903,64889,5330,367,26,94761
64904,64890,5457,367,26,94761
64905,64891,5372,367,26,94723
64906,64892,5415,362,26,94567
64907,64893,5322,359,26,94883
64908,64894,5296,359,26,94884
64909,64895,5413,368,26,94364
64910,64896,5372,367,26,94723
64911,64897,5367,366,26,94691
64912,64898,5343,359,26,94882
64913,64899,5368,359,26,94885
64914,64900,5302,359,26,94883
64915,64901,5457,367,26,94761
64916,64902,5321,359,26,94881
64917,64903,5365,363,26,94351
64918,64904,5456,363,26,94351
64919,64905,5365,363,26,94351
64920,64906,5365,363,26,94351
64921,64907,5375,367,26,94711
64922,64908,5402,362,26,94568
64923,64909,5319,360,26,94552
64924,64910,5351,367,26,94773
64925,64911,5435,366,26,94692
64926,64912,5375,367,26,94711
64927,64913,5418,367,26,94717
64928,64914,5408,367,26,94762
64929,64915,5411,364,26,94614
64930,64916,5362,361,26,94471
64931,64917,5461,364,26,94653
64932,64918,5446,360,26,94518
64933,64919,5423,367,26,94765
64934,64920,5335,365,26,94974
64935,64921,5316,368,26,94364
64936,64922,5447,368,26,94361
64937,64923,5356,361,26,94473
64938,64924,5319,360,26,94552
64939,64925,5421,361,26,94479
64940,64926,5364,360,26,94553
64941,64927,5455,361,26,94475
64942,64928,5455,361,26,94475
64943,64929,5377,359,26,94881
64944,64930,5392,366,26,94692
64945,64931,5462,361,26,94473
64946,64932,5363,366,26,94681
64947,64933,5451,363,26,94355
64948,64934,5378,364,26,94661
64949,64935,5435,366,26,94692
64950,64936,5410,363,26,94351
64951,64937,5408,367,26,94762
64952,64938,5363,366,26,94681
64953,64939,5394,367,26,94752
64954,64940,5394,367,26,94752
64955,64941,5383,365,26,94971
64956,64942,5373,359,26,94891
64957,64943,5452,363,26,94355
64958,64944,5365,363,26,94351
64959,64945,5414,361,26,94479
64960,64946,5383,365,26,94971
64961,64947,5367,366,26,94691
64962,64948,5388,364,26,94652
64963,64949,5378,364,26,94661
64964,64950,5319,360,26,94552
64965,64951,5419,363,26,94356
64966,64952,5314,366,26,94683
64967,64953,5319,360,26,94552
64968,64954,5454,369,26,94148
64969,64955,5454,369,26,94148
64970,64956,5344,364,26,94652
64971,64957,5351,367,26,94773
64972,64958,5369,368,26,94112
64973,64959,5322,359,26,94883
64974,64960,5404,359,26,94892
64975,64961,5343,359,26,94882
64976,64962,5399,365,26,94966
64977,64963,5303,359,26,94882
64978,64964,5311,359,26,94885
64979,64965,5375,367,26,94711
64980,64966,5445,362,26,94565
64981,64967,5301,362,26,94565
64982,64968,5452,363,26,94355
64983,64969,5455,361,26,94475
64984,64970,5455,361,26,94475
64985,64971,5455,361,26,94475
64986,64972,5324,367,26,94765
64987,64973,5304,359,26,94892
64988,64974,5401,359,26,94885
64989,64975,5401,359,26,94885
64990,64976,5386,367,26,94753
64991,64977,5346,367,26,94753
64992,64978,5350,366,26,94684
64993,64979,5423,367,26,94765
64994,64980,5423,367,26,94765
64995,64981,5347,368,26,94361
64996,64982,5330,367,26,94761
64997,64983,5369,368,26,94112
64998,64984,5452,363,26,94355
64999,64985,5384,364,26,94652
65000,64986,5463,365,26,94971
65001,64987,5309,363,26,94353
65002,64988,5413,368,26,94364
65003,64989,5464,361,26,94474
65004,64990,5421,361,26,94479
65005,64991,5313,365,26,94976
65006,64992,5320,361,26,94479
65007,64993,5407,366,26,94682
65008,64994,5336,365,26,94973
65009,64995,5430,365,26,94975
65010,64996,5309,363,26,94353
65011,64997,5384,364,26,94652
65012,64998,5384,364,26,94652
65013,64999,5416,361,26,94471
65014,65000,5362,361,26,94471
65015,65001,5408,367,26,94762
65016,65002,5450,359,26,94884
65017,65003,5349,367,26,94753
65018,65004,5363,366,26,94681
65019,65005,5373,359,26,94891
65020,65006,5336,365,26,94973
65021,65007,5430,365,26,94975
65022,65008,5336,365,26,94973
65023,65009,5436,368,26,94362
65024,65010,5430,365,26,94975
65025,65011,5371,368,26,94363
65026,65012,5434,364,26,94663
65027,65013,5424,362,26,94568
65028,65014,5328,366,26,94683
65029,65015,5395,361,26,94471
65030,65016,5381,365,26,94972
65031,65017,5363,366,26,94681
65032,65018,5370,364,26,94664
65033,65019,5370,364,26,94664
65034,65020,5431,364,26,94663
65035,65021,5394,367,26,94752
65036,65022,5370,364,26,94664
65037,65023,5440,365,26,94965
65038,65024,5299,361,26,94479
65039,65025,5406,359,26,94892
65040,65026,5430,365,26,94975
65041,65027,5404,359,26,94892
65042,65028,5409,363,26,94362
65043,65029,5365,363,26,94351
65044,65030,5456,363,26,94351
65045,65031,5423,367,26,94765
65046,65032,5461,364,26,94653
65047,65033,5423,367,26,94765
65048,65034,5465,364,26,94664
65049,65035,5452,363,26,94355
65050,65036,5376,362,26,94563
65051,65037,5330,367,26,94761
65052,65038,5336,365,26,94973
65053,65039,5421,361,26,94476
65054,65040,5444,365,26,94972
65055,65041,5421,361,26,94476
65056,65042,5362,361,26,94471
65057,65043,5308,359,26,94882
65058,65044,5434,364,26,94664
65059,65045,5297,360,26,94554
65060,65046,5323,367,26,94765
65061,65047,5324,367,26,94765
65062,65048,5323,367,26,94765
65063,65049,5324,367,26,94765
65064,65050,5404,359,26,94892
65065,65051,5343,359,26,94882
65066,65052,5432,367,26,94772
65067,65053,5444,365,26,94972
65068,65054,5409,363,26,94362
65069,65055,5407,366,26,94682
65070,65056,5443,368,26,94363
65071,65057,5428,365,26,94976
65072,65058,5391,362,26,94564
65073,65059,5442,364,26,94618
65074,65060,5442,364,26,94618
65075,65061,5397,365,26,94971
65076,65062,5323,367,26,94765
65077,65063,5324,367,26,94765
65078,65064,5376,362,26,94563
65079,65065,5463,365,26,94971
65080,65066,5372,367,26,94723
65081,65067,5397,365,26,94971
65082,65068,5397,365,26,94971
65083,65069,5367,366,26,94691
65084,65070,5298,359,26,94891
65085,65071,5444,365,26,94972
65086,65072,5303,359,26,94882
65087,65073,5445,362,26,94565
65088,65074,5376,362,26,94563
65089,65075,5463,365,26,94971
65090,65076,5301,362,26,94565
65091,65077,5298,359,26,94891
65092,65078,5308,359,26,94882
65093,65079,5343,359,26,94882
65094,65080,5391,362,26,94563
65095,65081,5391,362,26,94564
65096,65082,5389,365,26,94966
65097,65083,5430,365,26,94975
65098,65084,5369,368,26,94112
65099,65085,5421,361,26,94476
65100,65086,5299,361,26,94479
65101,65087,5299,361,26,94479
65102,65088,5299,361,26,94479
65103,65089,5299,361,26,94479
65104,65090,5413,368,26,94364
65105,65091,5350,366,26,94684
65106,65092,5361,360,26,94516
65107,65093,5310,361,26,94475
65108,65094,5314,366,26,94683
65109,65095,5380,362,26,94568
65110,65096,5391,362,26,94563
65111,65097,5323,367,26,94765
65112,65098,5446,360,26,94518
65113,65099,5324,367,26,94765
65114,65100,5315,367,26,94752
65115,65101,5374,360,26,94513
65116,65102,5416,361,26,94471
65117,65103,5457,367,26,94761
65118,65104,5457,367,26,94761
65119,65105,5457,367,26,94761
65120,65106,5457,367,26,94761
65121,65107,5337,365,26,94973
65122,65108,5371,368,26,94363
65123,65109,5424,362,26,94568
65124,65110,5349,367,26,94753
65125,65111,5404,359,26,94892
65126,65112,5403,362,26,94564
65127,65113,5430,365,26,94975
65128,65114,5413,368,26,94364
65129,65115,5404,359,26,94892
65130,65116,5363,366,26,94681
65131,65117,5409,363,26,94362
65132,65118,5429,362,26,94563
65133,65119,5394,367,26,94752
65134,65120,5332,367,26,94771
65135,65121,5334,367,26,94752
65136,65122,5345,367,26,94762
65137,65123,5450,359,26,94884
65138,65124,5417,369,26,94222
65139,65125,5393,361,26,94479
65140,65126,5353,363,26,94352
65141,65127,5346,367,26,94753
65142,65128,5336,365,26,94973
65143,65129,5310,361,26,94475
65144,65130,5385,363,26,94356
65145,65131,5385,363,26,94356
65146,65132,5310,361,26,94475
65147,65133,5421,361,26,94476
65148,65134,5319,360,26,94552
65149,65135,5319,360,26,94552
65150,65136,5307,361,26,94474
65151,65137,5446,360,26,94517
65152,65138,5421,361,26,94479
65153,65139,5341,360,26,94561
65154,65140,5320,361,26,94479
65155,65141,5441,360,26,94552
65156,65142,5421,361,26,94476
65157,65143,5312,361,26,94476
65158,65144,5364,360,26,94553
65159,65145,5319,360,26,94552
65160,65146,5377,359,26,94881
65161,65147,5322,359,26,94883
65162,65148,5362,361,26,94471
65163,65149,5435,366,26,94692
65164,65150,5416,361,26,94471
65165,65151,5413,368,26,94364
65166,65152,5299,361,26,94479
65167,65153,5434,364,26,94664
65168,65154,5308,359,26,94882
65169,65155,5377,359,26,94881
65170,65156,5357,363,26,94354
65171,65157,5408,367,26,94762
65172,65158,5343,359,26,94882
65173,65159,5449,368,26,94364
65174,65160,5345,367,26,94762
65175,65161,5345,367,26,94762
65176,65162,5379,367,26,94773
65177,65163,5425,365,26,94974
65178,65164,5463,365,26,94971
65179,65165,5337,365,26,94973
65180,65166,5414,361,26,94479
65181,65167,5414,361,26,94479
65182,65168,5365,363,26,94351
65183,65169,5436,368,26,94362
65184,65170,5369,368,26,94112
65185,65171,5381,365,26,94972
65186,65172,5303,359,26,94882
65187,65173,5305,363,26,94353
65188,65174,5402,362,26,94568
65189,65175,5446,360,26,94518
65190,65176,5443,368,26,94363
65191,65177,5331,364,26,94654
65192,65178,5335,365,26,94974
65193,65179,5342,365,26,94974
65194,65180,5430,365,26,94975
65195,65181,5388,364,26,94652
65196,65182,5344,364,26,94652
65197,65183,5314,366,26,94683
65198,65184,5351,367,26,94773
65199,65185,5330,367,26,94761
65200,65186,5432,367,26,94772
65201,65187,5297,360,26,94554
65202,65188,5430,365,26,94975
65203,65189,5430,365,26,94975
65204,65190,5355,368,26,94362
65205,65191,5304,359,26,94892
65206,65192,5342,365,26,94974
65207,65193,5330,367,26,94761
65208,65194,5457,367,26,94761
65209,65195,5361,360,26,94516
65210,65196,5315,367,26,94752
65211,65197,5408,367,26,94762
65212,65198,5377,359,26,94881
65213,65199,5404,359,26,94892
65214,65200,5304,359,26,94892
65215,65201,5343,359,26,94882
65216,65202,5405,359,26,94891
65217,65203,5401,359,26,94885
65218,65204,5445,362,26,94565
65219,65205,5346,367,26,94753
65220,65206,5315,367,26,94752
65221,65207,5342,365,26,94974
65222,65208,5449,368,26,94364
65223,65209,5303,359,26,94882
65224,65210,5303,359,26,94882
65225,65211,5368,359,26,94885
65226,65212,5443,368,26,94363
65227,65213,5321,359,26,94881
65228,65214,5393,361,26,94479
65229,65215,5366,361,26,94476
65230,65216,5366,361,26,94476
65231,65217,5366,361,26,94476
65232,65218,5451,363,26,94355
65233,65219,5380,362,26,94568
65234,65220,5443,368,26,94363
65235,65221,5360,363,26,94362
65236,65222,5417,369,26,94238
65237,65223,5439,365,26,94965
65238,65224,5431,364,26,94663
65239,65225,5404,359,26,94892
65240,65226,5374,360,26,94511
65241,65227,5436,368,26,94362
65242,65228,5339,369,26,94141
65243,65229,5383,365,26,94971
65244,65230,5409,363,26,94362
65245,65231,5434,364,26,94664
65246,65232,5333,366,26,94681
65247,65233,5370,364,26,94664
65248,65234,5303,359,26,94882
65249,65235,5423,367,26,94765
65250,65236,5424,362,26,94568
65251,65237,5444,365,26,94972
65252,65238,5370,364,26,94664
65253,65239,5299,361,26,94479
65254,65240,5299,361,26,94479
65255,65241,5449,368,26,94364
65256,65242,5378,364,26,94661
65257,65243,5359,363,26,94356
65258,65244,5327,361,26,94471
65259,65245,5379,367,26,94773
65260,65246,5379,367,26,94773
65261,65247,5307,361,26,94474
65262,65248,5419,363,26,94356
65263,65249,5301,362,26,94565
65264,65250,5342,365,26,94974
65265,65251,5445,362,26,94565
65266,65252,5370,364,26,94664
65267,65253,5458,364,26,94663
65268,65254,5409,363,26,94362
65269,65255,5388,364,26,94652
65270,65256,5339,369,26,94143
65271,65257,5339,369,26,94143
65272,65258,5307,361,26,94474
65273,65259,5444,365,26,94972
65274,65260,5407,366,26,94682
65275,65261,5369,368,26,94112
65276,65262,5393,361,26,94479
65277,65263,5362,361,26,94471
65278,65264,5300,361,26,94471
65279,65265,5326,365,26,94976
65280,65266,5419,363,26,94356
65281,65267,5423,367,26,94765
65282,65268,5433,359,26,94891
65283,65269,5370,364,26,94664
65284,65270,5392,366,26,94692
65285,65271,5310,361,26,94475
65286,65272,5314,366,26,94683
65287,65273,5388,364,26,94652
65288,65274,5302,359,26,94883
65289,65275,5435,366,26,94692
65290,65276,5399,365,26,94966
65291,65277,5369,368,26,94112
65292,65278,5326,365,26,94976
65293,65279,5397,365,26,94971
65294,65280,5326,365,26,94976
65295,65281,5366,361,26,94476
65296,65282,5395,361,26,94471
65297,65283,5395,361,26,94471
65298,65284,5440,365,26,94965
65299,65285,5450,359,26,94884
65300,65286,5377,359,26,94881
65301,65287,5308,359,26,94882
65302,65288,5370,364,26,94664
65303,65289,5417,369,26,94239
65304,65290,5439,365,26,94965
65305,65291,5445,362,26,94565
65306,65292,5414,361,26,94479
65307,65293,5414,361,26,94479
65308,65294,5347,368,26,94361
65309,65295,5385,363,26,94356
65310,65296,5346,367,26,94753
65311,65297,5395,361,26,94471
65312,65298,5316,368,26,94364
65313,65299,5434,364,26,94664
65314,65300,5458,364,26,94663
65315,65301,5400,369,26,94232
65316,65302,5399,365,26,94966
65317,65303,5320,361,26,94479
65318,65304,5431,364,26,94663
65319,65305,5347,368,26,94361
65320,65306,5346,367,26,94753
65321,65307,5445,362,26,94565
65322,65308,5315,367,26,94752
65323,65309,5384,364,26,94652
65324,65310,5396,360,26,94562
65325,65311,5466,361,26,94474
65326,65312,5324,367,26,94765
65327,65313,5380,362,26,94568
65328,65314,5303,359,26,94882
65329,65315,5315,367,26,94752
65330,65316,5342,365,26,94974
65331,65317,5453,369,26,94115
65332,65318,5333,366,26,94681
65333,65319,5315,367,26,94752
65334,65320,5372,367,26,94723
65335,65321,5358,368,26,94361
65336,65322,5381,365,26,94972
65337,65323,5415,362,26,94567
65338,65324,5409,363,26,94362
65339,65325,5409,363,26,94362
65340,65326,5434,364,26,94663
65341,65327,5342,365,26,94974
65342,65328,5455,361,26,94475
65343,65329,5349,367,26,94753
65344,65330,5445,362,26,94565
65345,65331,5362,361,26,94471
65346,65332,5413,368,26,94364
65347,65333,5451,363,26,94355
65348,65334,5398,367,26,94771
65349,65335,5368,359,26,94885
65350,65336,5419,363,26,94356
65351,65337,5349,367,26,94753
65352,65338,5415,362,26,94567
65353,65339,5399,365,26,94966
65354,65340,5403,362,26,94566
65355,65341,5322,359,26,94883
65356,65342,5405,359,26,94891
65357,65343,5302,359,26,94883
65358,65344,5435,366,26,94692
65359,65345,5348,368,26,94362
65360,65346,5332,367,26,94771
65361,65347,5381,365,26,94972
65362,65348,5437,361,26,94474
65363,65349,5298,359,26,94891
65364,65350,5391,362,26,94564
65365,65351,5433,359,26,94891
65366,65352,5447,368,26,94361
65367,65353,5445,362,26,94565
65368,65354,5456,363,26,94351
65369,65355,5412,367,26,94773
65370,65356,5342,365,26,94974
65371,65357,5399,365,26,94966
65372,65358,5445,362,26,94565
65373,65359,5342,365,26,94974
65374,65360,5379,367,26,94773
65375,65361,5342,365,26,94974
65376,65362,5328,366,26,94683
65377,65363,5430,365,26,94975
65378,65364,5430,365,26,94975
65379,65365,5342,365,26,94974
65380,65366,5361,360,26,94516
65381,65367,5346,367,26,94753
65382,65368,5358,368,26,94361
65383,65369,5428,365,26,94976
65384,65370,5318,368,26,94363
65385,65371,5432,367,26,94772
65386,65372,5325,361,26,94473
65387,65373,5350,366,26,94684
65388,65374,5425,365,26,94974
65389,65375,5336,365,26,94973
65390,65376,5316,368,26,94364
65391,65377,5432,367,26,94772
65392,65378,5451,363,26,94355
65393,65379,5422,364,26,94619
65394,65380,5386,367,26,94753
65395,65381,5316,368,26,94364
65396,65382,5391,362,26,94564
65397,65383,5371,368,26,94363
65398,65384,5347,368,26,94361
65399,65385,5423,367,26,94765
65400,65386,5351,367,26,94773
65401,65387,5316,368,26,94364
65402,65388,5419,363,26,94356
65403,65389,5412,367,26,94773
65404,65390,5409,363,26,94362
65405,65391,5358,368,26,94361
65406,65392,5407,366,26,94682
65407,65393,5354,364,26,94653
65408,65394,5348,368,26,94362
65409,65395,5399,365,26,94966
65410,65396,5331,364,26,94654
65411,65397,5324,367,26,94765
65412,65398,5384,364,26,94652
65413,65399,5343,359,26,94882
65414,65400,5419,363,26,94356
65415,65401,5341,360,26,94561
65416,65402,5303,359,26,94882
65417,65403,5350,366,26,94684
65418,65404,5314,366,26,94683
65419,65405,5439,365,26,94965
65420,65406,5439,365,26,94965
65421,65407,5342,365,26,94974
65422,65408,5346,367,26,94753
65423,65409,5311,359,26,94885
65424,65410,5296,359,26,94884
65425,65411,5327,361,26,94471
65426,65412,5336,365,26,94973
65427,65413,5349,367,26,94753
65428,65414,5311,359,26,94885
65429,65415,5296,359,26,94884
65430,65416,5322,359,26,94883
65431,65417,5299,361,26,94479
65432,65418,5317,364,26,94664
65433,65419,5392,366,26,94692
65434,65420,5394,367,26,94752
65435,65421,5329,367,26,94711
65436,65422,5382,363,26,94353
65437,65423,5371,368,26,94363
65438,65424,5314,366,26,94683
65439,65425,5323,367,26,94765
65440,65426,5324,367,26,94765
65441,65427,5381,365,26,94972
65442,65428,5456,363,26,94351
65443,65429,5446,360,26,94518
65444,65430,5465,364,26,94664
65445,65431,5299,361,26,94479
65446,65432,5319,360,26,94552
65447,65433,5396,360,26,94562
65448,65434,5365,363,26,94351
65449,65435,5365,363,26,94351
65450,65436,5365,363,26,94351
65451,65437,5443,368,26,94363
65452,65438,5315,367,26,94752
65453,65439,5330,367,26,94761
65454,65440,5359,363,26,94356
65455,65441,5324,367,26,94765
65456,65442,5326,365,26,94976
65457,65443,5430,365,26,94975
65458,65444,5425,365,26,94974
65459,65445,5296,359,26,94884
65460,65446,5358,368,26,94361
65461,65447,5361,360,26,94516
65462,65448,5343,359,26,94882
65463,65449,5394,367,26,94752
65464,65450,5296,359,26,94884
65465,65451,5463,365,26,94971
65466,65452,5428,365,26,94976
65467,65453,5328,366,26,94683
65468,65454,5333,366,26,94681
65469,65455,5341,360,26,94561
65470,65456,5431,364,26,94663
65471,65457,5388,364,26,94652
65472,65458,5458,364,26,94663
65473,65459,5314,366,26,94683
65474,65460,5414,361,26,94479
65475,65461,5396,360,26,94562
65476,65462,5458,364,26,94663
65477,65463,5321,359,26,94881
65478,65464,5365,363,26,94351
65479,65465,5406,359,26,94892
65480,65466,5462,361,26,94473
65481,65467,5462,361,26,94473
65482,65468,5462,361,26,94473
65483,65469,5462,361,26,94473
65484,65470,5462,361,26,94473
65485,65471,5462,361,26,94473
65486,65472,5462,361,26,94473
65487,65473,5462,361,26,94473
65488,65474,5462,361,26,94473
65489,65475,5458,364,26,94663
65490,65476,5330,367,26,94761
65491,65477,5457,367,26,94761
65492,65478,5422,364,26,94613
65493,65479,5444,365,26,94972
65494,65480,5321,359,26,94881
65495,65481,5306,364,26,94653
65496,65482,5316,368,26,94364
65497,65483,5299,361,26,94479
65498,65484,5323,367,26,94765
65499,65485,5324,367,26,94765
65500,65486,5322,359,26,94883
65501,65487,5324,367,26,94765
65502,65488,5315,367,26,94752
65503,65489,5412,367,26,94773
65504,65490,5378,364,26,94661
65505,65491,5432,367,26,94772
65506,65492,5364,360,26,94553
65507,65493,5455,361,26,94475
65508,65494,5367,366,26,94691
65509,65495,5310,361,26,94475
65510,65496,5357,363,26,94354
65511,65497,5460,368,26,94364
65512,65498,5460,368,26,94364
65513,65499,5441,360,26,94552
65514,65500,5452,363,26,94355
65515,65501,5446,360,26,94518
65516,65502,5355,368,26,94362
65517,65503,5359,363,26,94356
65518,65504,5466,361,26,94474
65519,65505,5347,368,26,94361
65520,65506,5460,368,26,94364
65521,65507,5452,363,26,94355
65522,65508,5413,368,26,94364
65523,65509,5323,367,26,94765
65524,65510,5310,361,26,94475
65525,65511,5310,361,26,94475
65526,65512,5310,361,26,94475
65527,65513,5310,361,26,94475
65528,65514,5374,360,26,94512
65529,65515,5323,367,26,94765
65530,65516,5324,367,26,94765
65531,65517,5307,361,26,94474
65532,65518,5307,361,26,94474
65533,65519,5307,361,26,94474
65534,65520,5340,361,26,94479
65535,65521,5413,368,26,94364
65536,65522,5413,368,26,94364
65537,65523,5413,368,26,94364
65538,65524,5413,368,26,94364
65539,65525,5320,361,26,94479
65540,65526,5466,361,26,94474
65541,65527,5455,361,26,94475
65542,65528,5455,361,26,94475
65543,65529,5455,361,26,94475
65544,65530,5455,361,26,94475
65545,65531,5316,368,26,94364
65546,65532,5305,363,26,94353
65547,65533,5310,361,26,94475
65548,65534,5427,369,26,94227
65549,65535,5437,361,26,94474
65550,65536,5378,364,26,94661
65551,65537,5464,361,26,94474
65552,65538,5381,365,26,94972
65553,65539,5390,364,26,94653
65554,65540,5441,360,26,94552
65555,65541,5455,361,26,94475
65556,65542,5452,363,26,94355
65557,65543,5364,360,26,94553
65558,65544,5364,360,26,94553
65559,65545,5449,368,26,94364
65560,65546,5386,367,26,94753
65561,65547,5386,367,26,94753
65562,65548,5432,367,26,94772
65563,65549,5418,367,26,94717
65564,65550,5315,367,26,94752
65565,65551,5324,367,26,94765
65566,65552,5423,367,26,94765
65567,65553,5305,363,26,94353
65568,65554,5455,361,26,94475
65569,65555,5455,361,26,94475
65570,65556,5317,364,26,94664
65571,65557,5324,367,26,94765
65572,65558,5466,361,26,94474
65573,65559,5464,361,26,94474
65574,65560,5464,361,26,94474
65575,65561,5408,367,26,94762
65576,65562,5310,361,26,94475
65577,65563,5316,368,26,94364
65578,65564,5378,364,26,94661
65579,65565,5419,363,26,94356
65580,65566,5310,361,26,94475
65581,65567,5305,363,26,94353
65582,65568,5357,363,26,94354
65583,65569,5452,363,26,94355
65584,65570,5352,369,26,94221
65585,65571,5332,367,26,94771
65586,65572,5345,367,26,94762
65587,65573,5335,365,26,94974
65588,65574,5315,367,26,94752
65589,65575,5359,363,26,94356
65590,65576,5452,363,26,94355
65591,65577,5371,368,26,94363
65592,65578,5398,367,26,94771
65593,65579,5398,367,26,94771
65594,65580,5296,359,26,94884
65595,65581,5431,364,26,94663
65596,65582,5375,367,26,94713
65597,65583,5436,368,26,94362
65598,65584,5330,367,26,94761
65599,65585,5428,365,26,94976
65600,65586,5428,365,26,94976
65601,65587,5297,360,26,94554
65602,65588,5404,359,26,94892
65603,65589,5426,368,26,94364
65604,65590,5445,362,26,94565
65605,65591,5308,359,26,94882
65606,65592,5447,368,26,94361
65607,65593,5413,368,26,94364
65608,65594,5340,361,26,94479
65609,65595,5303,359,26,94882
65610,65596,5408,367,26,94762
65611,65597,5350,366,26,94684
65612,65598,5408,367,26,94762
65613,65599,5458,364,26,94663
65614,65600,5356,361,26,94473
65615,65601,5356,361,26,94473
65616,65602,5398,367,26,94771
65617,65603,5383,365,26,94971
65618,65604,5309,363,26,94353
65619,65605,5421,361,26,94476
65620,65606,5346,367,26,94753
65621,65607,5323,367,26,94765
65622,65608,5386,367,26,94753
65623,65609,5416,361,26,94471
65624,65610,5314,366,26,94683
65625,65611,5308,359,26,94882
65626,65612,5371,368,26,94363
65627,65613,5355,368,26,94362
65628,65614,5312,361,26,94476
65629,65615,5365,363,26,94351
65630,65616,5424,362,26,94568
65631,65617,5440,365,26,94965
65632,65618,5414,361,26,94479
65633,65619,5406,359,26,94892
65634,65620,5455,361,26,94475
65635,65621,5455,361,26,94475
65636,65622,5455,361,26,94475
65637,65623,5455,361,26,94475
65638,65624,5463,365,26,94971
65639,65625,5406,359,26,94892
65640,65626,5406,359,26,94892
65641,65627,5439,365,26,94965
65642,65628,5430,365,26,94975
65643,65629,5378,364,26,94661
65644,65630,5394,367,26,94752
65645,65631,5454,369,26,94147
65646,65632,5465,364,26,94664
65647,65633,5436,368,26,94362
65648,65634,5407,366,26,94682
65649,65635,5390,364,26,94653
65650,65636,5419,363,26,94356
65651,65637,5380,362,26,94568
65652,65638,5351,367,26,94773
65653,65639,5377,359,26,94881
65654,65640,5351,367,26,94773
65655,65641,5351,367,26,94773
65656,65642,5453,369,26,94118
65657,65643,5315,367,26,94752
65658,65644,5445,362,26,94565
65659,65645,5461,364,26,94653
65660,65646,5383,365,26,94971
65661,65647,5307,361,26,94474
65662,65648,5305,363,26,94353
65663,65649,5444,365,26,94972
65664,65650,5344,364,26,94652
65665,65651,5378,364,26,94661
65666,65652,5381,365,26,94972
65667,65653,5383,365,26,94971
65668,65654,5452,363,26,94355
65669,65655,5374,360,26,94516
65670,65656,5415,362,26,94567
65671,65657,5360,363,26,94362
65672,65658,5440,365,26,94965
65673,65659,5350,366,26,94684
65674,65660,5407,366,26,94682
65675,65661,5315,367,26,94752
65676,65662,5378,364,26,94661
65677,65663,5297,360,26,94554
65678,65664,5444,365,26,94972
65679,65665,5316,368,26,94364
65680,65666,5325,361,26,94473
65681,65667,5365,363,26,94351
65682,65668,5381,365,26,94972
65683,65669,5363,366,26,94681
65684,65670,5453,369,26,94234
65685,65671,5365,363,26,94351
65686,65672,5444,365,26,94972
65687,65673,5338,365,26,94971
65688,65674,5464,361,26,94474
65689,65675,5425,365,26,94974
65690,65676,5383,365,26,94971
65691,65677,5403,362,26,94564
65692,65678,5432,367,26,94772
65693,65679,5412,367,26,94773
65694,65680,5330,367,26,94761
65695,65681,5322,359,26,94883
65696,65682,5371,368,26,94363
65697,65683,5388,364,26,94652
65698,65684,5425,365,26,94974
65699,65685,5367,366,26,94691
65700,65686,5367,366,26,94691
65701,65687,5410,363,26,94351
65702,65688,5430,365,26,94975
65703,65689,5357,363,26,94354
65704,65690,5367,366,26,94691
65705,65691,5430,365,26,94975
65706,65692,5418,367,26,94717
65707,65693,5433,359,26,94891
65708,65694,5430,365,26,94975
65709,65695,5351,367,26,94773
65710,65696,5393,361,26,94479
65711,65697,5393,361,26,94479
65712,65698,5393,361,26,94479
65713,65699,5434,364,26,94664
65714,65700,5309,363,26,94353
65715,65701,5381,365,26,94972
65716,65702,5377,359,26,94881
65717,65703,5321,359,26,94881
65718,65704,5368,359,26,94885
65719,65705,5303,359,26,94882
65720,65706,5363,366,26,94681
65721,65707,5377,359,26,94881
65722,65708,5400,369,26,94236
65723,65709,5400,369,26,94236
65724,65710,5432,367,26,94772
65725,65711,5437,361,26,94474
65726,65712,5360,363,26,94362
65727,65713,5417,369,26,94237
65728,65714,5403,362,26,94566
65729,65715,5333,366,26,94681
65730,65716,5402,362,26,94568
65731,65717,5411,364,26,94615
65732,65718,5379,367,26,94773
65733,65719,5396,360,26,94562
65734,65720,5346,367,26,94753
65735,65721,5341,360,26,94561
65736,65722,5458,364,26,94663
65737,65723,5431,364,26,94663
65738,65724,5430,365,26,94975
65739,65725,5350,366,26,94684
65740,65726,5350,366,26,94684
65741,65727,5346,367,26,94753
65742,65728,5382,363,26,94353
65743,65729,5310,361,26,94475
65744,65730,5435,366,26,94692
65745,65731,5403,362,26,94564
65746,65732,5394,367,26,94752
65747,65733,5312,361,26,94476
65748,65734,5396,360,26,94562
65749,65735,5298,359,26,94891
65750,65736,5402,362,26,94568
65751,65737,5404,359,26,94892
65752,65738,5319,360,26,94552
65753,65739,5446,360,26,94517
65754,65740,5433,359,26,94891
65755,65741,5401,359,26,94885
65756,65742,5409,363,26,94362
65757,65743,5416,361,26,94471
65758,65744,5317,364,26,94664
65759,65745,5355,368,26,94362
65760,65746,5355,368,26,94362
65761,65747,5389,365,26,94966
65762,65748,5392,366,26,94692
65763,65749,5312,361,26,94476
65764,65750,5341,360,26,94561
65765,65751,5414,361,26,94479
65766,65752,5414,361,26,94479
65767,65753,5414,361,26,94479
65768,65754,5414,361,26,94479
65769,65755,5310,361,26,94475
65770,65756,5389,365,26,94966
65771,65757,5332,367,26,94771
65772,65758,5412,367,26,94773
65773,65759,5315,367,26,94752
65774,65760,5298,359,26,94891
65775,65761,5427,369,26,94228
65776,65762,5381,365,26,94972
65777,65763,5381,365,26,94972
65778,65764,5324,367,26,94765
65779,65765,5324,367,26,94765
65780,65766,5320,361,26,94479
65781,65767,5434,364,26,94663
65782,65768,5463,365,26,94971
65783,65769,5440,365,26,94965
65784,65770,5384,364,26,94652
65785,65771,5378,364,26,94661
65786,65772,5309,363,26,94353
65787,65773,5309,363,26,94353
65788,65774,5407,366,26,94682
65789,65775,5344,364,26,94652
65790,65776,5346,367,26,94753
65791,65777,5328,366,26,94683
65792,65778,5401,359,26,94885
65793,65779,5327,361,26,94471
65794,65780,5327,361,26,94471
65795,65781,5401,359,26,94885
65796,65782,5450,359,26,94884
65797,65783,5383,365,26,94971
65798,65784,5336,365,26,94973
65799,65785,5336,365,26,94973
65800,65786,5307,361,26,94474
65801,65787,5463,365,26,94971
65802,65788,5406,359,26,94892
65803,65789,5324,367,26,94765
65804,65790,5394,367,26,94752
65805,65791,5323,367,26,94765
65806,65792,5324,367,26,94765
65807,65793,5349,367,26,94753
65808,65794,5465,364,26,94663
65809,65795,5384,364,26,94652
65810,65796,5315,367,26,94752
65811,65797,5333,366,26,94681
65812,65798,5381,365,26,94972
65813,65799,5317,364,26,94664
65814,65800,5381,365,26,94972
65815,65801,5384,364,26,94652
65816,65802,5325,361,26,94473
65817,65803,5325,361,26,94473
65818,65804,5325,361,26,94473
65819,65805,5317,364,26,94664
65820,65806,5345,367,26,94762
65821,65807,5380,362,26,94568
65822,65808,5363,366,26,94681
65823,65809,5405,359,26,94891
65824,65810,5324,367,26,94765
65825,65811,5308,359,26,94882
65826,65812,5373,359,26,94891
65827,65813,5307,361,26,94474
65828,65814,5307,361,26,94474
65829,65815,5365,363,26,94351
65830,65816,5302,359,26,94883
65831,65817,5318,368,26,94363
65832,65818,5439,365,26,94965
65833,65819,5418,367,26,94717
65834,65820,5315,367,26,94752
65835,65821,5307,361,26,94474
65836,65822,5363,366,26,94681
65837,65823,5349,367,26,94753
65838,65824,5322,359,26,94883
65839,65825,5412,367,26,94773
65840,65826,5302,359,26,94883
65841,65827,5448,364,26,94654
65842,65828,5466,361,26,94474
65843,65829,5312,361,26,94476
65844,65830,5312,361,26,94476
65845,65831,5312,361,26,94476
65846,65832,5466,361,26,94474
65847,65833,5466,361,26,94474
65848,65834,5357,363,26,94354
65849,65835,5443,368,26,94363
65850,65836,5397,365,26,94971
65851,65837,5393,361,26,94479
65852,65838,5364,360,26,94553
65853,65839,5432,367,26,94772
65854,65840,5311,359,26,94885
65855,65841,5443,368,26,94363
65856,65842,5439,365,26,94965
65857,65843,5357,363,26,94354
65858,65844,5313,365,26,94976
65859,65845,5453,369,26,94119
65860,65846,5296,359,26,94884
65861,65847,5359,363,26,94356
65862,65848,5392,366,26,94692
65863,65849,5328,366,26,94683
65864,65850,5412,367,26,94773
65865,65851,5378,364,26,94661
65866,65852,5315,367,26,94752
65867,65853,5333,366,26,94681
65868,65854,5316,368,26,94364
65869,65855,5445,362,26,94565
65870,65856,5375,367,26,94711
65871,65857,5463,365,26,94971
65872,65858,5450,359,26,94884
65873,65859,5431,364,26,94663
65874,65860,5308,359,26,94882
65875,65861,5313,365,26,94976
65876,65862,5464,361,26,94474
65877,65863,5425,365,26,94974
65878,65864,5466,361,26,94474
65879,65865,5466,361,26,94474
65880,65866,5354,364,26,94653
65881,65867,5371,368,26,94363
65882,65868,5404,359,26,94892
65883,65869,5325,361,26,94473
65884,65870,5430,365,26,94975
65885,65871,5365,363,26,94351
65886,65872,5323,367,26,94765
65887,65873,5452,363,26,94355
65888,65874,5409,363,26,94362
65889,65875,5456,363,26,94351
65890,65876,5397,365,26,94971
65891,65877,5397,365,26,94971
65892,65878,5379,367,26,94773
65893,65879,5464,361,26,94474
65894,65880,5384,364,26,94652
65895,65881,5371,368,26,94363
65896,65882,5303,359,26,94882
65897,65883,5394,367,26,94752
65898,65884,5344,364,26,94652
65899,65885,5448,364,26,94654
65900,65886,5336,365,26,94973
65901,65887,5299,361,26,94479
65902,65888,5393,361,26,94479
65903,65889,5447,368,26,94361
65904,65890,5367,366,26,94691
65905,65891,5344,364,26,94652
65906,65892,5435,366,26,94692
65907,65893,5356,361,26,94473
65908,65894,5302,359,26,94883
65909,65895,5349,367,26,94753
65910,65896,5435,366,26,94692
65911,65897,5449,368,26,94364
65912,65898,5374,360,26,94515
65913,65899,5314,366,26,94683
65914,65900,5350,366,26,94684
65915,65901,5313,365,26,94976
65916,65902,5333,366,26,94681
65917,65903,5407,366,26,94682
65918,65904,5333,366,26,94681
65919,65905,5370,364,26,94664
65920,65906,5458,364,26,94663
65921,65907,5350,366,26,94684
65922,65908,5381,365,26,94972
65923,65909,5407,366,26,94682
65924,65910,5381,365,26,94972
65925,65911,5314,366,26,94683
65926,65912,5314,366,26,94683
65927,65913,5316,368,26,94364
65928,65914,5444,365,26,94972
65929,65915,5381,365,26,94972
65930,65916,5464,361,26,94474
65931,65917,5381,365,26,94972
65932,65918,5334,367,26,94752
65933,65919,5352,369,26,94222
65934,65920,5363,366,26,94681
65935,65921,5366,361,26,94476
65936,65922,5330,367,26,94761
65937,65923,5463,365,26,94971
65938,65924,5389,365,26,94966
65939,65925,5337,365,26,94973
65940,65926,5430,365,26,94975
65941,65927,5430,365,26,94975
65942,65928,5342,365,26,94974
65943,65929,5326,365,26,94976
65944,65930,5342,365,26,94974
65945,65931,5313,365,26,94976
65946,65932,5380,362,26,94568
65947,65933,5367,366,26,94691
65948,65934,5428,365,26,94976
65949,65935,5397,365,26,94971
65950,65936,5391,362,26,94564
65951,65937,5337,365,26,94973
65952,65938,5303,359,26,94882
65953,65939,5465,364,26,94663
65954,65940,5328,366,26,94683
65955,65941,5350,366,26,94684
65956,65942,5345,367,26,94762
65957,65943,5334,367,26,94752
65958,65944,5324,367,26,94765
65959,65945,5315,367,26,94752
65960,65946,5372,367,26,94723
65961,65947,5423,367,26,94765
65962,65948,5348,368,26,94362
65963,65949,5409,363,26,94362
65964,65950,5367,366,26,94691
65965,65951,5445,362,26,94565
65966,65952,5451,363,26,94355
65967,65953,5358,368,26,94361
65968,65954,5320,361,26,94479
65969,65955,5340,361,26,94479
65970,65956,5340,361,26,94479
65971,65957,5340,361,26,94479
65972,65958,5350,366,26,94684
65973,65959,5390,364,26,94653
65974,65960,5443,368,26,94363
65975,65961,5353,363,26,94352
65976,65962,5353,363,26,94352
65977,65963,5353,363,26,94352
65978,65964,5353,363,26,94352
65979,65965,5389,365,26,94966
65980,65966,5342,365,26,94974
65981,65967,5313,365,26,94976
65982,65968,5365,363,26,94351
65983,65969,5378,364,26,94661
65984,65970,5447,368,26,94361
65985,65971,5443,368,26,94363
65986,65972,5306,364,26,94653
65987,65973,5413,368,26,94364
65988,65974,5447,368,26,94361
65989,65975,5427,369,26,94229
65990,65976,5407,366,26,94682
65991,65977,5390,364,26,94653
65992,65978,5430,365,26,94975
65993,65979,5389,365,26,94966
65994,65980,5436,368,26,94362
65995,65981,5317,364,26,94664
65996,65982,5425,365,26,94974
65997,65983,5436,368,26,94362
65998,65984,5391,362,26,94564
65999,65985,5371,368,26,94363
66000,65986,5461,364,26,94653
